{
    "BlockPatchBiomes": {
        "crop-hibiscus-*": {
            "biorealm": [
                "central palearctic",
                "eastern palearctic",
                "pacific palearctic"
            ],
            "bioriver": "both"
        },
        "crop-chamomile-*": {
            "biorealm": [
                "atlantic palearctic",
                "eastern palearctic",
                "central palearctic"
            ],
            "bioriver": "both"
        },
        "crop-lavender-*": {
            "biorealm": [
                "central palearctic",
                "eastern palearctic",
                "atlantic palearctic"
            ],
            "bioriver": "both"
        },
        "crop-calendula-*": {
            "biorealm": [
                "central palearctic",
                "atlantic palearctic"
            ],
            "bioriver": "both"
        },
        "crop-mint-*": {
            "biorealm": [
                "central palearctic",
                "eastern palearctic",
                "atlantic palearctic",
                "pacific palearctic",
                "australasian",
                "oceania",
                "eastern afrotropic",
                "atlantic afrotropic",
                "atlantic neotropic",
                "pacific neotropic",
                "pacific nearctic",
                "atlantic nearctic"
            ],
            "bioriver": "both"
        }
    },
    "FruitTreeBiomes": {
        "shea": {
            "biorealm": [
                "atlantic palearctic",
                "eastern afrotropic",
                "atlantic afrotropic"
            ],
            "bioriver": "both"
        }
    }
}