[
    {
        "code": "pulp-papyrus",
        "sealHours": 24,
        "ingredients": [
            {
                "type": "item",
                "code": "game:waterportion",
                "litres": 25,
                "consumeLitres": 25
            },
            {
                "type": "item",
                "code": "game:papyrustops",
                "quantity": 16
            }
        ],
        "output": {
            "type": "item",
            "code": "game:pulp-linen",
            "stackSize": 2
        }
    }
]