{
	"editor": {
		"backDropShape": "D:/VSModding/REPOS/vsWorkbench/Entitybackdrops/indicus-adult",
		"collapsedPaths": "Root/ORIGIN/SaddleSeat,Root/ORIGIN/SaddleFrontN34,Root/ORIGIN/SaddleFrontWall,Root/ORIGIN/SaddleFrontN2,Root/ORIGIN/Saddle/SaddleFrontN/StrapFront,Root/ORIGIN/SaddleBack1,Root/ORIGIN/SaddleFrontN8,Root/SaddleFrontN",
		"allAngles": true,
		"entityTextureMode": false
	},
	"textureWidth": 16,
	"textureHeight": 16,
	"textureSizes": {
		"saddleseat": [16,16],
		"rope7": [32,32],
		"rope": [16,16],
		"saddlerope": [32,32],
		"saddlewood": [16,16],
		"saddlerim": [16,16],
		"black": [16,16],
		"aged1": [16,16]
	},
	"textures": {
		"saddleseat": "game:block/cloth/fur/orange",
		"saddlewood":"game:block/wood/planks/generic" ,
		"saddlerope": "game:entity/lore/erel/pristine/rope",
			"saddlerim": "game:block/leather/poor"
	},
	"elements": [
		{
			"name": "ORIGIN",
			"stepParentName": "MidStorage",
			"from": [ 1.0, 1.3, 3.95 ],
			"to": [ 2.0, 2.3, 4.95 ],
			"rotationOrigin": [ 1.0, 1.3, 3.9 ],
			"faces": {
			},
			"children": [
				{
					"name": "Saddle",
					"from": [ 0.0, 0.1, 0.21 ],
					"to": [ 0.0, 0.1, 0.21 ],
					"rotationOrigin": [ 0.0, 0.1, 0.21 ],
					"faces": {
						"north": { "texture": "#saddleseat", "uv": [ 0.0, 0.0, 0.5, 0.5 ], "autoUv": false },
						"east": { "texture": "#saddleseat", "uv": [ 0.0, 0.0, 0.5, 0.5 ], "autoUv": false },
						"south": { "texture": "#saddleseat", "uv": [ 0.0, 0.0, 0.5, 0.5 ], "autoUv": false },
						"west": { "texture": "#saddleseat", "uv": [ 0.0, 0.0, 0.5, 0.5 ], "autoUv": false },
						"up": { "texture": "#saddleseat", "uv": [ 0.0, 0.0, 0.5, 0.5 ], "autoUv": false },
						"down": { "texture": "#saddleseat", "uv": [ 0.0, 0.0, 0.5, 0.5 ], "autoUv": false }
					},
					"children": [
						{
							"name": "SaddleFrontN23",
							"from": [ 3.9745, -2.7099, 4.2412 ],
							"to": [ 5.2345, 0.6501, 4.5562 ],
							"rotationOrigin": [ 4.069, 0.6501, 5.2912 ],
							"rotationX": -35.8505,
							"rotationY": 3.5225,
							"rotationZ": -94.8602,
							"faces": {
								"north": { "texture": "#saddleseat", "uv": [ 5.5, 7.0, 6.5, 10.0 ], "autoUv": false },
								"east": { "texture": "#saddleseat", "uv": [ 4.0, 1.0, 4.5, 4.0 ], "autoUv": false },
								"south": { "texture": "#saddleseat", "uv": [ 9.5, 4.0, 10.5, 7.0 ], "autoUv": false },
								"west": { "texture": "#saddleseat", "uv": [ 3.0, 6.5, 3.5, 9.5 ], "autoUv": false },
								"up": { "texture": "#saddleseat", "uv": [ 2.0, 5.0, 3.0, 5.5 ], "autoUv": false },
								"down": { "texture": "#saddleseat", "uv": [ 0.0, 4.5, 1.0, 5.0 ], "autoUv": false, "windMode": [-1,-1,-1,-1], "windData": [1,1,1,1] }
							},
							"children": [
								{
									"name": "SaddleFrontN60",
									"from": [ 1.26, 0.0, 0.0 ],
									"to": [ 3.57, 3.36, 0.315 ],
									"rotationOrigin": [ 1.26, 0.0, 0.315 ],
									"rotationY": 35.0,
									"faces": {
										"north": { "texture": "#saddleseat", "uv": [ 5.5, 7.0, 7.5, 10.0 ], "autoUv": false },
										"east": { "texture": "#saddleseat", "uv": [ 4.0, 1.0, 4.5, 4.0 ], "autoUv": false },
										"south": { "texture": "#saddleseat", "uv": [ 9.5, 4.0, 11.5, 7.0 ], "autoUv": false },
										"west": { "texture": "#saddleseat", "uv": [ 3.0, 6.5, 3.5, 9.5 ], "autoUv": false },
										"up": { "texture": "#saddleseat", "uv": [ 2.0, 5.0, 4.0, 5.5 ], "autoUv": false },
										"down": { "texture": "#saddleseat", "uv": [ 0.0, 4.5, 2.0, 5.0 ], "autoUv": false, "windMode": [-1,-1,-1,-1], "windData": [1,1,1,1] }
									}
								}
							]
						},
						{
							"name": "SaddleFrontN71",
							"from": [ 0.6133, -2.5447, -6.4672 ],
							"to": [ 1.8733, 0.8153, -6.1522 ],
							"rotationOrigin": [ 0.7078, 0.8153, -5.4172 ],
							"rotationX": -146.1457,
							"rotationY": 3.3509,
							"rotationZ": 94.9799,
							"faces": {
								"north": { "texture": "#saddleseat", "uv": [ 5.5, 7.0, 6.5, 10.0 ], "autoUv": false },
								"east": { "texture": "#saddleseat", "uv": [ 4.0, 1.0, 4.5, 4.0 ], "autoUv": false },
								"south": { "texture": "#saddleseat", "uv": [ 9.5, 4.0, 10.5, 7.0 ], "autoUv": false },
								"west": { "texture": "#saddleseat", "uv": [ 3.0, 6.5, 3.5, 9.5 ], "autoUv": false },
								"up": { "texture": "#saddleseat", "uv": [ 2.0, 5.0, 3.0, 5.5 ], "autoUv": false },
								"down": { "texture": "#saddleseat", "uv": [ 0.0, 4.5, 1.0, 5.0 ], "autoUv": false, "windMode": [-1,-1,-1,-1], "windData": [1,1,1,1] }
							},
							"children": [
								{
									"name": "SaddleFrontN72",
									"from": [ 1.26, 0.0, 0.0 ],
									"to": [ 3.57, 3.36, 0.315 ],
									"rotationOrigin": [ 1.26, 0.0, 0.315 ],
									"rotationY": 35.0,
									"faces": {
										"north": { "texture": "#saddleseat", "uv": [ 5.5, 7.0, 7.5, 10.0 ], "autoUv": false },
										"east": { "texture": "#saddleseat", "uv": [ 4.0, 1.0, 4.5, 4.0 ], "autoUv": false },
										"south": { "texture": "#saddleseat", "uv": [ 9.5, 4.0, 11.5, 7.0 ], "autoUv": false },
										"west": { "texture": "#saddleseat", "uv": [ 3.0, 6.5, 3.5, 9.5 ], "autoUv": false },
										"up": { "texture": "#saddleseat", "uv": [ 2.0, 5.0, 4.0, 5.5 ], "autoUv": false },
										"down": { "texture": "#saddleseat", "uv": [ 0.0, 4.5, 2.0, 5.0 ], "autoUv": false, "windMode": [-1,-1,-1,-1], "windData": [1,1,1,1] }
									}
								}
							]
						},
						{
							"name": "SaddleFrontN77",
							"from": [ -2.73, -0.567, -2.9925 ],
							"to": [ 1.47, 2.793, 2.8875 ],
							"rotationOrigin": [ -2.7343, -0.5694, -2.8875 ],
							"rotationZ": -20.0,
							"faces": {
								"north": { "texture": "#saddleseat", "uv": [ 5.5, 7.0, 9.5, 10.0 ], "autoUv": false },
								"east": { "texture": "#saddleseat", "uv": [ 4.0, 1.0, 9.5, 4.0 ], "autoUv": false },
								"south": { "texture": "#saddleseat", "uv": [ 9.5, 4.0, 13.5, 7.0 ], "autoUv": false },
								"west": { "texture": "#saddleseat", "uv": [ 3.0, 6.5, 8.5, 9.5 ], "autoUv": false },
								"up": { "texture": "#saddleseat", "uv": [ 2.5, 6.0, 6.5, 11.5 ], "autoUv": false },
								"down": { "texture": "#saddleseat", "uv": [ 0.0, 4.5, 4.0, 10.0 ], "autoUv": false, "windMode": [-1,-1,-1,-1], "windData": [1,1,1,1] }
							},
							"children": [
								{
									"name": "SaddleFrontN78",
									"from": [ 0.0, 0.0, -1.89 ],
									"to": [ 4.2, 3.36, 0.0 ],
									"rotationOrigin": [ 0.0, 3.36, 0.0 ],
									"rotationX": -20.0,
									"faces": {
										"north": { "texture": "#saddleseat", "uv": [ 5.5, 7.0, 9.5, 10.0 ], "autoUv": false },
										"east": { "texture": "#saddleseat", "uv": [ 4.0, 1.0, 5.5, 4.0 ], "autoUv": false },
										"south": { "texture": "#saddleseat", "uv": [ 9.5, 4.0, 13.5, 7.0 ], "autoUv": false },
										"west": { "texture": "#saddleseat", "uv": [ 3.0, 6.5, 4.5, 9.5 ], "autoUv": false },
										"up": { "texture": "#saddleseat", "uv": [ 6.5, 8.0, 10.5, 9.5 ], "autoUv": false },
										"down": { "texture": "#saddleseat", "uv": [ 0.0, 4.5, 4.0, 6.0 ], "autoUv": false, "windMode": [-1,-1,-1,-1], "windData": [1,1,1,1] }
									},
									"children": [
										{
											"name": "SaddleFrontN79",
											"from": [ 0.0, 2.1105, 0.0105 ],
											"to": [ 4.2, 3.3705, 1.9005 ],
											"rotationOrigin": [ 0.0, 3.36, -0.105 ],
											"rotationX": 20.0,
											"faces": {
												"north": { "texture": "#saddleseat", "uv": [ 5.5, 7.0, 9.5, 8.0 ], "autoUv": false },
												"east": { "texture": "#saddleseat", "uv": [ 4.0, 1.0, 5.5, 2.0 ], "autoUv": false },
												"south": { "texture": "#saddleseat", "uv": [ 9.5, 4.0, 13.5, 5.0 ], "autoUv": false },
												"west": { "texture": "#saddleseat", "uv": [ 3.0, 6.5, 4.5, 7.5 ], "autoUv": false },
												"up": { "texture": "#saddleseat", "uv": [ 2.0, 5.0, 6.0, 6.5 ], "autoUv": false },
												"down": { "texture": "#saddleseat", "uv": [ 0.0, 4.5, 4.0, 6.0 ], "autoUv": false, "windMode": [-1,-1,-1,-1], "windData": [1,1,1,1] }
											},
											"children": [
												{
													"name": "SaddleFrontN80",
													"from": [ 3.15, 0.0, 0.0105 ],
													"to": [ 4.2, 1.26, 1.9005 ],
													"rotationOrigin": [ 4.2, 0.0, 9.432 ],
													"rotationZ": 51.0,
													"faces": {
														"north": { "texture": "#saddleseat", "uv": [ 5.5, 7.0, 6.5, 8.0 ], "autoUv": false },
														"east": { "texture": "#saddleseat", "uv": [ 4.0, 1.0, 5.5, 2.0 ], "autoUv": false },
														"south": { "texture": "#saddleseat", "uv": [ 9.5, 4.0, 10.5, 5.0 ], "autoUv": false },
														"west": { "texture": "#saddleseat", "uv": [ 3.0, 6.5, 4.5, 7.5 ], "autoUv": false },
														"up": { "texture": "#saddleseat", "uv": [ 2.0, 5.0, 3.0, 6.5 ], "autoUv": false },
														"down": { "texture": "#saddleseat", "uv": [ 0.0, 4.5, 1.0, 6.0 ], "autoUv": false, "windMode": [-1,-1,-1,-1], "windData": [1,1,1,1] }
													},
													"children": [
														{
															"name": "SaddleFrontN81",
															"from": [ -3.15, 0.0, 0.021 ],
															"to": [ 0.0, 1.26, 1.911 ],
															"rotationOrigin": [ 0.0, 0.0, 1.995 ],
															"rotationZ": -50.0,
															"faces": {
																"north": { "texture": "#saddleseat", "uv": [ 5.5, 7.0, 8.5, 8.0 ], "autoUv": false },
																"east": { "texture": "#saddleseat", "uv": [ 4.0, 1.0, 5.5, 2.0 ], "autoUv": false },
																"south": { "texture": "#saddleseat", "uv": [ 9.5, 4.0, 12.5, 5.0 ], "autoUv": false },
																"west": { "texture": "#saddleseat", "uv": [ 3.0, 6.5, 4.5, 7.5 ], "autoUv": false },
																"up": { "texture": "#saddleseat", "uv": [ 2.0, 5.0, 5.0, 6.5 ], "autoUv": false },
																"down": { "texture": "#saddleseat", "uv": [ 0.0, 4.5, 3.0, 6.0 ], "autoUv": false, "windMode": [-1,-1,-1,-1], "windData": [1,1,1,1] }
															},
															"children": [
																{
																	"name": "SaddleFrontN87",
																	"from": [ 1.05, -1.05, 0.0 ],
																	"to": [ 3.15, 0.0, 1.89 ],
																	"rotationOrigin": [ 3.15, -1.05, 1.974 ],
																	"faces": {
																		"north": { "texture": "#saddleseat", "uv": [ 5.5, 7.0, 7.5, 8.0 ], "autoUv": false },
																		"east": { "texture": "#saddleseat", "uv": [ 4.0, 1.0, 5.5, 2.0 ], "autoUv": false },
																		"south": { "texture": "#saddleseat", "uv": [ 9.5, 4.0, 11.5, 5.0 ], "autoUv": false },
																		"west": { "texture": "#saddleseat", "uv": [ 3.0, 6.5, 4.5, 7.5 ], "autoUv": false },
																		"up": { "texture": "#saddleseat", "uv": [ 2.0, 5.0, 4.0, 6.5 ], "autoUv": false },
																		"down": { "texture": "#saddleseat", "uv": [ 0.0, 4.5, 2.0, 6.0 ], "autoUv": false, "windMode": [-1,-1,-1,-1], "windData": [1,1,1,1] }
																	}
																}
															]
														}
													]
												}
											]
										}
									]
								},
								{
									"name": "SaddleFrontN82",
									"from": [ 0.0, 0.0, 5.88 ],
									"to": [ 4.2, 3.36, 7.77 ],
									"rotationOrigin": [ 0.0, 3.36, 5.88 ],
									"rotationX": 20.0,
									"faces": {
										"north": { "texture": "#saddleseat", "uv": [ 5.5, 7.0, 9.5, 10.0 ], "autoUv": false },
										"east": { "texture": "#saddleseat", "uv": [ 4.0, 1.0, 5.5, 4.0 ], "autoUv": false },
										"south": { "texture": "#saddleseat", "uv": [ 9.5, 4.0, 13.5, 7.0 ], "autoUv": false },
										"west": { "texture": "#saddleseat", "uv": [ 3.0, 6.5, 4.5, 9.5 ], "autoUv": false },
										"up": { "texture": "#saddleseat", "uv": [ 4.0, 7.0, 8.0, 8.5 ], "autoUv": false },
										"down": { "texture": "#saddleseat", "uv": [ 0.0, 4.5, 4.0, 6.0 ], "autoUv": false, "windMode": [-1,-1,-1,-1], "windData": [1,1,1,1] }
									},
									"children": [
										{
											"name": "SaddleFrontN83",
											"from": [ 0.0, 2.1, 0.0 ],
											"to": [ 4.2, 3.36, 1.89 ],
											"rotationOrigin": [ 0.0, 3.36, 1.89 ],
											"rotationX": -20.0,
											"faces": {
												"north": { "texture": "#saddleseat", "uv": [ 5.5, 7.0, 9.5, 8.0 ], "autoUv": false },
												"east": { "texture": "#saddleseat", "uv": [ 4.0, 2.5, 5.5, 3.5 ], "autoUv": false },
												"south": { "texture": "#saddleseat", "uv": [ 7.5, 4.0, 11.5, 5.0 ], "autoUv": false },
												"west": { "texture": "#saddleseat", "uv": [ 3.0, 6.5, 4.5, 7.5 ], "autoUv": false },
												"up": { "texture": "#saddleseat", "uv": [ 2.0, 5.0, 6.0, 6.5 ], "autoUv": false },
												"down": { "texture": "#saddleseat", "uv": [ 3.0, 5.5, 7.0, 7.0 ], "autoUv": false, "windMode": [-1,-1,-1,-1], "windData": [1,1,1,1] }
											},
											"children": [
												{
													"name": "SaddleFrontN84",
													"from": [ 3.15, 0.0, -0.0105 ],
													"to": [ 4.2, 1.26, 1.8795 ],
													"rotationOrigin": [ 4.2, 0.0, 1.785 ],
													"rotationZ": 51.0,
													"faces": {
														"north": { "texture": "#saddleseat", "uv": [ 5.5, 7.0, 6.5, 8.0 ], "autoUv": false },
														"east": { "texture": "#saddleseat", "uv": [ 4.0, 1.0, 5.5, 2.0 ], "autoUv": false },
														"south": { "texture": "#saddleseat", "uv": [ 9.5, 4.0, 10.5, 5.0 ], "autoUv": false },
														"west": { "texture": "#saddleseat", "uv": [ 3.0, 6.5, 4.5, 7.5 ], "autoUv": false },
														"up": { "texture": "#saddleseat", "uv": [ 2.0, 5.0, 3.0, 6.5 ], "autoUv": false },
														"down": { "texture": "#saddleseat", "uv": [ 0.0, 4.5, 1.0, 6.0 ], "autoUv": false, "windMode": [-1,-1,-1,-1], "windData": [1,1,1,1] }
													},
													"children": [
														{
															"name": "SaddleFrontN85",
															"from": [ -3.15, 0.0, 0.021 ],
															"to": [ 0.0, 1.26, 1.911 ],
															"rotationOrigin": [ 0.0, 0.0, 1.995 ],
															"rotationZ": -50.0,
															"faces": {
																"north": { "texture": "#saddleseat", "uv": [ 5.5, 7.0, 8.5, 8.0 ], "autoUv": false },
																"east": { "texture": "#saddleseat", "uv": [ 4.0, 1.0, 5.5, 2.0 ], "autoUv": false },
																"south": { "texture": "#saddleseat", "uv": [ 9.5, 4.0, 12.5, 5.0 ], "autoUv": false },
																"west": { "texture": "#saddleseat", "uv": [ 3.0, 6.5, 4.5, 7.5 ], "autoUv": false },
																"up": { "texture": "#saddleseat", "uv": [ 2.0, 5.0, 5.0, 6.5 ], "autoUv": false },
																"down": { "texture": "#saddleseat", "uv": [ 0.0, 4.5, 3.0, 6.0 ], "autoUv": false, "windMode": [-1,-1,-1,-1], "windData": [1,1,1,1] }
															},
															"children": [
																{
																	"name": "SaddleFrontN86",
																	"from": [ 1.05, -1.05, 0.0 ],
																	"to": [ 3.15, 0.0, 1.89 ],
																	"rotationOrigin": [ 3.15, -1.05, 1.974 ],
																	"faces": {
																		"north": { "texture": "#saddleseat", "uv": [ 5.5, 7.0, 7.5, 8.0 ], "autoUv": false },
																		"east": { "texture": "#saddleseat", "uv": [ 4.0, 1.0, 5.5, 2.0 ], "autoUv": false },
																		"south": { "texture": "#saddleseat", "uv": [ 9.5, 4.0, 11.5, 5.0 ], "autoUv": false },
																		"west": { "texture": "#saddleseat", "uv": [ 3.0, 6.5, 4.5, 7.5 ], "autoUv": false },
																		"up": { "texture": "#saddleseat", "uv": [ 2.0, 5.0, 4.0, 6.5 ], "autoUv": false },
																		"down": { "texture": "#saddleseat", "uv": [ 0.0, 4.5, 2.0, 6.0 ], "autoUv": false, "windMode": [-1,-1,-1,-1], "windData": [1,1,1,1] }
																	}
																}
															]
														}
													]
												}
											]
										}
									]
								}
							]
						},
						{
							"name": "SaddleFrontN2",
							"from": [ 1.2557, -1.932, -2.9925 ],
							"to": [ 5.4557, 1.428, 2.8875 ],
							"rotationOrigin": [ 1.2557, -1.9344, -2.8875 ],
							"rotationZ": -4.0,
							"faces": {
								"up": { "texture": "#saddleseat", "uv": [ 5.0, 7.0, 9.0, 12.5 ], "autoUv": false }
							},
							"children": [
								{
									"name": "SaddleFrontN4",
									"from": [ 0.0, 0.0, -1.89 ],
									"to": [ 3.15, 3.36, 0.0 ],
									"rotationOrigin": [ 0.0, 3.36, 0.0 ],
									"rotationX": -20.4,
									"faces": {
										"north": { "texture": "#saddleseat", "uv": [ 5.5, 7.0, 8.5, 10.0 ], "autoUv": false },
										"east": { "texture": "#saddleseat", "uv": [ 4.0, 1.0, 5.5, 4.0 ], "autoUv": false },
										"south": { "texture": "#saddleseat", "uv": [ 9.5, 4.0, 12.5, 7.0 ], "autoUv": false },
										"west": { "texture": "#saddleseat", "uv": [ 3.0, 6.5, 4.5, 9.5 ], "autoUv": false },
										"up": { "texture": "#saddleseat", "uv": [ 4.0, 9.0, 7.0, 10.5 ], "autoUv": false },
										"down": { "texture": "#saddleseat", "uv": [ 0.0, 4.5, 3.0, 6.0 ], "autoUv": false, "windMode": [-1,-1,-1,-1], "windData": [1,1,1,1] }
									},
									"children": [
										{
											"name": "SaddleFrontN6",
											"from": [ 0.0, 2.1, 0.001 ],
											"to": [ 3.15, 3.36, 1.891 ],
											"rotationOrigin": [ 0.0, 3.36, 0.0 ],
											"rotationX": 20.0,
											"faces": {
												"north": { "texture": "#saddleseat", "uv": [ 5.5, 7.0, 8.5, 8.0 ], "autoUv": false },
												"east": { "texture": "#saddleseat", "uv": [ 4.0, 1.0, 5.5, 2.0 ], "autoUv": false },
												"south": { "texture": "#saddleseat", "uv": [ 9.5, 4.0, 12.5, 5.0 ], "autoUv": false },
												"west": { "texture": "#saddleseat", "uv": [ 3.0, 6.5, 4.5, 7.5 ], "autoUv": false },
												"up": { "texture": "#saddleseat", "uv": [ 2.0, 5.0, 5.0, 6.5 ], "autoUv": false },
												"down": { "texture": "#saddleseat", "uv": [ 0.0, 4.5, 3.0, 6.0 ], "autoUv": false, "windMode": [-1,-1,-1,-1], "windData": [1,1,1,1] }
											},
											"children": [
												{
													"name": "SaddleFrontN30",
													"from": [ 3.15, 0.0, 0.0105 ],
													"to": [ 4.2, 1.26, 1.9005 ],
													"rotationOrigin": [ 4.2, 0.0, 9.432 ],
													"rotationZ": 51.0,
													"faces": {
														"north": { "texture": "#saddleseat", "uv": [ 5.5, 7.0, 6.5, 8.0 ], "autoUv": false },
														"east": { "texture": "#saddleseat", "uv": [ 4.0, 1.0, 5.5, 2.0 ], "autoUv": false },
														"south": { "texture": "#saddleseat", "uv": [ 9.5, 4.0, 10.5, 5.0 ], "autoUv": false },
														"west": { "texture": "#saddleseat", "uv": [ 3.0, 6.5, 4.5, 7.5 ], "autoUv": false },
														"up": { "texture": "#saddleseat", "uv": [ 2.0, 5.0, 3.0, 6.5 ], "autoUv": false },
														"down": { "texture": "#saddleseat", "uv": [ 0.0, 4.5, 1.0, 6.0 ], "autoUv": false, "windMode": [-1,-1,-1,-1], "windData": [1,1,1,1] }
													},
													"children": [
														{
															"name": "SaddleFrontN31",
															"from": [ -5.25, 0.0, 0.021 ],
															"to": [ 0.0, 1.26, 1.911 ],
															"rotationOrigin": [ 0.0, 0.0, 1.995 ],
															"rotationZ": -50.0,
															"faces": {
																"north": { "texture": "#saddleseat", "uv": [ 5.5, 7.0, 10.5, 8.0 ], "autoUv": false },
																"east": { "texture": "#saddleseat", "uv": [ 4.0, 1.0, 5.5, 2.0 ], "autoUv": false },
																"south": { "texture": "#saddleseat", "uv": [ 9.5, 4.0, 14.5, 5.0 ], "autoUv": false },
																"west": { "texture": "#saddleseat", "uv": [ 3.0, 6.5, 4.5, 7.5 ], "autoUv": false },
																"up": { "texture": "#saddleseat", "uv": [ 2.0, 5.0, 7.0, 6.5 ], "autoUv": false },
																"down": { "texture": "#saddleseat", "uv": [ 0.0, 4.5, 5.0, 6.0 ], "autoUv": false, "windMode": [-1,-1,-1,-1], "windData": [1,1,1,1] }
															}
														}
													]
												}
											]
										}
									]
								},
								{
									"name": "SaddleFrontN5",
									"from": [ 0.0, 0.0, 5.88 ],
									"to": [ 4.2, 3.36, 7.77 ],
									"rotationOrigin": [ 0.0, 3.36, 5.88 ],
									"rotationX": 20.0,
									"faces": {
										"north": { "texture": "#saddleseat", "uv": [ 5.5, 7.0, 9.5, 10.0 ], "autoUv": false },
										"east": { "texture": "#saddleseat", "uv": [ 4.0, 1.0, 5.5, 4.0 ], "autoUv": false },
										"south": { "texture": "#saddleseat", "uv": [ 9.5, 4.0, 13.5, 7.0 ], "autoUv": false },
										"west": { "texture": "#saddleseat", "uv": [ 3.0, 6.5, 4.5, 9.5 ], "autoUv": false },
										"up": { "texture": "#saddleseat", "uv": [ 3.5, 11.0, 7.5, 12.5 ], "autoUv": false },
										"down": { "texture": "#saddleseat", "uv": [ 0.0, 4.5, 4.0, 6.0 ], "autoUv": false, "windMode": [-1,-1,-1,-1], "windData": [1,1,1,1] }
									},
									"children": [
										{
											"name": "SaddleFrontN7",
											"from": [ 0.0, 2.1, -0.001 ],
											"to": [ 5.25, 3.36, 1.8889 ],
											"rotationOrigin": [ 0.0, 3.36, 1.785 ],
											"rotationX": -20.0,
											"faces": {
												"north": { "texture": "#saddleseat", "uv": [ 5.5, 7.0, 10.5, 8.0 ], "autoUv": false },
												"east": { "texture": "#saddleseat", "uv": [ 4.0, 1.0, 5.5, 2.0 ], "autoUv": false },
												"south": { "texture": "#saddleseat", "uv": [ 4.0, 5.0, 9.0, 6.0 ], "autoUv": false },
												"west": { "texture": "#saddleseat", "uv": [ 3.0, 6.5, 4.5, 7.5 ], "autoUv": false },
												"up": { "texture": "#saddleseat", "uv": [ 2.0, 5.0, 7.0, 6.5 ], "autoUv": false },
												"down": { "texture": "#saddleseat", "uv": [ 0.0, 4.5, 5.0, 6.0 ], "autoUv": false, "windMode": [-1,-1,-1,-1], "windData": [1,1,1,1] }
											},
											"children": [
												{
													"name": "SaddleFrontN14",
													"from": [ 3.15, 0.0, -0.0105 ],
													"to": [ 4.2, 1.26, 1.8795 ],
													"rotationOrigin": [ 4.2, 0.0, 1.785 ],
													"rotationZ": 51.0,
													"faces": {
														"north": { "texture": "#saddleseat", "uv": [ 5.5, 7.0, 6.5, 8.0 ], "autoUv": false },
														"east": { "texture": "#saddleseat", "uv": [ 4.0, 1.0, 5.5, 2.0 ], "autoUv": false },
														"south": { "texture": "#saddleseat", "uv": [ 9.5, 4.0, 10.5, 5.0 ], "autoUv": false },
														"west": { "texture": "#saddleseat", "uv": [ 3.0, 6.5, 4.5, 7.5 ], "autoUv": false },
														"up": { "texture": "#saddleseat", "uv": [ 2.0, 5.0, 3.0, 6.5 ], "autoUv": false },
														"down": { "texture": "#saddleseat", "uv": [ 0.0, 4.5, 1.0, 6.0 ], "autoUv": false, "windMode": [-1,-1,-1,-1], "windData": [1,1,1,1] }
													},
													"children": [
														{
															"name": "SaddleFrontN28",
															"from": [ -5.25, 0.0, 0.021 ],
															"to": [ 0.0, 1.26, 1.911 ],
															"rotationOrigin": [ 0.0, 0.0, 1.995 ],
															"rotationZ": -50.0,
															"faces": {
																"north": { "texture": "#saddleseat", "uv": [ 5.5, 7.0, 10.5, 8.0 ], "autoUv": false },
																"east": { "texture": "#saddleseat", "uv": [ 4.0, 1.0, 5.5, 2.0 ], "autoUv": false },
																"south": { "texture": "#saddleseat", "uv": [ 4.0, 5.5, 9.0, 6.5 ], "autoUv": false },
																"west": { "texture": "#saddleseat", "uv": [ 3.0, 6.5, 4.5, 7.5 ], "autoUv": false },
																"up": { "texture": "#saddleseat", "uv": [ 2.0, 5.0, 7.0, 6.5 ], "autoUv": false },
																"down": { "texture": "#saddleseat", "uv": [ 0.0, 4.5, 5.0, 6.0 ], "autoUv": false, "windMode": [-1,-1,-1,-1], "windData": [1,1,1,1] }
															}
														}
													]
												}
											]
										}
									]
								},
								{
									"name": "SaddleFrontN8",
									"from": [ 5.082, 2.8455, 0.0 ],
									"to": [ 6.132, 5.1555, 5.88 ],
									"rotationOrigin": [ 5.0794, 2.838, 0.105 ],
									"rotationZ": -9.0,
									"faces": {
										"north": { "texture": "#saddlewood", "uv": [ 5.5, 7.0, 6.5, 9.0 ], "autoUv": false },
										"east": { "texture": "#saddlewood", "uv": [ 4.0, 1.0, 9.5, 3.0 ], "autoUv": false },
										"south": { "texture": "#saddlewood", "uv": [ 9.5, 4.0, 10.5, 6.0 ], "autoUv": false },
										"west": { "texture": "#saddlewood", "uv": [ 3.0, 6.5, 8.5, 8.5 ], "autoUv": false },
										"up": { "texture": "#saddlewood", "uv": [ 2.0, 5.0, 3.0, 10.5 ], "autoUv": false },
										"down": { "texture": "#saddlewood", "uv": [ 0.0, 4.5, 1.0, 10.0 ], "autoUv": false, "windMode": [-1,-1,-1,-1], "windData": [1,1,1,1] }
									},
									"children": [
										{
											"name": "SaddleFrontN9",
											"from": [ 0.0, 0.0, -1.89 ],
											"to": [ 1.05, 2.31, 0.0 ],
											"rotationOrigin": [ 0.0, 2.31, 0.0 ],
											"rotationX": -16.0,
											"faces": {
												"north": { "texture": "#saddlewood", "uv": [ 5.5, 7.0, 6.5, 9.0 ], "autoUv": false },
												"east": { "texture": "#saddlewood", "uv": [ 4.0, 1.0, 5.5, 3.0 ], "autoUv": false },
												"south": { "texture": "#saddlewood", "uv": [ 9.5, 4.0, 10.5, 6.0 ], "autoUv": false },
												"west": { "texture": "#saddlewood", "uv": [ 3.0, 6.5, 4.5, 8.5 ], "autoUv": false },
												"up": { "texture": "#saddlewood", "uv": [ 2.0, 5.0, 3.0, 6.5 ], "autoUv": false },
												"down": { "texture": "#saddlewood", "uv": [ 0.0, 4.5, 1.0, 6.0 ], "autoUv": false, "windMode": [-1,-1,-1,-1], "windData": [1,1,1,1] }
											},
											"children": [
												{
													"name": "SaddleFrontN10",
													"from": [ 0.0105, -1.05, 0.0 ],
													"to": [ 1.0605, 2.31, 1.05 ],
													"rotationOrigin": [ 0.105, 2.31, 0.0 ],
													"rotationX": 16.0,
													"faces": {
														"north": { "texture": "#saddlewood", "uv": [ 5.5, 7.0, 6.5, 10.0 ], "autoUv": false },
														"east": { "texture": "#saddlewood", "uv": [ 4.0, 1.0, 5.0, 4.0 ], "autoUv": false },
														"south": { "texture": "#saddlewood", "uv": [ 9.5, 4.0, 10.5, 7.0 ], "autoUv": false },
														"west": { "texture": "#saddlewood", "uv": [ 3.0, 6.5, 4.0, 9.5 ], "autoUv": false },
														"up": { "texture": "#saddlewood", "uv": [ 2.0, 5.0, 3.0, 6.0 ], "autoUv": false },
														"down": { "texture": "#saddlewood", "uv": [ 0.0, 4.5, 1.0, 5.5 ], "autoUv": false, "windMode": [-1,-1,-1,-1], "windData": [1,1,1,1] }
													}
												}
											]
										},
										{
											"name": "SaddleFrontN11",
											"from": [ -0.0105, 0.0, 5.88 ],
											"to": [ 1.0395, 2.31, 7.77 ],
											"rotationOrigin": [ -0.105, 2.31, 5.88 ],
											"rotationX": 11.0,
											"faces": {
												"north": { "texture": "#saddlewood", "uv": [ 5.5, 7.0, 6.5, 9.0 ], "autoUv": false },
												"east": { "texture": "#saddlewood", "uv": [ 4.0, 1.0, 5.5, 3.0 ], "autoUv": false },
												"south": { "texture": "#saddlewood", "uv": [ 9.5, 4.0, 10.5, 6.0 ], "autoUv": false },
												"west": { "texture": "#saddlewood", "uv": [ 3.0, 6.5, 4.5, 8.5 ], "autoUv": false },
												"up": { "texture": "#saddlewood", "uv": [ 2.0, 5.0, 3.0, 6.5 ], "autoUv": false },
												"down": { "texture": "#saddlewood", "uv": [ 0.0, 4.5, 1.0, 6.0 ], "autoUv": false, "windMode": [-1,-1,-1,-1], "windData": [1,1,1,1] }
											},
											"children": [
												{
													"name": "SaddleFrontN12",
													"from": [ 0.0105, -1.05, 0.84 ],
													"to": [ 1.0605, 2.31, 1.89 ],
													"rotationOrigin": [ 0.105, 2.31, 1.89 ],
													"rotationX": -14.5,
													"faces": {
														"north": { "texture": "#saddlewood", "uv": [ 5.5, 7.0, 6.5, 10.0 ], "autoUv": false },
														"east": { "texture": "#saddlewood", "uv": [ 4.0, 1.0, 5.0, 4.0 ], "autoUv": false },
														"south": { "texture": "#saddlewood", "uv": [ 9.5, 4.0, 10.5, 7.0 ], "autoUv": false },
														"west": { "texture": "#saddlewood", "uv": [ 3.0, 6.5, 4.0, 9.5 ], "autoUv": false },
														"up": { "texture": "#saddlewood", "uv": [ 2.0, 5.0, 3.0, 6.0 ], "autoUv": false },
														"down": { "texture": "#saddlewood", "uv": [ 0.0, 4.5, 1.0, 5.5 ], "autoUv": false, "windMode": [-1,-1,-1,-1], "windData": [1,1,1,1] }
													}
												}
											]
										},
										{
											"name": "SaddleFrontN48",
											"from": [ 1.0395, -0.4725, -0.105 ],
											"to": [ 2.0895, 1.8375, 5.985 ],
											"rotationOrigin": [ 1.0349, -0.4781, 0.0 ],
											"faces": {
												"north": { "texture": "#saddlerim", "uv": [ 5.5, 7.0, 6.5, 9.0 ], "autoUv": false },
												"east": { "texture": "#saddlerim", "uv": [ 4.0, 1.0, 9.5, 3.0 ], "autoUv": false },
												"south": { "texture": "#saddlerim", "uv": [ 9.5, 4.0, 10.5, 6.0 ], "autoUv": false },
												"west": { "texture": "#saddlerim", "uv": [ 3.0, 6.5, 8.5, 8.5 ], "autoUv": false },
												"up": { "texture": "#saddlerim", "uv": [ 2.0, 5.0, 3.0, 10.5 ], "autoUv": false },
												"down": { "texture": "#saddlerim", "uv": [ 0.0, 4.5, 1.0, 10.0 ], "autoUv": false, "windMode": [-1,-1,-1,-1], "windData": [1,1,1,1] }
											},
											"children": [
												{
													"name": "SaddleFrontN49",
													"from": [ 0.0, 0.0, -1.89 ],
													"to": [ 1.05, 2.31, 0.0 ],
													"rotationOrigin": [ 0.0, 2.31, 0.0 ],
													"rotationX": -15.0,
													"faces": {
														"north": { "texture": "#saddlerim", "uv": [ 5.5, 7.0, 6.5, 9.0 ], "autoUv": false },
														"east": { "texture": "#saddlerim", "uv": [ 4.0, 1.0, 5.5, 3.0 ], "autoUv": false },
														"south": { "texture": "#saddlerim", "uv": [ 9.5, 4.0, 10.5, 6.0 ], "autoUv": false },
														"west": { "texture": "#saddlerim", "uv": [ 3.0, 6.5, 4.5, 8.5 ], "autoUv": false },
														"up": { "texture": "#saddlerim", "uv": [ 2.0, 5.0, 3.0, 6.5 ], "autoUv": false },
														"down": { "texture": "#saddlerim", "uv": [ 0.0, 4.5, 1.0, 6.0 ], "autoUv": false, "windMode": [-1,-1,-1,-1], "windData": [1,1,1,1] }
													},
													"children": [
														{
															"name": "SaddleFrontN50",
															"from": [ 0.0105, -0.84, 0.0 ],
															"to": [ 1.0605, 2.31, 1.05 ],
															"rotationOrigin": [ 0.0, 2.31, 0.0 ],
															"rotationX": 15.0,
															"faces": {
																"north": { "texture": "#saddlerim", "uv": [ 5.5, 7.0, 6.5, 10.0 ], "autoUv": false },
																"east": { "texture": "#saddlerim", "uv": [ 4.0, 1.0, 5.0, 4.0 ], "autoUv": false },
																"south": { "texture": "#saddlerim", "uv": [ 9.5, 4.0, 10.5, 7.0 ], "autoUv": false },
																"west": { "texture": "#saddlerim", "uv": [ 3.0, 6.5, 4.0, 9.5 ], "autoUv": false },
																"up": { "texture": "#saddlerim", "uv": [ 2.0, 5.0, 3.0, 6.0 ], "autoUv": false },
																"down": { "texture": "#saddlerim", "uv": [ 0.0, 4.5, 1.0, 5.5 ], "autoUv": false, "windMode": [-1,-1,-1,-1], "windData": [1,1,1,1] }
															}
														}
													]
												},
												{
													"name": "SaddleFrontN51",
													"from": [ -0.0105, 0.0, 6.09 ],
													"to": [ 1.0395, 2.31, 7.98 ],
													"rotationOrigin": [ -0.105, 2.31, 6.09 ],
													"rotationX": 13.0,
													"faces": {
														"north": { "texture": "#saddlerim", "uv": [ 5.5, 7.0, 6.5, 9.0 ], "autoUv": false },
														"east": { "texture": "#saddlerim", "uv": [ 4.0, 1.0, 5.5, 3.0 ], "autoUv": false },
														"south": { "texture": "#saddlerim", "uv": [ 9.5, 4.0, 10.5, 6.0 ], "autoUv": false },
														"west": { "texture": "#saddlerim", "uv": [ 3.0, 6.5, 4.5, 8.5 ], "autoUv": false },
														"up": { "texture": "#saddlerim", "uv": [ 2.0, 5.0, 3.0, 6.5 ], "autoUv": false },
														"down": { "texture": "#saddlerim", "uv": [ 0.0, 4.5, 1.0, 6.0 ], "autoUv": false, "windMode": [-1,-1,-1,-1], "windData": [1,1,1,1] }
													},
													"children": [
														{
															"name": "SaddleFrontN52",
															"from": [ 0.0105, -0.84, 0.84 ],
															"to": [ 1.0605, 2.31, 1.89 ],
															"rotationOrigin": [ 0.105, 2.31, 1.89 ],
															"rotationX": -15.0,
															"faces": {
																"north": { "texture": "#saddlerim", "uv": [ 5.5, 7.0, 6.5, 10.0 ], "autoUv": false },
																"east": { "texture": "#saddlerim", "uv": [ 4.0, 1.0, 5.0, 4.0 ], "autoUv": false },
																"south": { "texture": "#saddlerim", "uv": [ 9.5, 4.0, 10.5, 7.0 ], "autoUv": false },
																"west": { "texture": "#saddlerim", "uv": [ 3.0, 6.5, 4.0, 9.5 ], "autoUv": false },
																"up": { "texture": "#saddlerim", "uv": [ 2.0, 5.0, 3.0, 6.0 ], "autoUv": false },
																"down": { "texture": "#saddlerim", "uv": [ 0.0, 4.5, 1.0, 5.5 ], "autoUv": false, "windMode": [-1,-1,-1,-1], "windData": [1,1,1,1] }
															}
														}
													]
												}
											]
										}
									]
								},
								{
									"name": "SaddleFrontN43",
									"from": [ -2.898, 2.1105, 0.0 ],
									"to": [ -1.848, 4.4205, 5.88 ],
									"rotationOrigin": [ -2.9006, 2.103, 0.105 ],
									"rotationZ": 25.0,
									"faces": {
										"north": { "texture": "#saddlewood", "uv": [ 5.5, 7.0, 6.5, 9.0 ], "autoUv": false },
										"east": { "texture": "#saddlewood", "uv": [ 4.0, 1.0, 9.5, 3.0 ], "autoUv": false },
										"south": { "texture": "#saddlewood", "uv": [ 9.5, 4.0, 10.5, 6.0 ], "autoUv": false },
										"west": { "texture": "#saddlewood", "uv": [ 3.0, 6.5, 8.5, 8.5 ], "autoUv": false },
										"up": { "texture": "#saddlewood", "uv": [ 2.0, 5.0, 3.0, 10.5 ], "autoUv": false },
										"down": { "texture": "#saddlewood", "uv": [ 0.0, 4.5, 1.0, 10.0 ], "autoUv": false, "windMode": [-1,-1,-1,-1], "windData": [1,1,1,1] }
									},
									"children": [
										{
											"name": "SaddleFrontN44",
											"from": [ 0.0, 0.0, -1.89 ],
											"to": [ 1.05, 2.31, 0.0 ],
											"rotationOrigin": [ 0.0, 2.31, 0.0 ],
											"rotationX": -11.9,
											"faces": {
												"north": { "texture": "#saddlewood", "uv": [ 5.5, 7.0, 6.5, 9.0 ], "autoUv": false },
												"east": { "texture": "#saddlewood", "uv": [ 4.0, 1.0, 5.5, 3.0 ], "autoUv": false },
												"south": { "texture": "#saddlewood", "uv": [ 9.5, 4.0, 10.5, 6.0 ], "autoUv": false },
												"west": { "texture": "#saddlewood", "uv": [ 3.0, 6.5, 4.5, 8.5 ], "autoUv": false },
												"up": { "texture": "#saddlewood", "uv": [ 2.0, 5.0, 3.0, 6.5 ], "autoUv": false },
												"down": { "texture": "#saddlewood", "uv": [ 0.0, 4.5, 1.0, 6.0 ], "autoUv": false, "windMode": [-1,-1,-1,-1], "windData": [1,1,1,1] }
											},
											"children": [
												{
													"name": "SaddleFrontN45",
													"from": [ 0.0105, -2.1, 0.0 ],
													"to": [ 1.0605, 2.31, 1.05 ],
													"rotationOrigin": [ 0.105, 2.31, 0.0 ],
													"rotationX": 15.0,
													"faces": {
														"north": { "texture": "#saddlewood", "uv": [ 5.5, 7.0, 6.5, 11.0 ], "autoUv": false },
														"east": { "texture": "#saddlewood", "uv": [ 4.0, 1.0, 5.0, 5.0 ], "autoUv": false },
														"south": { "texture": "#saddlewood", "uv": [ 9.5, 4.0, 10.5, 8.0 ], "autoUv": false },
														"west": { "texture": "#saddlewood", "uv": [ 3.0, 6.5, 4.0, 10.5 ], "autoUv": false },
														"up": { "texture": "#saddlewood", "uv": [ 2.0, 5.0, 3.0, 6.0 ], "autoUv": false },
														"down": { "texture": "#saddlewood", "uv": [ 0.0, 4.5, 1.0, 5.5 ], "autoUv": false, "windMode": [-1,-1,-1,-1], "windData": [1,1,1,1] }
													}
												}
											]
										},
										{
											"name": "SaddleFrontN46",
											"from": [ -0.0105, 0.0, 5.88 ],
											"to": [ 1.0395, 2.31, 7.77 ],
											"rotationOrigin": [ -0.105, 2.31, 5.88 ],
											"rotationX": 11.0,
											"faces": {
												"north": { "texture": "#saddlewood", "uv": [ 5.5, 7.0, 6.5, 9.0 ], "autoUv": false },
												"east": { "texture": "#saddlewood", "uv": [ 4.0, 1.0, 5.5, 3.0 ], "autoUv": false },
												"south": { "texture": "#saddlewood", "uv": [ 9.5, 4.0, 10.5, 6.0 ], "autoUv": false },
												"west": { "texture": "#saddlewood", "uv": [ 3.0, 6.5, 4.5, 8.5 ], "autoUv": false },
												"up": { "texture": "#saddlewood", "uv": [ 2.0, 5.0, 3.0, 6.5 ], "autoUv": false },
												"down": { "texture": "#saddlewood", "uv": [ 0.0, 4.5, 1.0, 6.0 ], "autoUv": false, "windMode": [-1,-1,-1,-1], "windData": [1,1,1,1] }
											},
											"children": [
												{
													"name": "SaddleFrontN47",
													"from": [ 0.0105, -2.1, 0.84 ],
													"to": [ 1.0605, 2.31, 1.89 ],
													"rotationOrigin": [ 0.105, 2.31, 1.89 ],
													"rotationX": -15.0,
													"faces": {
														"north": { "texture": "#saddlewood", "uv": [ 5.5, 7.0, 6.5, 11.0 ], "autoUv": false },
														"east": { "texture": "#saddlewood", "uv": [ 4.0, 1.0, 5.0, 5.0 ], "autoUv": false },
														"south": { "texture": "#saddlewood", "uv": [ 9.5, 4.0, 10.5, 8.0 ], "autoUv": false },
														"west": { "texture": "#saddlewood", "uv": [ 3.0, 6.5, 4.0, 10.5 ], "autoUv": false },
														"up": { "texture": "#saddlewood", "uv": [ 2.0, 5.0, 3.0, 6.0 ], "autoUv": false },
														"down": { "texture": "#saddlewood", "uv": [ 0.0, 4.5, 1.0, 5.5 ], "autoUv": false, "windMode": [-1,-1,-1,-1], "windData": [1,1,1,1] }
													}
												}
											]
										},
										{
											"name": "SaddleFrontN53",
											"from": [ -0.9975, -0.1365, 0.0 ],
											"to": [ 0.0525, 2.1735, 5.88 ],
											"rotationOrigin": [ -0.9969, -0.1407, 0.105 ],
											"faces": {
												"north": { "texture": "#saddlerim", "uv": [ 5.5, 7.0, 6.5, 9.0 ], "autoUv": false },
												"east": { "texture": "#saddlerim", "uv": [ 4.0, 1.0, 9.5, 3.0 ], "autoUv": false },
												"south": { "texture": "#saddlerim", "uv": [ 9.5, 4.0, 10.5, 6.0 ], "autoUv": false },
												"west": { "texture": "#saddlerim", "uv": [ 3.0, 6.5, 8.5, 8.5 ], "autoUv": false },
												"up": { "texture": "#saddlerim", "uv": [ 2.0, 5.0, 3.0, 10.5 ], "autoUv": false },
												"down": { "texture": "#saddlerim", "uv": [ 0.0, 4.5, 1.0, 10.0 ], "autoUv": false, "windMode": [-1,-1,-1,-1], "windData": [1,1,1,1] }
											},
											"children": [
												{
													"name": "SaddleFrontN54",
													"from": [ 0.0, 0.0, -1.89 ],
													"to": [ 1.05, 2.31, 0.0 ],
													"rotationOrigin": [ 0.0, 2.31, 0.0 ],
													"rotationX": -9.0,
													"faces": {
														"north": { "texture": "#saddlerim", "uv": [ 5.5, 7.0, 6.5, 9.0 ], "autoUv": false },
														"east": { "texture": "#saddlerim", "uv": [ 4.0, 1.0, 5.5, 3.0 ], "autoUv": false },
														"south": { "texture": "#saddlerim", "uv": [ 9.5, 4.0, 10.5, 6.0 ], "autoUv": false },
														"west": { "texture": "#saddlerim", "uv": [ 3.0, 6.5, 4.5, 8.5 ], "autoUv": false },
														"up": { "texture": "#saddlerim", "uv": [ 2.0, 5.0, 3.0, 6.5 ], "autoUv": false },
														"down": { "texture": "#saddlerim", "uv": [ 0.0, 4.5, 1.0, 6.0 ], "autoUv": false, "windMode": [-1,-1,-1,-1], "windData": [1,1,1,1] }
													},
													"children": [
														{
															"name": "SaddleFrontN55",
															"from": [ 0.0105, -2.1, 0.0 ],
															"to": [ 1.0605, 2.31, 1.05 ],
															"rotationOrigin": [ 0.105, 2.31, 0.0 ],
															"rotationX": 15.0,
															"faces": {
																"north": { "texture": "#saddlerim", "uv": [ 5.5, 7.0, 6.5, 11.0 ], "autoUv": false },
																"east": { "texture": "#saddlerim", "uv": [ 4.0, 1.0, 5.0, 5.0 ], "autoUv": false },
																"south": { "texture": "#saddlerim", "uv": [ 9.5, 4.0, 10.5, 8.0 ], "autoUv": false },
																"west": { "texture": "#saddlerim", "uv": [ 3.0, 6.5, 4.0, 10.5 ], "autoUv": false },
																"up": { "texture": "#saddlerim", "uv": [ 2.0, 5.0, 3.0, 6.0 ], "autoUv": false },
																"down": { "texture": "#saddlerim", "uv": [ 0.0, 4.5, 1.0, 5.5 ], "autoUv": false, "windMode": [-1,-1,-1,-1], "windData": [1,1,1,1] }
															}
														}
													]
												},
												{
													"name": "SaddleFrontN56",
													"from": [ -0.0105, 0.0, 5.88 ],
													"to": [ 1.0395, 2.31, 7.77 ],
													"rotationOrigin": [ -0.105, 2.31, 5.88 ],
													"rotationX": 9.0,
													"faces": {
														"north": { "texture": "#saddlerim", "uv": [ 5.5, 7.0, 6.5, 9.0 ], "autoUv": false },
														"east": { "texture": "#saddlerim", "uv": [ 4.0, 1.0, 5.5, 3.0 ], "autoUv": false },
														"south": { "texture": "#saddlerim", "uv": [ 9.5, 4.0, 10.5, 6.0 ], "autoUv": false },
														"west": { "texture": "#saddlerim", "uv": [ 3.0, 6.5, 4.5, 8.5 ], "autoUv": false },
														"up": { "texture": "#saddlerim", "uv": [ 2.0, 5.0, 3.0, 6.5 ], "autoUv": false },
														"down": { "texture": "#saddlerim", "uv": [ 0.0, 4.5, 1.0, 6.0 ], "autoUv": false, "windMode": [-1,-1,-1,-1], "windData": [1,1,1,1] }
													},
													"children": [
														{
															"name": "SaddleFrontN57",
															"from": [ 0.0105, -2.1, 0.84 ],
															"to": [ 1.0605, 2.31, 1.89 ],
															"rotationOrigin": [ 0.105, 2.31, 1.89 ],
															"rotationX": -15.0,
															"rotationY": 0.1,
															"faces": {
																"north": { "texture": "#saddlerim", "uv": [ 5.5, 7.0, 6.5, 11.0 ], "autoUv": false },
																"east": { "texture": "#saddlerim", "uv": [ 4.0, 1.0, 5.0, 5.0 ], "autoUv": false },
																"south": { "texture": "#saddlerim", "uv": [ 9.5, 4.0, 10.5, 8.0 ], "autoUv": false },
																"west": { "texture": "#saddlerim", "uv": [ 3.0, 6.5, 4.0, 10.5 ], "autoUv": false },
																"up": { "texture": "#saddlerim", "uv": [ 2.0, 5.0, 3.0, 6.0 ], "autoUv": false },
																"down": { "texture": "#saddlerim", "uv": [ 0.0, 4.5, 1.0, 5.5 ], "autoUv": false, "windMode": [-1,-1,-1,-1], "windData": [1,1,1,1] }
															},
															"children": [
																{
																	"name": "SaddleFrontN58",
																	"from": [ 0.0, -9.345, 0.0 ],
																	"to": [ 1.05, 0.105, 1.05 ],
																	"rotationOrigin": [ -0.0105, 0.105, 1.05 ],
																	"rotationX": -1.0,
																	"rotationY": 3.0,
																	"rotationZ": 73.2,
																	"faces": {
																		"north": { "texture": "#saddlerim", "uv": [ 5.5, 7.0, 6.5, 16.0 ], "autoUv": false },
																		"east": { "texture": "#saddlerim", "uv": [ 4.0, 1.0, 5.0, 10.0 ], "autoUv": false },
																		"south": { "texture": "#saddlerim", "uv": [ 9.5, 4.0, 10.5, 13.0 ], "autoUv": false },
																		"west": { "texture": "#saddlerim", "uv": [ 3.0, 6.5, 4.0, 15.5 ], "autoUv": false },
																		"up": { "texture": "#saddlerim", "uv": [ 2.0, 5.0, 3.0, 6.0 ], "autoUv": false },
																		"down": { "texture": "#saddlerim", "uv": [ 0.0, 4.5, 1.0, 5.5 ], "autoUv": false, "windMode": [-1,-1,-1,-1], "windData": [1,1,1,1] }
																	}
																},
																{
																	"name": "SaddleFrontN59",
																	"from": [ -0.105, -8.4, -9.45 ],
																	"to": [ 0.945, 1.05, -7.35 ],
																	"rotationOrigin": [ -0.105, 1.05, -9.45 ],
																	"rotationX": 15.0,
																	"rotationY": -5.0,
																	"rotationZ": 74.7,
																	"faces": {
																		"north": { "texture": "#saddlerim", "uv": [ 5.5, 7.0, 6.5, 16.0 ], "autoUv": false },
																		"east": { "texture": "#saddlerim", "uv": [ 4.0, 1.0, 6.0, 10.0 ], "autoUv": false },
																		"south": { "texture": "#saddlerim", "uv": [ 9.5, 4.0, 10.5, 13.0 ], "autoUv": false },
																		"west": { "texture": "#saddlerim", "uv": [ 3.0, 6.5, 5.0, 15.5 ], "autoUv": false },
																		"up": { "texture": "#saddlerim", "uv": [ 2.0, 5.0, 3.0, 7.0 ], "autoUv": false },
																		"down": { "texture": "#saddlerim", "uv": [ 0.0, 4.5, 1.0, 6.5 ], "autoUv": false, "windMode": [-1,-1,-1,-1], "windData": [1,1,1,1] }
																	}
																}
															]
														}
													]
												}
											]
										}
									]
								}
							]
						},
						{
							"name": "SaddleFrontN34",
							"from": [ 4.62, -2.142, -2.9925 ],
							"to": [ 8.82, 1.218, 2.8875 ],
							"rotationOrigin": [ 4.6157, -2.1444, -2.8875 ],
							"rotationZ": 10.0,
							"faces": {
								"north": { "texture": "#saddleseat", "uv": [ 5.5, 6.5, 9.5, 9.5 ], "autoUv": false },
								"east": { "texture": "#saddleseat", "uv": [ 4.0, 1.5, 9.5, 4.5 ], "autoUv": false },
								"south": { "texture": "#saddleseat", "uv": [ 8.5, 4.0, 12.5, 7.0 ], "autoUv": false },
								"west": { "texture": "#saddleseat", "uv": [ 3.0, 6.5, 8.5, 9.5 ], "autoUv": false },
								"up": { "texture": "#saddleseat", "uv": [ 8.0, 5.0, 12.0, 10.5 ], "autoUv": false },
								"down": { "texture": "#saddleseat", "uv": [ 0.0, 4.5, 4.0, 10.0 ], "autoUv": false, "windMode": [-1,-1,-1,-1], "windData": [1,1,1,1] }
							},
							"children": [
								{
									"name": "SaddleFrontN35",
									"from": [ 0.0, 0.0, -1.89 ],
									"to": [ 4.2, 3.36, 0.0 ],
									"rotationOrigin": [ 0.0, 3.36, 0.0 ],
									"rotationX": -19.1,
									"faces": {
										"north": { "texture": "#saddleseat", "uv": [ 5.5, 7.0, 9.5, 10.0 ], "autoUv": false },
										"east": { "texture": "#saddleseat", "uv": [ 4.0, 1.0, 5.5, 4.0 ], "autoUv": false },
										"south": { "texture": "#saddleseat", "uv": [ 9.5, 4.0, 13.5, 7.0 ], "autoUv": false },
										"west": { "texture": "#saddleseat", "uv": [ 3.0, 6.5, 4.5, 9.5 ], "autoUv": false },
										"up": { "texture": "#saddleseat", "uv": [ 5.0, 5.5, 9.0, 7.0 ], "autoUv": false },
										"down": { "texture": "#saddleseat", "uv": [ 0.0, 4.5, 4.0, 6.0 ], "autoUv": false, "windMode": [-1,-1,-1,-1], "windData": [1,1,1,1] }
									},
									"children": [
										{
											"name": "SaddleFrontN36",
											"from": [ 0.0, 2.1105, 0.0105 ],
											"to": [ 4.2, 3.3705, 1.9005 ],
											"rotationOrigin": [ 0.0, 3.36, -0.105 ],
											"rotationX": 20.0,
											"faces": {
												"north": { "texture": "#saddleseat", "uv": [ 5.5, 7.0, 9.5, 8.0 ], "autoUv": false },
												"east": { "texture": "#saddleseat", "uv": [ 4.0, 1.0, 5.5, 2.0 ], "autoUv": false },
												"south": { "texture": "#saddleseat", "uv": [ 9.5, 4.0, 13.5, 5.0 ], "autoUv": false },
												"west": { "texture": "#saddleseat", "uv": [ 3.0, 6.5, 4.5, 7.5 ], "autoUv": false },
												"up": { "texture": "#saddleseat", "uv": [ 2.0, 5.0, 6.0, 6.5 ], "autoUv": false },
												"down": { "texture": "#saddleseat", "uv": [ 0.0, 4.5, 4.0, 6.0 ], "autoUv": false, "windMode": [-1,-1,-1,-1], "windData": [1,1,1,1] }
											},
											"children": [
												{
													"name": "SaddleFrontN37",
													"from": [ 3.15, 0.0, 0.0105 ],
													"to": [ 4.2, 1.26, 1.9005 ],
													"rotationOrigin": [ 4.2, 0.0, 9.432 ],
													"rotationZ": 51.0,
													"faces": {
														"north": { "texture": "#saddleseat", "uv": [ 5.5, 7.0, 6.5, 8.0 ], "autoUv": false },
														"east": { "texture": "#saddleseat", "uv": [ 4.0, 1.0, 5.5, 2.0 ], "autoUv": false },
														"south": { "texture": "#saddleseat", "uv": [ 9.5, 4.0, 10.5, 5.0 ], "autoUv": false },
														"west": { "texture": "#saddleseat", "uv": [ 3.0, 6.5, 4.5, 7.5 ], "autoUv": false },
														"up": { "texture": "#saddleseat", "uv": [ 2.0, 5.0, 3.0, 6.5 ], "autoUv": false },
														"down": { "texture": "#saddleseat", "uv": [ 0.0, 4.5, 1.0, 6.0 ], "autoUv": false, "windMode": [-1,-1,-1,-1], "windData": [1,1,1,1] }
													},
													"children": [
														{
															"name": "SaddleFrontN38",
															"from": [ -3.15, 0.0, 0.021 ],
															"to": [ 0.0, 1.26, 1.911 ],
															"rotationOrigin": [ 0.0, 0.0, 1.995 ],
															"rotationZ": -50.0,
															"faces": {
																"north": { "texture": "#saddleseat", "uv": [ 5.5, 7.0, 8.5, 8.0 ], "autoUv": false },
																"east": { "texture": "#saddleseat", "uv": [ 4.0, 1.0, 5.5, 2.0 ], "autoUv": false },
																"south": { "texture": "#saddleseat", "uv": [ 9.5, 4.0, 12.5, 5.0 ], "autoUv": false },
																"west": { "texture": "#saddleseat", "uv": [ 3.0, 6.5, 4.5, 7.5 ], "autoUv": false },
																"up": { "texture": "#saddleseat", "uv": [ 2.0, 5.0, 5.0, 6.5 ], "autoUv": false },
																"down": { "texture": "#saddleseat", "uv": [ 0.0, 4.5, 3.0, 6.0 ], "autoUv": false, "windMode": [-1,-1,-1,-1], "windData": [1,1,1,1] }
															}
														}
													]
												}
											]
										}
									]
								},
								{
									"name": "SaddleFrontN39",
									"from": [ 0.0, 0.0, 5.88 ],
									"to": [ 4.2, 3.36, 7.77 ],
									"rotationOrigin": [ 0.0, 3.36, 5.88 ],
									"rotationX": 19.5,
									"faces": {
										"north": { "texture": "#saddleseat", "uv": [ 5.5, 7.0, 9.5, 10.0 ], "autoUv": false },
										"east": { "texture": "#saddleseat", "uv": [ 4.0, 1.0, 5.5, 4.0 ], "autoUv": false },
										"south": { "texture": "#saddleseat", "uv": [ 9.5, 4.0, 13.5, 7.0 ], "autoUv": false },
										"west": { "texture": "#saddleseat", "uv": [ 3.0, 6.5, 4.5, 9.5 ], "autoUv": false },
										"up": { "texture": "#saddleseat", "uv": [ 3.0, 8.0, 7.0, 9.5 ], "autoUv": false },
										"down": { "texture": "#saddleseat", "uv": [ 0.0, 4.5, 4.0, 6.0 ], "autoUv": false, "windMode": [-1,-1,-1,-1], "windData": [1,1,1,1] }
									},
									"children": [
										{
											"name": "SaddleFrontN40",
											"from": [ 0.0, 2.1, 0.0 ],
											"to": [ 4.2, 3.36, 1.89 ],
											"rotationOrigin": [ 0.0, 3.36, 1.89 ],
											"rotationX": -20.0,
											"faces": {
												"north": { "texture": "#saddleseat", "uv": [ 5.5, 7.0, 9.5, 8.0 ], "autoUv": false },
												"east": { "texture": "#saddleseat", "uv": [ 4.0, 1.0, 5.5, 2.0 ], "autoUv": false },
												"south": { "texture": "#saddleseat", "uv": [ 9.5, 4.0, 13.5, 5.0 ], "autoUv": false },
												"west": { "texture": "#saddleseat", "uv": [ 3.0, 6.5, 4.5, 7.5 ], "autoUv": false },
												"up": { "texture": "#saddleseat", "uv": [ 2.0, 5.0, 6.0, 6.5 ], "autoUv": false },
												"down": { "texture": "#saddleseat", "uv": [ 0.0, 4.5, 4.0, 6.0 ], "autoUv": false, "windMode": [-1,-1,-1,-1], "windData": [1,1,1,1] }
											},
											"children": [
												{
													"name": "SaddleFrontN41",
													"from": [ 3.15, 0.0, -0.0105 ],
													"to": [ 4.2, 1.26, 1.8795 ],
													"rotationOrigin": [ 4.2, 0.0, 1.785 ],
													"rotationZ": 51.0,
													"faces": {
														"north": { "texture": "#saddleseat", "uv": [ 5.5, 7.0, 6.5, 8.0 ], "autoUv": false },
														"east": { "texture": "#saddleseat", "uv": [ 4.0, 1.0, 5.5, 2.0 ], "autoUv": false },
														"south": { "texture": "#saddleseat", "uv": [ 9.5, 4.0, 10.5, 5.0 ], "autoUv": false },
														"west": { "texture": "#saddleseat", "uv": [ 3.0, 6.5, 4.5, 7.5 ], "autoUv": false },
														"up": { "texture": "#saddleseat", "uv": [ 2.0, 5.0, 3.0, 6.5 ], "autoUv": false },
														"down": { "texture": "#saddleseat", "uv": [ 0.0, 4.5, 1.0, 6.0 ], "autoUv": false, "windMode": [-1,-1,-1,-1], "windData": [1,1,1,1] }
													},
													"children": [
														{
															"name": "SaddleFrontN42",
															"from": [ -3.15, 0.0, 0.021 ],
															"to": [ 0.0, 1.26, 1.911 ],
															"rotationOrigin": [ 0.0, 0.0, 1.995 ],
															"rotationZ": -50.0,
															"faces": {
																"north": { "texture": "#saddleseat", "uv": [ 5.5, 7.0, 8.5, 8.0 ], "autoUv": false },
																"east": { "texture": "#saddleseat", "uv": [ 4.0, 1.0, 5.5, 2.0 ], "autoUv": false },
																"south": { "texture": "#saddleseat", "uv": [ 9.5, 4.0, 12.5, 5.0 ], "autoUv": false },
																"west": { "texture": "#saddleseat", "uv": [ 3.0, 6.5, 4.5, 7.5 ], "autoUv": false },
																"up": { "texture": "#saddleseat", "uv": [ 2.0, 5.0, 5.0, 6.5 ], "autoUv": false },
																"down": { "texture": "#saddleseat", "uv": [ 0.0, 4.5, 3.0, 6.0 ], "autoUv": false, "windMode": [-1,-1,-1,-1], "windData": [1,1,1,1] }
															}
														}
													]
												}
											]
										}
									]
								}
							]
						}
					]
				},
				{
					"name": "StrapFront",
					"from": [ 0.42, -8.62, -4.0 ],
					"to": [ 2.42, -7.32, 4.2 ],
					"rotationOrigin": [ 0.4241, -8.6183, -4.0 ],
					"rotationZ": -3.0,
					"faces": {
						"north": { "texture": "#saddlerope", "uv": [ 13.5, 0.0, 15.5, 1.0 ] },
						"east": { "texture": "#saddlerope", "uv": [ 1.0, 12.5, 9.0, 13.5 ] },
						"south": { "texture": "#saddlerope", "uv": [ 6.0, 9.0, 8.0, 10.0 ] },
						"west": { "texture": "#saddlerope", "uv": [ 3.5, 10.0, 11.5, 11.0 ] },
						"up": { "texture": "#saddlerope", "uv": [ 8.0, 9.5, 16.0, 11.5 ], "rotation": 90 },
						"down": { "texture": "#saddlerope", "uv": [ 1.5, 12.5, 9.5, 14.5 ], "rotation": 90 }
					},
					"children": [
						{
							"name": "StrapFront2",
							"from": [ 0.0, 0.0, -0.2 ],
							"to": [ 2.0, 6.6, 0.1 ],
							"rotationOrigin": [ 0.0, 0.0, -0.2 ],
							"rotationX": -0.9,
							"faces": {
								"north": { "texture": "#saddlerope", "uv": [ 1.5, 1.5, 8.0, 3.5 ], "rotation": 90 },
								"east": { "texture": "#saddlerope", "uv": [ 0.0, 4.0, 0.5, 10.5 ] },
								"south": { "texture": "#saddlerope", "uv": [ 7.0, 8.5, 13.5, 10.5 ], "rotation": 90 },
								"west": { "texture": "#saddlerope", "uv": [ 14.5, 5.5, 15.0, 12.0 ] },
								"up": { "texture": "#saddlerope", "uv": [ 9.5, 1.5, 11.5, 2.0 ] },
								"down": { "texture": "#saddlerope", "uv": [ 0.5, 1.0, 2.5, 1.5 ] }
							}
						},
						{
							"name": "StrapFront3",
							"from": [ 0.0, 0.0, 8.2 ],
							"to": [ 2.0, 8.5, 8.5 ],
							"rotationOrigin": [ 0.0, 0.0, 8.2 ],
							"rotationX": 0.9,
							"faces": {
								"north": { "texture": "#saddlerope", "uv": [ 6.5, 2.0, 15.0, 4.0 ], "rotation": 90 },
								"east": { "texture": "#saddlerope", "uv": [ 14.5, 6.5, 15.0, 15.0 ] },
								"south": { "texture": "#saddlerope", "uv": [ 2.5, 1.5, 11.0, 3.5 ], "rotation": 90 },
								"west": { "texture": "#saddlerope", "uv": [ 11.5, 2.0, 12.0, 10.5 ] },
								"up": { "texture": "#saddlerope", "uv": [ 2.5, 5.0, 4.5, 5.5 ] },
								"down": { "texture": "#saddlerope", "uv": [ 3.0, 7.5, 5.0, 8.0 ] }
							}
						}
					]
				},
				{
					"name": "StrapFront4",
					"from": [ 0.92, -8.82, -4.1 ],
					"to": [ 1.92, -8.52, 4.3 ],
					"rotationOrigin": [ 0.9241, -8.8183, -4.1 ],
					"rotationZ": -1.0,
					"faces": {
						"north": { "texture": "#saddlerim", "uv": [ 13.5, 0.0, 14.5, 0.5 ] },
						"east": { "texture": "#saddlerim", "uv": [ 1.0, 12.5, 9.0, 13.0 ] },
						"south": { "texture": "#saddlerim", "uv": [ 6.0, 9.0, 7.0, 9.5 ] },
						"west": { "texture": "#saddlerim", "uv": [ 3.5, 10.0, 11.5, 10.5 ] },
						"up": { "texture": "#saddlerim", "uv": [ 8.0, 9.5, 16.0, 10.5 ], "rotation": 90 },
						"down": { "texture": "#saddlerim", "uv": [ 1.5, 12.5, 9.5, 13.5 ], "rotation": 90 }
					},
					"children": [
						{
							"name": "StrapFront5",
							"from": [ 0.0, 0.0, -0.2 ],
							"to": [ 1.0, 7.6, 0.1 ],
							"rotationOrigin": [ 0.0, 0.0, -0.2 ],
							"rotationX": -1.0,
							"faces": {
								"north": { "texture": "#saddlerim", "uv": [ 1.5, 1.5, 9.0, 2.5 ], "rotation": 90 },
								"east": { "texture": "#saddlerim", "uv": [ 0.0, 4.0, 0.5, 11.5 ] },
								"south": { "texture": "#saddlerim", "uv": [ 7.0, 8.5, 14.5, 9.5 ], "rotation": 90 },
								"west": { "texture": "#saddlerim", "uv": [ 14.5, 5.5, 15.0, 13.0 ] },
								"up": { "texture": "#saddlerim", "uv": [ 9.5, 1.5, 10.5, 2.0 ] },
								"down": { "texture": "#saddlerim", "uv": [ 0.5, 1.0, 1.5, 1.5 ] }
							}
						},
						{
							"name": "StrapFront6",
							"from": [ 0.0, 0.0, 8.4 ],
							"to": [ 1.0, 8.5, 8.7 ],
							"rotationOrigin": [ 0.0, 0.0, 8.4 ],
							"rotationX": 0.3,
							"faces": {
								"north": { "texture": "#saddlerim", "uv": [ 6.5, 2.0, 15.0, 3.0 ], "rotation": 90 },
								"east": { "texture": "#saddlerim", "uv": [ 14.5, 6.5, 15.0, 15.0 ] },
								"south": { "texture": "#saddlerim", "uv": [ 2.5, 1.5, 11.0, 2.5 ], "rotation": 90 },
								"west": { "texture": "#saddlerim", "uv": [ 11.5, 2.0, 12.0, 10.5 ] },
								"up": { "texture": "#saddlerim", "uv": [ 2.5, 5.0, 3.5, 5.5 ] },
								"down": { "texture": "#saddlerim", "uv": [ 3.0, 7.5, 4.0, 8.0 ] }
							}
						}
					]
				},
				{
					"name": "StrapFront7",
					"stepParentName": "Chest",
					"from": [ 0.42, -0.12, -0.3 ],
					"to": [ 1.42, 8.68, 9.2 ],
					"rotationOrigin": [ 0.4241, -0.1183, -0.3 ],
					"rotationZ": -17.0,
					"faces": {
						"north": { "texture": "#saddlerope", "uv": [ 13.5, 0.0, 22.0, 1.0 ], "rotation": 90 },
						"east": { "texture": "#saddlerope", "uv": [ 1.0, 12.5, 10.5, 21.0 ] },
						"south": { "texture": "#saddlerope", "uv": [ 6.0, 9.0, 14.5, 10.0 ], "rotation": 90 },
						"west": { "texture": "#saddlerope", "uv": [ 3.5, 10.0, 13.0, 18.5 ] },
						"up": { "texture": "#saddlerope", "uv": [ 8.0, 9.5, 17.5, 10.5 ], "rotation": 90 },
						"down": { "texture": "#saddlerope", "uv": [ 1.5, 12.5, 11.0, 13.5 ], "rotation": 90 }
					}
				},
				{
					"name": "StrapFront8",
					"stepParentName": "Hind",
					"from": [ -1.18, 7.38, -0.3 ],
					"to": [ 8.32, 8.38, 9.2 ],
					"rotationOrigin": [ -1.1759, 7.3817, -0.3 ],
					"rotationZ": -15.0,
					"faces": {
						"north": { "texture": "#saddlerope", "uv": [ 13.5, 0.0, 23.0, 1.0 ] },
						"east": { "texture": "#saddlerope", "uv": [ 1.0, 12.5, 10.5, 13.5 ] },
						"south": { "texture": "#saddlerope", "uv": [ 6.0, 9.0, 15.5, 10.0 ] },
						"west": { "texture": "#saddlerope", "uv": [ 3.5, 10.0, 13.0, 11.0 ] },
						"up": { "texture": "#saddlerope", "uv": [ 8.0, 9.5, 17.5, 19.0 ], "rotation": 90 },
						"down": { "texture": "#saddlerope", "uv": [ 1.5, 12.5, 11.0, 22.0 ], "rotation": 90 }
					}
				}
			]
		}
	],
	"animations": [
	]
}