{
	"editor": {
		"collapsedPaths": "Root/ORIGIN/SaddleSeat,Root/ORIGIN/SaddleFrontWall,Root/ORIGIN/Saddle/SaddleFrontN/StrapFront,Root/ORIGIN/SaddleBack1,Root/ORIGIN/SaddleFrontN8,Root/SaddleFrontN",
		"allAngles": true,
		"entityTextureMode": false
	},
	"textureWidth": 16,
	"textureHeight": 16,
	"textureSizes": {
		"saddleseat": [16,16],
		"rope7": [32,32],
		"rope": [16,16],
		"saddlerope": [32,32],
		"saddlewood": [16,16],
		"saddlerim": [16,16],
		"black": [16,16],
		"aged1": [16,16]
	},
	"textures": {
		"saddleseat": "game:block/cloth/fur/orange",
		"saddlewood":"game:block/wood/planks/generic" ,
		"saddlerope": "game:entity/erel/pristine/rope",
			"saddlerim": "game:block/leather/poor"
	},
	"elements": [
		{
			"name": "ORIGIN",
			"from": [ 5.0, 2.6, 7.95 ],
			"to": [ 6.0, 3.6, 8.95 ],
			"rotationOrigin": [ 5.0, 2.6, 7.9 ],
			"rotationZ": 1.0,
			"faces": {
			},
			"children": [
				{
					"name": "Saddle",
					"from": [ 0.0, 0.0, 0.2 ],
					"to": [ 0.0, 0.0, 0.2 ],
					"rotationOrigin": [ 0.0, 0.0, 0.2 ],
					"faces": {
						"north": { "texture": "#saddleseat", "uv": [ 0.0, 0.0, 0.5, 0.5 ] },
						"east": { "texture": "#saddleseat", "uv": [ 0.0, 0.0, 0.5, 0.5 ] },
						"south": { "texture": "#saddleseat", "uv": [ 0.0, 0.0, 0.5, 0.5 ] },
						"west": { "texture": "#saddleseat", "uv": [ 0.0, 0.0, 0.5, 0.5 ] },
						"up": { "texture": "#saddleseat", "uv": [ 0.0, 0.0, 0.5, 0.5 ] },
						"down": { "texture": "#saddleseat", "uv": [ 0.0, 0.0, 0.5, 0.5 ] }
					},
					"children": [
						{
							"name": "SaddleFrontN23",
							"from": [ 3.7852, -2.5809, 4.0392 ],
							"to": [ 4.9852, 0.6191, 4.3392 ],
							"rotationOrigin": [ 3.8752, 0.6191, 5.0392 ],
							"rotationX": -35.8505,
							"rotationY": 3.5225,
							"rotationZ": -94.8602,
							"faces": {
								"north": { "texture": "#saddleseat", "uv": [ 5.5, 7.0, 6.5, 10.0 ] },
								"east": { "texture": "#saddleseat", "uv": [ 4.0, 1.0, 4.5, 4.0 ] },
								"south": { "texture": "#saddleseat", "uv": [ 9.5, 4.0, 10.5, 7.0 ] },
								"west": { "texture": "#saddleseat", "uv": [ 3.0, 6.5, 3.5, 9.5 ] },
								"up": { "texture": "#saddleseat", "uv": [ 2.0, 5.0, 3.0, 5.5 ] },
								"down": { "texture": "#saddleseat", "uv": [ 0.0, 4.5, 1.0, 5.0 ], "windMode": [-1,-1,-1,-1], "windData": [1,1,1,1] }
							},
							"children": [
								{
									"name": "SaddleFrontN60",
									"from": [ 1.2, 0.0, 0.0 ],
									"to": [ 2.4, 3.2, 0.3 ],
									"rotationOrigin": [ 1.2, 0.0, 0.3 ],
									"rotationY": 35.0,
									"faces": {
										"north": { "texture": "#saddleseat", "uv": [ 5.5, 7.0, 6.5, 10.0 ] },
										"east": { "texture": "#saddleseat", "uv": [ 4.0, 1.0, 4.5, 4.0 ] },
										"south": { "texture": "#saddleseat", "uv": [ 9.5, 4.0, 10.5, 7.0 ] },
										"west": { "texture": "#saddleseat", "uv": [ 3.0, 6.5, 3.5, 9.5 ] },
										"up": { "texture": "#saddleseat", "uv": [ 2.0, 5.0, 3.0, 5.5 ] },
										"down": { "texture": "#saddleseat", "uv": [ 0.0, 4.5, 1.0, 5.0 ], "windMode": [-1,-1,-1,-1], "windData": [1,1,1,1] }
									}
								}
							]
						},
						{
							"name": "SaddleFrontN71",
							"from": [ 0.5841, -2.4235, -6.1592 ],
							"to": [ 1.7841, 0.7765, -5.8592 ],
							"rotationOrigin": [ 0.6741, 0.7765, -5.1592 ],
							"rotationX": -146.1457,
							"rotationY": 3.3509,
							"rotationZ": 94.9799,
							"faces": {
								"north": { "texture": "#saddleseat", "uv": [ 5.5, 7.0, 6.5, 10.0 ] },
								"east": { "texture": "#saddleseat", "uv": [ 4.0, 1.0, 4.5, 4.0 ] },
								"south": { "texture": "#saddleseat", "uv": [ 9.5, 4.0, 10.5, 7.0 ] },
								"west": { "texture": "#saddleseat", "uv": [ 3.0, 6.5, 3.5, 9.5 ] },
								"up": { "texture": "#saddleseat", "uv": [ 2.0, 5.0, 3.0, 5.5 ] },
								"down": { "texture": "#saddleseat", "uv": [ 0.0, 4.5, 1.0, 5.0 ], "windMode": [-1,-1,-1,-1], "windData": [1,1,1,1] }
							},
							"children": [
								{
									"name": "SaddleFrontN72",
									"from": [ 1.2, 0.0, 0.0 ],
									"to": [ 2.4, 3.2, 0.3 ],
									"rotationOrigin": [ 1.2, 0.0, 0.3 ],
									"rotationY": 35.0,
									"faces": {
										"north": { "texture": "#saddleseat", "uv": [ 5.5, 7.0, 6.5, 10.0 ] },
										"east": { "texture": "#saddleseat", "uv": [ 4.0, 1.0, 4.5, 4.0 ] },
										"south": { "texture": "#saddleseat", "uv": [ 9.5, 4.0, 10.5, 7.0 ] },
										"west": { "texture": "#saddleseat", "uv": [ 3.0, 6.5, 3.5, 9.5 ] },
										"up": { "texture": "#saddleseat", "uv": [ 2.0, 5.0, 3.0, 5.5 ] },
										"down": { "texture": "#saddleseat", "uv": [ 0.0, 4.5, 1.0, 5.0 ], "windMode": [-1,-1,-1,-1], "windData": [1,1,1,1] }
									}
								}
							]
						}
					]
				},
				{
					"name": "StrapFront",
					"from": [ -1.98, -2.52, -4.0 ],
					"to": [ 8.02, -0.22, 4.2 ],
					"rotationOrigin": [ -1.9759, -2.5183, -4.0 ],
					"rotationZ": -1.0,
					"faces": {
						"north": { "texture": "#saddlerope", "uv": [ 13.5, 0.0, 23.5, 2.0 ] },
						"east": { "texture": "#saddlerope", "uv": [ 1.0, 12.5, 9.0, 14.5 ] },
						"south": { "texture": "#saddlerope", "uv": [ 6.0, 9.0, 16.0, 11.0 ] },
						"west": { "texture": "#saddlerope", "uv": [ 3.5, 10.0, 11.5, 12.0 ] },
						"up": { "texture": "#saddlerope", "uv": [ 8.0, 9.5, 16.0, 19.5 ], "rotation": 90 },
						"down": { "texture": "#saddlerope", "uv": [ 1.5, 12.5, 9.5, 22.5 ], "rotation": 90 }
					}
				},
				{
					"name": "SaddleFrontN2",
					"from": [ 1.1959, -1.84, -2.65 ],
					"to": [ 5.1959, 1.36, 2.95 ],
					"rotationOrigin": [ 1.1959, -1.8423, -2.55 ],
					"rotationZ": -4.0,
					"faces": {
						"up": { "texture": "#saddleseat", "uv": [ 3.5, 6.0, 7.5, 11.5 ] }
					},
					"children": [
						{
							"name": "SaddleFrontN4",
							"from": [ 0.0, 0.0, -1.8 ],
							"to": [ 3.0, 3.2, 0.0 ],
							"rotationOrigin": [ 0.0, 3.2, 0.0 ],
							"rotationX": -20.4,
							"faces": {
								"north": { "texture": "#saddleseat", "uv": [ 5.5, 7.0, 8.5, 10.0 ] },
								"east": { "texture": "#saddleseat", "uv": [ 4.0, 1.0, 5.5, 4.0 ] },
								"south": { "texture": "#saddleseat", "uv": [ 9.5, 4.0, 12.5, 7.0 ] },
								"west": { "texture": "#saddleseat", "uv": [ 3.0, 6.5, 4.5, 9.5 ] },
								"up": { "texture": "#saddleseat", "uv": [ 4.5, 9.0, 7.5, 10.5 ] },
								"down": { "texture": "#saddleseat", "uv": [ 0.0, 4.5, 3.0, 6.0 ], "windMode": [-1,-1,-1,-1], "windData": [1,1,1,1] }
							},
							"children": [
								{
									"name": "SaddleFrontN6",
									"from": [ 0.0, 2.0, 0.001 ],
									"to": [ 3.0, 3.2, 1.801 ],
									"rotationOrigin": [ 0.0, 3.2, 0.0 ],
									"rotationX": 20.0,
									"faces": {
										"north": { "texture": "#saddleseat", "uv": [ 5.5, 7.0, 8.5, 8.0 ] },
										"east": { "texture": "#saddleseat", "uv": [ 4.0, 1.0, 5.5, 2.0 ] },
										"south": { "texture": "#saddleseat", "uv": [ 9.5, 4.0, 12.5, 5.0 ] },
										"west": { "texture": "#saddleseat", "uv": [ 3.0, 6.5, 4.5, 7.5 ] },
										"up": { "texture": "#saddleseat", "uv": [ 2.0, 5.0, 5.0, 6.5 ] },
										"down": { "texture": "#saddleseat", "uv": [ 0.0, 4.5, 3.0, 6.0 ], "windMode": [-1,-1,-1,-1], "windData": [1,1,1,1] }
									},
									"children": [
										{
											"name": "SaddleFrontN30",
											"from": [ 3.0, 0.0, 0.01 ],
											"to": [ 4.0, 1.2, 1.81 ],
											"rotationOrigin": [ 4.0, 0.0, 8.9829 ],
											"rotationZ": 51.0,
											"faces": {
												"north": { "texture": "#saddleseat", "uv": [ 5.5, 7.0, 6.5, 8.0 ] },
												"east": { "texture": "#saddleseat", "uv": [ 4.0, 1.0, 5.5, 2.0 ] },
												"south": { "texture": "#saddleseat", "uv": [ 9.5, 4.0, 10.5, 5.0 ] },
												"west": { "texture": "#saddleseat", "uv": [ 3.0, 6.5, 4.5, 7.5 ] },
												"up": { "texture": "#saddleseat", "uv": [ 2.0, 5.0, 3.0, 6.5 ] },
												"down": { "texture": "#saddleseat", "uv": [ 0.0, 4.5, 1.0, 6.0 ], "windMode": [-1,-1,-1,-1], "windData": [1,1,1,1] }
											},
											"children": [
												{
													"name": "SaddleFrontN31",
													"from": [ -5.0, 0.0, 0.02 ],
													"to": [ 0.0, 1.2, 1.82 ],
													"rotationOrigin": [ 0.0, 0.0, 1.9 ],
													"rotationZ": -50.0,
													"faces": {
														"north": { "texture": "#saddleseat", "uv": [ 5.5, 7.0, 10.5, 8.0 ] },
														"east": { "texture": "#saddleseat", "uv": [ 4.0, 1.0, 5.5, 2.0 ] },
														"south": { "texture": "#saddleseat", "uv": [ 9.5, 4.0, 14.5, 5.0 ] },
														"west": { "texture": "#saddleseat", "uv": [ 3.0, 6.5, 4.5, 7.5 ] },
														"up": { "texture": "#saddleseat", "uv": [ 2.0, 5.0, 7.0, 6.5 ] },
														"down": { "texture": "#saddleseat", "uv": [ 0.0, 4.5, 5.0, 6.0 ], "windMode": [-1,-1,-1,-1], "windData": [1,1,1,1] }
													}
												}
											]
										}
									]
								}
							]
						},
						{
							"name": "SaddleFrontN5",
							"from": [ 0.0, 0.0, 5.6 ],
							"to": [ 4.0, 3.2, 7.4 ],
							"rotationOrigin": [ 0.0, 3.2, 5.6 ],
							"rotationX": 20.0,
							"faces": {
								"north": { "texture": "#saddleseat", "uv": [ 5.5, 7.0, 9.5, 10.0 ] },
								"east": { "texture": "#saddleseat", "uv": [ 4.0, 1.0, 5.5, 4.0 ] },
								"south": { "texture": "#saddleseat", "uv": [ 9.5, 4.0, 13.5, 7.0 ] },
								"west": { "texture": "#saddleseat", "uv": [ 3.0, 6.5, 4.5, 9.5 ] },
								"up": { "texture": "#saddleseat", "uv": [ 3.5, 6.0, 7.5, 7.5 ] },
								"down": { "texture": "#saddleseat", "uv": [ 0.0, 4.5, 4.0, 6.0 ], "windMode": [-1,-1,-1,-1], "windData": [1,1,1,1] }
							},
							"children": [
								{
									"name": "SaddleFrontN7",
									"from": [ 0.0, 2.0, -0.001 ],
									"to": [ 5.0, 3.2, 1.799 ],
									"rotationOrigin": [ 0.0, 3.2, 1.7 ],
									"rotationX": -20.0,
									"faces": {
										"north": { "texture": "#saddleseat", "uv": [ 5.5, 7.0, 10.5, 8.0 ] },
										"east": { "texture": "#saddleseat", "uv": [ 4.0, 1.0, 5.5, 2.0 ] },
										"south": { "texture": "#saddleseat", "uv": [ 6.0, 5.5, 11.0, 6.5 ] },
										"west": { "texture": "#saddleseat", "uv": [ 3.0, 6.5, 4.5, 7.5 ] },
										"up": { "texture": "#saddleseat", "uv": [ 2.0, 5.0, 7.0, 6.5 ] },
										"down": { "texture": "#saddleseat", "uv": [ 0.0, 4.5, 5.0, 6.0 ], "windMode": [-1,-1,-1,-1], "windData": [1,1,1,1] }
									},
									"children": [
										{
											"name": "SaddleFrontN14",
											"from": [ 3.0, 0.0, -0.01 ],
											"to": [ 4.0, 1.2, 1.79 ],
											"rotationOrigin": [ 4.0, 0.0, 1.7 ],
											"rotationZ": 51.0,
											"faces": {
												"north": { "texture": "#saddleseat", "uv": [ 5.5, 7.0, 6.5, 8.0 ] },
												"east": { "texture": "#saddleseat", "uv": [ 4.0, 1.0, 5.5, 2.0 ] },
												"south": { "texture": "#saddleseat", "uv": [ 9.5, 4.0, 10.5, 5.0 ] },
												"west": { "texture": "#saddleseat", "uv": [ 3.0, 6.5, 4.5, 7.5 ] },
												"up": { "texture": "#saddleseat", "uv": [ 2.0, 5.0, 3.0, 6.5 ] },
												"down": { "texture": "#saddleseat", "uv": [ 0.0, 4.5, 1.0, 6.0 ], "windMode": [-1,-1,-1,-1], "windData": [1,1,1,1] }
											},
											"children": [
												{
													"name": "SaddleFrontN28",
													"from": [ -5.0, 0.0, 0.02 ],
													"to": [ 0.0, 1.2, 1.82 ],
													"rotationOrigin": [ 0.0, 0.0, 1.9 ],
													"rotationZ": -50.0,
													"faces": {
														"north": { "texture": "#saddleseat", "uv": [ 5.5, 7.0, 10.5, 8.0 ] },
														"east": { "texture": "#saddleseat", "uv": [ 4.0, 1.0, 5.5, 2.0 ] },
														"south": { "texture": "#saddleseat", "uv": [ 4.0, 6.5, 9.0, 7.5 ] },
														"west": { "texture": "#saddleseat", "uv": [ 3.0, 6.5, 4.5, 7.5 ] },
														"up": { "texture": "#saddleseat", "uv": [ 2.0, 5.0, 7.0, 6.5 ] },
														"down": { "texture": "#saddleseat", "uv": [ 0.0, 4.5, 5.0, 6.0 ], "windMode": [-1,-1,-1,-1], "windData": [1,1,1,1] }
													}
												}
											]
										}
									]
								}
							]
						},
						{
							"name": "SaddleFrontN8",
							"from": [ 4.84, 2.71, 0.0 ],
							"to": [ 5.84, 4.91, 5.6 ],
							"rotationOrigin": [ 4.8375, 2.7029, 0.1 ],
							"rotationZ": -9.0,
							"faces": {
								"north": { "texture": "#saddlewood", "uv": [ 5.5, 7.0, 6.5, 9.0 ] },
								"east": { "texture": "#saddlewood", "uv": [ 4.0, 1.0, 9.5, 3.0 ] },
								"south": { "texture": "#saddlewood", "uv": [ 9.5, 4.0, 10.5, 6.0 ] },
								"west": { "texture": "#saddlewood", "uv": [ 3.0, 6.5, 8.5, 8.5 ] },
								"up": { "texture": "#saddlewood", "uv": [ 2.0, 5.0, 3.0, 10.5 ] },
								"down": { "texture": "#saddlewood", "uv": [ 0.0, 4.5, 1.0, 10.0 ], "windMode": [-1,-1,-1,-1], "windData": [1,1,1,1] }
							},
							"children": [
								{
									"name": "SaddleFrontN9",
									"from": [ 0.0, 0.0, -1.8 ],
									"to": [ 1.0, 2.2, 0.0 ],
									"rotationOrigin": [ 0.0, 2.2, 0.0 ],
									"rotationX": -16.0,
									"faces": {
										"north": { "texture": "#saddlewood", "uv": [ 5.5, 7.0, 6.5, 9.0 ] },
										"east": { "texture": "#saddlewood", "uv": [ 4.0, 1.0, 5.5, 3.0 ] },
										"south": { "texture": "#saddlewood", "uv": [ 9.5, 4.0, 10.5, 6.0 ] },
										"west": { "texture": "#saddlewood", "uv": [ 3.0, 6.5, 4.5, 8.5 ] },
										"up": { "texture": "#saddlewood", "uv": [ 2.0, 5.0, 3.0, 6.5 ] },
										"down": { "texture": "#saddlewood", "uv": [ 0.0, 4.5, 1.0, 6.0 ], "windMode": [-1,-1,-1,-1], "windData": [1,1,1,1] }
									},
									"children": [
										{
											"name": "SaddleFrontN10",
											"from": [ 0.01, -1.0, 0.0 ],
											"to": [ 1.01, 2.2, 1.0 ],
											"rotationOrigin": [ 0.1, 2.2, 0.0 ],
											"rotationX": 16.0,
											"faces": {
												"north": { "texture": "#saddlewood", "uv": [ 5.5, 7.0, 6.5, 10.0 ] },
												"east": { "texture": "#saddlewood", "uv": [ 4.0, 1.0, 5.0, 4.0 ] },
												"south": { "texture": "#saddlewood", "uv": [ 9.5, 4.0, 10.5, 7.0 ] },
												"west": { "texture": "#saddlewood", "uv": [ 3.0, 6.5, 4.0, 9.5 ] },
												"up": { "texture": "#saddlewood", "uv": [ 2.0, 5.0, 3.0, 6.0 ] },
												"down": { "texture": "#saddlewood", "uv": [ 0.0, 4.5, 1.0, 5.5 ], "windMode": [-1,-1,-1,-1], "windData": [1,1,1,1] }
											}
										}
									]
								},
								{
									"name": "SaddleFrontN11",
									"from": [ -0.01, 0.0, 5.6 ],
									"to": [ 0.99, 2.2, 7.4 ],
									"rotationOrigin": [ -0.1, 2.2, 5.6 ],
									"rotationX": 11.0,
									"faces": {
										"north": { "texture": "#saddlewood", "uv": [ 5.5, 7.0, 6.5, 9.0 ] },
										"east": { "texture": "#saddlewood", "uv": [ 4.0, 1.0, 5.5, 3.0 ] },
										"south": { "texture": "#saddlewood", "uv": [ 9.5, 4.0, 10.5, 6.0 ] },
										"west": { "texture": "#saddlewood", "uv": [ 3.0, 6.5, 4.5, 8.5 ] },
										"up": { "texture": "#saddlewood", "uv": [ 2.0, 5.0, 3.0, 6.5 ] },
										"down": { "texture": "#saddlewood", "uv": [ 0.0, 4.5, 1.0, 6.0 ], "windMode": [-1,-1,-1,-1], "windData": [1,1,1,1] }
									},
									"children": [
										{
											"name": "SaddleFrontN12",
											"from": [ 0.01, -1.0, 0.8 ],
											"to": [ 1.01, 2.2, 1.8 ],
											"rotationOrigin": [ 0.1, 2.2, 1.8 ],
											"rotationX": -14.5,
											"faces": {
												"north": { "texture": "#saddlewood", "uv": [ 5.5, 7.0, 6.5, 10.0 ] },
												"east": { "texture": "#saddlewood", "uv": [ 4.0, 1.0, 5.0, 4.0 ] },
												"south": { "texture": "#saddlewood", "uv": [ 9.5, 4.0, 10.5, 7.0 ] },
												"west": { "texture": "#saddlewood", "uv": [ 3.0, 6.5, 4.0, 9.5 ] },
												"up": { "texture": "#saddlewood", "uv": [ 2.0, 5.0, 3.0, 6.0 ] },
												"down": { "texture": "#saddlewood", "uv": [ 0.0, 4.5, 1.0, 5.5 ], "windMode": [-1,-1,-1,-1], "windData": [1,1,1,1] }
											}
										}
									]
								},
								{
									"name": "SaddleFrontN48",
									"from": [ 0.99, -0.45, -0.1 ],
									"to": [ 1.99, 1.75, 5.7 ],
									"rotationOrigin": [ 0.9856, -0.4553, 0.0 ],
									"faces": {
										"north": { "texture": "#saddlerim", "uv": [ 5.5, 7.0, 6.5, 9.0 ] },
										"east": { "texture": "#saddlerim", "uv": [ 4.0, 1.0, 9.5, 3.0 ] },
										"south": { "texture": "#saddlerim", "uv": [ 9.5, 4.0, 10.5, 6.0 ] },
										"west": { "texture": "#saddlerim", "uv": [ 3.0, 6.5, 8.5, 8.5 ] },
										"up": { "texture": "#saddlerim", "uv": [ 2.0, 5.0, 3.0, 10.5 ] },
										"down": { "texture": "#saddlerim", "uv": [ 0.0, 4.5, 1.0, 10.0 ], "windMode": [-1,-1,-1,-1], "windData": [1,1,1,1] }
									},
									"children": [
										{
											"name": "SaddleFrontN49",
											"from": [ 0.0, 0.0, -1.8 ],
											"to": [ 1.0, 2.2, 0.0 ],
											"rotationOrigin": [ 0.0, 2.2, 0.0 ],
											"rotationX": -15.0,
											"faces": {
												"north": { "texture": "#saddlerim", "uv": [ 5.5, 7.0, 6.5, 9.0 ] },
												"east": { "texture": "#saddlerim", "uv": [ 4.0, 1.0, 5.5, 3.0 ] },
												"south": { "texture": "#saddlerim", "uv": [ 9.5, 4.0, 10.5, 6.0 ] },
												"west": { "texture": "#saddlerim", "uv": [ 3.0, 6.5, 4.5, 8.5 ] },
												"up": { "texture": "#saddlerim", "uv": [ 2.0, 5.0, 3.0, 6.5 ] },
												"down": { "texture": "#saddlerim", "uv": [ 0.0, 4.5, 1.0, 6.0 ], "windMode": [-1,-1,-1,-1], "windData": [1,1,1,1] }
											},
											"children": [
												{
													"name": "SaddleFrontN50",
													"from": [ 0.01, -0.8, 0.0 ],
													"to": [ 1.01, 2.2, 1.0 ],
													"rotationOrigin": [ 0.0, 2.2, 0.0 ],
													"rotationX": 15.0,
													"faces": {
														"north": { "texture": "#saddlerim", "uv": [ 5.5, 7.0, 6.5, 10.0 ] },
														"east": { "texture": "#saddlerim", "uv": [ 4.0, 1.0, 5.0, 4.0 ] },
														"south": { "texture": "#saddlerim", "uv": [ 9.5, 4.0, 10.5, 7.0 ] },
														"west": { "texture": "#saddlerim", "uv": [ 3.0, 6.5, 4.0, 9.5 ] },
														"up": { "texture": "#saddlerim", "uv": [ 2.0, 5.0, 3.0, 6.0 ] },
														"down": { "texture": "#saddlerim", "uv": [ 0.0, 4.5, 1.0, 5.5 ], "windMode": [-1,-1,-1,-1], "windData": [1,1,1,1] }
													}
												}
											]
										},
										{
											"name": "SaddleFrontN51",
											"from": [ -0.01, 0.0, 5.8 ],
											"to": [ 0.99, 2.2, 7.6 ],
											"rotationOrigin": [ -0.1, 2.2, 5.8 ],
											"rotationX": 13.0,
											"faces": {
												"north": { "texture": "#saddlerim", "uv": [ 5.5, 7.0, 6.5, 9.0 ] },
												"east": { "texture": "#saddlerim", "uv": [ 4.0, 1.0, 5.5, 3.0 ] },
												"south": { "texture": "#saddlerim", "uv": [ 9.5, 4.0, 10.5, 6.0 ] },
												"west": { "texture": "#saddlerim", "uv": [ 3.0, 6.5, 4.5, 8.5 ] },
												"up": { "texture": "#saddlerim", "uv": [ 2.0, 5.0, 3.0, 6.5 ] },
												"down": { "texture": "#saddlerim", "uv": [ 0.0, 4.5, 1.0, 6.0 ], "windMode": [-1,-1,-1,-1], "windData": [1,1,1,1] }
											},
											"children": [
												{
													"name": "SaddleFrontN52",
													"from": [ 0.01, -0.8, 0.8 ],
													"to": [ 1.01, 2.2, 1.8 ],
													"rotationOrigin": [ 0.1, 2.2, 1.8 ],
													"rotationX": -15.0,
													"faces": {
														"north": { "texture": "#saddlerim", "uv": [ 5.5, 7.0, 6.5, 10.0 ] },
														"east": { "texture": "#saddlerim", "uv": [ 4.0, 1.0, 5.0, 4.0 ] },
														"south": { "texture": "#saddlerim", "uv": [ 9.5, 4.0, 10.5, 7.0 ] },
														"west": { "texture": "#saddlerim", "uv": [ 3.0, 6.5, 4.0, 9.5 ] },
														"up": { "texture": "#saddlerim", "uv": [ 2.0, 5.0, 3.0, 6.0 ] },
														"down": { "texture": "#saddlerim", "uv": [ 0.0, 4.5, 1.0, 5.5 ], "windMode": [-1,-1,-1,-1], "windData": [1,1,1,1] }
													}
												}
											]
										}
									]
								}
							]
						},
						{
							"name": "SaddleFrontN43",
							"from": [ -2.76, 2.01, 0.0 ],
							"to": [ -1.76, 4.21, 5.6 ],
							"rotationOrigin": [ -2.7625, 2.0029, 0.1 ],
							"rotationZ": 25.0,
							"faces": {
								"north": { "texture": "#saddlewood", "uv": [ 5.5, 7.0, 6.5, 9.0 ] },
								"east": { "texture": "#saddlewood", "uv": [ 4.0, 1.0, 9.5, 3.0 ] },
								"south": { "texture": "#saddlewood", "uv": [ 9.5, 4.0, 10.5, 6.0 ] },
								"west": { "texture": "#saddlewood", "uv": [ 3.0, 6.5, 8.5, 8.5 ] },
								"up": { "texture": "#saddlewood", "uv": [ 2.0, 5.0, 3.0, 10.5 ] },
								"down": { "texture": "#saddlewood", "uv": [ 0.0, 4.5, 1.0, 10.0 ], "windMode": [-1,-1,-1,-1], "windData": [1,1,1,1] }
							},
							"children": [
								{
									"name": "SaddleFrontN44",
									"from": [ 0.0, 0.0, -1.8 ],
									"to": [ 1.0, 2.2, 0.0 ],
									"rotationOrigin": [ 0.0, 2.2, 0.0 ],
									"rotationX": -11.9,
									"faces": {
										"north": { "texture": "#saddlewood", "uv": [ 5.5, 7.0, 6.5, 9.0 ] },
										"east": { "texture": "#saddlewood", "uv": [ 4.0, 1.0, 5.5, 3.0 ] },
										"south": { "texture": "#saddlewood", "uv": [ 9.5, 4.0, 10.5, 6.0 ] },
										"west": { "texture": "#saddlewood", "uv": [ 3.0, 6.5, 4.5, 8.5 ] },
										"up": { "texture": "#saddlewood", "uv": [ 2.0, 5.0, 3.0, 6.5 ] },
										"down": { "texture": "#saddlewood", "uv": [ 0.0, 4.5, 1.0, 6.0 ], "windMode": [-1,-1,-1,-1], "windData": [1,1,1,1] }
									},
									"children": [
										{
											"name": "SaddleFrontN45",
											"from": [ 0.01, -2.0, 0.0 ],
											"to": [ 1.01, 2.2, 1.0 ],
											"rotationOrigin": [ 0.1, 2.2, 0.0 ],
											"rotationX": 15.0,
											"faces": {
												"north": { "texture": "#saddlewood", "uv": [ 5.5, 7.0, 6.5, 11.0 ] },
												"east": { "texture": "#saddlewood", "uv": [ 4.0, 1.0, 5.0, 5.0 ] },
												"south": { "texture": "#saddlewood", "uv": [ 9.5, 4.0, 10.5, 8.0 ] },
												"west": { "texture": "#saddlewood", "uv": [ 3.0, 6.5, 4.0, 10.5 ] },
												"up": { "texture": "#saddlewood", "uv": [ 2.0, 5.0, 3.0, 6.0 ] },
												"down": { "texture": "#saddlewood", "uv": [ 0.0, 4.5, 1.0, 5.5 ], "windMode": [-1,-1,-1,-1], "windData": [1,1,1,1] }
											}
										}
									]
								},
								{
									"name": "SaddleFrontN46",
									"from": [ -0.01, 0.0, 5.6 ],
									"to": [ 0.99, 2.2, 7.4 ],
									"rotationOrigin": [ -0.1, 2.2, 5.6 ],
									"rotationX": 11.0,
									"faces": {
										"north": { "texture": "#saddlewood", "uv": [ 5.5, 7.0, 6.5, 9.0 ] },
										"east": { "texture": "#saddlewood", "uv": [ 4.0, 1.0, 5.5, 3.0 ] },
										"south": { "texture": "#saddlewood", "uv": [ 9.5, 4.0, 10.5, 6.0 ] },
										"west": { "texture": "#saddlewood", "uv": [ 3.0, 6.5, 4.5, 8.5 ] },
										"up": { "texture": "#saddlewood", "uv": [ 2.0, 5.0, 3.0, 6.5 ] },
										"down": { "texture": "#saddlewood", "uv": [ 0.0, 4.5, 1.0, 6.0 ], "windMode": [-1,-1,-1,-1], "windData": [1,1,1,1] }
									},
									"children": [
										{
											"name": "SaddleFrontN47",
											"from": [ 0.01, -2.0, 0.8 ],
											"to": [ 1.01, 2.2, 1.8 ],
											"rotationOrigin": [ 0.1, 2.2, 1.8 ],
											"rotationX": -15.0,
											"faces": {
												"north": { "texture": "#saddlewood", "uv": [ 5.5, 7.0, 6.5, 11.0 ] },
												"east": { "texture": "#saddlewood", "uv": [ 4.0, 1.0, 5.0, 5.0 ] },
												"south": { "texture": "#saddlewood", "uv": [ 9.5, 4.0, 10.5, 8.0 ] },
												"west": { "texture": "#saddlewood", "uv": [ 3.0, 6.5, 4.0, 10.5 ] },
												"up": { "texture": "#saddlewood", "uv": [ 2.0, 5.0, 3.0, 6.0 ] },
												"down": { "texture": "#saddlewood", "uv": [ 0.0, 4.5, 1.0, 5.5 ], "windMode": [-1,-1,-1,-1], "windData": [1,1,1,1] }
											}
										}
									]
								},
								{
									"name": "SaddleFrontN53",
									"from": [ -0.95, -0.13, 0.0 ],
									"to": [ 0.05, 2.07, 5.6 ],
									"rotationOrigin": [ -0.9494, -0.134, 0.1 ],
									"faces": {
										"north": { "texture": "#saddlerim", "uv": [ 5.5, 7.0, 6.5, 9.0 ] },
										"east": { "texture": "#saddlerim", "uv": [ 4.0, 1.0, 9.5, 3.0 ] },
										"south": { "texture": "#saddlerim", "uv": [ 9.5, 4.0, 10.5, 6.0 ] },
										"west": { "texture": "#saddlerim", "uv": [ 3.0, 6.5, 8.5, 8.5 ] },
										"up": { "texture": "#saddlerim", "uv": [ 2.0, 5.0, 3.0, 10.5 ] },
										"down": { "texture": "#saddlerim", "uv": [ 0.0, 4.5, 1.0, 10.0 ], "windMode": [-1,-1,-1,-1], "windData": [1,1,1,1] }
									},
									"children": [
										{
											"name": "SaddleFrontN54",
											"from": [ 0.0, 0.0, -1.8 ],
											"to": [ 1.0, 2.2, 0.0 ],
											"rotationOrigin": [ 0.0, 2.2, 0.0 ],
											"rotationX": -9.0,
											"faces": {
												"north": { "texture": "#saddlerim", "uv": [ 5.5, 7.0, 6.5, 9.0 ] },
												"east": { "texture": "#saddlerim", "uv": [ 4.0, 1.0, 5.5, 3.0 ] },
												"south": { "texture": "#saddlerim", "uv": [ 9.5, 4.0, 10.5, 6.0 ] },
												"west": { "texture": "#saddlerim", "uv": [ 3.0, 6.5, 4.5, 8.5 ] },
												"up": { "texture": "#saddlerim", "uv": [ 2.0, 5.0, 3.0, 6.5 ] },
												"down": { "texture": "#saddlerim", "uv": [ 0.0, 4.5, 1.0, 6.0 ], "windMode": [-1,-1,-1,-1], "windData": [1,1,1,1] }
											},
											"children": [
												{
													"name": "SaddleFrontN55",
													"from": [ 0.01, -2.0, 0.0 ],
													"to": [ 1.01, 2.2, 1.0 ],
													"rotationOrigin": [ 0.1, 2.2, 0.0 ],
													"rotationX": 15.0,
													"faces": {
														"north": { "texture": "#saddlerim", "uv": [ 5.5, 7.0, 6.5, 11.0 ] },
														"east": { "texture": "#saddlerim", "uv": [ 4.0, 1.0, 5.0, 5.0 ] },
														"south": { "texture": "#saddlerim", "uv": [ 9.5, 4.0, 10.5, 8.0 ] },
														"west": { "texture": "#saddlerim", "uv": [ 3.0, 6.5, 4.0, 10.5 ] },
														"up": { "texture": "#saddlerim", "uv": [ 2.0, 5.0, 3.0, 6.0 ] },
														"down": { "texture": "#saddlerim", "uv": [ 0.0, 4.5, 1.0, 5.5 ], "windMode": [-1,-1,-1,-1], "windData": [1,1,1,1] }
													}
												}
											]
										},
										{
											"name": "SaddleFrontN56",
											"from": [ -0.01, 0.0, 5.6 ],
											"to": [ 0.99, 2.2, 7.4 ],
											"rotationOrigin": [ -0.1, 2.2, 5.6 ],
											"rotationX": 9.0,
											"faces": {
												"north": { "texture": "#saddlerim", "uv": [ 5.5, 7.0, 6.5, 9.0 ] },
												"east": { "texture": "#saddlerim", "uv": [ 4.0, 1.0, 5.5, 3.0 ] },
												"south": { "texture": "#saddlerim", "uv": [ 9.5, 4.0, 10.5, 6.0 ] },
												"west": { "texture": "#saddlerim", "uv": [ 3.0, 6.5, 4.5, 8.5 ] },
												"up": { "texture": "#saddlerim", "uv": [ 2.0, 5.0, 3.0, 6.5 ] },
												"down": { "texture": "#saddlerim", "uv": [ 0.0, 4.5, 1.0, 6.0 ], "windMode": [-1,-1,-1,-1], "windData": [1,1,1,1] }
											},
											"children": [
												{
													"name": "SaddleFrontN57",
													"from": [ 0.01, -2.0, 0.8 ],
													"to": [ 1.01, 2.2, 1.8 ],
													"rotationOrigin": [ 0.1, 2.2, 1.8 ],
													"rotationX": -15.0,
													"rotationY": 0.1,
													"faces": {
														"north": { "texture": "#saddlerim", "uv": [ 5.5, 7.0, 6.5, 11.0 ] },
														"east": { "texture": "#saddlerim", "uv": [ 4.0, 1.0, 5.0, 5.0 ] },
														"south": { "texture": "#saddlerim", "uv": [ 9.5, 4.0, 10.5, 8.0 ] },
														"west": { "texture": "#saddlerim", "uv": [ 3.0, 6.5, 4.0, 10.5 ] },
														"up": { "texture": "#saddlerim", "uv": [ 2.0, 5.0, 3.0, 6.0 ] },
														"down": { "texture": "#saddlerim", "uv": [ 0.0, 4.5, 1.0, 5.5 ], "windMode": [-1,-1,-1,-1], "windData": [1,1,1,1] }
													},
													"children": [
														{
															"name": "SaddleFrontN58",
															"from": [ 0.0, -8.9, 0.0 ],
															"to": [ 1.0, 0.1, 1.0 ],
															"rotationOrigin": [ -0.01, 0.1, 1.0 ],
															"rotationX": -1.0,
															"rotationY": 3.0,
															"rotationZ": 73.2,
															"faces": {
																"north": { "texture": "#saddlerim", "uv": [ 5.5, 7.0, 6.5, 16.0 ] },
																"east": { "texture": "#saddlerim", "uv": [ 4.0, 1.0, 5.0, 10.0 ] },
																"south": { "texture": "#saddlerim", "uv": [ 9.5, 4.0, 10.5, 13.0 ] },
																"west": { "texture": "#saddlerim", "uv": [ 3.0, 6.5, 4.0, 15.5 ] },
																"up": { "texture": "#saddlerim", "uv": [ 2.0, 5.0, 3.0, 6.0 ] },
																"down": { "texture": "#saddlerim", "uv": [ 0.0, 4.5, 1.0, 5.5 ], "windMode": [-1,-1,-1,-1], "windData": [1,1,1,1] }
															}
														},
														{
															"name": "SaddleFrontN59",
															"from": [ -0.1, -8.0, -9.0 ],
															"to": [ 0.9, 1.0, -7.0 ],
															"rotationOrigin": [ -0.1, 1.0, -9.0 ],
															"rotationX": 15.0,
															"rotationY": -5.0,
															"rotationZ": 74.7,
															"faces": {
																"north": { "texture": "#saddlerim", "uv": [ 5.5, 7.0, 6.5, 16.0 ] },
																"east": { "texture": "#saddlerim", "uv": [ 4.0, 1.0, 6.0, 10.0 ] },
																"south": { "texture": "#saddlerim", "uv": [ 9.5, 4.0, 10.5, 13.0 ] },
																"west": { "texture": "#saddlerim", "uv": [ 3.0, 6.5, 5.0, 15.5 ] },
																"up": { "texture": "#saddlerim", "uv": [ 2.0, 5.0, 3.0, 7.0 ] },
																"down": { "texture": "#saddlerim", "uv": [ 0.0, 4.5, 1.0, 6.5 ], "windMode": [-1,-1,-1,-1], "windData": [1,1,1,1] }
															}
														}
													]
												}
											]
										}
									]
								}
							]
						}
					]
				},
				{
					"name": "StrapFront4",
					"from": [ 2.92, -2.72, -4.1 ],
					"to": [ 3.92, -1.42, 4.3 ],
					"rotationOrigin": [ 2.9241, -2.7183, -4.1 ],
					"rotationZ": -1.0,
					"faces": {
						"north": { "texture": "#saddlerim", "uv": [ 13.5, 0.0, 14.5, 1.0 ] },
						"east": { "texture": "#saddlerim", "uv": [ 1.0, 12.5, 9.0, 13.5 ] },
						"south": { "texture": "#saddlerim", "uv": [ 6.0, 9.0, 7.0, 10.0 ] },
						"west": { "texture": "#saddlerim", "uv": [ 3.5, 10.0, 11.5, 11.0 ] },
						"up": { "texture": "#saddlerim", "uv": [ 8.0, 9.5, 16.0, 10.5 ], "rotation": 90 },
						"down": { "texture": "#saddlerim", "uv": [ 1.5, 12.5, 9.5, 13.5 ], "rotation": 90 }
					}
				},
				{
					"name": "SaddleFrontN34",
					"from": [ 4.4, -2.04, -2.65 ],
					"to": [ 8.4, 1.16, 2.95 ],
					"rotationOrigin": [ 4.3959, -2.0423, -2.55 ],
					"rotationZ": 10.0,
					"faces": {
						"north": { "texture": "#saddleseat", "uv": [ 5.5, 7.0, 9.5, 10.0 ] },
						"east": { "texture": "#saddleseat", "uv": [ 4.0, 1.0, 9.5, 4.0 ] },
						"south": { "texture": "#saddleseat", "uv": [ 9.5, 4.0, 13.5, 7.0 ] },
						"west": { "texture": "#saddleseat", "uv": [ 3.0, 6.5, 8.5, 9.5 ] },
						"up": { "texture": "#saddleseat", "uv": [ 4.5, 5.5, 8.5, 11.0 ] },
						"down": { "texture": "#saddleseat", "uv": [ 0.0, 4.5, 4.0, 10.0 ], "windMode": [-1,-1,-1,-1], "windData": [1,1,1,1] }
					},
					"children": [
						{
							"name": "SaddleFrontN35",
							"from": [ 0.0, 0.0, -1.8 ],
							"to": [ 4.0, 3.2, 0.0 ],
							"rotationOrigin": [ 0.0, 3.2, 0.0 ],
							"rotationX": -19.1,
							"faces": {
								"north": { "texture": "#saddleseat", "uv": [ 5.5, 7.0, 9.5, 10.0 ] },
								"east": { "texture": "#saddleseat", "uv": [ 4.0, 1.0, 5.5, 4.0 ] },
								"south": { "texture": "#saddleseat", "uv": [ 9.5, 4.0, 13.5, 7.0 ] },
								"west": { "texture": "#saddleseat", "uv": [ 3.0, 6.5, 4.5, 9.5 ] },
								"up": { "texture": "#saddleseat", "uv": [ 5.5, 9.0, 9.5, 10.5 ] },
								"down": { "texture": "#saddleseat", "uv": [ 0.0, 4.5, 4.0, 6.0 ], "windMode": [-1,-1,-1,-1], "windData": [1,1,1,1] }
							},
							"children": [
								{
									"name": "SaddleFrontN36",
									"from": [ 0.0, 2.01, 0.01 ],
									"to": [ 4.0, 3.21, 1.81 ],
									"rotationOrigin": [ 0.0, 3.2, -0.1 ],
									"rotationX": 20.0,
									"faces": {
										"north": { "texture": "#saddleseat", "uv": [ 5.5, 7.0, 9.5, 8.0 ] },
										"east": { "texture": "#saddleseat", "uv": [ 4.0, 1.0, 5.5, 2.0 ] },
										"south": { "texture": "#saddleseat", "uv": [ 9.5, 4.0, 13.5, 5.0 ] },
										"west": { "texture": "#saddleseat", "uv": [ 3.0, 6.5, 4.5, 7.5 ] },
										"up": { "texture": "#saddleseat", "uv": [ 2.0, 5.0, 6.0, 6.5 ] },
										"down": { "texture": "#saddleseat", "uv": [ 0.0, 4.5, 4.0, 6.0 ], "windMode": [-1,-1,-1,-1], "windData": [1,1,1,1] }
									},
									"children": [
										{
											"name": "SaddleFrontN37",
											"from": [ 3.0, 0.0, 0.01 ],
											"to": [ 4.0, 1.2, 1.81 ],
											"rotationOrigin": [ 4.0, 0.0, 8.9829 ],
											"rotationZ": 51.0,
											"faces": {
												"north": { "texture": "#saddleseat", "uv": [ 5.5, 7.0, 6.5, 8.0 ] },
												"east": { "texture": "#saddleseat", "uv": [ 4.0, 1.0, 5.5, 2.0 ] },
												"south": { "texture": "#saddleseat", "uv": [ 9.5, 4.0, 10.5, 5.0 ] },
												"west": { "texture": "#saddleseat", "uv": [ 3.0, 6.5, 4.5, 7.5 ] },
												"up": { "texture": "#saddleseat", "uv": [ 2.0, 5.0, 3.0, 6.5 ] },
												"down": { "texture": "#saddleseat", "uv": [ 0.0, 4.5, 1.0, 6.0 ], "windMode": [-1,-1,-1,-1], "windData": [1,1,1,1] }
											},
											"children": [
												{
													"name": "SaddleFrontN38",
													"from": [ -3.0, 0.0, 0.02 ],
													"to": [ 0.0, 1.2, 1.82 ],
													"rotationOrigin": [ 0.0, 0.0, 1.9 ],
													"rotationZ": -50.0,
													"faces": {
														"north": { "texture": "#saddleseat", "uv": [ 5.5, 7.0, 8.5, 8.0 ] },
														"east": { "texture": "#saddleseat", "uv": [ 4.0, 1.0, 5.5, 2.0 ] },
														"south": { "texture": "#saddleseat", "uv": [ 9.5, 4.0, 12.5, 5.0 ] },
														"west": { "texture": "#saddleseat", "uv": [ 3.0, 6.5, 4.5, 7.5 ] },
														"up": { "texture": "#saddleseat", "uv": [ 2.0, 5.0, 5.0, 6.5 ] },
														"down": { "texture": "#saddleseat", "uv": [ 0.0, 4.5, 3.0, 6.0 ], "windMode": [-1,-1,-1,-1], "windData": [1,1,1,1] }
													}
												}
											]
										}
									]
								}
							]
						},
						{
							"name": "SaddleFrontN39",
							"from": [ 0.0, 0.0, 5.6 ],
							"to": [ 4.0, 3.2, 7.4 ],
							"rotationOrigin": [ 0.0, 3.2, 5.6 ],
							"rotationX": 19.5,
							"faces": {
								"north": { "texture": "#saddleseat", "uv": [ 5.5, 7.0, 9.5, 10.0 ] },
								"east": { "texture": "#saddleseat", "uv": [ 4.0, 1.0, 5.5, 4.0 ] },
								"south": { "texture": "#saddleseat", "uv": [ 9.5, 4.0, 13.5, 7.0 ] },
								"west": { "texture": "#saddleseat", "uv": [ 3.0, 6.5, 4.5, 9.5 ] },
								"up": { "texture": "#saddleseat", "uv": [ 4.0, 7.5, 8.0, 9.0 ] },
								"down": { "texture": "#saddleseat", "uv": [ 0.0, 4.5, 4.0, 6.0 ], "windMode": [-1,-1,-1,-1], "windData": [1,1,1,1] }
							},
							"children": [
								{
									"name": "SaddleFrontN40",
									"from": [ 0.0, 2.0, 0.0 ],
									"to": [ 4.0, 3.2, 1.8 ],
									"rotationOrigin": [ 0.0, 3.2, 1.8 ],
									"rotationX": -20.0,
									"faces": {
										"north": { "texture": "#saddleseat", "uv": [ 5.5, 7.0, 9.5, 8.0 ] },
										"east": { "texture": "#saddleseat", "uv": [ 4.0, 1.0, 5.5, 2.0 ] },
										"south": { "texture": "#saddleseat", "uv": [ 8.0, 4.0, 12.0, 5.0 ] },
										"west": { "texture": "#saddleseat", "uv": [ 3.0, 6.5, 4.5, 7.5 ] },
										"up": { "texture": "#saddleseat", "uv": [ 2.0, 5.0, 6.0, 6.5 ] },
										"down": { "texture": "#saddleseat", "uv": [ 0.0, 4.5, 4.0, 6.0 ], "windMode": [-1,-1,-1,-1], "windData": [1,1,1,1] }
									},
									"children": [
										{
											"name": "SaddleFrontN41",
											"from": [ 3.0, 0.0, -0.01 ],
											"to": [ 4.0, 1.2, 1.79 ],
											"rotationOrigin": [ 4.0, 0.0, 1.7 ],
											"rotationZ": 51.0,
											"faces": {
												"north": { "texture": "#saddleseat", "uv": [ 5.5, 7.0, 6.5, 8.0 ] },
												"east": { "texture": "#saddleseat", "uv": [ 4.0, 1.0, 5.5, 2.0 ] },
												"south": { "texture": "#saddleseat", "uv": [ 9.5, 4.0, 10.5, 5.0 ] },
												"west": { "texture": "#saddleseat", "uv": [ 3.0, 6.5, 4.5, 7.5 ] },
												"up": { "texture": "#saddleseat", "uv": [ 2.0, 5.0, 3.0, 6.5 ] },
												"down": { "texture": "#saddleseat", "uv": [ 0.0, 4.5, 1.0, 6.0 ], "windMode": [-1,-1,-1,-1], "windData": [1,1,1,1] }
											},
											"children": [
												{
													"name": "SaddleFrontN42",
													"from": [ -3.0, 0.0, 0.02 ],
													"to": [ 0.0, 1.2, 1.82 ],
													"rotationOrigin": [ 0.0, 0.0, 1.9 ],
													"rotationZ": -50.0,
													"faces": {
														"north": { "texture": "#saddleseat", "uv": [ 5.5, 7.0, 8.5, 8.0 ] },
														"east": { "texture": "#saddleseat", "uv": [ 4.0, 1.0, 5.5, 2.0 ] },
														"south": { "texture": "#saddleseat", "uv": [ 9.5, 4.0, 12.5, 5.0 ] },
														"west": { "texture": "#saddleseat", "uv": [ 3.0, 6.5, 4.5, 7.5 ] },
														"up": { "texture": "#saddleseat", "uv": [ 2.0, 5.0, 5.0, 6.5 ] },
														"down": { "texture": "#saddleseat", "uv": [ 0.0, 4.5, 3.0, 6.0 ], "windMode": [-1,-1,-1,-1], "windData": [1,1,1,1] }
													}
												}
											]
										}
									]
								}
							]
						}
					]
				},
				{
					"name": "SaddleFrontN77",
					"from": [ -2.6, -0.54, -2.65 ],
					"to": [ 1.4, 2.66, 2.95 ],
					"rotationOrigin": [ -2.6041, -0.5423, -2.55 ],
					"rotationZ": -20.0,
					"faces": {
						"north": { "texture": "#saddleseat", "uv": [ 5.5, 7.0, 9.5, 10.0 ] },
						"east": { "texture": "#saddleseat", "uv": [ 4.0, 1.0, 9.5, 4.0 ] },
						"south": { "texture": "#saddleseat", "uv": [ 9.5, 4.0, 13.5, 7.0 ] },
						"west": { "texture": "#saddleseat", "uv": [ 3.0, 6.5, 8.5, 9.5 ] },
						"up": { "texture": "#saddleseat", "uv": [ 4.5, 3.5, 8.5, 9.0 ] },
						"down": { "texture": "#saddleseat", "uv": [ 0.0, 4.5, 4.0, 10.0 ], "windMode": [-1,-1,-1,-1], "windData": [1,1,1,1] }
					},
					"children": [
						{
							"name": "SaddleFrontN78",
							"from": [ 0.0, 0.0, -1.8 ],
							"to": [ 4.0, 3.2, 0.0 ],
							"rotationOrigin": [ 0.0, 3.2, 0.0 ],
							"rotationX": -20.0,
							"faces": {
								"north": { "texture": "#saddleseat", "uv": [ 5.5, 7.0, 9.5, 10.0 ] },
								"east": { "texture": "#saddleseat", "uv": [ 4.0, 1.0, 5.5, 4.0 ] },
								"south": { "texture": "#saddleseat", "uv": [ 9.5, 4.0, 13.5, 7.0 ] },
								"west": { "texture": "#saddleseat", "uv": [ 3.5, 6.5, 5.0, 9.5 ] },
								"up": { "texture": "#saddleseat", "uv": [ 4.5, 6.5, 8.5, 8.0 ] },
								"down": { "texture": "#saddleseat", "uv": [ 0.0, 4.5, 4.0, 6.0 ], "windMode": [-1,-1,-1,-1], "windData": [1,1,1,1] }
							},
							"children": [
								{
									"name": "SaddleFrontN79",
									"from": [ 0.0, 2.01, 0.01 ],
									"to": [ 4.0, 3.21, 1.81 ],
									"rotationOrigin": [ 0.0, 3.2, -0.1 ],
									"rotationX": 20.0,
									"faces": {
										"north": { "texture": "#saddleseat", "uv": [ 5.5, 7.0, 9.5, 8.0 ] },
										"east": { "texture": "#saddleseat", "uv": [ 4.0, 1.0, 5.5, 2.0 ] },
										"south": { "texture": "#saddleseat", "uv": [ 9.5, 4.0, 13.5, 5.0 ] },
										"west": { "texture": "#saddleseat", "uv": [ 3.0, 6.5, 4.5, 7.5 ] },
										"up": { "texture": "#saddleseat", "uv": [ 2.0, 5.0, 6.0, 6.5 ] },
										"down": { "texture": "#saddleseat", "uv": [ 0.0, 4.5, 4.0, 6.0 ], "windMode": [-1,-1,-1,-1], "windData": [1,1,1,1] }
									},
									"children": [
										{
											"name": "SaddleFrontN80",
											"from": [ 3.0, 0.0, 0.01 ],
											"to": [ 4.0, 1.2, 1.81 ],
											"rotationOrigin": [ 4.0, 0.0, 8.9829 ],
											"rotationZ": 51.0,
											"faces": {
												"north": { "texture": "#saddleseat", "uv": [ 5.5, 7.0, 6.5, 8.0 ] },
												"east": { "texture": "#saddleseat", "uv": [ 4.0, 1.0, 5.5, 2.0 ] },
												"south": { "texture": "#saddleseat", "uv": [ 9.5, 4.0, 10.5, 5.0 ] },
												"west": { "texture": "#saddleseat", "uv": [ 3.0, 6.5, 4.5, 7.5 ] },
												"up": { "texture": "#saddleseat", "uv": [ 2.0, 5.0, 3.0, 6.5 ] },
												"down": { "texture": "#saddleseat", "uv": [ 0.0, 4.5, 1.0, 6.0 ], "windMode": [-1,-1,-1,-1], "windData": [1,1,1,1] }
											},
											"children": [
												{
													"name": "SaddleFrontN81",
													"from": [ -3.0, 0.0, 0.02 ],
													"to": [ 0.0, 1.2, 1.82 ],
													"rotationOrigin": [ 0.0, 0.0, 1.9 ],
													"rotationZ": -50.0,
													"faces": {
														"north": { "texture": "#saddleseat", "uv": [ 5.5, 7.0, 8.5, 8.0 ] },
														"east": { "texture": "#saddleseat", "uv": [ 4.0, 1.0, 5.5, 2.0 ] },
														"south": { "texture": "#saddleseat", "uv": [ 9.5, 4.0, 12.5, 5.0 ] },
														"west": { "texture": "#saddleseat", "uv": [ 3.0, 6.5, 4.5, 7.5 ] },
														"up": { "texture": "#saddleseat", "uv": [ 2.0, 5.0, 5.0, 6.5 ] },
														"down": { "texture": "#saddleseat", "uv": [ 0.0, 4.5, 3.0, 6.0 ], "windMode": [-1,-1,-1,-1], "windData": [1,1,1,1] }
													},
													"children": [
														{
															"name": "SaddleFrontN87",
															"from": [ 1.0, -1.0, 0.0 ],
															"to": [ 3.0, 0.0, 1.8 ],
															"rotationOrigin": [ 3.0, -1.0, 1.88 ],
															"faces": {
																"north": { "texture": "#saddleseat", "uv": [ 5.5, 7.0, 7.5, 8.0 ] },
																"east": { "texture": "#saddleseat", "uv": [ 4.0, 1.0, 5.5, 2.0 ] },
																"south": { "texture": "#saddleseat", "uv": [ 9.5, 4.0, 11.5, 5.0 ] },
																"west": { "texture": "#saddleseat", "uv": [ 3.0, 6.5, 4.5, 7.5 ] },
																"up": { "texture": "#saddleseat", "uv": [ 2.0, 5.0, 4.0, 6.5 ] },
																"down": { "texture": "#saddleseat", "uv": [ 0.0, 4.5, 2.0, 6.0 ], "windMode": [-1,-1,-1,-1], "windData": [1,1,1,1] }
															}
														}
													]
												}
											]
										}
									]
								}
							]
						},
						{
							"name": "SaddleFrontN82",
							"from": [ 0.0, 0.0, 5.6 ],
							"to": [ 4.0, 3.2, 7.4 ],
							"rotationOrigin": [ 0.0, 3.2, 5.6 ],
							"rotationX": 20.0,
							"faces": {
								"north": { "texture": "#saddleseat", "uv": [ 5.5, 7.0, 9.5, 10.0 ] },
								"east": { "texture": "#saddleseat", "uv": [ 4.0, 1.0, 5.5, 4.0 ] },
								"south": { "texture": "#saddleseat", "uv": [ 9.5, 4.0, 13.5, 7.0 ] },
								"west": { "texture": "#saddleseat", "uv": [ 3.0, 6.5, 4.5, 9.5 ] },
								"up": { "texture": "#saddleseat", "uv": [ 3.5, 6.0, 7.5, 7.5 ] },
								"down": { "texture": "#saddleseat", "uv": [ 0.0, 4.5, 4.0, 6.0 ], "windMode": [-1,-1,-1,-1], "windData": [1,1,1,1] }
							},
							"children": [
								{
									"name": "SaddleFrontN83",
									"from": [ 0.0, 2.0, 0.0 ],
									"to": [ 4.0, 3.2, 1.8 ],
									"rotationOrigin": [ 0.0, 3.2, 1.8 ],
									"rotationX": -20.0,
									"faces": {
										"north": { "texture": "#saddleseat", "uv": [ 5.5, 7.0, 9.5, 8.0 ] },
										"east": { "texture": "#saddleseat", "uv": [ 4.0, 1.0, 5.5, 2.0 ] },
										"south": { "texture": "#saddleseat", "uv": [ 6.0, 6.5, 10.0, 7.5 ] },
										"west": { "texture": "#saddleseat", "uv": [ 5.0, 7.0, 6.5, 8.0 ] },
										"up": { "texture": "#saddleseat", "uv": [ 4.0, 5.0, 8.0, 6.5 ] },
										"down": { "texture": "#saddleseat", "uv": [ 2.0, 5.5, 6.0, 7.0 ], "windMode": [-1,-1,-1,-1], "windData": [1,1,1,1] }
									},
									"children": [
										{
											"name": "SaddleFrontN84",
											"from": [ 3.0, 0.0, -0.01 ],
											"to": [ 4.0, 1.2, 1.79 ],
											"rotationOrigin": [ 4.0, 0.0, 1.7 ],
											"rotationZ": 51.0,
											"faces": {
												"north": { "texture": "#saddleseat", "uv": [ 5.5, 7.0, 6.5, 8.0 ] },
												"east": { "texture": "#saddleseat", "uv": [ 4.0, 1.0, 5.5, 2.0 ] },
												"south": { "texture": "#saddleseat", "uv": [ 9.5, 4.0, 10.5, 5.0 ] },
												"west": { "texture": "#saddleseat", "uv": [ 3.0, 6.5, 4.5, 7.5 ] },
												"up": { "texture": "#saddleseat", "uv": [ 2.0, 5.0, 3.0, 6.5 ] },
												"down": { "texture": "#saddleseat", "uv": [ 0.0, 4.5, 1.0, 6.0 ], "windMode": [-1,-1,-1,-1], "windData": [1,1,1,1] }
											},
											"children": [
												{
													"name": "SaddleFrontN85",
													"from": [ -3.0, 0.0, 0.02 ],
													"to": [ 0.0, 1.2, 1.82 ],
													"rotationOrigin": [ 0.0, 0.0, 1.9 ],
													"rotationZ": -50.0,
													"faces": {
														"north": { "texture": "#saddleseat", "uv": [ 5.5, 7.0, 8.5, 8.0 ] },
														"east": { "texture": "#saddleseat", "uv": [ 4.0, 1.0, 5.5, 2.0 ] },
														"south": { "texture": "#saddleseat", "uv": [ 9.5, 4.0, 12.5, 5.0 ] },
														"west": { "texture": "#saddleseat", "uv": [ 3.0, 6.5, 4.5, 7.5 ] },
														"up": { "texture": "#saddleseat", "uv": [ 2.0, 5.0, 5.0, 6.5 ] },
														"down": { "texture": "#saddleseat", "uv": [ 0.0, 4.5, 3.0, 6.0 ], "windMode": [-1,-1,-1,-1], "windData": [1,1,1,1] }
													},
													"children": [
														{
															"name": "SaddleFrontN86",
															"from": [ 1.0, -1.0, 0.0 ],
															"to": [ 3.0, 0.0, 1.8 ],
															"rotationOrigin": [ 3.0, -1.0, 1.88 ],
															"faces": {
																"north": { "texture": "#saddleseat", "uv": [ 5.5, 7.0, 7.5, 8.0 ] },
																"east": { "texture": "#saddleseat", "uv": [ 4.0, 1.0, 5.5, 2.0 ] },
																"south": { "texture": "#saddleseat", "uv": [ 9.5, 4.0, 11.5, 5.0 ] },
																"west": { "texture": "#saddleseat", "uv": [ 3.0, 6.5, 4.5, 7.5 ] },
																"up": { "texture": "#saddleseat", "uv": [ 2.0, 5.0, 4.0, 6.5 ] },
																"down": { "texture": "#saddleseat", "uv": [ 0.0, 4.5, 2.0, 6.0 ], "windMode": [-1,-1,-1,-1], "windData": [1,1,1,1] }
															}
														}
													]
												}
											]
										}
									]
								}
							]
						}
					]
				},
				{
					"name": "StrapFront5",
					"from": [ -1.08, -2.62, -4.1 ],
					"to": [ -0.08, -1.32, 4.3 ],
					"rotationOrigin": [ -1.0759, -2.6183, -4.1 ],
					"rotationZ": -1.0,
					"faces": {
						"north": { "texture": "#saddlerim", "uv": [ 13.5, 0.0, 14.5, 1.0 ] },
						"east": { "texture": "#saddlerim", "uv": [ 1.0, 12.5, 9.0, 13.5 ] },
						"south": { "texture": "#saddlerim", "uv": [ 6.0, 9.0, 7.0, 10.0 ] },
						"west": { "texture": "#saddlerim", "uv": [ 3.5, 10.0, 11.5, 11.0 ] },
						"up": { "texture": "#saddlerim", "uv": [ 8.0, 9.5, 16.0, 10.5 ], "rotation": 90 },
						"down": { "texture": "#saddlerim", "uv": [ 1.5, 12.5, 9.5, 13.5 ], "rotation": 90 }
					}
				},
				{
					"name": "StrapFront6",
					"from": [ 5.92, -2.72, -4.1 ],
					"to": [ 6.92, -1.42, 4.3 ],
					"rotationOrigin": [ 5.9241, -2.7183, -4.1 ],
					"rotationZ": -1.0,
					"faces": {
						"north": { "texture": "#saddlerim", "uv": [ 13.5, 0.0, 14.5, 1.0 ] },
						"east": { "texture": "#saddlerim", "uv": [ 1.0, 12.5, 9.0, 13.5 ] },
						"south": { "texture": "#saddlerim", "uv": [ 6.0, 9.0, 7.0, 10.0 ] },
						"west": { "texture": "#saddlerim", "uv": [ 3.5, 10.0, 11.5, 11.0 ] },
						"up": { "texture": "#saddlerim", "uv": [ 8.0, 9.5, 16.0, 10.5 ], "rotation": 90 },
						"down": { "texture": "#saddlerim", "uv": [ 1.5, 12.5, 9.5, 13.5 ], "rotation": 90 }
					}
				}
			]
		}
	]}