{
	"editor": {
		"backDropShape": "D:/VSModding/REPOS/vsWorkbench/Entitybackdrops/ferus-adult",
		"collapsedPaths": "Root/ORIGIN/SaddleSeat,Root/ORIGIN/SaddleFrontN2/SaddleFrontN8,Root/ORIGIN/SaddleFrontWall,Root/ORIGIN/SaddleFrontN2/SaddleFrontN5,Root/ORIGIN/Saddle/SaddleFrontN/StrapFront,Root/ORIGIN/SaddleBack1,Root/ORIGIN/SaddleFrontN8,Root/SaddleFrontN,Root/ORIGIN/SaddleFrontN2/SaddleFrontN43",
		"allAngles": true,
		"entityTextureMode": false
	},
	"textureWidth": 16,
	"textureHeight": 16,
	"textureSizes": {
		"saddleseat": [16,16],
		"rope7": [32,32],
		"rope": [16,16],
		"saddlerope": [32,32],
		"saddlewood": [16,16],
		"saddlerim": [16,16],
		"black": [16,16],
		"aged1": [16,16]
	},
	"textures": {	
	"saddleseat": "game:block/cloth/fur/orange",
		"saddlewood":"game:block/wood/planks/generic" ,
		"saddlerope": "game:entity/lore/erel/pristine/rope",
			"saddlerim": "game:block/leather/poor"
	},
	"elements": [
		{
			"name": "ORIGIN",
			"stepParentName": "MidStorage",
			"from": [ 2.05, 1.66, 4.37 ],
			"to": [ 3.1, 2.71, 5.42 ],
			"rotationOrigin": [ 2.05, 1.665, 4.32 ],
			"faces": {
			},
			"children": [
				{
					"name": "Saddle",
					"from": [ 0.0, 0.31, 0.126 ],
					"to": [ 0.0, 0.31, 0.126 ],
					"rotationOrigin": [ 0.0, 0.31, 0.1265 ],
					"faces": {
						"north": { "texture": "#saddleseat", "uv": [ 0.0, 0.0, 0.5, 0.5 ], "autoUv": false },
						"east": { "texture": "#saddleseat", "uv": [ 0.0, 0.0, 0.5, 0.5 ], "autoUv": false },
						"south": { "texture": "#saddleseat", "uv": [ 0.0, 0.0, 0.5, 0.5 ], "autoUv": false },
						"west": { "texture": "#saddleseat", "uv": [ 0.0, 0.0, 0.5, 0.5 ], "autoUv": false },
						"up": { "texture": "#saddleseat", "uv": [ 0.0, 0.0, 0.5, 0.5 ], "autoUv": false },
						"down": { "texture": "#saddleseat", "uv": [ 0.0, 0.0, 0.5, 0.5 ], "autoUv": false }
					},
					"children": [
						{
							"name": "SaddleFrontN23",
							"from": [ 4.3819, -2.9877, 4.676 ],
							"to": [ 5.771, 0.7167, 5.0232 ],
							"rotationOrigin": [ 4.486, 0.7167, 5.8336 ],
							"rotationX": -35.8505,
							"rotationY": 3.5225,
							"rotationZ": -94.8602,
							"faces": {
								"north": { "texture": "#saddleseat", "uv": [ 5.5, 7.0, 6.5, 10.0 ], "autoUv": false },
								"east": { "texture": "#saddleseat", "uv": [ 4.0, 1.0, 4.5, 4.0 ], "autoUv": false },
								"south": { "texture": "#saddleseat", "uv": [ 9.5, 4.0, 10.5, 7.0 ], "autoUv": false },
								"west": { "texture": "#saddleseat", "uv": [ 3.0, 6.5, 3.5, 9.5 ], "autoUv": false },
								"up": { "texture": "#saddleseat", "uv": [ 2.0, 5.0, 3.0, 5.5 ], "autoUv": false },
								"down": { "texture": "#saddleseat", "uv": [ 0.0, 4.5, 1.0, 5.0 ], "autoUv": false, "windMode": [-1,-1,-1,-1], "windData": [1,1,1,1] }
							},
							"children": [
								{
									"name": "SaddleFrontN60",
									"from": [ 1.3891, 0.0, 0.0 ],
									"to": [ 3.9359, 3.7044, 0.3472 ],
									"rotationOrigin": [ 1.3891, 0.0, 0.3472 ],
									"rotationY": 35.0,
									"faces": {
										"north": { "texture": "#saddleseat", "uv": [ 5.5, 7.0, 7.5, 10.0 ], "autoUv": false },
										"east": { "texture": "#saddleseat", "uv": [ 4.0, 1.0, 4.5, 4.0 ], "autoUv": false },
										"south": { "texture": "#saddleseat", "uv": [ 9.5, 4.0, 11.5, 7.0 ], "autoUv": false },
										"west": { "texture": "#saddleseat", "uv": [ 3.0, 6.5, 3.5, 9.5 ], "autoUv": false },
										"up": { "texture": "#saddleseat", "uv": [ 2.0, 5.0, 4.0, 5.5 ], "autoUv": false },
										"down": { "texture": "#saddleseat", "uv": [ 0.0, 4.5, 2.0, 5.0 ], "autoUv": false, "windMode": [-1,-1,-1,-1], "windData": [1,1,1,1] }
									}
								}
							]
						},
						{
							"name": "SaddleFrontN71",
							"from": [ 0.6762, -2.8055, -7.1301 ],
							"to": [ 2.0653, 0.8989, -6.7828 ],
							"rotationOrigin": [ 0.7804, 0.8989, -5.9725 ],
							"rotationX": -146.1457,
							"rotationY": 3.3509,
							"rotationZ": 94.9799,
							"faces": {
								"north": { "texture": "#saddleseat", "uv": [ 5.5, 7.0, 6.5, 10.0 ], "autoUv": false },
								"east": { "texture": "#saddleseat", "uv": [ 4.0, 1.0, 4.5, 4.0 ], "autoUv": false },
								"south": { "texture": "#saddleseat", "uv": [ 9.5, 4.0, 10.5, 7.0 ], "autoUv": false },
								"west": { "texture": "#saddleseat", "uv": [ 3.0, 6.5, 3.5, 9.5 ], "autoUv": false },
								"up": { "texture": "#saddleseat", "uv": [ 2.0, 5.0, 3.0, 5.5 ], "autoUv": false },
								"down": { "texture": "#saddleseat", "uv": [ 0.0, 4.5, 1.0, 5.0 ], "autoUv": false, "windMode": [-1,-1,-1,-1], "windData": [1,1,1,1] }
							},
							"children": [
								{
									"name": "SaddleFrontN72",
									"from": [ 1.3891, 0.0, 0.0 ],
									"to": [ 3.9359, 3.7044, 0.3472 ],
									"rotationOrigin": [ 1.3891, 0.0, 0.3472 ],
									"rotationY": 35.0,
									"faces": {
										"north": { "texture": "#saddleseat", "uv": [ 5.5, 7.0, 7.5, 10.0 ], "autoUv": false },
										"east": { "texture": "#saddleseat", "uv": [ 4.0, 1.0, 4.5, 4.0 ], "autoUv": false },
										"south": { "texture": "#saddleseat", "uv": [ 9.5, 4.0, 11.5, 7.0 ], "autoUv": false },
										"west": { "texture": "#saddleseat", "uv": [ 3.0, 6.5, 3.5, 9.5 ], "autoUv": false },
										"up": { "texture": "#saddleseat", "uv": [ 2.0, 5.0, 4.0, 5.5 ], "autoUv": false },
										"down": { "texture": "#saddleseat", "uv": [ 0.0, 4.5, 2.0, 5.0 ], "autoUv": false, "windMode": [-1,-1,-1,-1], "windData": [1,1,1,1] }
									}
								}
							]
						},
						{
							"name": "SaddleFrontN2",
							"from": [ 1.3844, -2.13, -3.2992 ],
							"to": [ 6.0149, 1.5744, 3.1835 ],
							"rotationOrigin": [ 1.3844, -2.1327, -3.1835 ],
							"rotationZ": -4.0,
							"faces": {
								"up": { "texture": "#saddleseat", "uv": [ 6.0, 4.5, 10.0, 10.0 ], "autoUv": false }
							},
							"children": [
								{
									"name": "SaddleFrontN4",
									"from": [ 0.0, 0.0, -2.0837 ],
									"to": [ 3.4729, 3.7044, 0.0 ],
									"rotationOrigin": [ 0.0, 3.7044, 0.0 ],
									"rotationX": -20.4,
									"faces": {
										"north": { "texture": "#saddleseat", "uv": [ 5.5, 7.0, 8.5, 10.0 ], "autoUv": false },
										"east": { "texture": "#saddleseat", "uv": [ 4.0, 1.0, 5.5, 4.0 ], "autoUv": false },
										"south": { "texture": "#saddleseat", "uv": [ 9.5, 4.0, 12.5, 7.0 ], "autoUv": false },
										"west": { "texture": "#saddleseat", "uv": [ 3.0, 6.5, 4.5, 9.5 ], "autoUv": false },
										"up": { "texture": "#saddleseat", "uv": [ 3.5, 10.5, 6.5, 12.0 ], "autoUv": false },
										"down": { "texture": "#saddleseat", "uv": [ 0.0, 4.5, 3.0, 6.0 ], "autoUv": false, "windMode": [-1,-1,-1,-1], "windData": [1,1,1,1] }
									},
									"children": [
										{
											"name": "SaddleFrontN6",
											"from": [ 0.0, 2.3152, 0.001 ],
											"to": [ 3.4729, 3.7044, 2.0848 ],
											"rotationOrigin": [ 0.0, 3.7044, 0.0 ],
											"rotationX": 20.0,
											"faces": {
												"north": { "texture": "#saddleseat", "uv": [ 5.5, 7.0, 8.5, 8.0 ], "autoUv": false },
												"east": { "texture": "#saddleseat", "uv": [ 4.0, 1.0, 5.5, 2.0 ], "autoUv": false },
												"south": { "texture": "#saddleseat", "uv": [ 9.5, 4.0, 12.5, 5.0 ], "autoUv": false },
												"west": { "texture": "#saddleseat", "uv": [ 3.0, 6.5, 4.5, 7.5 ], "autoUv": false },
												"up": { "texture": "#saddleseat", "uv": [ 2.0, 5.0, 5.0, 6.5 ], "autoUv": false },
												"down": { "texture": "#saddleseat", "uv": [ 0.0, 4.5, 3.0, 6.0 ], "autoUv": false, "windMode": [-1,-1,-1,-1], "windData": [1,1,1,1] }
											},
											"children": [
												{
													"name": "SaddleFrontN30",
													"from": [ 3.4729, 0.0, 0.0115 ],
													"to": [ 4.6305, 1.3891, 2.0953 ],
													"rotationOrigin": [ 4.6305, 0.0, 10.3988 ],
													"rotationZ": 51.0,
													"faces": {
														"north": { "texture": "#saddleseat", "uv": [ 5.5, 7.0, 6.5, 8.0 ], "autoUv": false },
														"east": { "texture": "#saddleseat", "uv": [ 4.0, 1.0, 5.5, 2.0 ], "autoUv": false },
														"south": { "texture": "#saddleseat", "uv": [ 9.5, 4.0, 10.5, 5.0 ], "autoUv": false },
														"west": { "texture": "#saddleseat", "uv": [ 3.0, 6.5, 4.5, 7.5 ], "autoUv": false },
														"up": { "texture": "#saddleseat", "uv": [ 2.0, 5.0, 3.0, 6.5 ], "autoUv": false },
														"down": { "texture": "#saddleseat", "uv": [ 0.0, 4.5, 1.0, 6.0 ], "autoUv": false, "windMode": [-1,-1,-1,-1], "windData": [1,1,1,1] }
													},
													"children": [
														{
															"name": "SaddleFrontN31",
															"from": [ -5.7881, 0.0, 0.0231 ],
															"to": [ 0.0, 1.3891, 2.1068 ],
															"rotationOrigin": [ 0.0, 0.0, 2.1994 ],
															"rotationZ": -50.0,
															"faces": {
																"north": { "texture": "#saddleseat", "uv": [ 5.5, 7.0, 10.5, 8.0 ], "autoUv": false },
																"east": { "texture": "#saddleseat", "uv": [ 4.0, 1.0, 5.5, 2.0 ], "autoUv": false },
																"south": { "texture": "#saddleseat", "uv": [ 9.5, 4.0, 14.5, 5.0 ], "autoUv": false },
																"west": { "texture": "#saddleseat", "uv": [ 3.0, 6.5, 4.5, 7.5 ], "autoUv": false },
																"up": { "texture": "#saddleseat", "uv": [ 2.0, 5.0, 7.0, 6.5 ], "autoUv": false },
																"down": { "texture": "#saddleseat", "uv": [ 0.0, 4.5, 5.0, 6.0 ], "autoUv": false, "windMode": [-1,-1,-1,-1], "windData": [1,1,1,1] }
															}
														}
													]
												}
											]
										}
									]
								},
								{
									"name": "SaddleFrontN5",
									"from": [ 0.0, 0.0, 6.4827 ],
									"to": [ 4.6305, 3.7044, 8.5664 ],
									"rotationOrigin": [ 0.0, 3.7044, 6.4827 ],
									"rotationX": 20.0,
									"faces": {
										"north": { "texture": "#saddleseat", "uv": [ 5.5, 7.0, 9.5, 10.0 ], "autoUv": false },
										"east": { "texture": "#saddleseat", "uv": [ 4.0, 1.0, 5.5, 4.0 ], "autoUv": false },
										"south": { "texture": "#saddleseat", "uv": [ 9.5, 4.0, 13.5, 7.0 ], "autoUv": false },
										"west": { "texture": "#saddleseat", "uv": [ 3.0, 6.5, 4.5, 9.5 ], "autoUv": false },
										"up": { "texture": "#saddleseat", "uv": [ 3.5, 9.0, 7.5, 10.5 ], "autoUv": false },
										"down": { "texture": "#saddleseat", "uv": [ 0.0, 4.5, 4.0, 6.0 ], "autoUv": false, "windMode": [-1,-1,-1,-1], "windData": [1,1,1,1] }
									},
									"children": [
										{
											"name": "SaddleFrontN7",
											"from": [ 0.0, 2.3152, -0.001 ],
											"to": [ 5.7881, 3.7044, 2.0825 ],
											"rotationOrigin": [ 0.0, 3.7044, 1.9679 ],
											"rotationX": -20.0,
											"faces": {
												"north": { "texture": "#saddleseat", "uv": [ 5.5, 7.0, 10.5, 8.0 ], "autoUv": false },
												"east": { "texture": "#saddleseat", "uv": [ 4.0, 1.0, 5.5, 2.0 ], "autoUv": false },
												"south": { "texture": "#saddleseat", "uv": [ 5.5, 4.5, 10.5, 5.5 ], "autoUv": false },
												"west": { "texture": "#saddleseat", "uv": [ 3.0, 6.5, 4.5, 7.5 ], "autoUv": false },
												"up": { "texture": "#saddleseat", "uv": [ 2.0, 5.0, 7.0, 6.5 ], "autoUv": false },
												"down": { "texture": "#saddleseat", "uv": [ 0.0, 4.5, 5.0, 6.0 ], "autoUv": false, "windMode": [-1,-1,-1,-1], "windData": [1,1,1,1] }
											},
											"children": [
												{
													"name": "SaddleFrontN14",
													"from": [ 3.4729, 0.0, -0.0115 ],
													"to": [ 4.6305, 1.3891, 2.0722 ],
													"rotationOrigin": [ 4.6305, 0.0, 1.9679 ],
													"rotationZ": 51.0,
													"faces": {
														"north": { "texture": "#saddleseat", "uv": [ 5.5, 7.0, 6.5, 8.0 ], "autoUv": false },
														"east": { "texture": "#saddleseat", "uv": [ 4.0, 1.0, 5.5, 2.0 ], "autoUv": false },
														"south": { "texture": "#saddleseat", "uv": [ 9.5, 4.0, 10.5, 5.0 ], "autoUv": false },
														"west": { "texture": "#saddleseat", "uv": [ 3.0, 6.5, 4.5, 7.5 ], "autoUv": false },
														"up": { "texture": "#saddleseat", "uv": [ 2.0, 5.0, 3.0, 6.5 ], "autoUv": false },
														"down": { "texture": "#saddleseat", "uv": [ 0.0, 4.5, 1.0, 6.0 ], "autoUv": false, "windMode": [-1,-1,-1,-1], "windData": [1,1,1,1] }
													},
													"children": [
														{
															"name": "SaddleFrontN28",
															"from": [ -5.7881, 0.0, 0.0231 ],
															"to": [ 0.0, 1.3891, 2.1068 ],
															"rotationOrigin": [ 0.0, 0.0, 2.1994 ],
															"rotationZ": -50.0,
															"faces": {
																"north": { "texture": "#saddleseat", "uv": [ 5.5, 7.0, 10.5, 8.0 ], "autoUv": false },
																"east": { "texture": "#saddleseat", "uv": [ 4.0, 1.0, 5.5, 2.0 ], "autoUv": false },
																"south": { "texture": "#saddleseat", "uv": [ 4.5, 5.5, 9.5, 6.5 ], "autoUv": false },
																"west": { "texture": "#saddleseat", "uv": [ 3.0, 6.5, 4.5, 7.5 ], "autoUv": false },
																"up": { "texture": "#saddleseat", "uv": [ 2.0, 5.0, 7.0, 6.5 ], "autoUv": false },
																"down": { "texture": "#saddleseat", "uv": [ 0.0, 4.5, 5.0, 6.0 ], "autoUv": false, "windMode": [-1,-1,-1,-1], "windData": [1,1,1,1] }
															}
														}
													]
												}
											]
										}
									]
								},
								{
									"name": "SaddleFrontN8",
									"from": [ 5.6029, 3.1372, 0.0 ],
									"to": [ 6.7605, 5.684, 6.4827 ],
									"rotationOrigin": [ 5.6001, 3.1289, 0.1157 ],
									"rotationZ": -9.0,
									"faces": {
										"north": { "texture": "#saddlewood", "uv": [ 5.5, 7.0, 6.5, 9.0 ], "autoUv": false },
										"east": { "texture": "#saddlewood", "uv": [ 4.0, 1.0, 9.5, 3.0 ], "autoUv": false },
										"south": { "texture": "#saddlewood", "uv": [ 9.5, 4.0, 10.5, 6.0 ], "autoUv": false },
										"west": { "texture": "#saddlewood", "uv": [ 3.0, 6.5, 8.5, 8.5 ], "autoUv": false },
										"up": { "texture": "#saddlewood", "uv": [ 2.0, 5.0, 3.0, 10.5 ], "autoUv": false },
										"down": { "texture": "#saddlewood", "uv": [ 0.0, 4.5, 1.0, 10.0 ], "autoUv": false, "windMode": [-1,-1,-1,-1], "windData": [1,1,1,1] }
									},
									"children": [
										{
											"name": "SaddleFrontN9",
											"from": [ 0.0, 0.0, -2.0837 ],
											"to": [ 1.1576, 2.5468, 0.0 ],
											"rotationOrigin": [ 0.0, 2.5468, 0.0 ],
											"rotationX": -16.0,
											"faces": {
												"north": { "texture": "#saddlewood", "uv": [ 5.5, 7.0, 6.5, 9.0 ], "autoUv": false },
												"east": { "texture": "#saddlewood", "uv": [ 4.0, 1.0, 5.5, 3.0 ], "autoUv": false },
												"south": { "texture": "#saddlewood", "uv": [ 9.5, 4.0, 10.5, 6.0 ], "autoUv": false },
												"west": { "texture": "#saddlewood", "uv": [ 3.0, 6.5, 4.5, 8.5 ], "autoUv": false },
												"up": { "texture": "#saddlewood", "uv": [ 2.0, 5.0, 3.0, 6.5 ], "autoUv": false },
												"down": { "texture": "#saddlewood", "uv": [ 0.0, 4.5, 1.0, 6.0 ], "autoUv": false, "windMode": [-1,-1,-1,-1], "windData": [1,1,1,1] }
											},
											"children": [
												{
													"name": "SaddleFrontN10",
													"from": [ 0.0115, -1.1576, 0.0 ],
													"to": [ 1.1692, 2.5468, 1.1576 ],
													"rotationOrigin": [ 0.1157, 2.5468, 0.0 ],
													"rotationX": 16.0,
													"faces": {
														"north": { "texture": "#saddlewood", "uv": [ 5.5, 7.0, 6.5, 10.0 ], "autoUv": false },
														"east": { "texture": "#saddlewood", "uv": [ 4.0, 1.0, 5.0, 4.0 ], "autoUv": false },
														"south": { "texture": "#saddlewood", "uv": [ 9.5, 4.0, 10.5, 7.0 ], "autoUv": false },
														"west": { "texture": "#saddlewood", "uv": [ 3.0, 6.5, 4.0, 9.5 ], "autoUv": false },
														"up": { "texture": "#saddlewood", "uv": [ 2.0, 5.0, 3.0, 6.0 ], "autoUv": false },
														"down": { "texture": "#saddlewood", "uv": [ 0.0, 4.5, 1.0, 5.5 ], "autoUv": false, "windMode": [-1,-1,-1,-1], "windData": [1,1,1,1] }
													}
												}
											]
										},
										{
											"name": "SaddleFrontN11",
											"from": [ -0.0115, 0.0, 6.4827 ],
											"to": [ 1.1461, 2.5468, 8.5664 ],
											"rotationOrigin": [ -0.1157, 2.5468, 6.4827 ],
											"rotationX": 11.0,
											"faces": {
												"north": { "texture": "#saddlewood", "uv": [ 5.5, 7.0, 6.5, 9.0 ], "autoUv": false },
												"east": { "texture": "#saddlewood", "uv": [ 4.0, 1.0, 5.5, 3.0 ], "autoUv": false },
												"south": { "texture": "#saddlewood", "uv": [ 9.5, 4.0, 10.5, 6.0 ], "autoUv": false },
												"west": { "texture": "#saddlewood", "uv": [ 3.0, 6.5, 4.5, 8.5 ], "autoUv": false },
												"up": { "texture": "#saddlewood", "uv": [ 2.0, 5.0, 3.0, 6.5 ], "autoUv": false },
												"down": { "texture": "#saddlewood", "uv": [ 0.0, 4.5, 1.0, 6.0 ], "autoUv": false, "windMode": [-1,-1,-1,-1], "windData": [1,1,1,1] }
											},
											"children": [
												{
													"name": "SaddleFrontN12",
													"from": [ 0.0115, -1.1576, 0.9261 ],
													"to": [ 1.1692, 2.5468, 2.0837 ],
													"rotationOrigin": [ 0.1157, 2.5468, 2.0837 ],
													"rotationX": -14.5,
													"faces": {
														"north": { "texture": "#saddlewood", "uv": [ 5.5, 7.0, 6.5, 10.0 ], "autoUv": false },
														"east": { "texture": "#saddlewood", "uv": [ 4.0, 1.0, 5.0, 4.0 ], "autoUv": false },
														"south": { "texture": "#saddlewood", "uv": [ 9.5, 4.0, 10.5, 7.0 ], "autoUv": false },
														"west": { "texture": "#saddlewood", "uv": [ 3.0, 6.5, 4.0, 9.5 ], "autoUv": false },
														"up": { "texture": "#saddlewood", "uv": [ 2.0, 5.0, 3.0, 6.0 ], "autoUv": false },
														"down": { "texture": "#saddlewood", "uv": [ 0.0, 4.5, 1.0, 5.5 ], "autoUv": false, "windMode": [-1,-1,-1,-1], "windData": [1,1,1,1] }
													}
												}
											]
										},
										{
											"name": "SaddleFrontN48",
											"from": [ 1.1461, -0.5209, -0.1157 ],
											"to": [ 2.3037, 2.0259, 6.5984 ],
											"rotationOrigin": [ 1.1409, -0.5271, 0.0 ],
											"faces": {
												"north": { "texture": "#saddlerim", "uv": [ 5.5, 7.0, 6.5, 9.0 ], "autoUv": false },
												"east": { "texture": "#saddlerim", "uv": [ 4.0, 1.0, 9.5, 3.0 ], "autoUv": false },
												"south": { "texture": "#saddlerim", "uv": [ 9.5, 4.0, 10.5, 6.0 ], "autoUv": false },
												"west": { "texture": "#saddlerim", "uv": [ 3.0, 6.5, 8.5, 8.5 ], "autoUv": false },
												"up": { "texture": "#saddlerim", "uv": [ 2.0, 5.0, 3.0, 10.5 ], "autoUv": false },
												"down": { "texture": "#saddlerim", "uv": [ 0.0, 4.5, 1.0, 10.0 ], "autoUv": false, "windMode": [-1,-1,-1,-1], "windData": [1,1,1,1] }
											},
											"children": [
												{
													"name": "SaddleFrontN49",
													"from": [ 0.0, 0.0, -2.0837 ],
													"to": [ 1.1576, 2.5468, 0.0 ],
													"rotationOrigin": [ 0.0, 2.5468, 0.0 ],
													"rotationX": -15.0,
													"faces": {
														"north": { "texture": "#saddlerim", "uv": [ 5.5, 7.0, 6.5, 9.0 ], "autoUv": false },
														"east": { "texture": "#saddlerim", "uv": [ 4.0, 1.0, 5.5, 3.0 ], "autoUv": false },
														"south": { "texture": "#saddlerim", "uv": [ 9.5, 4.0, 10.5, 6.0 ], "autoUv": false },
														"west": { "texture": "#saddlerim", "uv": [ 3.0, 6.5, 4.5, 8.5 ], "autoUv": false },
														"up": { "texture": "#saddlerim", "uv": [ 2.0, 5.0, 3.0, 6.5 ], "autoUv": false },
														"down": { "texture": "#saddlerim", "uv": [ 0.0, 4.5, 1.0, 6.0 ], "autoUv": false, "windMode": [-1,-1,-1,-1], "windData": [1,1,1,1] }
													},
													"children": [
														{
															"name": "SaddleFrontN50",
															"from": [ 0.0115, -0.9261, 0.0 ],
															"to": [ 1.1692, 2.5468, 1.1576 ],
															"rotationOrigin": [ 0.0, 2.5468, 0.0 ],
															"rotationX": 15.0,
															"faces": {
																"north": { "texture": "#saddlerim", "uv": [ 5.5, 7.0, 6.5, 10.0 ], "autoUv": false },
																"east": { "texture": "#saddlerim", "uv": [ 4.0, 1.0, 5.0, 4.0 ], "autoUv": false },
																"south": { "texture": "#saddlerim", "uv": [ 9.5, 4.0, 10.5, 7.0 ], "autoUv": false },
																"west": { "texture": "#saddlerim", "uv": [ 3.0, 6.5, 4.0, 9.5 ], "autoUv": false },
																"up": { "texture": "#saddlerim", "uv": [ 2.0, 5.0, 3.0, 6.0 ], "autoUv": false },
																"down": { "texture": "#saddlerim", "uv": [ 0.0, 4.5, 1.0, 5.5 ], "autoUv": false, "windMode": [-1,-1,-1,-1], "windData": [1,1,1,1] }
															}
														}
													]
												},
												{
													"name": "SaddleFrontN51",
													"from": [ -0.0115, 0.0, 6.7142 ],
													"to": [ 1.1461, 2.5468, 8.7979 ],
													"rotationOrigin": [ -0.1157, 2.5468, 6.7142 ],
													"rotationX": 13.0,
													"faces": {
														"north": { "texture": "#saddlerim", "uv": [ 5.5, 7.0, 6.5, 9.0 ], "autoUv": false },
														"east": { "texture": "#saddlerim", "uv": [ 4.0, 1.0, 5.5, 3.0 ], "autoUv": false },
														"south": { "texture": "#saddlerim", "uv": [ 9.5, 4.0, 10.5, 6.0 ], "autoUv": false },
														"west": { "texture": "#saddlerim", "uv": [ 3.0, 6.5, 4.5, 8.5 ], "autoUv": false },
														"up": { "texture": "#saddlerim", "uv": [ 2.0, 5.0, 3.0, 6.5 ], "autoUv": false },
														"down": { "texture": "#saddlerim", "uv": [ 0.0, 4.5, 1.0, 6.0 ], "autoUv": false, "windMode": [-1,-1,-1,-1], "windData": [1,1,1,1] }
													},
													"children": [
														{
															"name": "SaddleFrontN52",
															"from": [ 0.0115, -0.9261, 0.9261 ],
															"to": [ 1.1692, 2.5468, 2.0837 ],
															"rotationOrigin": [ 0.1157, 2.5468, 2.0837 ],
															"rotationX": -15.0,
															"faces": {
																"north": { "texture": "#saddlerim", "uv": [ 5.5, 7.0, 6.5, 10.0 ], "autoUv": false },
																"east": { "texture": "#saddlerim", "uv": [ 4.0, 1.0, 5.0, 4.0 ], "autoUv": false },
																"south": { "texture": "#saddlerim", "uv": [ 9.5, 4.0, 10.5, 7.0 ], "autoUv": false },
																"west": { "texture": "#saddlerim", "uv": [ 3.0, 6.5, 4.0, 9.5 ], "autoUv": false },
																"up": { "texture": "#saddlerim", "uv": [ 2.0, 5.0, 3.0, 6.0 ], "autoUv": false },
																"down": { "texture": "#saddlerim", "uv": [ 0.0, 4.5, 1.0, 5.5 ], "autoUv": false, "windMode": [-1,-1,-1,-1], "windData": [1,1,1,1] }
															}
														}
													]
												}
											]
										}
									]
								},
								{
									"name": "SaddleFrontN43",
									"from": [ -3.195, 2.3268, 0.0 ],
									"to": [ -2.0374, 4.8736, 6.4827 ],
									"rotationOrigin": [ -3.1979, 2.3185, 0.1157 ],
									"rotationZ": 25.0,
									"faces": {
										"north": { "texture": "#saddlewood", "uv": [ 5.5, 7.0, 6.5, 9.0 ], "autoUv": false },
										"east": { "texture": "#saddlewood", "uv": [ 4.0, 1.0, 9.5, 3.0 ], "autoUv": false },
										"south": { "texture": "#saddlewood", "uv": [ 9.5, 4.0, 10.5, 6.0 ], "autoUv": false },
										"west": { "texture": "#saddlewood", "uv": [ 3.0, 6.5, 8.5, 8.5 ], "autoUv": false },
										"up": { "texture": "#saddlewood", "uv": [ 2.0, 5.0, 3.0, 10.5 ], "autoUv": false },
										"down": { "texture": "#saddlewood", "uv": [ 0.0, 4.5, 1.0, 10.0 ], "autoUv": false, "windMode": [-1,-1,-1,-1], "windData": [1,1,1,1] }
									},
									"children": [
										{
											"name": "SaddleFrontN44",
											"from": [ 0.0, 0.0, -2.0837 ],
											"to": [ 1.1576, 2.5468, 0.0 ],
											"rotationOrigin": [ 0.0, 2.5468, 0.0 ],
											"rotationX": -11.9,
											"faces": {
												"north": { "texture": "#saddlewood", "uv": [ 5.5, 7.0, 6.5, 9.0 ], "autoUv": false },
												"east": { "texture": "#saddlewood", "uv": [ 4.0, 1.0, 5.5, 3.0 ], "autoUv": false },
												"south": { "texture": "#saddlewood", "uv": [ 9.5, 4.0, 10.5, 6.0 ], "autoUv": false },
												"west": { "texture": "#saddlewood", "uv": [ 3.0, 6.5, 4.5, 8.5 ], "autoUv": false },
												"up": { "texture": "#saddlewood", "uv": [ 2.0, 5.0, 3.0, 6.5 ], "autoUv": false },
												"down": { "texture": "#saddlewood", "uv": [ 0.0, 4.5, 1.0, 6.0 ], "autoUv": false, "windMode": [-1,-1,-1,-1], "windData": [1,1,1,1] }
											},
											"children": [
												{
													"name": "SaddleFrontN45",
													"from": [ 0.0115, -2.3152, 0.0 ],
													"to": [ 1.1692, 2.5468, 1.1576 ],
													"rotationOrigin": [ 0.1157, 2.5468, 0.0 ],
													"rotationX": 15.0,
													"faces": {
														"north": { "texture": "#saddlewood", "uv": [ 5.5, 7.0, 6.5, 11.0 ], "autoUv": false },
														"east": { "texture": "#saddlewood", "uv": [ 4.0, 1.0, 5.0, 5.0 ], "autoUv": false },
														"south": { "texture": "#saddlewood", "uv": [ 9.5, 4.0, 10.5, 8.0 ], "autoUv": false },
														"west": { "texture": "#saddlewood", "uv": [ 3.0, 6.5, 4.0, 10.5 ], "autoUv": false },
														"up": { "texture": "#saddlewood", "uv": [ 2.0, 5.0, 3.0, 6.0 ], "autoUv": false },
														"down": { "texture": "#saddlewood", "uv": [ 0.0, 4.5, 1.0, 5.5 ], "autoUv": false, "windMode": [-1,-1,-1,-1], "windData": [1,1,1,1] }
													}
												}
											]
										},
										{
											"name": "SaddleFrontN46",
											"from": [ -0.0115, 0.0, 6.4827 ],
											"to": [ 1.1461, 2.5468, 8.5664 ],
											"rotationOrigin": [ -0.1157, 2.5468, 6.4827 ],
											"rotationX": 11.0,
											"faces": {
												"north": { "texture": "#saddlewood", "uv": [ 5.5, 7.0, 6.5, 9.0 ], "autoUv": false },
												"east": { "texture": "#saddlewood", "uv": [ 4.0, 1.0, 5.5, 3.0 ], "autoUv": false },
												"south": { "texture": "#saddlewood", "uv": [ 9.5, 4.0, 10.5, 6.0 ], "autoUv": false },
												"west": { "texture": "#saddlewood", "uv": [ 3.0, 6.5, 4.5, 8.5 ], "autoUv": false },
												"up": { "texture": "#saddlewood", "uv": [ 2.0, 5.0, 3.0, 6.5 ], "autoUv": false },
												"down": { "texture": "#saddlewood", "uv": [ 0.0, 4.5, 1.0, 6.0 ], "autoUv": false, "windMode": [-1,-1,-1,-1], "windData": [1,1,1,1] }
											},
											"children": [
												{
													"name": "SaddleFrontN47",
													"from": [ 0.0115, -2.3152, 0.9261 ],
													"to": [ 1.1692, 2.5468, 2.0837 ],
													"rotationOrigin": [ 0.1157, 2.5468, 2.0837 ],
													"rotationX": -15.0,
													"faces": {
														"north": { "texture": "#saddlewood", "uv": [ 5.5, 7.0, 6.5, 11.0 ], "autoUv": false },
														"east": { "texture": "#saddlewood", "uv": [ 4.0, 1.0, 5.0, 5.0 ], "autoUv": false },
														"south": { "texture": "#saddlewood", "uv": [ 9.5, 4.0, 10.5, 8.0 ], "autoUv": false },
														"west": { "texture": "#saddlewood", "uv": [ 3.0, 6.5, 4.0, 10.5 ], "autoUv": false },
														"up": { "texture": "#saddlewood", "uv": [ 2.0, 5.0, 3.0, 6.0 ], "autoUv": false },
														"down": { "texture": "#saddlewood", "uv": [ 0.0, 4.5, 1.0, 5.5 ], "autoUv": false, "windMode": [-1,-1,-1,-1], "windData": [1,1,1,1] }
													}
												}
											]
										},
										{
											"name": "SaddleFrontN53",
											"from": [ -1.0998, -0.1505, 0.0 ],
											"to": [ 0.0579, 2.3963, 6.4827 ],
											"rotationOrigin": [ -1.099, -0.1551, 0.1157 ],
											"faces": {
												"north": { "texture": "#saddlerim", "uv": [ 5.5, 7.0, 6.5, 9.0 ], "autoUv": false },
												"east": { "texture": "#saddlerim", "uv": [ 4.0, 1.0, 9.5, 3.0 ], "autoUv": false },
												"south": { "texture": "#saddlerim", "uv": [ 9.5, 4.0, 10.5, 6.0 ], "autoUv": false },
												"west": { "texture": "#saddlerim", "uv": [ 3.0, 6.5, 8.5, 8.5 ], "autoUv": false },
												"up": { "texture": "#saddlerim", "uv": [ 2.0, 5.0, 3.0, 10.5 ], "autoUv": false },
												"down": { "texture": "#saddlerim", "uv": [ 0.0, 4.5, 1.0, 10.0 ], "autoUv": false, "windMode": [-1,-1,-1,-1], "windData": [1,1,1,1] }
											},
											"children": [
												{
													"name": "SaddleFrontN54",
													"from": [ 0.0, 0.0, -2.0837 ],
													"to": [ 1.1576, 2.5468, 0.0 ],
													"rotationOrigin": [ 0.0, 2.5468, 0.0 ],
													"rotationX": -9.0,
													"faces": {
														"north": { "texture": "#saddlerim", "uv": [ 5.5, 7.0, 6.5, 9.0 ], "autoUv": false },
														"east": { "texture": "#saddlerim", "uv": [ 4.0, 1.0, 5.5, 3.0 ], "autoUv": false },
														"south": { "texture": "#saddlerim", "uv": [ 9.5, 4.0, 10.5, 6.0 ], "autoUv": false },
														"west": { "texture": "#saddlerim", "uv": [ 3.0, 6.5, 4.5, 8.5 ], "autoUv": false },
														"up": { "texture": "#saddlerim", "uv": [ 2.0, 5.0, 3.0, 6.5 ], "autoUv": false },
														"down": { "texture": "#saddlerim", "uv": [ 0.0, 4.5, 1.0, 6.0 ], "autoUv": false, "windMode": [-1,-1,-1,-1], "windData": [1,1,1,1] }
													},
													"children": [
														{
															"name": "SaddleFrontN55",
															"from": [ 0.0115, -2.3152, 0.0 ],
															"to": [ 1.1692, 2.5468, 1.1576 ],
															"rotationOrigin": [ 0.1157, 2.5468, 0.0 ],
															"rotationX": 15.0,
															"faces": {
																"north": { "texture": "#saddlerim", "uv": [ 5.5, 7.0, 6.5, 11.0 ], "autoUv": false },
																"east": { "texture": "#saddlerim", "uv": [ 4.0, 1.0, 5.0, 5.0 ], "autoUv": false },
																"south": { "texture": "#saddlerim", "uv": [ 9.5, 4.0, 10.5, 8.0 ], "autoUv": false },
																"west": { "texture": "#saddlerim", "uv": [ 3.0, 6.5, 4.0, 10.5 ], "autoUv": false },
																"up": { "texture": "#saddlerim", "uv": [ 2.0, 5.0, 3.0, 6.0 ], "autoUv": false },
																"down": { "texture": "#saddlerim", "uv": [ 0.0, 4.5, 1.0, 5.5 ], "autoUv": false, "windMode": [-1,-1,-1,-1], "windData": [1,1,1,1] }
															}
														}
													]
												},
												{
													"name": "SaddleFrontN56",
													"from": [ -0.0115, 0.0, 6.4827 ],
													"to": [ 1.1461, 2.5468, 8.5664 ],
													"rotationOrigin": [ -0.1157, 2.5468, 6.4827 ],
													"rotationX": 9.0,
													"faces": {
														"north": { "texture": "#saddlerim", "uv": [ 5.5, 7.0, 6.5, 9.0 ], "autoUv": false },
														"east": { "texture": "#saddlerim", "uv": [ 4.0, 1.0, 5.5, 3.0 ], "autoUv": false },
														"south": { "texture": "#saddlerim", "uv": [ 9.5, 4.0, 10.5, 6.0 ], "autoUv": false },
														"west": { "texture": "#saddlerim", "uv": [ 3.0, 6.5, 4.5, 8.5 ], "autoUv": false },
														"up": { "texture": "#saddlerim", "uv": [ 2.0, 5.0, 3.0, 6.5 ], "autoUv": false },
														"down": { "texture": "#saddlerim", "uv": [ 0.0, 4.5, 1.0, 6.0 ], "autoUv": false, "windMode": [-1,-1,-1,-1], "windData": [1,1,1,1] }
													},
													"children": [
														{
															"name": "SaddleFrontN57",
															"from": [ 0.0115, -2.3152, 0.9261 ],
															"to": [ 1.1692, 2.5468, 2.0837 ],
															"rotationOrigin": [ 0.1157, 2.5468, 2.0837 ],
															"rotationX": -15.0,
															"rotationY": 0.1,
															"faces": {
																"north": { "texture": "#saddlerim", "uv": [ 5.5, 7.0, 6.5, 11.0 ], "autoUv": false },
																"east": { "texture": "#saddlerim", "uv": [ 4.0, 1.0, 5.0, 5.0 ], "autoUv": false },
																"south": { "texture": "#saddlerim", "uv": [ 9.5, 4.0, 10.5, 8.0 ], "autoUv": false },
																"west": { "texture": "#saddlerim", "uv": [ 3.0, 6.5, 4.0, 10.5 ], "autoUv": false },
																"up": { "texture": "#saddlerim", "uv": [ 2.0, 5.0, 3.0, 6.0 ], "autoUv": false },
																"down": { "texture": "#saddlerim", "uv": [ 0.0, 4.5, 1.0, 5.5 ], "autoUv": false, "windMode": [-1,-1,-1,-1], "windData": [1,1,1,1] }
															},
															"children": [
																{
																	"name": "SaddleFrontN58",
																	"from": [ 0.0, -10.3028, 0.0 ],
																	"to": [ 1.1576, 0.1157, 1.1576 ],
																	"rotationOrigin": [ -0.0115, 0.1157, 1.1576 ],
																	"rotationX": -1.0,
																	"rotationY": 3.0,
																	"rotationZ": 73.2,
																	"faces": {
																		"north": { "texture": "#saddlerim", "uv": [ 5.5, 7.0, 6.5, 16.0 ], "autoUv": false },
																		"east": { "texture": "#saddlerim", "uv": [ 4.0, 1.0, 5.0, 10.0 ], "autoUv": false },
																		"south": { "texture": "#saddlerim", "uv": [ 9.5, 4.0, 10.5, 13.0 ], "autoUv": false },
																		"west": { "texture": "#saddlerim", "uv": [ 3.0, 6.5, 4.0, 15.5 ], "autoUv": false },
																		"up": { "texture": "#saddlerim", "uv": [ 2.0, 5.0, 3.0, 6.0 ], "autoUv": false },
																		"down": { "texture": "#saddlerim", "uv": [ 0.0, 4.5, 1.0, 5.5 ], "autoUv": false, "windMode": [-1,-1,-1,-1], "windData": [1,1,1,1] }
																	}
																},
																{
																	"name": "SaddleFrontN59",
																	"from": [ -0.1157, -9.261, -10.4186 ],
																	"to": [ 1.0418, 1.1576, -8.1034 ],
																	"rotationOrigin": [ -0.1157, 1.1576, -10.4186 ],
																	"rotationX": 15.0,
																	"rotationY": -5.0,
																	"rotationZ": 74.7,
																	"faces": {
																		"north": { "texture": "#saddlerim", "uv": [ 5.5, 7.0, 6.5, 16.0 ], "autoUv": false },
																		"east": { "texture": "#saddlerim", "uv": [ 4.0, 1.0, 6.0, 10.0 ], "autoUv": false },
																		"south": { "texture": "#saddlerim", "uv": [ 9.5, 4.0, 10.5, 13.0 ], "autoUv": false },
																		"west": { "texture": "#saddlerim", "uv": [ 3.0, 6.5, 5.0, 15.5 ], "autoUv": false },
																		"up": { "texture": "#saddlerim", "uv": [ 2.0, 5.0, 3.0, 7.0 ], "autoUv": false },
																		"down": { "texture": "#saddlerim", "uv": [ 0.0, 4.5, 1.0, 6.5 ], "autoUv": false, "windMode": [-1,-1,-1,-1], "windData": [1,1,1,1] }
																	}
																}
															]
														}
													]
												}
											]
										}
									]
								}
							]
						},
						{
							"name": "SaddleFrontN34",
							"from": [ 5.0935, -2.3616, -3.2992 ],
							"to": [ 9.724, 1.3428, 3.1835 ],
							"rotationOrigin": [ 5.0888, -2.3642, -3.1835 ],
							"rotationZ": 10.0,
							"faces": {
								"north": { "texture": "#saddleseat", "uv": [ 5.5, 7.0, 9.5, 10.0 ], "autoUv": false },
								"east": { "texture": "#saddleseat", "uv": [ 4.0, 1.0, 9.5, 4.0 ], "autoUv": false },
								"south": { "texture": "#saddleseat", "uv": [ 9.5, 4.0, 13.5, 7.0 ], "autoUv": false },
								"west": { "texture": "#saddleseat", "uv": [ 3.0, 6.5, 8.5, 9.5 ], "autoUv": false },
								"up": { "texture": "#saddleseat", "uv": [ 3.5, 6.0, 7.5, 11.5 ], "autoUv": false },
								"down": { "texture": "#saddleseat", "uv": [ 0.0, 4.5, 4.0, 10.0 ], "autoUv": false, "windMode": [-1,-1,-1,-1], "windData": [1,1,1,1] }
							},
							"children": [
								{
									"name": "SaddleFrontN35",
									"from": [ 0.0, 0.0, -2.0837 ],
									"to": [ 4.6305, 3.7044, 0.0 ],
									"rotationOrigin": [ 0.0, 3.7044, 0.0 ],
									"rotationX": -19.1,
									"faces": {
										"north": { "texture": "#saddleseat", "uv": [ 5.5, 7.0, 9.5, 10.0 ], "autoUv": false },
										"east": { "texture": "#saddleseat", "uv": [ 4.0, 1.0, 5.5, 4.0 ], "autoUv": false },
										"south": { "texture": "#saddleseat", "uv": [ 9.5, 4.0, 13.5, 7.0 ], "autoUv": false },
										"west": { "texture": "#saddleseat", "uv": [ 3.0, 6.5, 4.5, 9.5 ], "autoUv": false },
										"up": { "texture": "#saddleseat", "uv": [ 3.0, 9.0, 7.0, 10.5 ], "autoUv": false },
										"down": { "texture": "#saddleseat", "uv": [ 0.0, 4.5, 4.0, 6.0 ], "autoUv": false, "windMode": [-1,-1,-1,-1], "windData": [1,1,1,1] }
									},
									"children": [
										{
											"name": "SaddleFrontN36",
											"from": [ 0.0, 2.3268, 0.0115 ],
											"to": [ 4.6305, 3.7159, 2.0953 ],
											"rotationOrigin": [ 0.0, 3.7044, -0.1157 ],
											"rotationX": 20.0,
											"faces": {
												"north": { "texture": "#saddleseat", "uv": [ 5.5, 7.0, 9.5, 8.0 ], "autoUv": false },
												"east": { "texture": "#saddleseat", "uv": [ 4.0, 1.0, 5.5, 2.0 ], "autoUv": false },
												"south": { "texture": "#saddleseat", "uv": [ 9.5, 4.0, 13.5, 5.0 ], "autoUv": false },
												"west": { "texture": "#saddleseat", "uv": [ 3.0, 6.5, 4.5, 7.5 ], "autoUv": false },
												"up": { "texture": "#saddleseat", "uv": [ 2.0, 5.0, 6.0, 6.5 ], "autoUv": false },
												"down": { "texture": "#saddleseat", "uv": [ 0.0, 4.5, 4.0, 6.0 ], "autoUv": false, "windMode": [-1,-1,-1,-1], "windData": [1,1,1,1] }
											},
											"children": [
												{
													"name": "SaddleFrontN37",
													"from": [ 3.4729, 0.0, 0.0115 ],
													"to": [ 4.6305, 1.3891, 2.0953 ],
													"rotationOrigin": [ 4.6305, 0.0, 10.3988 ],
													"rotationZ": 51.0,
													"faces": {
														"north": { "texture": "#saddleseat", "uv": [ 5.5, 7.0, 6.5, 8.0 ], "autoUv": false },
														"east": { "texture": "#saddleseat", "uv": [ 4.0, 1.0, 5.5, 2.0 ], "autoUv": false },
														"south": { "texture": "#saddleseat", "uv": [ 9.5, 4.0, 10.5, 5.0 ], "autoUv": false },
														"west": { "texture": "#saddleseat", "uv": [ 3.0, 6.5, 4.5, 7.5 ], "autoUv": false },
														"up": { "texture": "#saddleseat", "uv": [ 2.0, 5.0, 3.0, 6.5 ], "autoUv": false },
														"down": { "texture": "#saddleseat", "uv": [ 0.0, 4.5, 1.0, 6.0 ], "autoUv": false, "windMode": [-1,-1,-1,-1], "windData": [1,1,1,1] }
													},
													"children": [
														{
															"name": "SaddleFrontN38",
															"from": [ -3.4729, 0.0, 0.0231 ],
															"to": [ 0.0, 1.3891, 2.1068 ],
															"rotationOrigin": [ 0.0, 0.0, 2.1994 ],
															"rotationZ": -50.0,
															"faces": {
																"north": { "texture": "#saddleseat", "uv": [ 5.5, 7.0, 8.5, 8.0 ], "autoUv": false },
																"east": { "texture": "#saddleseat", "uv": [ 4.0, 1.0, 5.5, 2.0 ], "autoUv": false },
																"south": { "texture": "#saddleseat", "uv": [ 9.5, 4.0, 12.5, 5.0 ], "autoUv": false },
																"west": { "texture": "#saddleseat", "uv": [ 3.0, 6.5, 4.5, 7.5 ], "autoUv": false },
																"up": { "texture": "#saddleseat", "uv": [ 2.0, 5.0, 5.0, 6.5 ], "autoUv": false },
																"down": { "texture": "#saddleseat", "uv": [ 0.0, 4.5, 3.0, 6.0 ], "autoUv": false, "windMode": [-1,-1,-1,-1], "windData": [1,1,1,1] }
															}
														}
													]
												}
											]
										}
									]
								},
								{
									"name": "SaddleFrontN39",
									"from": [ 0.0, 0.0, 6.4827 ],
									"to": [ 4.6305, 3.7044, 8.5664 ],
									"rotationOrigin": [ 0.0, 3.7044, 6.4827 ],
									"rotationX": 19.5,
									"faces": {
										"north": { "texture": "#saddleseat", "uv": [ 5.5, 7.0, 9.5, 10.0 ], "autoUv": false },
										"east": { "texture": "#saddleseat", "uv": [ 4.0, 1.0, 5.5, 4.0 ], "autoUv": false },
										"south": { "texture": "#saddleseat", "uv": [ 9.5, 4.0, 13.5, 7.0 ], "autoUv": false },
										"west": { "texture": "#saddleseat", "uv": [ 3.0, 6.5, 4.5, 9.5 ], "autoUv": false },
										"up": { "texture": "#saddleseat", "uv": [ 2.5, 8.0, 6.5, 9.5 ], "autoUv": false },
										"down": { "texture": "#saddleseat", "uv": [ 0.0, 4.5, 4.0, 6.0 ], "autoUv": false, "windMode": [-1,-1,-1,-1], "windData": [1,1,1,1] }
									},
									"children": [
										{
											"name": "SaddleFrontN40",
											"from": [ 0.0, 2.3152, 0.0 ],
											"to": [ 4.6305, 3.7044, 2.0837 ],
											"rotationOrigin": [ 0.0, 3.7044, 2.0837 ],
											"rotationX": -20.0,
											"faces": {
												"north": { "texture": "#saddleseat", "uv": [ 5.5, 7.0, 9.5, 8.0 ], "autoUv": false },
												"east": { "texture": "#saddleseat", "uv": [ 4.0, 1.0, 5.5, 2.0 ], "autoUv": false },
												"south": { "texture": "#saddleseat", "uv": [ 9.5, 4.0, 13.5, 5.0 ], "autoUv": false },
												"west": { "texture": "#saddleseat", "uv": [ 3.0, 6.5, 4.5, 7.5 ], "autoUv": false },
												"up": { "texture": "#saddleseat", "uv": [ 2.0, 5.0, 6.0, 6.5 ], "autoUv": false },
												"down": { "texture": "#saddleseat", "uv": [ 0.0, 4.5, 4.0, 6.0 ], "autoUv": false, "windMode": [-1,-1,-1,-1], "windData": [1,1,1,1] }
											},
											"children": [
												{
													"name": "SaddleFrontN41",
													"from": [ 3.4729, 0.0, -0.0115 ],
													"to": [ 4.6305, 1.3891, 2.0722 ],
													"rotationOrigin": [ 4.6305, 0.0, 1.9679 ],
													"rotationZ": 51.0,
													"faces": {
														"north": { "texture": "#saddleseat", "uv": [ 5.5, 7.0, 6.5, 8.0 ], "autoUv": false },
														"east": { "texture": "#saddleseat", "uv": [ 4.0, 1.0, 5.5, 2.0 ], "autoUv": false },
														"south": { "texture": "#saddleseat", "uv": [ 9.5, 4.0, 10.5, 5.0 ], "autoUv": false },
														"west": { "texture": "#saddleseat", "uv": [ 3.0, 6.5, 4.5, 7.5 ], "autoUv": false },
														"up": { "texture": "#saddleseat", "uv": [ 2.0, 5.0, 3.0, 6.5 ], "autoUv": false },
														"down": { "texture": "#saddleseat", "uv": [ 0.0, 4.5, 1.0, 6.0 ], "autoUv": false, "windMode": [-1,-1,-1,-1], "windData": [1,1,1,1] }
													},
													"children": [
														{
															"name": "SaddleFrontN42",
															"from": [ -3.4729, 0.0, 0.0231 ],
															"to": [ 0.0, 1.3891, 2.1068 ],
															"rotationOrigin": [ 0.0, 0.0, 2.1994 ],
															"rotationZ": -50.0,
															"faces": {
																"north": { "texture": "#saddleseat", "uv": [ 5.5, 7.0, 8.5, 8.0 ], "autoUv": false },
																"east": { "texture": "#saddleseat", "uv": [ 4.0, 1.0, 5.5, 2.0 ], "autoUv": false },
																"south": { "texture": "#saddleseat", "uv": [ 9.5, 4.0, 12.5, 5.0 ], "autoUv": false },
																"west": { "texture": "#saddleseat", "uv": [ 3.0, 6.5, 4.5, 7.5 ], "autoUv": false },
																"up": { "texture": "#saddleseat", "uv": [ 2.0, 5.0, 5.0, 6.5 ], "autoUv": false },
																"down": { "texture": "#saddleseat", "uv": [ 0.0, 4.5, 3.0, 6.0 ], "autoUv": false, "windMode": [-1,-1,-1,-1], "windData": [1,1,1,1] }
															}
														}
													]
												}
											]
										}
									]
								}
							]
						},
						{
							"name": "SaddleFrontN77",
							"from": [ -3.0098, -0.6251, -3.2992 ],
							"to": [ 1.6207, 3.0793, 3.1835 ],
							"rotationOrigin": [ -3.0145, -0.6278, -3.1835 ],
							"rotationZ": -20.0,
							"faces": {
								"north": { "texture": "#saddleseat", "uv": [ 5.5, 7.0, 9.5, 10.0 ], "autoUv": false },
								"east": { "texture": "#saddleseat", "uv": [ 4.0, 1.0, 9.5, 4.0 ], "autoUv": false },
								"south": { "texture": "#saddleseat", "uv": [ 9.5, 4.0, 13.5, 7.0 ], "autoUv": false },
								"west": { "texture": "#saddleseat", "uv": [ 3.0, 6.5, 8.5, 9.5 ], "autoUv": false },
								"up": { "texture": "#saddleseat", "uv": [ 4.0, 5.0, 8.0, 10.5 ], "autoUv": false },
								"down": { "texture": "#saddleseat", "uv": [ 0.0, 4.5, 4.0, 10.0 ], "autoUv": false, "windMode": [-1,-1,-1,-1], "windData": [1,1,1,1] }
							},
							"children": [
								{
									"name": "SaddleFrontN78",
									"from": [ 0.0, 0.0, -2.0837 ],
									"to": [ 4.6305, 3.7044, 0.0 ],
									"rotationOrigin": [ 0.0, 3.7044, 0.0 ],
									"rotationX": -20.0,
									"faces": {
										"north": { "texture": "#saddleseat", "uv": [ 5.5, 7.0, 9.5, 10.0 ], "autoUv": false },
										"east": { "texture": "#saddleseat", "uv": [ 4.0, 1.0, 5.5, 4.0 ], "autoUv": false },
										"south": { "texture": "#saddleseat", "uv": [ 9.5, 4.0, 13.5, 7.0 ], "autoUv": false },
										"west": { "texture": "#saddleseat", "uv": [ 3.0, 6.5, 4.5, 9.5 ], "autoUv": false },
										"up": { "texture": "#saddleseat", "uv": [ 2.0, 11.0, 6.0, 12.5 ], "autoUv": false },
										"down": { "texture": "#saddleseat", "uv": [ 0.0, 4.5, 4.0, 6.0 ], "autoUv": false, "windMode": [-1,-1,-1,-1], "windData": [1,1,1,1] }
									},
									"children": [
										{
											"name": "SaddleFrontN79",
											"from": [ 0.0, 2.3268, 0.0115 ],
											"to": [ 4.6305, 3.7159, 2.0953 ],
											"rotationOrigin": [ 0.0, 3.7044, -0.1157 ],
											"rotationX": 20.0,
											"faces": {
												"north": { "texture": "#saddleseat", "uv": [ 5.5, 7.0, 9.5, 8.0 ], "autoUv": false },
												"east": { "texture": "#saddleseat", "uv": [ 4.0, 1.0, 5.5, 2.0 ], "autoUv": false },
												"south": { "texture": "#saddleseat", "uv": [ 9.5, 4.0, 13.5, 5.0 ], "autoUv": false },
												"west": { "texture": "#saddleseat", "uv": [ 3.0, 6.5, 4.5, 7.5 ], "autoUv": false },
												"up": { "texture": "#saddleseat", "uv": [ 2.0, 5.0, 6.0, 6.5 ], "autoUv": false },
												"down": { "texture": "#saddleseat", "uv": [ 0.0, 4.5, 4.0, 6.0 ], "autoUv": false, "windMode": [-1,-1,-1,-1], "windData": [1,1,1,1] }
											},
											"children": [
												{
													"name": "SaddleFrontN80",
													"from": [ 3.4729, 0.0, 0.0115 ],
													"to": [ 4.6305, 1.3891, 2.0953 ],
													"rotationOrigin": [ 4.6305, 0.0, 10.3988 ],
													"rotationZ": 51.0,
													"faces": {
														"north": { "texture": "#saddleseat", "uv": [ 5.5, 7.0, 6.5, 8.0 ], "autoUv": false },
														"east": { "texture": "#saddleseat", "uv": [ 4.0, 1.0, 5.5, 2.0 ], "autoUv": false },
														"south": { "texture": "#saddleseat", "uv": [ 9.5, 4.0, 10.5, 5.0 ], "autoUv": false },
														"west": { "texture": "#saddleseat", "uv": [ 3.0, 6.5, 4.5, 7.5 ], "autoUv": false },
														"up": { "texture": "#saddleseat", "uv": [ 2.0, 5.0, 3.0, 6.5 ], "autoUv": false },
														"down": { "texture": "#saddleseat", "uv": [ 0.0, 4.5, 1.0, 6.0 ], "autoUv": false, "windMode": [-1,-1,-1,-1], "windData": [1,1,1,1] }
													},
													"children": [
														{
															"name": "SaddleFrontN81",
															"from": [ -3.4729, 0.0, 0.0231 ],
															"to": [ 0.0, 1.3891, 2.1068 ],
															"rotationOrigin": [ 0.0, 0.0, 2.1994 ],
															"rotationZ": -50.0,
															"faces": {
																"north": { "texture": "#saddleseat", "uv": [ 5.5, 7.0, 8.5, 8.0 ], "autoUv": false },
																"east": { "texture": "#saddleseat", "uv": [ 4.0, 1.0, 5.5, 2.0 ], "autoUv": false },
																"south": { "texture": "#saddleseat", "uv": [ 9.5, 4.0, 12.5, 5.0 ], "autoUv": false },
																"west": { "texture": "#saddleseat", "uv": [ 3.0, 6.5, 4.5, 7.5 ], "autoUv": false },
																"up": { "texture": "#saddleseat", "uv": [ 2.0, 5.0, 5.0, 6.5 ], "autoUv": false },
																"down": { "texture": "#saddleseat", "uv": [ 0.0, 4.5, 3.0, 6.0 ], "autoUv": false, "windMode": [-1,-1,-1,-1], "windData": [1,1,1,1] }
															},
															"children": [
																{
																	"name": "SaddleFrontN87",
																	"from": [ 1.1576, -1.1576, 0.0 ],
																	"to": [ 3.4729, 0.0, 2.0837 ],
																	"rotationOrigin": [ 3.4729, -1.1576, 2.1763 ],
																	"faces": {
																		"north": { "texture": "#saddleseat", "uv": [ 5.5, 7.0, 7.5, 8.0 ], "autoUv": false },
																		"east": { "texture": "#saddleseat", "uv": [ 4.0, 1.0, 5.5, 2.0 ], "autoUv": false },
																		"south": { "texture": "#saddleseat", "uv": [ 9.5, 4.0, 11.5, 5.0 ], "autoUv": false },
																		"west": { "texture": "#saddleseat", "uv": [ 3.0, 6.5, 4.5, 7.5 ], "autoUv": false },
																		"up": { "texture": "#saddleseat", "uv": [ 2.0, 5.0, 4.0, 6.5 ], "autoUv": false },
																		"down": { "texture": "#saddleseat", "uv": [ 0.0, 4.5, 2.0, 6.0 ], "autoUv": false, "windMode": [-1,-1,-1,-1], "windData": [1,1,1,1] }
																	}
																}
															]
														}
													]
												}
											]
										}
									]
								},
								{
									"name": "SaddleFrontN82",
									"from": [ 0.0, 0.0, 6.4827 ],
									"to": [ 4.6305, 3.7044, 8.5664 ],
									"rotationOrigin": [ 0.0, 3.7044, 6.4827 ],
									"rotationX": 20.0,
									"faces": {
										"north": { "texture": "#saddleseat", "uv": [ 5.5, 7.0, 9.5, 10.0 ], "autoUv": false },
										"east": { "texture": "#saddleseat", "uv": [ 4.0, 1.5, 5.5, 4.5 ], "autoUv": false },
										"south": { "texture": "#saddleseat", "uv": [ 9.5, 4.0, 13.5, 7.0 ], "autoUv": false },
										"west": { "texture": "#saddleseat", "uv": [ 3.5, 6.5, 5.0, 9.5 ], "autoUv": false },
										"up": { "texture": "#saddleseat", "uv": [ 3.5, 7.5, 7.5, 9.0 ], "autoUv": false },
										"down": { "texture": "#saddleseat", "uv": [ 1.0, 4.5, 5.0, 6.0 ], "autoUv": false, "windMode": [-1,-1,-1,-1], "windData": [1,1,1,1] }
									},
									"children": [
										{
											"name": "SaddleFrontN83",
											"from": [ 0.0, 2.3152, 0.0 ],
											"to": [ 4.6305, 3.7044, 2.0837 ],
											"rotationOrigin": [ 0.0, 3.7044, 2.0837 ],
											"rotationX": -20.0,
											"faces": {
												"north": { "texture": "#saddleseat", "uv": [ 5.5, 7.0, 9.5, 8.0 ], "autoUv": false },
												"east": { "texture": "#saddleseat", "uv": [ 4.0, 1.0, 5.5, 2.0 ], "autoUv": false },
												"south": { "texture": "#saddleseat", "uv": [ 7.5, 4.5, 11.5, 5.5 ], "autoUv": false },
												"west": { "texture": "#saddleseat", "uv": [ 4.5, 6.5, 6.0, 7.5 ], "autoUv": false },
												"up": { "texture": "#saddleseat", "uv": [ 2.0, 4.5, 6.0, 6.0 ], "autoUv": false },
												"down": { "texture": "#saddleseat", "uv": [ 1.0, 4.5, 5.0, 6.0 ], "autoUv": false, "windMode": [-1,-1,-1,-1], "windData": [1,1,1,1] }
											},
											"children": [
												{
													"name": "SaddleFrontN84",
													"from": [ 3.4729, 0.0, -0.0115 ],
													"to": [ 4.6305, 1.3891, 2.0722 ],
													"rotationOrigin": [ 4.6305, 0.0, 1.9679 ],
													"rotationZ": 51.0,
													"faces": {
														"north": { "texture": "#saddleseat", "uv": [ 5.5, 7.0, 6.5, 8.0 ], "autoUv": false },
														"east": { "texture": "#saddleseat", "uv": [ 4.0, 1.0, 5.5, 2.0 ], "autoUv": false },
														"south": { "texture": "#saddleseat", "uv": [ 9.5, 4.0, 10.5, 5.0 ], "autoUv": false },
														"west": { "texture": "#saddleseat", "uv": [ 3.0, 6.5, 4.5, 7.5 ], "autoUv": false },
														"up": { "texture": "#saddleseat", "uv": [ 2.0, 5.0, 3.0, 6.5 ], "autoUv": false },
														"down": { "texture": "#saddleseat", "uv": [ 0.0, 4.5, 1.0, 6.0 ], "autoUv": false, "windMode": [-1,-1,-1,-1], "windData": [1,1,1,1] }
													},
													"children": [
														{
															"name": "SaddleFrontN85",
															"from": [ -3.4729, 0.0, 0.0231 ],
															"to": [ 0.0, 1.3891, 2.1068 ],
															"rotationOrigin": [ 0.0, 0.0, 2.1994 ],
															"rotationZ": -50.0,
															"faces": {
																"north": { "texture": "#saddleseat", "uv": [ 5.5, 7.0, 8.5, 8.0 ], "autoUv": false },
																"east": { "texture": "#saddleseat", "uv": [ 4.0, 1.0, 5.5, 2.0 ], "autoUv": false },
																"south": { "texture": "#saddleseat", "uv": [ 9.5, 4.0, 12.5, 5.0 ], "autoUv": false },
																"west": { "texture": "#saddleseat", "uv": [ 3.0, 6.5, 4.5, 7.5 ], "autoUv": false },
																"up": { "texture": "#saddleseat", "uv": [ 2.0, 5.0, 5.0, 6.5 ], "autoUv": false },
																"down": { "texture": "#saddleseat", "uv": [ 0.0, 4.5, 3.0, 6.0 ], "autoUv": false, "windMode": [-1,-1,-1,-1], "windData": [1,1,1,1] }
															},
															"children": [
																{
																	"name": "SaddleFrontN86",
																	"from": [ 1.1576, -1.1576, 0.0 ],
																	"to": [ 3.4729, 0.0, 2.0837 ],
																	"rotationOrigin": [ 3.4729, -1.1576, 2.1763 ],
																	"faces": {
																		"north": { "texture": "#saddleseat", "uv": [ 5.5, 7.0, 7.5, 8.0 ], "autoUv": false },
																		"east": { "texture": "#saddleseat", "uv": [ 4.0, 1.0, 5.5, 2.0 ], "autoUv": false },
																		"south": { "texture": "#saddleseat", "uv": [ 9.5, 4.0, 11.5, 5.0 ], "autoUv": false },
																		"west": { "texture": "#saddleseat", "uv": [ 3.0, 6.5, 4.5, 7.5 ], "autoUv": false },
																		"up": { "texture": "#saddleseat", "uv": [ 2.0, 5.0, 4.0, 6.5 ], "autoUv": false },
																		"down": { "texture": "#saddleseat", "uv": [ 0.0, 4.5, 2.0, 6.0 ], "autoUv": false, "windMode": [-1,-1,-1,-1], "windData": [1,1,1,1] }
																	}
																}
															]
														}
													]
												}
											]
										}
									]
								}
							]
						}
					]
				},
				{
					"name": "StrapFront",
					"from": [ 0.441, -9.65, -4.4 ],
					"to": [ 2.541, -8.285, 4.61 ],
					"rotationOrigin": [ 0.4453, -9.6492, -4.4 ],
					"rotationZ": -2.0,
					"faces": {
						"north": { "texture": "#saddlerope", "uv": [ 13.5, 0.0, 15.5, 1.0 ], "autoUv": false },
						"east": { "texture": "#saddlerope", "uv": [ 1.0, 12.5, 9.0, 13.5 ], "autoUv": false },
						"south": { "texture": "#saddlerope", "uv": [ 6.0, 9.0, 8.0, 10.0 ], "autoUv": false },
						"west": { "texture": "#saddlerope", "uv": [ 3.5, 10.0, 11.5, 11.0 ], "autoUv": false },
						"up": { "texture": "#saddlerope", "uv": [ 8.0, 9.5, 16.0, 11.5 ], "rotation": 90, "autoUv": false },
						"down": { "texture": "#saddlerope", "uv": [ 1.5, 12.5, 9.5, 14.5 ], "rotation": 90, "autoUv": false }
					},
					"children": [
						{
							"name": "StrapFront2",
							"from": [ 0.0, 0.0, -0.21 ],
							"to": [ 2.1, 7.93, 0.105 ],
							"rotationOrigin": [ 0.0, 0.0, -0.21 ],
							"rotationX": -0.9,
							"faces": {
								"north": { "texture": "#saddlerope", "uv": [ 1.5, 1.5, 8.0, 3.5 ], "rotation": 90, "autoUv": false },
								"east": { "texture": "#saddlerope", "uv": [ 0.0, 4.0, 0.5, 10.5 ], "autoUv": false },
								"south": { "texture": "#saddlerope", "uv": [ 7.0, 8.5, 13.5, 10.5 ], "rotation": 90, "autoUv": false },
								"west": { "texture": "#saddlerope", "uv": [ 14.5, 5.5, 15.0, 12.0 ], "autoUv": false },
								"up": { "texture": "#saddlerope", "uv": [ 9.5, 1.5, 11.5, 2.0 ], "autoUv": false },
								"down": { "texture": "#saddlerope", "uv": [ 0.5, 1.0, 2.5, 1.5 ], "autoUv": false }
							}
						},
						{
							"name": "StrapFront3",
							"from": [ 0.0, 0.0, 8.61 ],
							"to": [ 2.1, 8.925, 9.325 ],
							"rotationOrigin": [ 0.0, 0.0, 8.61 ],
							"rotationX": 0.9,
							"faces": {
								"north": { "texture": "#saddlerope", "uv": [ 6.5, 2.0, 15.0, 4.0 ], "rotation": 90, "autoUv": false },
								"east": { "texture": "#saddlerope", "uv": [ 14.5, 6.5, 15.0, 15.0 ], "autoUv": false },
								"south": { "texture": "#saddlerope", "uv": [ 2.5, 1.5, 11.0, 3.5 ], "rotation": 90, "autoUv": false },
								"west": { "texture": "#saddlerope", "uv": [ 11.5, 2.0, 12.0, 10.5 ], "autoUv": false },
								"up": { "texture": "#saddlerope", "uv": [ 2.5, 5.0, 4.5, 5.5 ], "autoUv": false },
								"down": { "texture": "#saddlerope", "uv": [ 3.0, 7.5, 5.0, 8.0 ], "autoUv": false }
							}
						}
					]
				},
				{
					"name": "StrapFront4",
					"from": [ 0.966, -9.86, -4.51 ],
					"to": [ 2.016, -9.545, 4.71 ],
					"rotationOrigin": [ 0.9703, -9.8592, -4.505 ],
					"rotationZ": -2.0,
					"faces": {
						"north": { "texture": "#saddlerim", "uv": [ 13.5, 0.0, 14.5, 0.5 ], "autoUv": false },
						"east": { "texture": "#saddlerim", "uv": [ 1.0, 12.5, 9.0, 13.0 ], "autoUv": false },
						"south": { "texture": "#saddlerim", "uv": [ 6.0, 9.0, 7.0, 9.5 ], "autoUv": false },
						"west": { "texture": "#saddlerim", "uv": [ 3.5, 10.0, 11.5, 10.5 ], "autoUv": false },
						"up": { "texture": "#saddlerim", "uv": [ 8.0, 9.5, 16.0, 10.5 ], "rotation": 90, "autoUv": false },
						"down": { "texture": "#saddlerim", "uv": [ 1.5, 12.5, 9.5, 13.5 ], "rotation": 90, "autoUv": false }
					},
					"children": [
						{
							"name": "StrapFront5",
							"from": [ 0.0, 0.0, -0.21 ],
							"to": [ 1.05, 7.98, 0.105 ],
							"rotationOrigin": [ 0.0, 0.0, -0.21 ],
							"rotationX": -1.0,
							"faces": {
								"north": { "texture": "#saddlerim", "uv": [ 1.5, 1.5, 9.0, 2.5 ], "rotation": 90, "autoUv": false },
								"east": { "texture": "#saddlerim", "uv": [ 0.0, 4.0, 0.5, 11.5 ], "autoUv": false },
								"south": { "texture": "#saddlerim", "uv": [ 7.0, 8.5, 14.5, 9.5 ], "rotation": 90, "autoUv": false },
								"west": { "texture": "#saddlerim", "uv": [ 14.5, 5.5, 15.0, 13.0 ], "autoUv": false },
								"up": { "texture": "#saddlerim", "uv": [ 9.5, 1.5, 10.5, 2.0 ], "autoUv": false },
								"down": { "texture": "#saddlerim", "uv": [ 0.5, 1.0, 1.5, 1.5 ], "autoUv": false }
							}
						},
						{
							"name": "StrapFront6",
							"from": [ 0.0, 0.0, 9.22 ],
							"to": [ 1.05, 8.925, 9.535 ],
							"rotationOrigin": [ 0.0, 0.0, 9.22 ],
							"rotationX": 0.3,
							"faces": {
								"north": { "texture": "#saddlerim", "uv": [ 6.5, 2.0, 15.0, 3.0 ], "rotation": 90, "autoUv": false },
								"east": { "texture": "#saddlerim", "uv": [ 14.5, 6.5, 15.0, 15.0 ], "autoUv": false },
								"south": { "texture": "#saddlerim", "uv": [ 2.5, 1.5, 11.0, 2.5 ], "rotation": 90, "autoUv": false },
								"west": { "texture": "#saddlerim", "uv": [ 11.5, 2.0, 12.0, 10.5 ], "autoUv": false },
								"up": { "texture": "#saddlerim", "uv": [ 2.5, 5.0, 3.5, 5.5 ], "autoUv": false },
								"down": { "texture": "#saddlerim", "uv": [ 3.0, 7.5, 4.0, 8.0 ], "autoUv": false }
							}
						}
					]
				},
				{
					"name": "StrapFront7",
					"stepParentName": "Chest",
					"from": [ 0.44, -0.13, -0.31 ],
					"to": [ 1.49, 10.51, 10.055 ],
					"rotationOrigin": [ 0.4453, -0.1242, -0.31 ],
					"rotationZ": -17.0,
					"faces": {
						"north": { "texture": "#saddlerope", "uv": [ 13.5, 0.0, 22.0, 1.0 ], "rotation": 90, "autoUv": false },
						"east": { "texture": "#saddlerope", "uv": [ 1.0, 12.5, 10.0, 21.0 ], "autoUv": false },
						"south": { "texture": "#saddlerope", "uv": [ 6.0, 9.0, 14.5, 10.0 ], "rotation": 90, "autoUv": false },
						"west": { "texture": "#saddlerope", "uv": [ 3.5, 10.0, 12.5, 18.5 ], "autoUv": false },
						"up": { "texture": "#saddlerope", "uv": [ 8.0, 9.5, 17.0, 10.5 ], "rotation": 90, "autoUv": false },
						"down": { "texture": "#saddlerope", "uv": [ 1.5, 12.5, 10.5, 13.5 ], "rotation": 90, "autoUv": false }
					}
				},
				{
					"name": "StrapFront8",
					"stepParentName": "Hind",
					"from": [ -1.64, 7.75, -0.45 ],
					"to": [ 9.235, 8.8, 10.205 ],
					"rotationOrigin": [ -1.6347, 7.7508, -0.405 ],
					"rotationZ": -15.0,
					"faces": {
						"north": { "texture": "#saddlerope", "uv": [ 13.5, 0.0, 23.0, 1.0 ], "autoUv": false },
						"east": { "texture": "#saddlerope", "uv": [ 1.0, 12.5, 10.0, 13.5 ], "autoUv": false },
						"south": { "texture": "#saddlerope", "uv": [ 6.0, 9.0, 15.5, 10.0 ], "autoUv": false },
						"west": { "texture": "#saddlerope", "uv": [ 3.5, 10.0, 12.5, 11.0 ], "autoUv": false },
						"up": { "texture": "#saddlerope", "uv": [ 8.0, 9.5, 17.0, 19.0 ], "rotation": 90, "autoUv": false },
						"down": { "texture": "#saddlerope", "uv": [ 1.5, 12.5, 10.5, 22.0 ], "rotation": 90, "autoUv": false }
					}
				}
			]
		}
	]}