{
	"editor": {
		"collapsedPaths": "Root/ORIGIN/SaddleSeat,Root/ORIGIN/SaddleFrontWall,Root/ORIGIN/Saddle/SaddleFrontN/StrapFront,Root/ORIGIN/SaddleBack1,Root/ORIGIN/SaddleFrontN8,Root/SaddleFrontN",
		"allAngles": true,
		"entityTextureMode": false
	},
	"textureWidth": 16,
	"textureHeight": 16,
	"textureSizes": {
	},
	"textures": {
		"saddlemetal": "game:block/metal/sheet-plain/gold1",
		"saddlemain": "game:item/tool/shield/leather/purple",
		"saddleornate": "game:item/tool/shield/ornate/purple"
	},
	"elements": [
		{
			"name": "ORIGIN",
			"from": [ 5.2, 3.4, 7.9 ],
			"to": [ 6.2, 4.4, 8.9 ],
			"rotationOrigin": [ 5.2, 3.4, 7.9 ],
			"faces": {
			},
			"children": [
				{
					"name": "Saddle",
					"from": [ 0.0, 0.0, 0.2 ],
					"to": [ 0.0, 0.0, 0.2 ],
					"rotationOrigin": [ 0.0, 0.0, 0.2 ],
					"faces": {
						"north": { "texture": "#saddleornate", "uv": [ 0.0, 0.0, 0.5, 0.5 ] },
						"east": { "texture": "#saddleornate", "uv": [ 0.0, 0.0, 0.5, 0.5 ] },
						"south": { "texture": "#saddleornate", "uv": [ 0.0, 0.0, 0.5, 0.5 ] },
						"west": { "texture": "#saddleornate", "uv": [ 0.0, 0.0, 0.5, 0.5 ] },
						"up": { "texture": "#saddleornate", "uv": [ 0.0, 0.0, 0.5, 0.5 ] },
						"down": { "texture": "#saddleornate", "uv": [ 0.0, 0.0, 0.5, 0.5 ] }
					}
				},
				{
					"name": "SaddleFrontN2",
					"from": [ 1.2, -1.44, -4.35 ],
					"to": [ 7.2, 1.76, 4.65 ],
					"rotationOrigin": [ 1.1959, 1.76, -4.25 ],
					"rotationZ": -1.0,
					"faces": {
						"north": { "texture": "#saddleornate", "uv": [ 0.0, 13.0, 6.0, 16.0 ] },
						"east": { "texture": "#saddleornate", "uv": [ 6.0, 0.5, 15.0, 3.5 ] },
						"south": { "texture": "#saddleornate", "uv": [ 10.0, 13.0, 16.0, 16.0 ] },
						"west": { "texture": "#saddleornate", "uv": [ 2.0, 6.5, 11.0, 9.5 ] },
						"up": { "texture": "#saddleornate", "uv": [ 10.0, 2.5, 16.0, 11.5 ] },
						"down": { "texture": "#saddleornate", "uv": [ 2.0, 4.5, 8.0, 13.5 ], "windMode": [-1,-1,-1,-1], "windData": [1,1,1,1] }
					},
					"children": [
						{
							"name": "SaddleFrontN7",
							"from": [ -3.1, 2.2, 4.3 ],
							"to": [ 6.1, 3.2, 9.0 ],
							"rotationOrigin": [ -3.1, 3.2, 9.0 ],
							"rotationX": 16.4,
							"faces": {
								"north": { "texture": "#saddleornate", "uv": [ 0.0, 12.5, 9.0, 13.5 ] },
								"east": { "texture": "#saddleornate", "uv": [ 5.5, 5.0, 10.0, 6.0 ] },
								"south": { "texture": "#saddleornate", "uv": [ 3.5, 13.5, 12.5, 14.5 ] },
								"west": { "texture": "#saddleornate", "uv": [ 2.0, 6.5, 6.5, 7.5 ] },
								"up": { "texture": "#saddleornate", "uv": [ 0.0, 6.5, 16.0, 14.5 ], "rotation": 180, "autoUv": false },
								"down": { "texture": "#saddleornate", "uv": [ 2.0, 4.5, 11.0, 9.0 ], "windMode": [-1,-1,-1,-1], "windData": [1,1,1,1] }
							},
							"children": [
								{
									"name": "SaddleFrontN18",
									"from": [ 0.0, 1.0, 0.5 ],
									"to": [ 9.2, 1.4, 4.7 ],
									"rotationOrigin": [ 0.0, 1.0, 4.7 ],
									"rotationX": -125.0,
									"faces": {
										"north": { "texture": "#saddleornate", "uv": [ 0.0, 13.0, 9.0, 13.5 ] },
										"east": { "texture": "#saddleornate", "uv": [ 6.0, 0.5, 10.0, 1.0 ] },
										"south": { "texture": "#saddleornate", "uv": [ 8.0, 13.0, 17.0, 13.5 ] },
										"west": { "texture": "#saddleornate", "uv": [ 2.0, 6.5, 6.0, 7.0 ] },
										"up": { "texture": "#saddleornate", "uv": [ 8.0, 2.5, 17.0, 6.5 ] },
										"down": { "texture": "#saddleornate", "uv": [ 0.0, 0.0, 16.0, 6.5 ], "autoUv": false, "windMode": [-1,-1,-1,-1], "windData": [1,1,1,1] }
									},
									"children": [
										{
											"name": "SaddleFrontN19",
											"from": [ 1.45, 0.0, 1.2 ],
											"to": [ 7.75, 0.4, 4.2 ],
											"rotationOrigin": [ 1.4, 0.0, 4.2 ],
											"rotationX": -5.0,
											"faces": {
												"north": { "texture": "#saddleornate", "uv": [ 0.0, 13.0, 6.0, 13.5 ] },
												"east": { "texture": "#saddleornate", "uv": [ 6.0, 0.5, 9.0, 1.0 ] },
												"south": { "texture": "#saddleornate", "uv": [ 8.0, 13.0, 14.0, 13.5 ] },
												"west": { "texture": "#saddleornate", "uv": [ 2.0, 6.5, 5.0, 7.0 ] },
												"up": { "texture": "#saddleornate", "uv": [ 6.0, 3.0, 12.0, 6.0 ] },
												"down": { "texture": "#saddleornate", "uv": [ 2.5, 2.5, 13.5, 6.5 ], "autoUv": false, "windMode": [-1,-1,-1,-1], "windData": [1,1,1,1] }
											}
										},
										{
											"name": "SaddleFrontN20",
											"from": [ 1.25, 0.0, 0.9 ],
											"to": [ 7.95, 0.4, 4.1 ],
											"rotationOrigin": [ 1.2, 0.0, 4.1 ],
											"rotationX": -5.0,
											"faces": {
												"north": { "texture": "#saddlemain", "uv": [ 4.0, 11.0, 10.5, 11.5 ] },
												"east": { "texture": "#saddlemain", "uv": [ 6.0, 8.0, 9.0, 8.5 ] },
												"south": { "texture": "#saddlemain", "uv": [ 3.5, 5.0, 10.0, 5.5 ] },
												"west": { "texture": "#saddlemain", "uv": [ 5.0, 7.5, 8.0, 8.0 ] },
												"up": { "texture": "#saddlemain", "uv": [ 3.5, 6.5, 10.0, 9.5 ] },
												"down": { "texture": "#saddlemain", "uv": [ 0.0, 0.0, 16.0, 4.0 ], "autoUv": false, "windMode": [-1,-1,-1,-1], "windData": [1,1,1,1] }
											}
										},
										{
											"name": "SaddleFrontN23",
											"from": [ -0.26, 0.1, -0.3 ],
											"to": [ 9.44, 0.5, 4.2 ],
											"rotationOrigin": [ -0.3, 0.1, 4.2 ],
											"faces": {
												"north": { "texture": "#saddlemain", "uv": [ 2.5, 15.5, 12.0, 16.0 ] },
												"east": { "texture": "#saddlemain", "uv": [ 4.0, 15.5, 8.5, 16.0 ] },
												"south": { "texture": "#saddlemain", "uv": [ 2.5, 15.5, 12.0, 16.0 ] },
												"west": { "texture": "#saddlemain", "uv": [ 4.0, 15.5, 8.5, 16.0 ] },
												"up": { "texture": "#saddlemain", "uv": [ 0.0, 11.5, 9.5, 16.0 ] },
												"down": { "texture": "#saddlemain", "uv": [ 0.0, 0.0, 16.0, 6.5 ], "autoUv": false, "windMode": [-1,-1,-1,-1], "windData": [1,1,1,1] }
											}
										},
										{
											"name": "SaddleFrontN24",
											"from": [ -0.25, -0.3, -0.4 ],
											"to": [ 9.45, 0.1, 4.2 ],
											"rotationOrigin": [ -0.3, 0.1, 4.2 ],
											"rotationX": 125.0,
											"faces": {
												"north": { "texture": "#saddlemain", "uv": [ 2.0, 15.5, 11.5, 16.0 ] },
												"east": { "texture": "#saddlemain", "uv": [ 4.0, 15.5, 8.5, 16.0 ] },
												"south": { "texture": "#saddlemain", "uv": [ 2.5, 15.5, 12.0, 16.0 ] },
												"west": { "texture": "#saddlemain", "uv": [ 4.5, 15.5, 9.0, 16.0 ] },
												"up": { "texture": "#saddlemain", "uv": [ 0.0, 7.0, 16.0, 12.5 ], "autoUv": false },
												"down": { "texture": "#saddlemain", "uv": [ 2.5, 6.0, 13.5, 10.0 ], "autoUv": false, "windMode": [-1,-1,-1,-1], "windData": [1,1,1,1] }
											}
										}
									]
								}
							]
						},
						{
							"name": "SaddleFrontN25",
							"from": [ 6.101, 2.2, -4.7 ],
							"to": [ 15.301, 3.2, 0.0 ],
							"rotationOrigin": [ 6.1, 3.2, 0.0 ],
							"rotationX": -16.5,
							"rotationY": 180.0,
							"faces": {
								"north": { "texture": "#saddleornate", "uv": [ 0.0, 12.5, 9.0, 13.5 ] },
								"east": { "texture": "#saddleornate", "uv": [ 5.5, 5.0, 10.0, 6.0 ] },
								"south": { "texture": "#saddleornate", "uv": [ 3.5, 13.5, 12.5, 14.5 ] },
								"west": { "texture": "#saddleornate", "uv": [ 2.0, 6.5, 6.5, 7.5 ] },
								"up": { "texture": "#saddleornate", "uv": [ 0.0, 6.5, 16.0, 14.5 ], "rotation": 180, "autoUv": false },
								"down": { "texture": "#saddleornate", "uv": [ 2.0, 4.5, 11.0, 9.0 ], "windMode": [-1,-1,-1,-1], "windData": [1,1,1,1] }
							},
							"children": [
								{
									"name": "SaddleFrontN26",
									"from": [ 0.0, 1.0, 0.5 ],
									"to": [ 9.2, 1.4, 4.7 ],
									"rotationOrigin": [ 0.0, 1.0, 4.7 ],
									"rotationX": -125.0,
									"faces": {
										"north": { "texture": "#saddleornate", "uv": [ 0.0, 13.0, 9.0, 13.5 ] },
										"east": { "texture": "#saddleornate", "uv": [ 6.0, 0.5, 10.0, 1.0 ] },
										"south": { "texture": "#saddleornate", "uv": [ 8.0, 13.0, 17.0, 13.5 ] },
										"west": { "texture": "#saddleornate", "uv": [ 2.0, 6.5, 6.0, 7.0 ] },
										"up": { "texture": "#saddleornate", "uv": [ 8.0, 2.5, 17.0, 6.5 ] },
										"down": { "texture": "#saddleornate", "uv": [ 0.0, 0.0, 16.0, 6.5 ], "autoUv": false, "windMode": [-1,-1,-1,-1], "windData": [1,1,1,1] }
									},
									"children": [
										{
											"name": "SaddleFrontN27",
											"from": [ 1.45, 0.0, 1.2 ],
											"to": [ 7.75, 0.4, 4.2 ],
											"rotationOrigin": [ 1.4, 0.0, 4.2 ],
											"rotationX": -5.0,
											"faces": {
												"north": { "texture": "#saddleornate", "uv": [ 0.0, 13.0, 6.0, 13.5 ] },
												"east": { "texture": "#saddleornate", "uv": [ 6.0, 0.5, 9.0, 1.0 ] },
												"south": { "texture": "#saddleornate", "uv": [ 8.0, 13.0, 14.0, 13.5 ] },
												"west": { "texture": "#saddleornate", "uv": [ 2.0, 6.5, 5.0, 7.0 ] },
												"up": { "texture": "#saddleornate", "uv": [ 6.0, 3.0, 12.0, 6.0 ] },
												"down": { "texture": "#saddleornate", "uv": [ 2.5, 2.5, 13.5, 6.5 ], "autoUv": false, "windMode": [-1,-1,-1,-1], "windData": [1,1,1,1] }
											}
										},
										{
											"name": "SaddleFrontN28",
											"from": [ 1.25, 0.0, 0.9 ],
											"to": [ 7.95, 0.4, 4.1 ],
											"rotationOrigin": [ 1.2, 0.0, 4.1 ],
											"rotationX": -5.0,
											"faces": {
												"north": { "texture": "#saddlemain", "uv": [ 4.5, 8.0, 11.0, 8.5 ] },
												"east": { "texture": "#saddlemain", "uv": [ 6.0, 5.5, 9.0, 6.0 ] },
												"south": { "texture": "#saddlemain", "uv": [ 4.5, 9.0, 11.0, 9.5 ] },
												"west": { "texture": "#saddlemain", "uv": [ 3.5, 6.5, 6.5, 7.0 ] },
												"up": { "texture": "#saddlemain", "uv": [ 5.0, 7.0, 11.5, 10.0 ] },
												"down": { "texture": "#saddlemain", "uv": [ 0.0, 0.0, 16.0, 4.0 ], "autoUv": false, "windMode": [-1,-1,-1,-1], "windData": [1,1,1,1] }
											}
										},
										{
											"name": "SaddleFrontN29",
											"from": [ -0.26, 0.1, -0.3 ],
											"to": [ 9.44, 0.5, 4.2 ],
											"rotationOrigin": [ -0.3, 0.1, 4.2 ],
											"faces": {
												"north": { "texture": "#saddlemain", "uv": [ 1.0, 15.5, 10.5, 16.0 ] },
												"east": { "texture": "#saddlemain", "uv": [ 2.5, 15.5, 7.0, 16.0 ] },
												"south": { "texture": "#saddlemain", "uv": [ 1.5, 15.5, 11.0, 16.0 ] },
												"west": { "texture": "#saddlemain", "uv": [ 2.5, 15.5, 7.0, 16.0 ] },
												"up": { "texture": "#saddlemain", "uv": [ 3.5, 6.0, 13.0, 10.5 ] },
												"down": { "texture": "#saddlemain", "uv": [ 0.0, 10.0, 16.0, 14.0 ], "autoUv": false, "windMode": [-1,-1,-1,-1], "windData": [1,1,1,1] }
											}
										},
										{
											"name": "SaddleFrontN30",
											"from": [ -0.25, -0.3, -0.4 ],
											"to": [ 9.45, 0.1, 4.2 ],
											"rotationOrigin": [ -0.3, 0.1, 4.2 ],
											"rotationX": 125.0,
											"faces": {
												"north": { "texture": "#saddlemain", "uv": [ 2.0, 15.5, 11.5, 16.0 ] },
												"east": { "texture": "#saddlemain", "uv": [ 3.0, 15.5, 7.5, 16.0 ] },
												"south": { "texture": "#saddlemain", "uv": [ 2.0, 15.5, 11.5, 16.0 ] },
												"west": { "texture": "#saddlemain", "uv": [ 3.5, 15.5, 8.0, 16.0 ] },
												"up": { "texture": "#saddlemain", "uv": [ 0.0, 6.0, 16.0, 10.5 ], "autoUv": false },
												"down": { "texture": "#saddlemain", "uv": [ 2.5, 5.5, 13.5, 9.5 ], "autoUv": false, "windMode": [-1,-1,-1,-1], "windData": [1,1,1,1] }
											}
										}
									]
								}
							]
						},
						{
							"name": "SaddleFrontN8",
							"from": [ 5.2813, 2.8972, 3.5 ],
							"to": [ 5.7813, 6.0972, 5.5 ],
							"rotationOrigin": [ 5.283, 2.8872, 3.6 ],
							"rotationZ": -12.0,
							"faces": {
								"north": { "texture": "#saddlemain", "uv": [ 5.5, 7.0, 6.0, 10.0 ] },
								"east": { "texture": "#saddlemain", "uv": [ 4.0, 1.0, 6.0, 4.0 ] },
								"south": { "texture": "#saddlemain", "uv": [ 9.5, 4.0, 10.0, 7.0 ] },
								"west": { "texture": "#saddlemain", "uv": [ 3.0, 6.5, 5.0, 9.5 ] },
								"up": { "texture": "#saddlemain", "uv": [ 2.0, 5.0, 2.5, 7.0 ] },
								"down": { "texture": "#saddlemain", "uv": [ 0.0, 4.5, 0.5, 6.5 ], "windMode": [-1,-1,-1,-1], "windData": [1,1,1,1] }
							},
							"children": [
								{
									"name": "SaddleFrontN9",
									"from": [ 0.0, 0.0, -1.0 ],
									"to": [ 0.6, 3.2, 0.0 ],
									"rotationOrigin": [ 0.5, 3.2, 0.0 ],
									"rotationY": 15.0,
									"faces": {
										"north": { "texture": "#saddlemain", "uv": [ 5.5, 7.0, 6.0, 10.0 ] },
										"east": { "texture": "#saddlemain", "uv": [ 4.0, 1.0, 5.0, 4.0 ] },
										"south": { "texture": "#saddlemain", "uv": [ 9.5, 4.0, 10.0, 7.0 ] },
										"west": { "texture": "#saddlemain", "uv": [ 3.0, 6.5, 4.0, 9.5 ] },
										"up": { "texture": "#saddlemain", "uv": [ 2.0, 5.0, 2.5, 6.0 ] },
										"down": { "texture": "#saddlemain", "uv": [ 0.0, 4.5, 0.5, 5.5 ], "windMode": [-1,-1,-1,-1], "windData": [1,1,1,1] }
									},
									"children": [
										{
											"name": "SaddleFrontN10",
											"from": [ 0.0, 0.0, -1.0 ],
											"to": [ 0.5, 3.2, 0.0 ],
											"rotationOrigin": [ 0.5, 3.2, 0.0 ],
											"rotationY": 15.0,
											"faces": {
												"north": { "texture": "#saddlemain", "uv": [ 5.5, 7.0, 6.0, 10.0 ] },
												"east": { "texture": "#saddlemain", "uv": [ 4.0, 1.0, 5.0, 4.0 ] },
												"south": { "texture": "#saddlemain", "uv": [ 9.5, 4.0, 10.0, 7.0 ] },
												"west": { "texture": "#saddlemain", "uv": [ 3.0, 6.5, 4.0, 9.5 ] },
												"up": { "texture": "#saddlemain", "uv": [ 2.0, 5.0, 2.5, 6.0 ] },
												"down": { "texture": "#saddlemain", "uv": [ 0.0, 4.5, 0.5, 5.5 ], "windMode": [-1,-1,-1,-1], "windData": [1,1,1,1] }
											},
											"children": [
												{
													"name": "SaddleFrontN17",
													"from": [ 0.0, 0.0, -1.0 ],
													"to": [ 0.6, 3.2, 0.0 ],
													"rotationOrigin": [ 0.5, 3.2, 0.0 ],
													"rotationY": 15.0,
													"faces": {
														"north": { "texture": "#saddlemain", "uv": [ 5.5, 7.0, 6.0, 10.0 ] },
														"east": { "texture": "#saddlemain", "uv": [ 4.0, 1.0, 5.0, 4.0 ] },
														"south": { "texture": "#saddlemain", "uv": [ 9.5, 4.0, 10.0, 7.0 ] },
														"west": { "texture": "#saddlemain", "uv": [ 3.0, 6.5, 4.0, 9.5 ] },
														"up": { "texture": "#saddlemain", "uv": [ 2.0, 5.0, 2.5, 6.0 ] },
														"down": { "texture": "#saddlemain", "uv": [ 0.0, 4.5, 0.5, 5.5 ], "windMode": [-1,-1,-1,-1], "windData": [1,1,1,1] }
													},
													"children": [
														{
															"name": "SaddleFrontN33",
															"from": [ -0.1, -0.1, -0.2 ],
															"to": [ 0.7, 3.3, 0.0 ],
															"rotationOrigin": [ 0.4, 3.1, 0.8 ],
															"faces": {
																"north": { "texture": "#saddlemain", "uv": [ 0.0, 7.0, 0.5, 10.0 ] },
																"east": { "texture": "#saddlemain", "uv": [ 0.0, 5.5, 0.5, 8.5 ] },
																"south": { "texture": "#saddlemain", "uv": [ 0.0, 6.5, 0.5, 9.5 ] },
																"west": { "texture": "#saddlemain", "uv": [ 0.0, 6.5, 0.5, 9.5 ] },
																"up": { "texture": "#saddlemain", "uv": [ 0.0, 7.0, 0.5, 7.5 ] },
																"down": { "texture": "#saddlemain", "uv": [ 0.0, 6.0, 0.5, 6.5 ], "windMode": [-1,-1,-1,-1], "windData": [1,1,1,1] }
															}
														},
														{
															"name": "SaddleMetalBit12",
															"from": [ -0.1, 2.8, 0.1 ],
															"to": [ 0.7, 3.0, 0.3 ],
															"rotationOrigin": [ -0.1, 2.8, 0.1 ],
															"faces": {
																"north": { "texture": "#saddlemetal", "uv": [ 6.5, 0.0, 7.0, 0.5 ] },
																"east": { "texture": "#saddlemetal", "uv": [ 4.5, 0.0, 5.0, 0.5 ] },
																"south": { "texture": "#saddlemetal", "uv": [ 15.5, 9.0, 16.0, 9.5 ] },
																"west": { "texture": "#saddlemetal", "uv": [ 13.5, 15.5, 14.0, 16.0 ] },
																"up": { "texture": "#saddlemetal", "uv": [ 15.5, 10.0, 16.0, 10.5 ] },
																"down": { "texture": "#saddlemetal", "uv": [ 0.0, 4.5, 0.5, 5.0 ], "windMode": [-1,-1,-1,-1], "windData": [1,1,1,1] }
															}
														}
													]
												},
												{
													"name": "SaddleMetalBit9",
													"from": [ -0.1, 2.8, 0.0 ],
													"to": [ 0.6, 3.0, 0.2 ],
													"rotationOrigin": [ -0.1, 2.8, 0.0 ],
													"faces": {
														"north": { "texture": "#saddlemetal", "uv": [ 6.5, 0.0, 7.0, 0.5 ] },
														"east": { "texture": "#saddlemetal", "uv": [ 4.5, 0.0, 5.0, 0.5 ] },
														"south": { "texture": "#saddlemetal", "uv": [ 15.5, 9.0, 16.0, 9.5 ] },
														"west": { "texture": "#saddlemetal", "uv": [ 13.5, 15.5, 14.0, 16.0 ] },
														"up": { "texture": "#saddlemetal", "uv": [ 15.5, 10.0, 16.0, 10.5 ] },
														"down": { "texture": "#saddlemetal", "uv": [ 0.0, 4.5, 0.5, 5.0 ], "windMode": [-1,-1,-1,-1], "windData": [1,1,1,1] }
													},
													"children": [
														{
															"name": "SaddleMetalBit10",
															"from": [ 0.0, 0.0, 0.8 ],
															"to": [ 0.7, 0.2, 1.0 ],
															"rotationOrigin": [ 0.0, 0.0, 0.8 ],
															"faces": {
																"north": { "texture": "#saddlemetal", "uv": [ 6.5, 0.0, 7.0, 0.5 ] },
																"east": { "texture": "#saddlemetal", "uv": [ 4.5, 0.0, 5.0, 0.5 ] },
																"south": { "texture": "#saddlemetal", "uv": [ 15.5, 9.0, 16.0, 9.5 ] },
																"west": { "texture": "#saddlemetal", "uv": [ 13.5, 15.5, 14.0, 16.0 ] },
																"up": { "texture": "#saddlemetal", "uv": [ 15.5, 10.0, 16.0, 10.5 ] },
																"down": { "texture": "#saddlemetal", "uv": [ 0.0, 4.5, 0.5, 5.0 ], "windMode": [-1,-1,-1,-1], "windData": [1,1,1,1] }
															}
														}
													]
												}
											]
										}
									]
								},
								{
									"name": "SaddleFrontN11",
									"from": [ -0.01, 0.0, 2.0 ],
									"to": [ 0.59, 3.2, 3.0 ],
									"rotationOrigin": [ 0.5, 3.2, 2.0 ],
									"rotationY": -15.0,
									"faces": {
										"north": { "texture": "#saddlemain", "uv": [ 5.5, 7.0, 6.0, 10.0 ] },
										"east": { "texture": "#saddlemain", "uv": [ 4.0, 1.0, 5.0, 4.0 ] },
										"south": { "texture": "#saddlemain", "uv": [ 9.5, 4.0, 10.0, 7.0 ] },
										"west": { "texture": "#saddlemain", "uv": [ 3.0, 6.5, 4.0, 9.5 ] },
										"up": { "texture": "#saddlemain", "uv": [ 2.0, 5.0, 2.5, 6.0 ] },
										"down": { "texture": "#saddlemain", "uv": [ 0.0, 4.5, 0.5, 5.5 ], "windMode": [-1,-1,-1,-1], "windData": [1,1,1,1] }
									},
									"children": [
										{
											"name": "SaddleFrontN12",
											"from": [ 0.0, 0.0, 1.0 ],
											"to": [ 0.5, 3.2, 2.0 ],
											"rotationOrigin": [ 0.51, 3.2, 1.0 ],
											"rotationY": -15.0,
											"faces": {
												"north": { "texture": "#saddlemain", "uv": [ 5.5, 7.0, 6.0, 10.0 ] },
												"east": { "texture": "#saddlemain", "uv": [ 4.0, 1.0, 5.0, 4.0 ] },
												"south": { "texture": "#saddlemain", "uv": [ 9.5, 4.0, 10.0, 7.0 ] },
												"west": { "texture": "#saddlemain", "uv": [ 3.0, 6.5, 4.0, 9.5 ] },
												"up": { "texture": "#saddlemain", "uv": [ 2.0, 5.0, 2.5, 6.0 ] },
												"down": { "texture": "#saddlemain", "uv": [ 0.0, 4.5, 0.5, 5.5 ], "windMode": [-1,-1,-1,-1], "windData": [1,1,1,1] }
											},
											"children": [
												{
													"name": "SaddleFrontN16",
													"from": [ 0.0, 0.0, 1.0 ],
													"to": [ 0.6, 3.2, 2.0 ],
													"rotationOrigin": [ 0.51, 3.2, 1.0 ],
													"rotationY": -15.0,
													"faces": {
														"north": { "texture": "#saddlemain", "uv": [ 5.5, 7.0, 6.0, 10.0 ] },
														"east": { "texture": "#saddlemain", "uv": [ 4.0, 1.0, 5.0, 4.0 ] },
														"south": { "texture": "#saddlemain", "uv": [ 9.5, 4.0, 10.0, 7.0 ] },
														"west": { "texture": "#saddlemain", "uv": [ 3.0, 6.5, 4.0, 9.5 ] },
														"up": { "texture": "#saddlemain", "uv": [ 2.0, 5.0, 2.5, 6.0 ] },
														"down": { "texture": "#saddlemain", "uv": [ 0.0, 4.5, 0.5, 5.5 ], "windMode": [-1,-1,-1,-1], "windData": [1,1,1,1] }
													},
													"children": [
														{
															"name": "SaddleFrontN32",
															"from": [ -0.1, -0.1, 1.0 ],
															"to": [ 0.7, 3.3, 1.2 ],
															"rotationOrigin": [ 0.41, 3.1, 1.0 ],
															"faces": {
																"north": { "texture": "#saddlemain", "uv": [ 0.0, 8.5, 0.5, 11.5 ] },
																"east": { "texture": "#saddlemain", "uv": [ 0.0, 5.5, 0.5, 8.5 ] },
																"south": { "texture": "#saddlemain", "uv": [ 0.0, 8.0, 0.5, 11.0 ] },
																"west": { "texture": "#saddlemain", "uv": [ 0.0, 7.5, 0.5, 10.5 ] },
																"up": { "texture": "#saddlemain", "uv": [ 0.0, 6.0, 0.5, 6.5 ] },
																"down": { "texture": "#saddlemain", "uv": [ 0.0, 4.5, 0.5, 5.0 ], "windMode": [-1,-1,-1,-1], "windData": [1,1,1,1] }
															}
														},
														{
															"name": "SaddleMetalBit11",
															"from": [ -0.1, 2.8, 0.7 ],
															"to": [ 0.7, 3.0, 0.9 ],
															"rotationOrigin": [ -2.1, 2.8, 0.7 ],
															"faces": {
																"north": { "texture": "#saddlemetal", "uv": [ 6.5, 0.0, 7.0, 0.5 ] },
																"east": { "texture": "#saddlemetal", "uv": [ 4.5, 0.0, 5.0, 0.5 ] },
																"south": { "texture": "#saddlemetal", "uv": [ 15.5, 9.0, 16.0, 9.5 ] },
																"west": { "texture": "#saddlemetal", "uv": [ 13.5, 15.5, 14.0, 16.0 ] },
																"up": { "texture": "#saddlemetal", "uv": [ 15.5, 10.0, 16.0, 10.5 ] },
																"down": { "texture": "#saddlemetal", "uv": [ 0.0, 4.5, 0.5, 5.0 ], "windMode": [-1,-1,-1,-1], "windData": [1,1,1,1] }
															}
														}
													]
												},
												{
													"name": "SaddleMetalBit7",
													"from": [ -0.1, 2.8, 0.0 ],
													"to": [ 0.6, 3.0, 0.2 ],
													"rotationOrigin": [ -0.1, 2.8, 0.0 ],
													"faces": {
														"north": { "texture": "#saddlemetal", "uv": [ 6.5, 0.0, 7.0, 0.5 ] },
														"east": { "texture": "#saddlemetal", "uv": [ 4.5, 0.0, 5.0, 0.5 ] },
														"south": { "texture": "#saddlemetal", "uv": [ 15.5, 9.0, 16.0, 9.5 ] },
														"west": { "texture": "#saddlemetal", "uv": [ 13.5, 15.5, 14.0, 16.0 ] },
														"up": { "texture": "#saddlemetal", "uv": [ 15.5, 10.0, 16.0, 10.5 ] },
														"down": { "texture": "#saddlemetal", "uv": [ 0.0, 4.5, 0.5, 5.0 ], "windMode": [-1,-1,-1,-1], "windData": [1,1,1,1] }
													},
													"children": [
														{
															"name": "SaddleMetalBit8",
															"from": [ 0.0, 0.0, 0.8 ],
															"to": [ 0.7, 0.2, 1.0 ],
															"rotationOrigin": [ 0.0, 0.0, 0.8 ],
															"faces": {
																"north": { "texture": "#saddlemetal", "uv": [ 6.5, 0.0, 7.0, 0.5 ] },
																"east": { "texture": "#saddlemetal", "uv": [ 4.5, 0.0, 5.0, 0.5 ] },
																"south": { "texture": "#saddlemetal", "uv": [ 15.5, 9.0, 16.0, 9.5 ] },
																"west": { "texture": "#saddlemetal", "uv": [ 13.5, 15.5, 14.0, 16.0 ] },
																"up": { "texture": "#saddlemetal", "uv": [ 15.5, 10.0, 16.0, 10.5 ] },
																"down": { "texture": "#saddlemetal", "uv": [ 0.0, 4.5, 0.5, 5.0 ], "windMode": [-1,-1,-1,-1], "windData": [1,1,1,1] }
															}
														}
													]
												}
											]
										}
									]
								},
								{
									"name": "SaddleFrontN13",
									"from": [ -7.4203, -1.1999, 1.8 ],
									"to": [ -6.8203, 2.0001, 3.8 ],
									"rotationOrigin": [ -7.4186, -1.2099, 1.9 ],
									"rotationX": 180.0,
									"rotationZ": 167.0,
									"faces": {
										"north": { "texture": "#saddlemain", "uv": [ 15.5, 9.5, 16.0, 12.5 ] },
										"east": { "texture": "#saddlemain", "uv": [ 4.0, 1.0, 6.0, 4.0 ] },
										"south": { "texture": "#saddlemain", "uv": [ 15.5, 4.5, 16.0, 7.5 ] },
										"west": { "texture": "#saddlemain", "uv": [ 6.0, 1.5, 8.0, 4.5 ] },
										"up": { "texture": "#saddlemain", "uv": [ 2.0, 5.0, 2.5, 7.0 ] },
										"down": { "texture": "#saddlemain", "uv": [ 0.0, 4.5, 0.5, 6.5 ], "windMode": [-1,-1,-1,-1], "windData": [1,1,1,1] }
									},
									"children": [
										{
											"name": "SaddleFrontN14",
											"from": [ 0.05, 0.5, 0.0 ],
											"to": [ 0.55, 2.7, 1.0 ],
											"rotationOrigin": [ 0.3, 2.69, 0.0 ],
											"rotationX": 25.0,
											"rotationY": -3.0,
											"rotationZ": 3.0,
											"faces": {
												"north": { "texture": "#saddlemain", "uv": [ 15.5, 8.5, 16.0, 10.5 ] },
												"east": { "texture": "#saddlemain", "uv": [ 4.0, 1.0, 5.0, 3.0 ] },
												"south": { "texture": "#saddlemain", "uv": [ 15.5, 6.0, 16.0, 8.0 ] },
												"west": { "texture": "#saddlemain", "uv": [ 3.0, 6.5, 4.0, 8.5 ] },
												"up": { "texture": "#saddlemain", "uv": [ 2.0, 5.0, 2.5, 6.0 ] },
												"down": { "texture": "#saddlemain", "uv": [ 0.0, 4.5, 0.5, 5.5 ], "windMode": [-1,-1,-1,-1], "windData": [1,1,1,1] }
											},
											"children": [
												{
													"name": "SaddleFrontN21",
													"from": [ 0.06, -1.0, 0.0 ],
													"to": [ 0.46, 1.2, 1.0 ],
													"rotationOrigin": [ 0.25, 1.19, 0.0 ],
													"rotationX": 25.0,
													"rotationY": -3.0,
													"rotationZ": 3.0,
													"faces": {
														"north": { "texture": "#saddlemain", "uv": [ 15.5, 9.5, 16.0, 11.5 ] },
														"east": { "texture": "#saddlemain", "uv": [ 4.0, 1.0, 5.0, 3.0 ] },
														"south": { "texture": "#saddlemain", "uv": [ 9.5, 4.0, 10.0, 6.0 ] },
														"west": { "texture": "#saddlemain", "uv": [ 3.0, 6.5, 4.0, 8.5 ] },
														"up": { "texture": "#saddlemain", "uv": [ 2.0, 5.0, 2.5, 6.0 ] },
														"down": { "texture": "#saddlemain", "uv": [ 0.0, 4.5, 0.5, 5.5 ], "windMode": [-1,-1,-1,-1], "windData": [1,1,1,1] }
													}
												}
											]
										},
										{
											"name": "SaddleFrontN15",
											"from": [ 0.05, 0.5, 1.0 ],
											"to": [ 0.55, 2.7, 2.0 ],
											"rotationOrigin": [ 0.1, 2.69, 2.0 ],
											"rotationX": -25.0,
											"rotationY": 2.0,
											"rotationZ": 3.0,
											"faces": {
												"north": { "texture": "#saddlemain", "uv": [ 5.5, 7.0, 6.0, 9.0 ] },
												"east": { "texture": "#saddlemain", "uv": [ 4.0, 1.0, 5.0, 3.0 ] },
												"south": { "texture": "#saddlemain", "uv": [ 15.5, 5.5, 16.0, 7.5 ] },
												"west": { "texture": "#saddlemain", "uv": [ 3.0, 6.5, 4.0, 8.5 ] },
												"up": { "texture": "#saddlemain", "uv": [ 2.0, 5.0, 2.5, 6.0 ] },
												"down": { "texture": "#saddlemain", "uv": [ 0.0, 4.5, 0.5, 5.5 ], "windMode": [-1,-1,-1,-1], "windData": [1,1,1,1] }
											},
											"children": [
												{
													"name": "SaddleFrontN22",
													"from": [ 0.05, -1.0, 0.0 ],
													"to": [ 0.45, 1.2, 1.0 ],
													"rotationOrigin": [ 0.15, 1.19, 1.0 ],
													"rotationX": -25.0,
													"rotationY": 3.0,
													"rotationZ": 3.0,
													"faces": {
														"north": { "texture": "#saddlemain", "uv": [ 5.5, 7.0, 6.0, 9.0 ] },
														"east": { "texture": "#saddlemain", "uv": [ 4.0, 1.0, 5.0, 3.0 ] },
														"south": { "texture": "#saddlemain", "uv": [ 15.5, 5.5, 16.0, 7.5 ] },
														"west": { "texture": "#saddlemain", "uv": [ 3.0, 6.5, 4.0, 8.5 ] },
														"up": { "texture": "#saddlemain", "uv": [ 2.0, 5.0, 2.5, 6.0 ] },
														"down": { "texture": "#saddlemain", "uv": [ 0.0, 4.5, 0.5, 5.5 ], "windMode": [-1,-1,-1,-1], "windData": [1,1,1,1] }
													}
												}
											]
										},
										{
											"name": "SaddleFrontN31",
											"from": [ -0.05, 3.2, -0.1 ],
											"to": [ 0.65, 3.6, 2.1 ],
											"rotationOrigin": [ -0.0983, 3.19, 0.0 ],
											"faces": {
												"north": { "texture": "#saddlemain", "uv": [ 6.5, 0.0, 7.0, 0.5 ] },
												"east": { "texture": "#saddlemain", "uv": [ 4.5, 0.0, 6.5, 0.5 ] },
												"south": { "texture": "#saddlemain", "uv": [ 15.5, 9.0, 16.0, 9.5 ] },
												"west": { "texture": "#saddlemain", "uv": [ 13.5, 15.5, 15.5, 16.0 ] },
												"up": { "texture": "#saddlemain", "uv": [ 15.5, 10.0, 16.0, 12.0 ] },
												"down": { "texture": "#saddlemain", "uv": [ 0.0, 4.5, 0.5, 6.5 ], "windMode": [-1,-1,-1,-1], "windData": [1,1,1,1] }
											}
										},
										{
											"name": "SaddleMetalBit",
											"from": [ -0.05, 2.9, 0.2 ],
											"to": [ 0.65, 3.1, 0.4 ],
											"rotationOrigin": [ -0.1, 2.9, 0.2 ],
											"faces": {
												"north": { "texture": "#saddlemetal", "uv": [ 6.5, 0.0, 7.0, 0.5 ] },
												"east": { "texture": "#saddlemetal", "uv": [ 4.5, 0.0, 5.0, 0.5 ] },
												"south": { "texture": "#saddlemetal", "uv": [ 15.5, 9.0, 16.0, 9.5 ] },
												"west": { "texture": "#saddlemetal", "uv": [ 13.5, 15.5, 14.0, 16.0 ] },
												"up": { "texture": "#saddlemetal", "uv": [ 15.5, 10.0, 16.0, 10.5 ] },
												"down": { "texture": "#saddlemetal", "uv": [ 0.0, 4.5, 0.5, 5.0 ], "windMode": [-1,-1,-1,-1], "windData": [1,1,1,1] }
											}
										},
										{
											"name": "SaddleMetalBit3",
											"from": [ -0.05, 2.9, 1.6 ],
											"to": [ 0.65, 3.1, 1.8 ],
											"rotationOrigin": [ -0.1, 2.9, 1.6 ],
											"faces": {
												"north": { "texture": "#saddlemetal", "uv": [ 6.5, 0.0, 7.0, 0.5 ] },
												"east": { "texture": "#saddlemetal", "uv": [ 4.5, 0.0, 5.0, 0.5 ] },
												"south": { "texture": "#saddlemetal", "uv": [ 15.5, 9.0, 16.0, 9.5 ] },
												"west": { "texture": "#saddlemetal", "uv": [ 13.5, 15.5, 14.0, 16.0 ] },
												"up": { "texture": "#saddlemetal", "uv": [ 15.5, 10.0, 16.0, 10.5 ] },
												"down": { "texture": "#saddlemetal", "uv": [ 0.0, 4.5, 0.5, 5.0 ], "windMode": [-1,-1,-1,-1], "windData": [1,1,1,1] }
											}
										},
										{
											"name": "SaddleMetalBit2",
											"from": [ -0.05, 2.9, 0.9 ],
											"to": [ 0.65, 3.1, 1.1 ],
											"rotationOrigin": [ -0.1, 2.9, 0.9 ],
											"faces": {
												"north": { "texture": "#saddlemetal", "uv": [ 6.5, 0.0, 7.0, 0.5 ] },
												"east": { "texture": "#saddlemetal", "uv": [ 4.5, 0.0, 5.0, 0.5 ] },
												"south": { "texture": "#saddlemetal", "uv": [ 15.5, 9.0, 16.0, 9.5 ] },
												"west": { "texture": "#saddlemetal", "uv": [ 13.5, 15.5, 14.0, 16.0 ] },
												"up": { "texture": "#saddlemetal", "uv": [ 15.5, 10.0, 16.0, 10.5 ] },
												"down": { "texture": "#saddlemetal", "uv": [ 0.0, 4.5, 0.5, 5.0 ], "windMode": [-1,-1,-1,-1], "windData": [1,1,1,1] }
											}
										}
									]
								},
								{
									"name": "SaddleMetalBit4",
									"from": [ -0.1, 2.8, 0.9 ],
									"to": [ 0.6, 3.0, 1.1 ],
									"rotationOrigin": [ -0.1, 2.8, 0.9 ],
									"faces": {
										"north": { "texture": "#saddlemetal", "uv": [ 6.5, 0.0, 7.0, 0.5 ] },
										"east": { "texture": "#saddlemetal", "uv": [ 4.5, 0.0, 5.0, 0.5 ] },
										"south": { "texture": "#saddlemetal", "uv": [ 15.5, 9.0, 16.0, 9.5 ] },
										"west": { "texture": "#saddlemetal", "uv": [ 13.5, 15.5, 14.0, 16.0 ] },
										"up": { "texture": "#saddlemetal", "uv": [ 15.5, 10.0, 16.0, 10.5 ] },
										"down": { "texture": "#saddlemetal", "uv": [ 0.0, 4.5, 0.5, 5.0 ], "windMode": [-1,-1,-1,-1], "windData": [1,1,1,1] }
									}
								},
								{
									"name": "SaddleMetalBit5",
									"from": [ -0.1, 2.8, 0.0 ],
									"to": [ 0.6, 3.0, 0.2 ],
									"rotationOrigin": [ -0.1, 2.8, 0.0 ],
									"faces": {
										"north": { "texture": "#saddlemetal", "uv": [ 6.5, 0.0, 7.0, 0.5 ] },
										"east": { "texture": "#saddlemetal", "uv": [ 4.5, 0.0, 5.0, 0.5 ] },
										"south": { "texture": "#saddlemetal", "uv": [ 15.5, 9.0, 16.0, 9.5 ] },
										"west": { "texture": "#saddlemetal", "uv": [ 13.5, 15.5, 14.0, 16.0 ] },
										"up": { "texture": "#saddlemetal", "uv": [ 15.5, 10.0, 16.0, 10.5 ] },
										"down": { "texture": "#saddlemetal", "uv": [ 0.0, 4.5, 0.5, 5.0 ], "windMode": [-1,-1,-1,-1], "windData": [1,1,1,1] }
									}
								},
								{
									"name": "SaddleMetalBit6",
									"from": [ -0.1, 2.8, 1.8 ],
									"to": [ 0.6, 3.0, 2.0 ],
									"rotationOrigin": [ -0.1, 2.8, 1.8 ],
									"faces": {
										"north": { "texture": "#saddlemetal", "uv": [ 6.5, 0.0, 7.0, 0.5 ] },
										"east": { "texture": "#saddlemetal", "uv": [ 4.5, 0.0, 5.0, 0.5 ] },
										"south": { "texture": "#saddlemetal", "uv": [ 15.5, 9.0, 16.0, 9.5 ] },
										"west": { "texture": "#saddlemetal", "uv": [ 13.5, 15.5, 14.0, 16.0 ] },
										"up": { "texture": "#saddlemetal", "uv": [ 15.5, 10.0, 16.0, 10.5 ] },
										"down": { "texture": "#saddlemetal", "uv": [ 0.0, 4.5, 0.5, 5.0 ], "windMode": [-1,-1,-1,-1], "windData": [1,1,1,1] }
									}
								}
							]
						},
						{
							"name": "StrapFront15",
							"from": [ 3.4, 0.0, -0.1 ],
							"to": [ 4.4, 7.0, 9.2 ],
							"rotationOrigin": [ 3.4, 0.0, -0.1 ],
							"rotationZ": 90.0,
							"faces": {
								"north": { "texture": "#saddlemain", "uv": [ 9.5, 0.0, 16.0, 0.5 ], "rotation": 90, "autoUv": false },
								"east": { "texture": "#saddlemain", "uv": [ 3.5, 4.0, 12.5, 11.0 ] },
								"south": { "texture": "#saddlemain", "uv": [ 0.0, 15.5, 6.0, 16.0 ], "rotation": 90, "autoUv": false },
								"west": { "texture": "#saddlemain", "uv": [ 4.0, 4.0, 13.0, 11.0 ] },
								"up": { "texture": "#saddlemain", "uv": [ 3.0, 15.5, 13.0, 16.0 ], "rotation": 90, "autoUv": false },
								"down": { "texture": "#saddlemain", "uv": [ 3.0, 15.5, 13.0, 16.0 ], "rotation": 90, "autoUv": false }
							},
							"children": [
								{
									"name": "StrapFront16",
									"from": [ 1.0, 0.0, 0.0 ],
									"to": [ 2.0, 7.0, 9.3 ],
									"rotationOrigin": [ 1.0, 0.0, 0.0 ],
									"faces": {
										"north": { "texture": "#saddlemain", "uv": [ 9.5, 0.0, 16.0, 0.5 ], "rotation": 90, "autoUv": false },
										"east": { "texture": "#saddlemain", "uv": [ 3.5, 4.0, 12.5, 11.0 ] },
										"south": { "texture": "#saddlemain", "uv": [ 0.0, 15.5, 6.0, 16.0 ], "rotation": 90, "autoUv": false },
										"west": { "texture": "#saddlemain", "uv": [ 4.0, 4.0, 13.0, 11.0 ] },
										"up": { "texture": "#saddlemain", "uv": [ 3.0, 15.5, 13.0, 16.0 ], "rotation": 90, "autoUv": false },
										"down": { "texture": "#saddlemain", "uv": [ 3.0, 15.5, 13.0, 16.0 ], "rotation": 90, "autoUv": false }
									}
								},
								{
									"name": "StrapFront18",
									"from": [ 0.5, -0.2, -0.1 ],
									"to": [ 1.5, 7.1, 9.4 ],
									"rotationOrigin": [ 0.5, -0.2, -0.1 ],
									"faces": {
										"north": { "texture": "#saddlemain", "uv": [ 3.5, 7.5, 10.0, 8.5 ], "rotation": 90, "autoUv": false },
										"east": { "texture": "#saddlemain", "uv": [ 3.5, 4.0, 13.0, 11.0 ] },
										"south": { "texture": "#saddlemain", "uv": [ 3.5, 9.5, 9.5, 10.5 ], "rotation": 90, "autoUv": false },
										"west": { "texture": "#saddlemain", "uv": [ 4.0, 4.0, 13.5, 11.0 ] },
										"up": { "texture": "#saddlemain", "uv": [ 3.0, 10.0, 13.0, 11.0 ], "rotation": 90, "autoUv": false },
										"down": { "texture": "#saddlemain", "uv": [ 3.0, 8.5, 13.0, 9.5 ], "rotation": 90, "autoUv": false }
									}
								}
							]
						},
						{
							"name": "SaddleFrontN34",
							"from": [ -3.3, 2.0, -0.1 ],
							"to": [ -2.8, 2.5, 8.9 ],
							"rotationOrigin": [ -3.3, 2.0, -0.1 ],
							"rotationZ": -4.0,
							"faces": {
								"north": { "texture": "#saddlemain", "uv": [ 2.0, 15.5, 2.5, 16.0 ], "windMode": [-1,-1,-1,-1], "windData": [1,1,1,1] },
								"east": { "texture": "#saddlemain", "uv": [ 4.0, 15.5, 13.0, 16.0 ], "windMode": [-1,-1,-1,-1], "windData": [1,1,1,1] },
								"south": { "texture": "#saddlemain", "uv": [ 2.5, 15.5, 3.0, 16.0 ], "windMode": [-1,-1,-1,-1], "windData": [1,1,1,1] },
								"west": { "texture": "#saddlemain", "uv": [ 4.5, 15.5, 13.5, 16.0 ], "windMode": [-1,-1,-1,-1], "windData": [1,1,1,1] },
								"up": { "texture": "#saddlemain", "uv": [ 0.0, 7.0, 0.5, 16.0 ], "windMode": [-1,-1,-1,-1], "windData": [1,1,1,1] },
								"down": { "texture": "#saddlemain", "uv": [ 2.5, 6.0, 3.0, 15.0 ], "windMode": [-1,-1,-1,-1], "windData": [1,1,1,1] }
							},
							"children": [
								{
									"name": "SaddleFrontN35",
									"from": [ 0.0, 0.5, 0.2 ],
									"to": [ 0.5, 1.0, 8.8 ],
									"rotationOrigin": [ 0.0, 0.5, 0.2 ],
									"faces": {
										"north": { "texture": "#saddlemain", "uv": [ 2.0, 15.5, 2.5, 16.0 ], "windMode": [-1,-1,-1,-1], "windData": [1,1,1,1] },
										"east": { "texture": "#saddlemain", "uv": [ 4.0, 15.5, 12.5, 16.0 ], "windMode": [-1,-1,-1,-1], "windData": [1,1,1,1] },
										"south": { "texture": "#saddlemain", "uv": [ 2.5, 15.5, 3.0, 16.0 ], "windMode": [-1,-1,-1,-1], "windData": [1,1,1,1] },
										"west": { "texture": "#saddlemain", "uv": [ 4.5, 15.5, 13.0, 16.0 ], "windMode": [-1,-1,-1,-1], "windData": [1,1,1,1] },
										"up": { "texture": "#saddlemain", "uv": [ 0.0, 7.0, 0.5, 15.5 ], "windMode": [-1,-1,-1,-1], "windData": [1,1,1,1] },
										"down": { "texture": "#saddlemain", "uv": [ 2.5, 6.0, 3.0, 14.5 ], "windMode": [-1,-1,-1,-1], "windData": [1,1,1,1] }
									}
								},
								{
									"name": "SaddleFrontN36",
									"from": [ 0.0, 1.0, 1.2 ],
									"to": [ 0.5, 1.5, 8.0 ],
									"rotationOrigin": [ 0.0, 1.0, 1.2 ],
									"faces": {
										"north": { "texture": "#saddlemain", "uv": [ 2.0, 15.5, 2.5, 16.0 ], "windMode": [-1,-1,-1,-1], "windData": [1,1,1,1] },
										"east": { "texture": "#saddlemain", "uv": [ 4.0, 15.5, 10.5, 16.0 ], "windMode": [-1,-1,-1,-1], "windData": [1,1,1,1] },
										"south": { "texture": "#saddlemain", "uv": [ 2.5, 15.5, 3.0, 16.0 ], "windMode": [-1,-1,-1,-1], "windData": [1,1,1,1] },
										"west": { "texture": "#saddlemain", "uv": [ 4.5, 15.5, 11.0, 16.0 ], "windMode": [-1,-1,-1,-1], "windData": [1,1,1,1] },
										"up": { "texture": "#saddlemain", "uv": [ 0.0, 7.0, 0.5, 13.5 ], "windMode": [-1,-1,-1,-1], "windData": [1,1,1,1] },
										"down": { "texture": "#saddlemain", "uv": [ 2.5, 6.0, 3.0, 12.5 ], "windMode": [-1,-1,-1,-1], "windData": [1,1,1,1] }
									}
								},
								{
									"name": "SaddleFrontN37",
									"from": [ 0.0, 1.5, 2.9 ],
									"to": [ 0.5, 2.0, 6.3 ],
									"rotationOrigin": [ 0.0, 1.5, 2.9 ],
									"faces": {
										"north": { "texture": "#saddlemain", "uv": [ 2.0, 15.5, 2.5, 16.0 ], "windMode": [-1,-1,-1,-1], "windData": [1,1,1,1] },
										"east": { "texture": "#saddlemain", "uv": [ 4.0, 15.5, 7.0, 16.0 ], "windMode": [-1,-1,-1,-1], "windData": [1,1,1,1] },
										"south": { "texture": "#saddlemain", "uv": [ 2.5, 15.5, 3.0, 16.0 ], "windMode": [-1,-1,-1,-1], "windData": [1,1,1,1] },
										"west": { "texture": "#saddlemain", "uv": [ 4.5, 15.5, 7.5, 16.0 ], "windMode": [-1,-1,-1,-1], "windData": [1,1,1,1] },
										"up": { "texture": "#saddlemain", "uv": [ 0.0, 7.0, 0.5, 10.0 ], "windMode": [-1,-1,-1,-1], "windData": [1,1,1,1] },
										"down": { "texture": "#saddlemain", "uv": [ 2.5, 6.0, 3.0, 9.0 ], "windMode": [-1,-1,-1,-1], "windData": [1,1,1,1] }
									}
								}
							]
						},
						{
							"name": "SaddleFrontN38",
							"from": [ 5.8, 1.9, -0.1 ],
							"to": [ 6.3, 2.4, 8.9 ],
							"rotationOrigin": [ 5.8, 1.9, -0.1 ],
							"rotationZ": 4.0,
							"faces": {
								"north": { "texture": "#saddlemain", "uv": [ 2.0, 15.5, 2.5, 16.0 ], "windMode": [-1,-1,-1,-1], "windData": [1,1,1,1] },
								"east": { "texture": "#saddlemain", "uv": [ 4.0, 15.5, 13.0, 16.0 ], "windMode": [-1,-1,-1,-1], "windData": [1,1,1,1] },
								"south": { "texture": "#saddlemain", "uv": [ 2.5, 15.5, 3.0, 16.0 ], "windMode": [-1,-1,-1,-1], "windData": [1,1,1,1] },
								"west": { "texture": "#saddlemain", "uv": [ 4.5, 15.5, 13.5, 16.0 ], "windMode": [-1,-1,-1,-1], "windData": [1,1,1,1] },
								"up": { "texture": "#saddlemain", "uv": [ 0.0, 7.0, 0.5, 16.0 ], "windMode": [-1,-1,-1,-1], "windData": [1,1,1,1] },
								"down": { "texture": "#saddlemain", "uv": [ 2.5, 6.0, 3.0, 15.0 ], "windMode": [-1,-1,-1,-1], "windData": [1,1,1,1] }
							},
							"children": [
								{
									"name": "SaddleFrontN39",
									"from": [ 0.0, 0.5, 0.2 ],
									"to": [ 0.5, 1.0, 8.8 ],
									"rotationOrigin": [ 0.0, 0.5, 0.2 ],
									"faces": {
										"north": { "texture": "#saddlemain", "uv": [ 2.0, 15.5, 2.5, 16.0 ], "windMode": [-1,-1,-1,-1], "windData": [1,1,1,1] },
										"east": { "texture": "#saddlemain", "uv": [ 4.0, 15.5, 12.5, 16.0 ], "windMode": [-1,-1,-1,-1], "windData": [1,1,1,1] },
										"south": { "texture": "#saddlemain", "uv": [ 2.5, 15.5, 3.0, 16.0 ], "windMode": [-1,-1,-1,-1], "windData": [1,1,1,1] },
										"west": { "texture": "#saddlemain", "uv": [ 4.5, 15.5, 13.0, 16.0 ], "windMode": [-1,-1,-1,-1], "windData": [1,1,1,1] },
										"up": { "texture": "#saddlemain", "uv": [ 0.0, 7.0, 0.5, 15.5 ], "windMode": [-1,-1,-1,-1], "windData": [1,1,1,1] },
										"down": { "texture": "#saddlemain", "uv": [ 2.5, 6.0, 3.0, 14.5 ], "windMode": [-1,-1,-1,-1], "windData": [1,1,1,1] }
									}
								},
								{
									"name": "SaddleFrontN40",
									"from": [ 0.0, 1.0, 1.2 ],
									"to": [ 0.5, 1.5, 8.0 ],
									"rotationOrigin": [ 0.0, 1.0, 1.2 ],
									"faces": {
										"north": { "texture": "#saddlemain", "uv": [ 2.0, 15.5, 2.5, 16.0 ], "windMode": [-1,-1,-1,-1], "windData": [1,1,1,1] },
										"east": { "texture": "#saddlemain", "uv": [ 4.0, 15.5, 10.5, 16.0 ], "windMode": [-1,-1,-1,-1], "windData": [1,1,1,1] },
										"south": { "texture": "#saddlemain", "uv": [ 2.5, 15.5, 3.0, 16.0 ], "windMode": [-1,-1,-1,-1], "windData": [1,1,1,1] },
										"west": { "texture": "#saddlemain", "uv": [ 4.5, 15.5, 11.0, 16.0 ], "windMode": [-1,-1,-1,-1], "windData": [1,1,1,1] },
										"up": { "texture": "#saddlemain", "uv": [ 0.0, 7.0, 0.5, 13.5 ], "windMode": [-1,-1,-1,-1], "windData": [1,1,1,1] },
										"down": { "texture": "#saddlemain", "uv": [ 2.5, 6.0, 3.0, 12.5 ], "windMode": [-1,-1,-1,-1], "windData": [1,1,1,1] }
									}
								},
								{
									"name": "SaddleFrontN41",
									"from": [ 0.0, 1.5, 2.9 ],
									"to": [ 0.5, 2.0, 6.3 ],
									"rotationOrigin": [ 0.0, 1.5, 2.9 ],
									"faces": {
										"north": { "texture": "#saddlemain", "uv": [ 2.0, 15.5, 2.5, 16.0 ], "windMode": [-1,-1,-1,-1], "windData": [1,1,1,1] },
										"east": { "texture": "#saddlemain", "uv": [ 4.0, 15.5, 7.0, 16.0 ], "windMode": [-1,-1,-1,-1], "windData": [1,1,1,1] },
										"south": { "texture": "#saddlemain", "uv": [ 2.5, 15.5, 3.0, 16.0 ], "windMode": [-1,-1,-1,-1], "windData": [1,1,1,1] },
										"west": { "texture": "#saddlemain", "uv": [ 4.5, 15.5, 7.5, 16.0 ], "windMode": [-1,-1,-1,-1], "windData": [1,1,1,1] },
										"up": { "texture": "#saddlemain", "uv": [ 0.0, 7.0, 0.5, 10.0 ], "windMode": [-1,-1,-1,-1], "windData": [1,1,1,1] },
										"down": { "texture": "#saddlemain", "uv": [ 2.5, 6.0, 3.0, 9.0 ], "windMode": [-1,-1,-1,-1], "windData": [1,1,1,1] }
									}
								}
							]
						},
						{
							"name": "StrapFront17",
							"from": [ 3.2, -2.0, -0.1 ],
							"to": [ 4.2, 5.0, 9.2 ],
							"rotationOrigin": [ 3.2, -2.0, -0.1 ],
							"rotationY": -1.0,
							"rotationZ": 90.0,
							"faces": {
								"north": { "texture": "#saddlemain", "uv": [ 9.5, 0.0, 16.0, 0.5 ], "rotation": 90, "autoUv": false },
								"east": { "texture": "#saddlemain", "uv": [ 3.5, 4.0, 12.5, 11.0 ] },
								"south": { "texture": "#saddlemain", "uv": [ 0.0, 15.5, 6.0, 16.0 ], "rotation": 90, "autoUv": false },
								"west": { "texture": "#saddlemain", "uv": [ 4.0, 4.0, 13.0, 11.0 ] },
								"up": { "texture": "#saddlemain", "uv": [ 3.0, 15.5, 13.0, 16.0 ], "rotation": 90, "autoUv": false },
								"down": { "texture": "#saddlemain", "uv": [ 3.0, 15.5, 13.0, 16.0 ], "rotation": 90, "autoUv": false }
							},
							"children": [
								{
									"name": "StrapFront19",
									"from": [ 1.0, 0.0, 0.0 ],
									"to": [ 2.0, 7.0, 9.3 ],
									"rotationOrigin": [ 1.0, 0.0, 0.0 ],
									"faces": {
										"north": { "texture": "#saddlemain", "uv": [ 9.5, 0.0, 16.0, 0.5 ], "rotation": 90, "autoUv": false },
										"east": { "texture": "#saddlemain", "uv": [ 3.5, 4.0, 12.5, 11.0 ] },
										"south": { "texture": "#saddlemain", "uv": [ 0.0, 15.5, 6.0, 16.0 ], "rotation": 90, "autoUv": false },
										"west": { "texture": "#saddlemain", "uv": [ 4.0, 4.0, 13.0, 11.0 ] },
										"up": { "texture": "#saddlemain", "uv": [ 3.0, 15.5, 13.0, 16.0 ], "rotation": 90, "autoUv": false },
										"down": { "texture": "#saddlemain", "uv": [ 3.0, 15.5, 13.0, 16.0 ], "rotation": 90, "autoUv": false }
									}
								},
								{
									"name": "StrapFront20",
									"from": [ 0.5, -0.2, -0.1 ],
									"to": [ 1.5, 7.1, 9.4 ],
									"rotationOrigin": [ 0.5, -0.2, -0.1 ],
									"faces": {
										"north": { "texture": "#saddlemain", "uv": [ 3.5, 7.5, 10.0, 8.5 ], "rotation": 90, "autoUv": false },
										"east": { "texture": "#saddlemain", "uv": [ 3.5, 4.0, 13.0, 11.0 ] },
										"south": { "texture": "#saddlemain", "uv": [ 3.5, 9.5, 9.5, 10.5 ], "rotation": 90, "autoUv": false },
										"west": { "texture": "#saddlemain", "uv": [ 4.0, 4.0, 13.5, 11.0 ] },
										"up": { "texture": "#saddlemain", "uv": [ 3.0, 10.0, 13.0, 11.0 ], "rotation": 90, "autoUv": false },
										"down": { "texture": "#saddlemain", "uv": [ 3.0, 8.5, 13.0, 9.5 ], "rotation": 90, "autoUv": false }
									}
								}
							]
						},
						{
							"name": "StrapFront21",
							"from": [ 7.2, -1.9, 0.0 ],
							"to": [ 8.2, 5.1, 9.1 ],
							"rotationOrigin": [ 7.2, -1.9, 0.0 ],
							"rotationZ": 90.0,
							"faces": {
								"north": { "texture": "#saddlemain", "uv": [ 9.5, 0.0, 16.0, 0.5 ], "rotation": 90, "autoUv": false },
								"east": { "texture": "#saddlemain", "uv": [ 3.5, 4.0, 12.5, 11.0 ] },
								"south": { "texture": "#saddlemain", "uv": [ 0.0, 15.5, 6.0, 16.0 ], "rotation": 90, "autoUv": false },
								"west": { "texture": "#saddlemain", "uv": [ 4.0, 4.0, 13.0, 11.0 ] },
								"up": { "texture": "#saddlemain", "uv": [ 3.0, 15.5, 13.0, 16.0 ], "rotation": 90, "autoUv": false },
								"down": { "texture": "#saddlemain", "uv": [ 3.0, 15.5, 13.0, 16.0 ], "rotation": 90, "autoUv": false }
							},
							"children": [
								{
									"name": "StrapFront22",
									"from": [ 1.0, 0.0, 0.0 ],
									"to": [ 2.0, 7.0, 9.1 ],
									"rotationOrigin": [ 1.0, 0.0, 0.0 ],
									"faces": {
										"north": { "texture": "#saddlemain", "uv": [ 9.5, 0.0, 16.0, 0.5 ], "rotation": 90, "autoUv": false },
										"east": { "texture": "#saddlemain", "uv": [ 3.5, 4.0, 12.5, 11.0 ] },
										"south": { "texture": "#saddlemain", "uv": [ 0.0, 15.5, 6.0, 16.0 ], "rotation": 90, "autoUv": false },
										"west": { "texture": "#saddlemain", "uv": [ 4.0, 4.0, 13.0, 11.0 ] },
										"up": { "texture": "#saddlemain", "uv": [ 3.0, 15.5, 13.0, 16.0 ], "rotation": 90, "autoUv": false },
										"down": { "texture": "#saddlemain", "uv": [ 3.0, 15.5, 13.0, 16.0 ], "rotation": 90, "autoUv": false }
									}
								},
								{
									"name": "StrapFront23",
									"from": [ 0.5, -0.2, -0.1 ],
									"to": [ 1.5, 7.1, 9.2 ],
									"rotationOrigin": [ 0.5, -0.2, -0.1 ],
									"faces": {
										"north": { "texture": "#saddlemain", "uv": [ 3.5, 7.5, 10.0, 8.5 ], "rotation": 90, "autoUv": false },
										"east": { "texture": "#saddlemain", "uv": [ 3.5, 4.0, 12.5, 11.0 ] },
										"south": { "texture": "#saddlemain", "uv": [ 3.5, 9.5, 9.5, 10.5 ], "rotation": 90, "autoUv": false },
										"west": { "texture": "#saddlemain", "uv": [ 4.0, 4.0, 13.0, 11.0 ] },
										"up": { "texture": "#saddlemain", "uv": [ 3.0, 10.0, 13.0, 11.0 ], "rotation": 90, "autoUv": false },
										"down": { "texture": "#saddlemain", "uv": [ 3.0, 8.5, 13.0, 9.5 ], "rotation": 90, "autoUv": false }
									}
								}
							]
						},
						{
							"name": "StrapFront24",
							"from": [ 7.3, 0.1, 0.1 ],
							"to": [ 8.3, 7.1, 9.2 ],
							"rotationOrigin": [ 7.3, 0.1, 0.1 ],
							"rotationY": -4.0,
							"rotationZ": 90.0,
							"faces": {
								"north": { "texture": "#saddlemain", "uv": [ 9.5, 0.0, 16.0, 0.5 ], "rotation": 90, "autoUv": false },
								"east": { "texture": "#saddlemain", "uv": [ 3.5, 4.0, 12.5, 11.0 ] },
								"south": { "texture": "#saddlemain", "uv": [ 0.0, 15.5, 6.0, 16.0 ], "rotation": 90, "autoUv": false },
								"west": { "texture": "#saddlemain", "uv": [ 4.0, 4.0, 13.0, 11.0 ] },
								"up": { "texture": "#saddlemain", "uv": [ 3.0, 15.5, 13.0, 16.0 ], "rotation": 90, "autoUv": false },
								"down": { "texture": "#saddlemain", "uv": [ 3.0, 15.5, 13.0, 16.0 ], "rotation": 90, "autoUv": false }
							},
							"children": [
								{
									"name": "StrapFront25",
									"from": [ 1.0, 0.0, 0.0 ],
									"to": [ 2.0, 7.0, 9.1 ],
									"rotationOrigin": [ 1.0, 0.0, 0.0 ],
									"faces": {
										"north": { "texture": "#saddlemain", "uv": [ 9.5, 0.0, 16.0, 0.5 ], "rotation": 90, "autoUv": false },
										"east": { "texture": "#saddlemain", "uv": [ 3.5, 4.0, 12.5, 11.0 ] },
										"south": { "texture": "#saddlemain", "uv": [ 0.0, 15.5, 6.0, 16.0 ], "rotation": 90, "autoUv": false },
										"west": { "texture": "#saddlemain", "uv": [ 4.0, 4.0, 13.0, 11.0 ] },
										"up": { "texture": "#saddlemain", "uv": [ 3.0, 15.5, 13.0, 16.0 ], "rotation": 90, "autoUv": false },
										"down": { "texture": "#saddlemain", "uv": [ 3.0, 15.5, 13.0, 16.0 ], "rotation": 90, "autoUv": false }
									}
								},
								{
									"name": "StrapFront26",
									"from": [ 0.5, -0.2, -0.1 ],
									"to": [ 1.5, 7.1, 9.2 ],
									"rotationOrigin": [ 0.5, -0.2, -0.1 ],
									"faces": {
										"north": { "texture": "#saddlemain", "uv": [ 3.5, 7.5, 10.0, 8.5 ], "rotation": 90, "autoUv": false },
										"east": { "texture": "#saddlemain", "uv": [ 3.5, 4.0, 12.5, 11.0 ] },
										"south": { "texture": "#saddlemain", "uv": [ 3.5, 9.5, 9.5, 10.5 ], "rotation": 90, "autoUv": false },
										"west": { "texture": "#saddlemain", "uv": [ 4.0, 4.0, 13.0, 11.0 ] },
										"up": { "texture": "#saddlemain", "uv": [ 3.0, 10.0, 13.0, 11.0 ], "rotation": 90, "autoUv": false },
										"down": { "texture": "#saddlemain", "uv": [ 3.0, 8.5, 13.0, 9.5 ], "rotation": 90, "autoUv": false }
									}
								}
							]
						}
					]
				},
				{
					"name": "SaddleFrontN3",
					"from": [ -1.8, -1.44, -4.35 ],
					"to": [ 3.2, 1.76, 4.65 ],
					"rotationOrigin": [ -1.8041, 1.76, -4.25 ],
					"rotationZ": -1.0,
					"faces": {
						"north": { "texture": "#saddleornate", "uv": [ 0.0, 13.0, 5.0, 16.0 ] },
						"east": { "texture": "#saddleornate", "uv": [ 6.0, 0.5, 15.0, 3.5 ] },
						"south": { "texture": "#saddleornate", "uv": [ 10.0, 13.0, 15.0, 16.0 ] },
						"west": { "texture": "#saddleornate", "uv": [ 2.0, 6.5, 11.0, 9.5 ] },
						"up": { "texture": "#saddleornate", "uv": [ 10.0, 2.5, 15.0, 11.5 ] },
						"down": { "texture": "#saddleornate", "uv": [ 2.0, 4.5, 7.0, 13.5 ], "windMode": [-1,-1,-1,-1], "windData": [1,1,1,1] }
					}
				}
			]
		}
	]}