{
	"editor": {
		"backDropShape": "D:/VSModding/REPOS/vsWorkbench/Entitybackdrops/ferus-adult",
		"collapsedPaths": "Root/ORIGIN/SaddleSeat,Root/ORIGIN/SaddleFrontWall,Root/ORIGIN/Saddle/SaddleFrontN/StrapFront,Root/ORIGIN/SaddleBack1,Root/ORIGIN/SaddleFrontN8,Root/SaddleFrontN",
		"allAngles": true,
		"entityTextureMode": false
	},
	"textureWidth": 16,
	"textureHeight": 16,
	"textureSizes": {
	},
	"textures": {		
		"saddlemetal": "game:block/metal/sheet-plain/gold1",
		"saddlemain": "game:item/tool/shield/leather/purple",
		"saddleornate": "game:item/tool/shield/ornate/purple"
	},
	"elements": [
		{
			"name": "ORIGIN",
			"stepParentName": "Belly",
			"from": [ 5.1, 9.23, 4.2 ],
			"to": [ 6.2, 10.33, 5.3 ],
			"rotationOrigin": [ 5.1, 9.23, 4.2 ],
			"faces": {
			},
			"children": [
				{
					"name": "Saddle",
					"from": [ 0.0, 0.0, 0.22 ],
					"to": [ 0.0, 0.0, 0.22 ],
					"rotationOrigin": [ 0.0, 0.0, 0.22 ],
					"faces": {
						"north": { "texture": "#saddleornate", "uv": [ 0.0, 0.0, 0.5, 0.5 ], "autoUv": false },
						"east": { "texture": "#saddleornate", "uv": [ 0.0, 0.0, 0.5, 0.5 ], "autoUv": false },
						"south": { "texture": "#saddleornate", "uv": [ 0.0, 0.0, 0.5, 0.5 ], "autoUv": false },
						"west": { "texture": "#saddleornate", "uv": [ 0.0, 0.0, 0.5, 0.5 ], "autoUv": false },
						"up": { "texture": "#saddleornate", "uv": [ 0.0, 0.0, 0.5, 0.5 ], "autoUv": false },
						"down": { "texture": "#saddleornate", "uv": [ 0.0, 0.0, 0.5, 0.5 ], "autoUv": false }
					}
				},
				{
					"name": "SaddleFrontN2",
					"from": [ 1.52, -1.38, -4.785 ],
					"to": [ 8.12, 2.14, 5.115 ],
					"rotationOrigin": [ 1.5155, 2.136, -4.675 ],
					"rotationZ": -2.0,
					"faces": {
						"north": { "texture": "#saddleornate", "uv": [ 0.0, 13.0, 6.0, 16.0 ], "autoUv": false },
						"east": { "texture": "#saddleornate", "uv": [ 6.0, 0.5, 15.0, 3.5 ], "autoUv": false },
						"south": { "texture": "#saddleornate", "uv": [ 10.0, 13.0, 16.0, 16.0 ], "autoUv": false },
						"west": { "texture": "#saddleornate", "uv": [ 2.0, 6.5, 11.0, 9.5 ], "autoUv": false },
						"up": { "texture": "#saddleornate", "uv": [ 10.0, 2.5, 16.0, 11.5 ], "autoUv": false },
						"down": { "texture": "#saddleornate", "uv": [ 2.0, 4.5, 8.0, 13.5 ], "autoUv": false, "windMode": [-1,-1,-1,-1], "windData": [1,1,1,1] }
					},
					"children": [
						{
							"name": "SaddleFrontN7",
							"from": [ -3.41, 2.42, 4.73 ],
							"to": [ 6.71, 3.52, 9.9 ],
							"rotationOrigin": [ -3.41, 3.52, 9.9 ],
							"rotationX": 16.4,
							"faces": {
								"north": { "texture": "#saddleornate", "uv": [ 0.0, 12.5, 9.0, 13.5 ], "autoUv": false },
								"east": { "texture": "#saddleornate", "uv": [ 5.5, 5.0, 10.0, 6.0 ], "autoUv": false },
								"south": { "texture": "#saddleornate", "uv": [ 3.5, 13.5, 12.5, 14.5 ], "autoUv": false },
								"west": { "texture": "#saddleornate", "uv": [ 2.0, 6.5, 6.5, 7.5 ], "autoUv": false },
								"up": { "texture": "#saddleornate", "uv": [ 0.0, 6.5, 16.0, 14.5 ], "rotation": 180, "autoUv": false },
								"down": { "texture": "#saddleornate", "uv": [ 2.0, 4.5, 11.0, 9.0 ], "autoUv": false, "windMode": [-1,-1,-1,-1], "windData": [1,1,1,1] }
							},
							"children": [
								{
									"name": "SaddleFrontN18",
									"from": [ 0.0, 1.1, 0.55 ],
									"to": [ 10.12, 1.54, 5.17 ],
									"rotationOrigin": [ 0.0, 1.1, 5.17 ],
									"rotationX": -125.0,
									"faces": {
										"north": { "texture": "#saddleornate", "uv": [ 0.0, 13.0, 9.0, 13.5 ], "autoUv": false },
										"east": { "texture": "#saddleornate", "uv": [ 6.0, 0.5, 10.0, 1.0 ], "autoUv": false },
										"south": { "texture": "#saddleornate", "uv": [ 8.0, 13.0, 17.0, 13.5 ], "autoUv": false },
										"west": { "texture": "#saddleornate", "uv": [ 2.0, 6.5, 6.0, 7.0 ], "autoUv": false },
										"up": { "texture": "#saddleornate", "uv": [ 8.0, 2.5, 17.0, 6.5 ], "autoUv": false },
										"down": { "texture": "#saddleornate", "uv": [ 0.0, 0.0, 16.0, 6.5 ], "autoUv": false, "windMode": [-1,-1,-1,-1], "windData": [1,1,1,1] }
									},
									"children": [
										{
											"name": "SaddleFrontN19",
											"from": [ 1.595, 0.0, 1.32 ],
											"to": [ 8.525, 0.44, 4.62 ],
											"rotationOrigin": [ 1.54, 0.0, 4.62 ],
											"rotationX": -5.0,
											"faces": {
												"north": { "texture": "#saddleornate", "uv": [ 0.0, 13.0, 6.0, 13.5 ], "autoUv": false },
												"east": { "texture": "#saddleornate", "uv": [ 6.0, 0.5, 9.0, 1.0 ], "autoUv": false },
												"south": { "texture": "#saddleornate", "uv": [ 8.0, 13.0, 14.0, 13.5 ], "autoUv": false },
												"west": { "texture": "#saddleornate", "uv": [ 2.0, 6.5, 5.0, 7.0 ], "autoUv": false },
												"up": { "texture": "#saddleornate", "uv": [ 6.0, 3.0, 12.0, 6.0 ], "autoUv": false },
												"down": { "texture": "#saddleornate", "uv": [ 2.5, 2.5, 13.5, 6.5 ], "autoUv": false, "windMode": [-1,-1,-1,-1], "windData": [1,1,1,1] }
											}
										},
										{
											"name": "SaddleFrontN20",
											"from": [ 1.375, 0.0, 0.99 ],
											"to": [ 8.745, 0.44, 4.51 ],
											"rotationOrigin": [ 1.32, 0.0, 4.51 ],
											"rotationX": -5.0,
											"faces": {
												"north": { "texture": "#saddlemain", "uv": [ 4.0, 11.0, 10.5, 11.5 ], "autoUv": false },
												"east": { "texture": "#saddlemain", "uv": [ 6.0, 8.0, 9.0, 8.5 ], "autoUv": false },
												"south": { "texture": "#saddlemain", "uv": [ 3.5, 5.0, 10.0, 5.5 ], "autoUv": false },
												"west": { "texture": "#saddlemain", "uv": [ 5.0, 7.5, 8.0, 8.0 ], "autoUv": false },
												"up": { "texture": "#saddlemain", "uv": [ 3.5, 6.5, 10.0, 9.5 ], "autoUv": false },
												"down": { "texture": "#saddlemain", "uv": [ 0.0, 0.0, 16.0, 4.0 ], "autoUv": false, "windMode": [-1,-1,-1,-1], "windData": [1,1,1,1] }
											}
										},
										{
											"name": "SaddleFrontN23",
											"from": [ -0.286, 0.11, -0.33 ],
											"to": [ 10.384, 0.55, 4.62 ],
											"rotationOrigin": [ -0.33, 0.11, 4.62 ],
											"faces": {
												"north": { "texture": "#saddlemain", "uv": [ 2.5, 15.5, 12.0, 16.0 ], "autoUv": false },
												"east": { "texture": "#saddlemain", "uv": [ 4.0, 15.5, 8.5, 16.0 ], "autoUv": false },
												"south": { "texture": "#saddlemain", "uv": [ 2.5, 15.5, 12.0, 16.0 ], "autoUv": false },
												"west": { "texture": "#saddlemain", "uv": [ 4.0, 15.5, 8.5, 16.0 ], "autoUv": false },
												"up": { "texture": "#saddlemain", "uv": [ 0.0, 11.5, 9.5, 16.0 ], "autoUv": false },
												"down": { "texture": "#saddlemain", "uv": [ 0.0, 0.0, 16.0, 6.5 ], "autoUv": false, "windMode": [-1,-1,-1,-1], "windData": [1,1,1,1] }
											}
										},
										{
											"name": "SaddleFrontN24",
											"from": [ -0.275, -0.33, -0.44 ],
											"to": [ 10.395, 0.11, 4.62 ],
											"rotationOrigin": [ -0.33, 0.11, 4.62 ],
											"rotationX": 125.0,
											"faces": {
												"north": { "texture": "#saddlemain", "uv": [ 2.0, 15.5, 11.5, 16.0 ], "autoUv": false },
												"east": { "texture": "#saddlemain", "uv": [ 4.0, 15.5, 8.5, 16.0 ], "autoUv": false },
												"south": { "texture": "#saddlemain", "uv": [ 2.5, 15.5, 12.0, 16.0 ], "autoUv": false },
												"west": { "texture": "#saddlemain", "uv": [ 4.5, 15.5, 9.0, 16.0 ], "autoUv": false },
												"up": { "texture": "#saddlemain", "uv": [ 0.0, 7.0, 16.0, 12.5 ], "autoUv": false },
												"down": { "texture": "#saddlemain", "uv": [ 2.5, 6.0, 13.5, 10.0 ], "autoUv": false, "windMode": [-1,-1,-1,-1], "windData": [1,1,1,1] }
											}
										}
									]
								}
							]
						},
						{
							"name": "SaddleFrontN25",
							"from": [ 6.7111, 2.42, -5.17 ],
							"to": [ 16.8311, 3.52, 0.0 ],
							"rotationOrigin": [ 6.71, 3.52, 0.0 ],
							"rotationX": -16.5,
							"rotationY": 180.0,
							"faces": {
								"north": { "texture": "#saddleornate", "uv": [ 0.0, 12.5, 9.0, 13.5 ], "autoUv": false },
								"east": { "texture": "#saddleornate", "uv": [ 5.5, 5.0, 10.0, 6.0 ], "autoUv": false },
								"south": { "texture": "#saddleornate", "uv": [ 3.5, 13.5, 12.5, 14.5 ], "autoUv": false },
								"west": { "texture": "#saddleornate", "uv": [ 2.0, 6.5, 6.5, 7.5 ], "autoUv": false },
								"up": { "texture": "#saddleornate", "uv": [ 0.0, 6.5, 16.0, 14.5 ], "rotation": 180, "autoUv": false },
								"down": { "texture": "#saddleornate", "uv": [ 2.0, 4.5, 11.0, 9.0 ], "autoUv": false, "windMode": [-1,-1,-1,-1], "windData": [1,1,1,1] }
							},
							"children": [
								{
									"name": "SaddleFrontN26",
									"from": [ 0.0, 1.1, 0.55 ],
									"to": [ 10.12, 1.54, 5.17 ],
									"rotationOrigin": [ 0.0, 1.1, 5.17 ],
									"rotationX": -125.0,
									"faces": {
										"north": { "texture": "#saddleornate", "uv": [ 0.0, 13.0, 9.0, 13.5 ], "autoUv": false },
										"east": { "texture": "#saddleornate", "uv": [ 6.0, 0.5, 10.0, 1.0 ], "autoUv": false },
										"south": { "texture": "#saddleornate", "uv": [ 8.0, 13.0, 17.0, 13.5 ], "autoUv": false },
										"west": { "texture": "#saddleornate", "uv": [ 2.0, 6.5, 6.0, 7.0 ], "autoUv": false },
										"up": { "texture": "#saddleornate", "uv": [ 8.0, 2.5, 17.0, 6.5 ], "autoUv": false },
										"down": { "texture": "#saddleornate", "uv": [ 0.0, 0.0, 16.0, 6.5 ], "autoUv": false, "windMode": [-1,-1,-1,-1], "windData": [1,1,1,1] }
									},
									"children": [
										{
											"name": "SaddleFrontN27",
											"from": [ 1.595, 0.0, 1.32 ],
											"to": [ 8.525, 0.44, 4.62 ],
											"rotationOrigin": [ 1.54, 0.0, 4.62 ],
											"rotationX": -5.0,
											"faces": {
												"north": { "texture": "#saddleornate", "uv": [ 0.0, 13.0, 6.0, 13.5 ], "autoUv": false },
												"east": { "texture": "#saddleornate", "uv": [ 6.0, 0.5, 9.0, 1.0 ], "autoUv": false },
												"south": { "texture": "#saddleornate", "uv": [ 8.0, 13.0, 14.0, 13.5 ], "autoUv": false },
												"west": { "texture": "#saddleornate", "uv": [ 2.0, 6.5, 5.0, 7.0 ], "autoUv": false },
												"up": { "texture": "#saddleornate", "uv": [ 6.0, 3.0, 12.0, 6.0 ], "autoUv": false },
												"down": { "texture": "#saddleornate", "uv": [ 2.5, 2.5, 13.5, 6.5 ], "autoUv": false, "windMode": [-1,-1,-1,-1], "windData": [1,1,1,1] }
											}
										},
										{
											"name": "SaddleFrontN28",
											"from": [ 1.375, 0.0, 0.99 ],
											"to": [ 8.745, 0.44, 4.51 ],
											"rotationOrigin": [ 1.32, 0.0, 4.51 ],
											"rotationX": -5.0,
											"faces": {
												"north": { "texture": "#saddlemain", "uv": [ 4.5, 8.0, 11.0, 8.5 ], "autoUv": false },
												"east": { "texture": "#saddlemain", "uv": [ 6.0, 5.5, 9.0, 6.0 ], "autoUv": false },
												"south": { "texture": "#saddlemain", "uv": [ 4.5, 9.0, 11.0, 9.5 ], "autoUv": false },
												"west": { "texture": "#saddlemain", "uv": [ 3.5, 6.5, 6.5, 7.0 ], "autoUv": false },
												"up": { "texture": "#saddlemain", "uv": [ 5.0, 7.0, 11.5, 10.0 ], "autoUv": false },
												"down": { "texture": "#saddlemain", "uv": [ 0.0, 0.0, 16.0, 4.0 ], "autoUv": false, "windMode": [-1,-1,-1,-1], "windData": [1,1,1,1] }
											}
										},
										{
											"name": "SaddleFrontN29",
											"from": [ -0.286, 0.11, -0.33 ],
											"to": [ 10.384, 0.55, 4.62 ],
											"rotationOrigin": [ -0.33, 0.11, 4.62 ],
											"faces": {
												"north": { "texture": "#saddlemain", "uv": [ 1.0, 15.5, 10.5, 16.0 ], "autoUv": false },
												"east": { "texture": "#saddlemain", "uv": [ 2.5, 15.5, 7.0, 16.0 ], "autoUv": false },
												"south": { "texture": "#saddlemain", "uv": [ 1.5, 15.5, 11.0, 16.0 ], "autoUv": false },
												"west": { "texture": "#saddlemain", "uv": [ 2.5, 15.5, 7.0, 16.0 ], "autoUv": false },
												"up": { "texture": "#saddlemain", "uv": [ 3.5, 6.0, 13.0, 10.5 ], "autoUv": false },
												"down": { "texture": "#saddlemain", "uv": [ 0.0, 10.0, 16.0, 14.0 ], "autoUv": false, "windMode": [-1,-1,-1,-1], "windData": [1,1,1,1] }
											}
										},
										{
											"name": "SaddleFrontN30",
											"from": [ -0.275, -0.33, -0.44 ],
											"to": [ 10.395, 0.11, 4.62 ],
											"rotationOrigin": [ -0.33, 0.11, 4.62 ],
											"rotationX": 125.0,
											"faces": {
												"north": { "texture": "#saddlemain", "uv": [ 2.0, 15.5, 11.5, 16.0 ], "autoUv": false },
												"east": { "texture": "#saddlemain", "uv": [ 3.0, 15.5, 7.5, 16.0 ], "autoUv": false },
												"south": { "texture": "#saddlemain", "uv": [ 2.0, 15.5, 11.5, 16.0 ], "autoUv": false },
												"west": { "texture": "#saddlemain", "uv": [ 3.5, 15.5, 8.0, 16.0 ], "autoUv": false },
												"up": { "texture": "#saddlemain", "uv": [ 0.0, 6.0, 16.0, 10.5 ], "autoUv": false },
												"down": { "texture": "#saddlemain", "uv": [ 2.5, 5.5, 13.5, 9.5 ], "autoUv": false, "windMode": [-1,-1,-1,-1], "windData": [1,1,1,1] }
											}
										}
									]
								}
							]
						},
						{
							"name": "SaddleFrontN8",
							"from": [ 5.8094, 3.1869, 3.85 ],
							"to": [ 6.3594, 6.7069, 6.05 ],
							"rotationOrigin": [ 5.8113, 3.1759, 3.96 ],
							"rotationZ": -12.0,
							"faces": {
								"north": { "texture": "#saddlemain", "uv": [ 5.5, 7.0, 6.0, 10.0 ], "autoUv": false },
								"east": { "texture": "#saddlemain", "uv": [ 4.0, 1.0, 6.0, 4.0 ], "autoUv": false },
								"south": { "texture": "#saddlemain", "uv": [ 9.5, 4.0, 10.0, 7.0 ], "autoUv": false },
								"west": { "texture": "#saddlemain", "uv": [ 3.0, 6.5, 5.0, 9.5 ], "autoUv": false },
								"up": { "texture": "#saddlemain", "uv": [ 2.0, 5.0, 2.5, 7.0 ], "autoUv": false },
								"down": { "texture": "#saddlemain", "uv": [ 0.0, 4.5, 0.5, 6.5 ], "autoUv": false, "windMode": [-1,-1,-1,-1], "windData": [1,1,1,1] }
							},
							"children": [
								{
									"name": "SaddleFrontN9",
									"from": [ 0.0, 0.0, -1.1 ],
									"to": [ 0.66, 3.52, 0.0 ],
									"rotationOrigin": [ 0.55, 3.52, 0.0 ],
									"rotationY": 15.0,
									"faces": {
										"north": { "texture": "#saddlemain", "uv": [ 5.5, 7.0, 6.0, 10.0 ], "autoUv": false },
										"east": { "texture": "#saddlemain", "uv": [ 4.0, 1.0, 5.0, 4.0 ], "autoUv": false },
										"south": { "texture": "#saddlemain", "uv": [ 9.5, 4.0, 10.0, 7.0 ], "autoUv": false },
										"west": { "texture": "#saddlemain", "uv": [ 3.0, 6.5, 4.0, 9.5 ], "autoUv": false },
										"up": { "texture": "#saddlemain", "uv": [ 2.0, 5.0, 2.5, 6.0 ], "autoUv": false },
										"down": { "texture": "#saddlemain", "uv": [ 0.0, 4.5, 0.5, 5.5 ], "autoUv": false, "windMode": [-1,-1,-1,-1], "windData": [1,1,1,1] }
									},
									"children": [
										{
											"name": "SaddleFrontN10",
											"from": [ 0.0, 0.0, -1.1 ],
											"to": [ 0.55, 3.52, 0.0 ],
											"rotationOrigin": [ 0.55, 3.52, 0.0 ],
											"rotationY": 15.0,
											"faces": {
												"north": { "texture": "#saddlemain", "uv": [ 5.5, 7.0, 6.0, 10.0 ], "autoUv": false },
												"east": { "texture": "#saddlemain", "uv": [ 4.0, 1.0, 5.0, 4.0 ], "autoUv": false },
												"south": { "texture": "#saddlemain", "uv": [ 9.5, 4.0, 10.0, 7.0 ], "autoUv": false },
												"west": { "texture": "#saddlemain", "uv": [ 3.0, 6.5, 4.0, 9.5 ], "autoUv": false },
												"up": { "texture": "#saddlemain", "uv": [ 2.0, 5.0, 2.5, 6.0 ], "autoUv": false },
												"down": { "texture": "#saddlemain", "uv": [ 0.0, 4.5, 0.5, 5.5 ], "autoUv": false, "windMode": [-1,-1,-1,-1], "windData": [1,1,1,1] }
											},
											"children": [
												{
													"name": "SaddleFrontN17",
													"from": [ 0.0, 0.0, -1.1 ],
													"to": [ 0.66, 3.52, 0.0 ],
													"rotationOrigin": [ 0.55, 3.52, 0.0 ],
													"rotationY": 15.0,
													"faces": {
														"north": { "texture": "#saddlemain", "uv": [ 5.5, 7.0, 6.0, 10.0 ], "autoUv": false },
														"east": { "texture": "#saddlemain", "uv": [ 4.0, 1.0, 5.0, 4.0 ], "autoUv": false },
														"south": { "texture": "#saddlemain", "uv": [ 9.5, 4.0, 10.0, 7.0 ], "autoUv": false },
														"west": { "texture": "#saddlemain", "uv": [ 3.0, 6.5, 4.0, 9.5 ], "autoUv": false },
														"up": { "texture": "#saddlemain", "uv": [ 2.0, 5.0, 2.5, 6.0 ], "autoUv": false },
														"down": { "texture": "#saddlemain", "uv": [ 0.0, 4.5, 0.5, 5.5 ], "autoUv": false, "windMode": [-1,-1,-1,-1], "windData": [1,1,1,1] }
													},
													"children": [
														{
															"name": "SaddleFrontN33",
															"from": [ -0.11, -0.11, -0.22 ],
															"to": [ 0.77, 3.63, 0.0 ],
															"rotationOrigin": [ 0.44, 3.41, 0.88 ],
															"faces": {
																"north": { "texture": "#saddlemain", "uv": [ 0.0, 7.0, 0.5, 10.0 ], "autoUv": false },
																"east": { "texture": "#saddlemain", "uv": [ 0.0, 5.5, 0.5, 8.5 ], "autoUv": false },
																"south": { "texture": "#saddlemain", "uv": [ 0.0, 6.5, 0.5, 9.5 ], "autoUv": false },
																"west": { "texture": "#saddlemain", "uv": [ 0.0, 6.5, 0.5, 9.5 ], "autoUv": false },
																"up": { "texture": "#saddlemain", "uv": [ 0.0, 7.0, 0.5, 7.5 ], "autoUv": false },
																"down": { "texture": "#saddlemain", "uv": [ 0.0, 6.0, 0.5, 6.5 ], "autoUv": false, "windMode": [-1,-1,-1,-1], "windData": [1,1,1,1] }
															}
														},
														{
															"name": "SaddleMetalBit12",
															"from": [ -0.11, 3.08, 0.11 ],
															"to": [ 0.77, 3.3, 0.33 ],
															"rotationOrigin": [ -0.11, 3.08, 0.11 ],
															"faces": {
																"north": { "texture": "#saddlemetal", "uv": [ 6.5, 0.0, 7.0, 0.5 ], "autoUv": false },
																"east": { "texture": "#saddlemetal", "uv": [ 4.5, 0.0, 5.0, 0.5 ], "autoUv": false },
																"south": { "texture": "#saddlemetal", "uv": [ 15.5, 9.0, 16.0, 9.5 ], "autoUv": false },
																"west": { "texture": "#saddlemetal", "uv": [ 13.5, 15.5, 14.0, 16.0 ], "autoUv": false },
																"up": { "texture": "#saddlemetal", "uv": [ 15.5, 10.0, 16.0, 10.5 ], "autoUv": false },
																"down": { "texture": "#saddlemetal", "uv": [ 0.0, 4.5, 0.5, 5.0 ], "autoUv": false, "windMode": [-1,-1,-1,-1], "windData": [1,1,1,1] }
															}
														}
													]
												},
												{
													"name": "SaddleMetalBit9",
													"from": [ -0.11, 3.08, 0.0 ],
													"to": [ 0.66, 3.3, 0.22 ],
													"rotationOrigin": [ -0.11, 3.08, 0.0 ],
													"faces": {
														"north": { "texture": "#saddlemetal", "uv": [ 6.5, 0.0, 7.0, 0.5 ], "autoUv": false },
														"east": { "texture": "#saddlemetal", "uv": [ 4.5, 0.0, 5.0, 0.5 ], "autoUv": false },
														"south": { "texture": "#saddlemetal", "uv": [ 15.5, 9.0, 16.0, 9.5 ], "autoUv": false },
														"west": { "texture": "#saddlemetal", "uv": [ 13.5, 15.5, 14.0, 16.0 ], "autoUv": false },
														"up": { "texture": "#saddlemetal", "uv": [ 15.5, 10.0, 16.0, 10.5 ], "autoUv": false },
														"down": { "texture": "#saddlemetal", "uv": [ 0.0, 4.5, 0.5, 5.0 ], "autoUv": false, "windMode": [-1,-1,-1,-1], "windData": [1,1,1,1] }
													},
													"children": [
														{
															"name": "SaddleMetalBit10",
															"from": [ 0.0, 0.0, 0.88 ],
															"to": [ 0.77, 0.22, 1.1 ],
															"rotationOrigin": [ 0.0, 0.0, 0.88 ],
															"faces": {
																"north": { "texture": "#saddlemetal", "uv": [ 6.5, 0.0, 7.0, 0.5 ], "autoUv": false },
																"east": { "texture": "#saddlemetal", "uv": [ 4.5, 0.0, 5.0, 0.5 ], "autoUv": false },
																"south": { "texture": "#saddlemetal", "uv": [ 15.5, 9.0, 16.0, 9.5 ], "autoUv": false },
																"west": { "texture": "#saddlemetal", "uv": [ 13.5, 15.5, 14.0, 16.0 ], "autoUv": false },
																"up": { "texture": "#saddlemetal", "uv": [ 15.5, 10.0, 16.0, 10.5 ], "autoUv": false },
																"down": { "texture": "#saddlemetal", "uv": [ 0.0, 4.5, 0.5, 5.0 ], "autoUv": false, "windMode": [-1,-1,-1,-1], "windData": [1,1,1,1] }
															}
														}
													]
												}
											]
										}
									]
								},
								{
									"name": "SaddleFrontN11",
									"from": [ -0.011, 0.0, 2.2 ],
									"to": [ 0.649, 3.52, 3.3 ],
									"rotationOrigin": [ 0.55, 3.52, 2.2 ],
									"rotationY": -15.0,
									"faces": {
										"north": { "texture": "#saddlemain", "uv": [ 5.5, 7.0, 6.0, 10.0 ], "autoUv": false },
										"east": { "texture": "#saddlemain", "uv": [ 4.0, 1.0, 5.0, 4.0 ], "autoUv": false },
										"south": { "texture": "#saddlemain", "uv": [ 9.5, 4.0, 10.0, 7.0 ], "autoUv": false },
										"west": { "texture": "#saddlemain", "uv": [ 3.0, 6.5, 4.0, 9.5 ], "autoUv": false },
										"up": { "texture": "#saddlemain", "uv": [ 2.0, 5.0, 2.5, 6.0 ], "autoUv": false },
										"down": { "texture": "#saddlemain", "uv": [ 0.0, 4.5, 0.5, 5.5 ], "autoUv": false, "windMode": [-1,-1,-1,-1], "windData": [1,1,1,1] }
									},
									"children": [
										{
											"name": "SaddleFrontN12",
											"from": [ 0.0, 0.0, 1.1 ],
											"to": [ 0.55, 3.52, 2.2 ],
											"rotationOrigin": [ 0.561, 3.52, 1.1 ],
											"rotationY": -15.0,
											"faces": {
												"north": { "texture": "#saddlemain", "uv": [ 5.5, 7.0, 6.0, 10.0 ], "autoUv": false },
												"east": { "texture": "#saddlemain", "uv": [ 4.0, 1.0, 5.0, 4.0 ], "autoUv": false },
												"south": { "texture": "#saddlemain", "uv": [ 9.5, 4.0, 10.0, 7.0 ], "autoUv": false },
												"west": { "texture": "#saddlemain", "uv": [ 3.0, 6.5, 4.0, 9.5 ], "autoUv": false },
												"up": { "texture": "#saddlemain", "uv": [ 2.0, 5.0, 2.5, 6.0 ], "autoUv": false },
												"down": { "texture": "#saddlemain", "uv": [ 0.0, 4.5, 0.5, 5.5 ], "autoUv": false, "windMode": [-1,-1,-1,-1], "windData": [1,1,1,1] }
											},
											"children": [
												{
													"name": "SaddleFrontN16",
													"from": [ 0.0, 0.0, 1.1 ],
													"to": [ 0.66, 3.52, 2.2 ],
													"rotationOrigin": [ 0.561, 3.52, 1.1 ],
													"rotationY": -15.0,
													"faces": {
														"north": { "texture": "#saddlemain", "uv": [ 5.5, 7.0, 6.0, 10.0 ], "autoUv": false },
														"east": { "texture": "#saddlemain", "uv": [ 4.0, 1.0, 5.0, 4.0 ], "autoUv": false },
														"south": { "texture": "#saddlemain", "uv": [ 9.5, 4.0, 10.0, 7.0 ], "autoUv": false },
														"west": { "texture": "#saddlemain", "uv": [ 3.0, 6.5, 4.0, 9.5 ], "autoUv": false },
														"up": { "texture": "#saddlemain", "uv": [ 2.0, 5.0, 2.5, 6.0 ], "autoUv": false },
														"down": { "texture": "#saddlemain", "uv": [ 0.0, 4.5, 0.5, 5.5 ], "autoUv": false, "windMode": [-1,-1,-1,-1], "windData": [1,1,1,1] }
													},
													"children": [
														{
															"name": "SaddleFrontN32",
															"from": [ -0.11, -0.11, 1.1 ],
															"to": [ 0.77, 3.63, 1.32 ],
															"rotationOrigin": [ 0.451, 3.41, 1.1 ],
															"faces": {
																"north": { "texture": "#saddlemain", "uv": [ 0.0, 8.5, 0.5, 11.5 ], "autoUv": false },
																"east": { "texture": "#saddlemain", "uv": [ 0.0, 5.5, 0.5, 8.5 ], "autoUv": false },
																"south": { "texture": "#saddlemain", "uv": [ 0.0, 8.0, 0.5, 11.0 ], "autoUv": false },
																"west": { "texture": "#saddlemain", "uv": [ 0.0, 7.5, 0.5, 10.5 ], "autoUv": false },
																"up": { "texture": "#saddlemain", "uv": [ 0.0, 6.0, 0.5, 6.5 ], "autoUv": false },
																"down": { "texture": "#saddlemain", "uv": [ 0.0, 4.5, 0.5, 5.0 ], "autoUv": false, "windMode": [-1,-1,-1,-1], "windData": [1,1,1,1] }
															}
														},
														{
															"name": "SaddleMetalBit11",
															"from": [ -0.11, 3.08, 0.77 ],
															"to": [ 0.77, 3.3, 0.99 ],
															"rotationOrigin": [ -2.31, 3.08, 0.77 ],
															"faces": {
																"north": { "texture": "#saddlemetal", "uv": [ 6.5, 0.0, 7.0, 0.5 ], "autoUv": false },
																"east": { "texture": "#saddlemetal", "uv": [ 4.5, 0.0, 5.0, 0.5 ], "autoUv": false },
																"south": { "texture": "#saddlemetal", "uv": [ 15.5, 9.0, 16.0, 9.5 ], "autoUv": false },
																"west": { "texture": "#saddlemetal", "uv": [ 13.5, 15.5, 14.0, 16.0 ], "autoUv": false },
																"up": { "texture": "#saddlemetal", "uv": [ 15.5, 10.0, 16.0, 10.5 ], "autoUv": false },
																"down": { "texture": "#saddlemetal", "uv": [ 0.0, 4.5, 0.5, 5.0 ], "autoUv": false, "windMode": [-1,-1,-1,-1], "windData": [1,1,1,1] }
															}
														}
													]
												},
												{
													"name": "SaddleMetalBit7",
													"from": [ -0.11, 3.08, 0.0 ],
													"to": [ 0.66, 3.3, 0.22 ],
													"rotationOrigin": [ -0.11, 3.08, 0.0 ],
													"faces": {
														"north": { "texture": "#saddlemetal", "uv": [ 6.5, 0.0, 7.0, 0.5 ], "autoUv": false },
														"east": { "texture": "#saddlemetal", "uv": [ 4.5, 0.0, 5.0, 0.5 ], "autoUv": false },
														"south": { "texture": "#saddlemetal", "uv": [ 15.5, 9.0, 16.0, 9.5 ], "autoUv": false },
														"west": { "texture": "#saddlemetal", "uv": [ 13.5, 15.5, 14.0, 16.0 ], "autoUv": false },
														"up": { "texture": "#saddlemetal", "uv": [ 15.5, 10.0, 16.0, 10.5 ], "autoUv": false },
														"down": { "texture": "#saddlemetal", "uv": [ 0.0, 4.5, 0.5, 5.0 ], "autoUv": false, "windMode": [-1,-1,-1,-1], "windData": [1,1,1,1] }
													},
													"children": [
														{
															"name": "SaddleMetalBit8",
															"from": [ 0.0, 0.0, 0.88 ],
															"to": [ 0.77, 0.22, 1.1 ],
															"rotationOrigin": [ 0.0, 0.0, 0.88 ],
															"faces": {
																"north": { "texture": "#saddlemetal", "uv": [ 6.5, 0.0, 7.0, 0.5 ], "autoUv": false },
																"east": { "texture": "#saddlemetal", "uv": [ 4.5, 0.0, 5.0, 0.5 ], "autoUv": false },
																"south": { "texture": "#saddlemetal", "uv": [ 15.5, 9.0, 16.0, 9.5 ], "autoUv": false },
																"west": { "texture": "#saddlemetal", "uv": [ 13.5, 15.5, 14.0, 16.0 ], "autoUv": false },
																"up": { "texture": "#saddlemetal", "uv": [ 15.5, 10.0, 16.0, 10.5 ], "autoUv": false },
																"down": { "texture": "#saddlemetal", "uv": [ 0.0, 4.5, 0.5, 5.0 ], "autoUv": false, "windMode": [-1,-1,-1,-1], "windData": [1,1,1,1] }
															}
														}
													]
												}
											]
										}
									]
								},
								{
									"name": "SaddleFrontN13",
									"from": [ -8.1623, -1.3199, 1.98 ],
									"to": [ -7.5023, 2.2001, 4.18 ],
									"rotationOrigin": [ -8.1605, -1.3309, 2.09 ],
									"rotationX": 180.0,
									"rotationZ": 167.0,
									"faces": {
										"north": { "texture": "#saddlemain", "uv": [ 15.5, 9.5, 16.0, 12.5 ], "autoUv": false },
										"east": { "texture": "#saddlemain", "uv": [ 4.0, 1.0, 6.0, 4.0 ], "autoUv": false },
										"south": { "texture": "#saddlemain", "uv": [ 15.5, 4.5, 16.0, 7.5 ], "autoUv": false },
										"west": { "texture": "#saddlemain", "uv": [ 6.0, 1.5, 8.0, 4.5 ], "autoUv": false },
										"up": { "texture": "#saddlemain", "uv": [ 2.0, 5.0, 2.5, 7.0 ], "autoUv": false },
										"down": { "texture": "#saddlemain", "uv": [ 0.0, 4.5, 0.5, 6.5 ], "autoUv": false, "windMode": [-1,-1,-1,-1], "windData": [1,1,1,1] }
									},
									"children": [
										{
											"name": "SaddleFrontN14",
											"from": [ 0.055, 0.55, 0.0 ],
											"to": [ 0.605, 2.97, 1.1 ],
											"rotationOrigin": [ 0.33, 2.959, 0.0 ],
											"rotationX": 25.0,
											"rotationY": -3.0,
											"rotationZ": 3.0,
											"faces": {
												"north": { "texture": "#saddlemain", "uv": [ 15.5, 8.5, 16.0, 10.5 ], "autoUv": false },
												"east": { "texture": "#saddlemain", "uv": [ 4.0, 1.0, 5.0, 3.0 ], "autoUv": false },
												"south": { "texture": "#saddlemain", "uv": [ 15.5, 6.0, 16.0, 8.0 ], "autoUv": false },
												"west": { "texture": "#saddlemain", "uv": [ 3.0, 6.5, 4.0, 8.5 ], "autoUv": false },
												"up": { "texture": "#saddlemain", "uv": [ 2.0, 5.0, 2.5, 6.0 ], "autoUv": false },
												"down": { "texture": "#saddlemain", "uv": [ 0.0, 4.5, 0.5, 5.5 ], "autoUv": false, "windMode": [-1,-1,-1,-1], "windData": [1,1,1,1] }
											},
											"children": [
												{
													"name": "SaddleFrontN21",
													"from": [ 0.066, -1.1, 0.0 ],
													"to": [ 0.506, 1.32, 1.1 ],
													"rotationOrigin": [ 0.275, 1.309, 0.0 ],
													"rotationX": 25.0,
													"rotationY": -3.0,
													"rotationZ": 3.0,
													"faces": {
														"north": { "texture": "#saddlemain", "uv": [ 15.5, 9.5, 16.0, 11.5 ], "autoUv": false },
														"east": { "texture": "#saddlemain", "uv": [ 4.0, 1.0, 5.0, 3.0 ], "autoUv": false },
														"south": { "texture": "#saddlemain", "uv": [ 9.5, 4.0, 10.0, 6.0 ], "autoUv": false },
														"west": { "texture": "#saddlemain", "uv": [ 3.0, 6.5, 4.0, 8.5 ], "autoUv": false },
														"up": { "texture": "#saddlemain", "uv": [ 2.0, 5.0, 2.5, 6.0 ], "autoUv": false },
														"down": { "texture": "#saddlemain", "uv": [ 0.0, 4.5, 0.5, 5.5 ], "autoUv": false, "windMode": [-1,-1,-1,-1], "windData": [1,1,1,1] }
													}
												}
											]
										},
										{
											"name": "SaddleFrontN15",
											"from": [ 0.055, 0.55, 1.1 ],
											"to": [ 0.605, 2.97, 2.2 ],
											"rotationOrigin": [ 0.11, 2.959, 2.2 ],
											"rotationX": -25.0,
											"rotationY": 2.0,
											"rotationZ": 3.0,
											"faces": {
												"north": { "texture": "#saddlemain", "uv": [ 5.5, 7.0, 6.0, 9.0 ], "autoUv": false },
												"east": { "texture": "#saddlemain", "uv": [ 4.0, 1.0, 5.0, 3.0 ], "autoUv": false },
												"south": { "texture": "#saddlemain", "uv": [ 15.5, 5.5, 16.0, 7.5 ], "autoUv": false },
												"west": { "texture": "#saddlemain", "uv": [ 3.0, 6.5, 4.0, 8.5 ], "autoUv": false },
												"up": { "texture": "#saddlemain", "uv": [ 2.0, 5.0, 2.5, 6.0 ], "autoUv": false },
												"down": { "texture": "#saddlemain", "uv": [ 0.0, 4.5, 0.5, 5.5 ], "autoUv": false, "windMode": [-1,-1,-1,-1], "windData": [1,1,1,1] }
											},
											"children": [
												{
													"name": "SaddleFrontN22",
													"from": [ 0.055, -1.1, 0.0 ],
													"to": [ 0.495, 1.32, 1.1 ],
													"rotationOrigin": [ 0.165, 1.309, 1.1 ],
													"rotationX": -25.0,
													"rotationY": 3.0,
													"rotationZ": 3.0,
													"faces": {
														"north": { "texture": "#saddlemain", "uv": [ 5.5, 7.0, 6.0, 9.0 ], "autoUv": false },
														"east": { "texture": "#saddlemain", "uv": [ 4.0, 1.0, 5.0, 3.0 ], "autoUv": false },
														"south": { "texture": "#saddlemain", "uv": [ 15.5, 5.5, 16.0, 7.5 ], "autoUv": false },
														"west": { "texture": "#saddlemain", "uv": [ 3.0, 6.5, 4.0, 8.5 ], "autoUv": false },
														"up": { "texture": "#saddlemain", "uv": [ 2.0, 5.0, 2.5, 6.0 ], "autoUv": false },
														"down": { "texture": "#saddlemain", "uv": [ 0.0, 4.5, 0.5, 5.5 ], "autoUv": false, "windMode": [-1,-1,-1,-1], "windData": [1,1,1,1] }
													}
												}
											]
										},
										{
											"name": "SaddleFrontN31",
											"from": [ -0.055, 3.52, -0.11 ],
											"to": [ 0.715, 3.96, 2.31 ],
											"rotationOrigin": [ -0.1081, 3.509, 0.0 ],
											"faces": {
												"north": { "texture": "#saddlemain", "uv": [ 6.5, 0.0, 7.0, 0.5 ], "autoUv": false },
												"east": { "texture": "#saddlemain", "uv": [ 4.5, 0.0, 6.5, 0.5 ], "autoUv": false },
												"south": { "texture": "#saddlemain", "uv": [ 15.5, 9.0, 16.0, 9.5 ], "autoUv": false },
												"west": { "texture": "#saddlemain", "uv": [ 13.5, 15.5, 15.5, 16.0 ], "autoUv": false },
												"up": { "texture": "#saddlemain", "uv": [ 15.5, 10.0, 16.0, 12.0 ], "autoUv": false },
												"down": { "texture": "#saddlemain", "uv": [ 0.0, 4.5, 0.5, 6.5 ], "autoUv": false, "windMode": [-1,-1,-1,-1], "windData": [1,1,1,1] }
											}
										},
										{
											"name": "SaddleMetalBit",
											"from": [ -0.055, 3.19, 0.22 ],
											"to": [ 0.715, 3.41, 0.44 ],
											"rotationOrigin": [ -0.11, 3.19, 0.22 ],
											"faces": {
												"north": { "texture": "#saddlemetal", "uv": [ 6.5, 0.0, 7.0, 0.5 ], "autoUv": false },
												"east": { "texture": "#saddlemetal", "uv": [ 4.5, 0.0, 5.0, 0.5 ], "autoUv": false },
												"south": { "texture": "#saddlemetal", "uv": [ 15.5, 9.0, 16.0, 9.5 ], "autoUv": false },
												"west": { "texture": "#saddlemetal", "uv": [ 13.5, 15.5, 14.0, 16.0 ], "autoUv": false },
												"up": { "texture": "#saddlemetal", "uv": [ 15.5, 10.0, 16.0, 10.5 ], "autoUv": false },
												"down": { "texture": "#saddlemetal", "uv": [ 0.0, 4.5, 0.5, 5.0 ], "autoUv": false, "windMode": [-1,-1,-1,-1], "windData": [1,1,1,1] }
											}
										},
										{
											"name": "SaddleMetalBit3",
											"from": [ -0.055, 3.19, 1.76 ],
											"to": [ 0.715, 3.41, 1.98 ],
											"rotationOrigin": [ -0.11, 3.19, 1.76 ],
											"faces": {
												"north": { "texture": "#saddlemetal", "uv": [ 6.5, 0.0, 7.0, 0.5 ], "autoUv": false },
												"east": { "texture": "#saddlemetal", "uv": [ 4.5, 0.0, 5.0, 0.5 ], "autoUv": false },
												"south": { "texture": "#saddlemetal", "uv": [ 15.5, 9.0, 16.0, 9.5 ], "autoUv": false },
												"west": { "texture": "#saddlemetal", "uv": [ 13.5, 15.5, 14.0, 16.0 ], "autoUv": false },
												"up": { "texture": "#saddlemetal", "uv": [ 15.5, 10.0, 16.0, 10.5 ], "autoUv": false },
												"down": { "texture": "#saddlemetal", "uv": [ 0.0, 4.5, 0.5, 5.0 ], "autoUv": false, "windMode": [-1,-1,-1,-1], "windData": [1,1,1,1] }
											}
										},
										{
											"name": "SaddleMetalBit2",
											"from": [ -0.055, 3.19, 0.99 ],
											"to": [ 0.715, 3.41, 1.21 ],
											"rotationOrigin": [ -0.11, 3.19, 0.99 ],
											"faces": {
												"north": { "texture": "#saddlemetal", "uv": [ 6.5, 0.0, 7.0, 0.5 ], "autoUv": false },
												"east": { "texture": "#saddlemetal", "uv": [ 4.5, 0.0, 5.0, 0.5 ], "autoUv": false },
												"south": { "texture": "#saddlemetal", "uv": [ 15.5, 9.0, 16.0, 9.5 ], "autoUv": false },
												"west": { "texture": "#saddlemetal", "uv": [ 13.5, 15.5, 14.0, 16.0 ], "autoUv": false },
												"up": { "texture": "#saddlemetal", "uv": [ 15.5, 10.0, 16.0, 10.5 ], "autoUv": false },
												"down": { "texture": "#saddlemetal", "uv": [ 0.0, 4.5, 0.5, 5.0 ], "autoUv": false, "windMode": [-1,-1,-1,-1], "windData": [1,1,1,1] }
											}
										}
									]
								},
								{
									"name": "SaddleMetalBit4",
									"from": [ -0.11, 3.08, 0.99 ],
									"to": [ 0.66, 3.3, 1.21 ],
									"rotationOrigin": [ -0.11, 3.08, 0.99 ],
									"faces": {
										"north": { "texture": "#saddlemetal", "uv": [ 6.5, 0.0, 7.0, 0.5 ], "autoUv": false },
										"east": { "texture": "#saddlemetal", "uv": [ 4.5, 0.0, 5.0, 0.5 ], "autoUv": false },
										"south": { "texture": "#saddlemetal", "uv": [ 15.5, 9.0, 16.0, 9.5 ], "autoUv": false },
										"west": { "texture": "#saddlemetal", "uv": [ 13.5, 15.5, 14.0, 16.0 ], "autoUv": false },
										"up": { "texture": "#saddlemetal", "uv": [ 15.5, 10.0, 16.0, 10.5 ], "autoUv": false },
										"down": { "texture": "#saddlemetal", "uv": [ 0.0, 4.5, 0.5, 5.0 ], "autoUv": false, "windMode": [-1,-1,-1,-1], "windData": [1,1,1,1] }
									}
								},
								{
									"name": "SaddleMetalBit5",
									"from": [ -0.11, 3.08, 0.0 ],
									"to": [ 0.66, 3.3, 0.22 ],
									"rotationOrigin": [ -0.11, 3.08, 0.0 ],
									"faces": {
										"north": { "texture": "#saddlemetal", "uv": [ 6.5, 0.0, 7.0, 0.5 ], "autoUv": false },
										"east": { "texture": "#saddlemetal", "uv": [ 4.5, 0.0, 5.0, 0.5 ], "autoUv": false },
										"south": { "texture": "#saddlemetal", "uv": [ 15.5, 9.0, 16.0, 9.5 ], "autoUv": false },
										"west": { "texture": "#saddlemetal", "uv": [ 13.5, 15.5, 14.0, 16.0 ], "autoUv": false },
										"up": { "texture": "#saddlemetal", "uv": [ 15.5, 10.0, 16.0, 10.5 ], "autoUv": false },
										"down": { "texture": "#saddlemetal", "uv": [ 0.0, 4.5, 0.5, 5.0 ], "autoUv": false, "windMode": [-1,-1,-1,-1], "windData": [1,1,1,1] }
									}
								},
								{
									"name": "SaddleMetalBit6",
									"from": [ -0.11, 3.08, 1.98 ],
									"to": [ 0.66, 3.3, 2.2 ],
									"rotationOrigin": [ -0.11, 3.08, 1.98 ],
									"faces": {
										"north": { "texture": "#saddlemetal", "uv": [ 6.5, 0.0, 7.0, 0.5 ], "autoUv": false },
										"east": { "texture": "#saddlemetal", "uv": [ 4.5, 0.0, 5.0, 0.5 ], "autoUv": false },
										"south": { "texture": "#saddlemetal", "uv": [ 15.5, 9.0, 16.0, 9.5 ], "autoUv": false },
										"west": { "texture": "#saddlemetal", "uv": [ 13.5, 15.5, 14.0, 16.0 ], "autoUv": false },
										"up": { "texture": "#saddlemetal", "uv": [ 15.5, 10.0, 16.0, 10.5 ], "autoUv": false },
										"down": { "texture": "#saddlemetal", "uv": [ 0.0, 4.5, 0.5, 5.0 ], "autoUv": false, "windMode": [-1,-1,-1,-1], "windData": [1,1,1,1] }
									}
								}
							]
						},
						{
							"name": "StrapFront15",
							"from": [ 0.0, -8.1, 0.11 ],
							"to": [ 1.1, -0.4, 9.9 ],
							"rotationOrigin": [ 0.0, -8.1, 2.11 ],
							"rotationZ": 2.0,
							"faces": {
								"north": { "texture": "#saddlemain", "uv": [ 9.5, 0.0, 16.0, 0.5 ], "rotation": 90, "autoUv": false },
								"east": { "texture": "#saddlemain", "uv": [ 3.5, 4.0, 12.0, 11.0 ], "autoUv": false },
								"south": { "texture": "#saddlemain", "uv": [ 0.0, 15.5, 6.0, 16.0 ], "rotation": 90, "autoUv": false },
								"west": { "texture": "#saddlemain", "uv": [ 4.0, 4.0, 12.5, 11.0 ], "autoUv": false },
								"up": { "texture": "#saddlemain", "uv": [ 3.0, 15.5, 13.0, 16.0 ], "rotation": 90, "autoUv": false },
								"down": { "texture": "#saddlemain", "uv": [ 3.0, 15.5, 13.0, 16.0 ], "rotation": 90, "autoUv": false }
							},
							"children": [
								{
									"name": "StrapFront16",
									"from": [ 1.1, 0.0, 0.0 ],
									"to": [ 2.2, 7.7, 9.79 ],
									"rotationOrigin": [ 1.1, 0.0, 0.0 ],
									"faces": {
										"north": { "texture": "#saddlemain", "uv": [ 9.5, 0.0, 16.0, 0.5 ], "rotation": 90, "autoUv": false },
										"east": { "texture": "#saddlemain", "uv": [ 3.5, 4.0, 12.0, 11.0 ], "autoUv": false },
										"south": { "texture": "#saddlemain", "uv": [ 0.0, 15.5, 6.0, 16.0 ], "rotation": 90, "autoUv": false },
										"west": { "texture": "#saddlemain", "uv": [ 4.0, 4.0, 12.5, 11.0 ], "autoUv": false },
										"up": { "texture": "#saddlemain", "uv": [ 3.0, 15.5, 13.0, 16.0 ], "rotation": 90, "autoUv": false },
										"down": { "texture": "#saddlemain", "uv": [ 3.0, 15.5, 13.0, 16.0 ], "rotation": 90, "autoUv": false }
									}
								},
								{
									"name": "StrapFront18",
									"from": [ 0.55, -0.22, -0.11 ],
									"to": [ 1.65, 7.48, 9.9 ],
									"rotationOrigin": [ 0.55, -0.22, -0.11 ],
									"faces": {
										"north": { "texture": "#saddlemain", "uv": [ 3.5, 7.5, 10.0, 8.5 ], "rotation": 90, "autoUv": false },
										"east": { "texture": "#saddlemain", "uv": [ 3.5, 4.0, 12.5, 11.0 ], "autoUv": false },
										"south": { "texture": "#saddlemain", "uv": [ 3.5, 9.5, 9.5, 10.5 ], "rotation": 90, "autoUv": false },
										"west": { "texture": "#saddlemain", "uv": [ 4.0, 4.0, 13.0, 11.0 ], "autoUv": false },
										"up": { "texture": "#saddlemain", "uv": [ 3.0, 10.0, 13.0, 11.0 ], "rotation": 90, "autoUv": false },
										"down": { "texture": "#saddlemain", "uv": [ 3.0, 8.5, 13.0, 9.5 ], "rotation": 90, "autoUv": false }
									}
								}
							]
						},
						{
							"name": "SaddleFrontN34",
							"from": [ -3.63, 2.2, -0.11 ],
							"to": [ -3.08, 2.75, 9.79 ],
							"rotationOrigin": [ -3.63, 2.2, -0.11 ],
							"rotationZ": -4.0,
							"faces": {
								"north": { "texture": "#saddlemain", "uv": [ 2.0, 15.5, 2.5, 16.0 ], "autoUv": false, "windMode": [-1,-1,-1,-1], "windData": [1,1,1,1] },
								"east": { "texture": "#saddlemain", "uv": [ 4.0, 15.5, 13.0, 16.0 ], "autoUv": false, "windMode": [-1,-1,-1,-1], "windData": [1,1,1,1] },
								"south": { "texture": "#saddlemain", "uv": [ 2.5, 15.5, 3.0, 16.0 ], "autoUv": false, "windMode": [-1,-1,-1,-1], "windData": [1,1,1,1] },
								"west": { "texture": "#saddlemain", "uv": [ 4.5, 15.5, 13.5, 16.0 ], "autoUv": false, "windMode": [-1,-1,-1,-1], "windData": [1,1,1,1] },
								"up": { "texture": "#saddlemain", "uv": [ 0.0, 7.0, 0.5, 16.0 ], "autoUv": false, "windMode": [-1,-1,-1,-1], "windData": [1,1,1,1] },
								"down": { "texture": "#saddlemain", "uv": [ 2.5, 6.0, 3.0, 15.0 ], "autoUv": false, "windMode": [-1,-1,-1,-1], "windData": [1,1,1,1] }
							},
							"children": [
								{
									"name": "SaddleFrontN35",
									"from": [ 0.0, 0.55, 0.22 ],
									"to": [ 0.55, 1.1, 9.68 ],
									"rotationOrigin": [ 0.0, 0.55, 0.22 ],
									"faces": {
										"north": { "texture": "#saddlemain", "uv": [ 2.0, 15.5, 2.5, 16.0 ], "autoUv": false, "windMode": [-1,-1,-1,-1], "windData": [1,1,1,1] },
										"east": { "texture": "#saddlemain", "uv": [ 4.0, 15.5, 12.5, 16.0 ], "autoUv": false, "windMode": [-1,-1,-1,-1], "windData": [1,1,1,1] },
										"south": { "texture": "#saddlemain", "uv": [ 2.5, 15.5, 3.0, 16.0 ], "autoUv": false, "windMode": [-1,-1,-1,-1], "windData": [1,1,1,1] },
										"west": { "texture": "#saddlemain", "uv": [ 4.5, 15.5, 13.0, 16.0 ], "autoUv": false, "windMode": [-1,-1,-1,-1], "windData": [1,1,1,1] },
										"up": { "texture": "#saddlemain", "uv": [ 0.0, 7.0, 0.5, 15.5 ], "autoUv": false, "windMode": [-1,-1,-1,-1], "windData": [1,1,1,1] },
										"down": { "texture": "#saddlemain", "uv": [ 2.5, 6.0, 3.0, 14.5 ], "autoUv": false, "windMode": [-1,-1,-1,-1], "windData": [1,1,1,1] }
									}
								},
								{
									"name": "SaddleFrontN36",
									"from": [ 0.0, 1.1, 1.32 ],
									"to": [ 0.55, 1.65, 8.8 ],
									"rotationOrigin": [ 0.0, 1.1, 1.32 ],
									"faces": {
										"north": { "texture": "#saddlemain", "uv": [ 2.0, 15.5, 2.5, 16.0 ], "autoUv": false, "windMode": [-1,-1,-1,-1], "windData": [1,1,1,1] },
										"east": { "texture": "#saddlemain", "uv": [ 4.0, 15.5, 10.5, 16.0 ], "autoUv": false, "windMode": [-1,-1,-1,-1], "windData": [1,1,1,1] },
										"south": { "texture": "#saddlemain", "uv": [ 2.5, 15.5, 3.0, 16.0 ], "autoUv": false, "windMode": [-1,-1,-1,-1], "windData": [1,1,1,1] },
										"west": { "texture": "#saddlemain", "uv": [ 4.5, 15.5, 11.0, 16.0 ], "autoUv": false, "windMode": [-1,-1,-1,-1], "windData": [1,1,1,1] },
										"up": { "texture": "#saddlemain", "uv": [ 0.0, 7.0, 0.5, 13.5 ], "autoUv": false, "windMode": [-1,-1,-1,-1], "windData": [1,1,1,1] },
										"down": { "texture": "#saddlemain", "uv": [ 2.5, 6.0, 3.0, 12.5 ], "autoUv": false, "windMode": [-1,-1,-1,-1], "windData": [1,1,1,1] }
									}
								},
								{
									"name": "SaddleFrontN37",
									"from": [ 0.0, 1.65, 3.19 ],
									"to": [ 0.55, 2.2, 6.93 ],
									"rotationOrigin": [ 0.0, 1.65, 3.19 ],
									"faces": {
										"north": { "texture": "#saddlemain", "uv": [ 2.0, 15.5, 2.5, 16.0 ], "autoUv": false, "windMode": [-1,-1,-1,-1], "windData": [1,1,1,1] },
										"east": { "texture": "#saddlemain", "uv": [ 4.0, 15.5, 7.0, 16.0 ], "autoUv": false, "windMode": [-1,-1,-1,-1], "windData": [1,1,1,1] },
										"south": { "texture": "#saddlemain", "uv": [ 2.5, 15.5, 3.0, 16.0 ], "autoUv": false, "windMode": [-1,-1,-1,-1], "windData": [1,1,1,1] },
										"west": { "texture": "#saddlemain", "uv": [ 4.5, 15.5, 7.5, 16.0 ], "autoUv": false, "windMode": [-1,-1,-1,-1], "windData": [1,1,1,1] },
										"up": { "texture": "#saddlemain", "uv": [ 0.0, 7.0, 0.5, 10.0 ], "autoUv": false, "windMode": [-1,-1,-1,-1], "windData": [1,1,1,1] },
										"down": { "texture": "#saddlemain", "uv": [ 2.5, 6.0, 3.0, 9.0 ], "autoUv": false, "windMode": [-1,-1,-1,-1], "windData": [1,1,1,1] }
									}
								}
							]
						},
						{
							"name": "SaddleFrontN38",
							"from": [ 6.38, 2.09, -0.11 ],
							"to": [ 6.93, 2.64, 9.79 ],
							"rotationOrigin": [ 6.38, 2.09, -0.11 ],
							"rotationZ": 4.0,
							"faces": {
								"north": { "texture": "#saddlemain", "uv": [ 2.0, 15.5, 2.5, 16.0 ], "autoUv": false, "windMode": [-1,-1,-1,-1], "windData": [1,1,1,1] },
								"east": { "texture": "#saddlemain", "uv": [ 4.0, 15.5, 13.0, 16.0 ], "autoUv": false, "windMode": [-1,-1,-1,-1], "windData": [1,1,1,1] },
								"south": { "texture": "#saddlemain", "uv": [ 2.5, 15.5, 3.0, 16.0 ], "autoUv": false, "windMode": [-1,-1,-1,-1], "windData": [1,1,1,1] },
								"west": { "texture": "#saddlemain", "uv": [ 4.5, 15.5, 13.5, 16.0 ], "autoUv": false, "windMode": [-1,-1,-1,-1], "windData": [1,1,1,1] },
								"up": { "texture": "#saddlemain", "uv": [ 0.0, 7.0, 0.5, 16.0 ], "autoUv": false, "windMode": [-1,-1,-1,-1], "windData": [1,1,1,1] },
								"down": { "texture": "#saddlemain", "uv": [ 2.5, 6.0, 3.0, 15.0 ], "autoUv": false, "windMode": [-1,-1,-1,-1], "windData": [1,1,1,1] }
							},
							"children": [
								{
									"name": "SaddleFrontN39",
									"from": [ 0.0, 0.55, 0.22 ],
									"to": [ 0.55, 1.1, 9.68 ],
									"rotationOrigin": [ 0.0, 0.55, 0.22 ],
									"faces": {
										"north": { "texture": "#saddlemain", "uv": [ 2.0, 15.5, 2.5, 16.0 ], "autoUv": false, "windMode": [-1,-1,-1,-1], "windData": [1,1,1,1] },
										"east": { "texture": "#saddlemain", "uv": [ 4.0, 15.5, 12.5, 16.0 ], "autoUv": false, "windMode": [-1,-1,-1,-1], "windData": [1,1,1,1] },
										"south": { "texture": "#saddlemain", "uv": [ 2.5, 15.5, 3.0, 16.0 ], "autoUv": false, "windMode": [-1,-1,-1,-1], "windData": [1,1,1,1] },
										"west": { "texture": "#saddlemain", "uv": [ 4.5, 15.5, 13.0, 16.0 ], "autoUv": false, "windMode": [-1,-1,-1,-1], "windData": [1,1,1,1] },
										"up": { "texture": "#saddlemain", "uv": [ 0.0, 7.0, 0.5, 15.5 ], "autoUv": false, "windMode": [-1,-1,-1,-1], "windData": [1,1,1,1] },
										"down": { "texture": "#saddlemain", "uv": [ 2.5, 6.0, 3.0, 14.5 ], "autoUv": false, "windMode": [-1,-1,-1,-1], "windData": [1,1,1,1] }
									}
								},
								{
									"name": "SaddleFrontN40",
									"from": [ 0.0, 1.1, 1.32 ],
									"to": [ 0.55, 1.65, 8.8 ],
									"rotationOrigin": [ 0.0, 1.1, 1.32 ],
									"faces": {
										"north": { "texture": "#saddlemain", "uv": [ 2.0, 15.5, 2.5, 16.0 ], "autoUv": false, "windMode": [-1,-1,-1,-1], "windData": [1,1,1,1] },
										"east": { "texture": "#saddlemain", "uv": [ 4.0, 15.5, 10.5, 16.0 ], "autoUv": false, "windMode": [-1,-1,-1,-1], "windData": [1,1,1,1] },
										"south": { "texture": "#saddlemain", "uv": [ 2.5, 15.5, 3.0, 16.0 ], "autoUv": false, "windMode": [-1,-1,-1,-1], "windData": [1,1,1,1] },
										"west": { "texture": "#saddlemain", "uv": [ 4.5, 15.5, 11.0, 16.0 ], "autoUv": false, "windMode": [-1,-1,-1,-1], "windData": [1,1,1,1] },
										"up": { "texture": "#saddlemain", "uv": [ 0.0, 7.0, 0.5, 13.5 ], "autoUv": false, "windMode": [-1,-1,-1,-1], "windData": [1,1,1,1] },
										"down": { "texture": "#saddlemain", "uv": [ 2.5, 6.0, 3.0, 12.5 ], "autoUv": false, "windMode": [-1,-1,-1,-1], "windData": [1,1,1,1] }
									}
								},
								{
									"name": "SaddleFrontN41",
									"from": [ 0.0, 1.65, 3.19 ],
									"to": [ 0.55, 2.2, 6.93 ],
									"rotationOrigin": [ 0.0, 1.65, 3.19 ],
									"faces": {
										"north": { "texture": "#saddlemain", "uv": [ 2.0, 15.5, 2.5, 16.0 ], "autoUv": false, "windMode": [-1,-1,-1,-1], "windData": [1,1,1,1] },
										"east": { "texture": "#saddlemain", "uv": [ 4.0, 15.5, 7.0, 16.0 ], "autoUv": false, "windMode": [-1,-1,-1,-1], "windData": [1,1,1,1] },
										"south": { "texture": "#saddlemain", "uv": [ 2.5, 15.5, 3.0, 16.0 ], "autoUv": false, "windMode": [-1,-1,-1,-1], "windData": [1,1,1,1] },
										"west": { "texture": "#saddlemain", "uv": [ 4.5, 15.5, 7.5, 16.0 ], "autoUv": false, "windMode": [-1,-1,-1,-1], "windData": [1,1,1,1] },
										"up": { "texture": "#saddlemain", "uv": [ 0.0, 7.0, 0.5, 10.0 ], "autoUv": false, "windMode": [-1,-1,-1,-1], "windData": [1,1,1,1] },
										"down": { "texture": "#saddlemain", "uv": [ 2.5, 6.0, 3.0, 9.0 ], "autoUv": false, "windMode": [-1,-1,-1,-1], "windData": [1,1,1,1] }
									}
								}
							]
						}
					]
				},
				{
					"name": "SaddleFrontN3",
					"from": [ -1.98, -1.584, -4.785 ],
					"to": [ 3.52, 1.936, 5.115 ],
					"rotationOrigin": [ -1.9845, 1.936, -4.675 ],
					"rotationZ": -1.0,
					"faces": {
						"north": { "texture": "#saddleornate", "uv": [ 0.0, 13.0, 5.0, 16.0 ], "autoUv": false },
						"east": { "texture": "#saddleornate", "uv": [ 6.0, 0.5, 15.0, 3.5 ], "autoUv": false },
						"south": { "texture": "#saddleornate", "uv": [ 10.0, 13.0, 15.0, 16.0 ], "autoUv": false },
						"west": { "texture": "#saddleornate", "uv": [ 2.0, 6.5, 11.0, 9.5 ], "autoUv": false },
						"up": { "texture": "#saddleornate", "uv": [ 10.0, 2.5, 15.0, 11.5 ], "autoUv": false },
						"down": { "texture": "#saddleornate", "uv": [ 2.0, 4.5, 7.0, 13.5 ], "autoUv": false, "windMode": [-1,-1,-1,-1], "windData": [1,1,1,1] }
					}
				},
				{
					"name": "StrapFront10",
					"stepParentName": "Chest",
					"from": [ 0.077, -0.198, -0.473 ],
					"to": [ 1.177, 10.802, 10.197 ],
					"rotationOrigin": [ 0.0785, -0.1945, -0.473 ],
					"rotationZ": -22.5,
					"faces": {
						"north": { "texture": "#saddlemain", "uv": [ 2.0, 1.0, 13.0, 2.0 ], "rotation": 90 },
						"east": { "texture": "#saddlemain", "uv": [ 2.5, 2.5, 13.0, 13.5 ] },
						"south": { "texture": "#saddlemain", "uv": [ 2.0, 14.0, 13.0, 15.0 ], "rotation": 90 },
						"west": { "texture": "#saddlemain", "uv": [ 3.5, 4.0, 14.0, 15.0 ] },
						"up": { "texture": "#saddlemain", "uv": [ 3.0, 14.0, 13.5, 15.0 ], "rotation": 90 },
						"down": { "texture": "#saddlemain", "uv": [ 2.5, 14.0, 13.0, 15.0 ], "rotation": 90 }
					},
					"children": [
						{
							"name": "StrapFront17",
							"from": [ 0.33, -0.11, -0.11 ],
							"to": [ 0.77, 10.89, 10.78 ],
							"rotationOrigin": [ 0.33, -0.11, -0.11 ],
							"faces": {
								"north": { "texture": "#saddlemain", "uv": [ 3.5, 7.5, 14.5, 8.0 ], "rotation": 90 },
								"east": { "texture": "#saddlemain", "uv": [ 3.5, 4.0, 14.0, 15.0 ] },
								"south": { "texture": "#saddlemain", "uv": [ 3.5, 9.5, 14.5, 10.0 ], "rotation": 90 },
								"west": { "texture": "#saddlemain", "uv": [ 4.0, 4.0, 14.5, 15.0 ] },
								"up": { "texture": "#saddlemain", "uv": [ 3.0, 10.0, 13.5, 10.5 ], "rotation": 90 },
								"down": { "texture": "#saddlemain", "uv": [ 3.0, 8.5, 13.5, 9.0 ], "rotation": 90 }
							}
						}
					]
				},
				{
					"name": "StrapFront11",
					"stepParentName": "Hind",
					"from": [ -3.2, 6.6, -0.33 ],
					"to": [ -1.88, 18.93, 10.12 ],
					"rotationOrigin": [ -3.2, 6.6, -0.33 ],
					"rotationZ": -97.0,
					"faces": {
						"north": { "texture": "#saddlemain", "uv": [ 2.5, 1.0, 14.5, 2.0 ], "rotation": 90 },
						"east": { "texture": "#saddlemain", "uv": [ 3.5, 4.0, 13.5, 16.0 ] },
						"south": { "texture": "#saddlemain", "uv": [ 2.0, 14.0, 14.0, 15.0 ], "rotation": 90 },
						"west": { "texture": "#saddlemain", "uv": [ 3.0, 1.5, 13.0, 13.5 ] },
						"up": { "texture": "#saddlemain", "uv": [ 3.5, 14.0, 13.5, 15.0 ], "rotation": 90 },
						"down": { "texture": "#saddlemain", "uv": [ 3.0, 14.0, 13.0, 15.0 ], "rotation": 90 }
					},
					"children": [
						{
							"name": "StrapFront12",
							"from": [ 0.99, 4.3, -0.11 ],
							"to": [ 1.54, 9.03, 10.56 ],
							"rotationOrigin": [ 0.99, 4.3, -0.11 ],
							"rotationZ": 102.0,
							"faces": {
								"north": { "texture": "#saddlemain", "uv": [ 11.5, 8.5, 15.5, 9.0 ], "rotation": 90, "autoUv": false, "windMode": [-1,-1,-1,-1], "windData": [1,1,1,1] },
								"east": { "texture": "#saddlemain", "uv": [ 2.5, 4.0, 12.0, 8.0 ], "autoUv": false, "windMode": [-1,-1,-1,-1], "windData": [1,1,1,1] },
								"south": { "texture": "#saddlemain", "uv": [ 11.5, 8.5, 15.5, 9.0 ], "rotation": 90, "autoUv": false, "windMode": [-1,-1,-1,-1], "windData": [1,1,1,1] },
								"west": { "texture": "#saddlemain", "uv": [ 3.0, 6.0, 12.5, 10.0 ], "autoUv": false, "windMode": [-1,-1,-1,-1], "windData": [1,1,1,1] },
								"up": { "texture": "#saddlemain", "uv": [ 3.0, 13.5, 12.5, 14.0 ], "rotation": 90, "autoUv": false, "windMode": [-1,-1,-1,-1], "windData": [1,1,1,1] },
								"down": { "texture": "#saddlemain", "uv": [ 3.0, 14.0, 12.5, 14.5 ], "rotation": 90, "autoUv": false, "windMode": [-1,-1,-1,-1], "windData": [1,1,1,1] }
							}
						},
						{
							"name": "StrapFront13",
							"from": [ 0.88, 10.46, -0.11 ],
							"to": [ 1.43, 15.96, 10.56 ],
							"rotationOrigin": [ 0.88, 10.46, -0.11 ],
							"rotationZ": 88.0,
							"faces": {
								"north": { "texture": "#saddlemain", "uv": [ 10.5, 8.5, 15.5, 9.0 ], "rotation": 90, "autoUv": false, "windMode": [-1,-1,-1,-1], "windData": [1,1,1,1] },
								"east": { "texture": "#saddlemain", "uv": [ 2.5, 4.0, 12.0, 9.0 ], "autoUv": false, "windMode": [-1,-1,-1,-1], "windData": [1,1,1,1] },
								"south": { "texture": "#saddlemain", "uv": [ 10.5, 8.5, 15.5, 9.0 ], "rotation": 90, "autoUv": false, "windMode": [-1,-1,-1,-1], "windData": [1,1,1,1] },
								"west": { "texture": "#saddlemain", "uv": [ 3.0, 6.0, 12.5, 11.0 ], "autoUv": false, "windMode": [-1,-1,-1,-1], "windData": [1,1,1,1] },
								"up": { "texture": "#saddlemain", "uv": [ 3.0, 13.5, 12.5, 14.0 ], "rotation": 90, "autoUv": false, "windMode": [-1,-1,-1,-1], "windData": [1,1,1,1] },
								"down": { "texture": "#saddlemain", "uv": [ 3.0, 14.0, 12.5, 14.5 ], "rotation": 90, "autoUv": false, "windMode": [-1,-1,-1,-1], "windData": [1,1,1,1] }
							}
						},
						{
							"name": "StrapFront14",
							"from": [ 0.99, 7.49, -0.11 ],
							"to": [ 1.54, 12.54, 10.56 ],
							"rotationOrigin": [ 0.99, 7.49, -0.11 ],
							"rotationZ": 98.0,
							"faces": {
								"north": { "texture": "#saddlemain", "uv": [ 11.0, 8.5, 15.5, 9.0 ], "rotation": 90, "autoUv": false, "windMode": [-1,-1,-1,-1], "windData": [1,1,1,1] },
								"east": { "texture": "#saddlemain", "uv": [ 2.5, 4.0, 12.0, 8.5 ], "autoUv": false, "windMode": [-1,-1,-1,-1], "windData": [1,1,1,1] },
								"south": { "texture": "#saddlemain", "uv": [ 11.0, 8.5, 15.5, 9.0 ], "rotation": 90, "autoUv": false, "windMode": [-1,-1,-1,-1], "windData": [1,1,1,1] },
								"west": { "texture": "#saddlemain", "uv": [ 3.0, 6.0, 12.5, 10.5 ], "autoUv": false, "windMode": [-1,-1,-1,-1], "windData": [1,1,1,1] },
								"up": { "texture": "#saddlemain", "uv": [ 3.0, 13.5, 12.5, 14.0 ], "rotation": 90, "autoUv": false, "windMode": [-1,-1,-1,-1], "windData": [1,1,1,1] },
								"down": { "texture": "#saddlemain", "uv": [ 3.0, 14.0, 12.5, 14.5 ], "rotation": 90, "autoUv": false, "windMode": [-1,-1,-1,-1], "windData": [1,1,1,1] }
							}
						},
						{
							"name": "StrapFront19",
							"from": [ 0.33, -0.66, -0.055 ],
							"to": [ 0.99, 12.44, 10.505 ],
							"rotationOrigin": [ 0.33, -0.66, -0.11 ],
							"faces": {
								"north": { "texture": "#saddlemain", "uv": [ 2.0, 7.5, 15.0, 8.0 ], "rotation": 90 },
								"east": { "texture": "#saddlemain", "uv": [ 3.5, 1.5, 14.0, 14.5 ] },
								"south": { "texture": "#saddlemain", "uv": [ 2.5, 9.5, 15.5, 10.0 ], "rotation": 90 },
								"west": { "texture": "#saddlemain", "uv": [ 4.0, 1.5, 14.5, 14.5 ] },
								"up": { "texture": "#saddlemain", "uv": [ 3.0, 10.0, 13.5, 10.5 ], "rotation": 90 },
								"down": { "texture": "#saddlemain", "uv": [ 3.0, 8.5, 13.5, 9.0 ], "rotation": 90 }
							},
							"children": [
								{
									"name": "SaddleMetalBit13",
									"from": [ 0.22, 5.07, 10.78 ],
									"to": [ 11.11, 5.29, 11.0 ],
									"rotationOrigin": [ 0.22, 5.07, 10.78 ],
									"rotationY": 90.0,
									"faces": {
										"north": { "texture": "#saddlemetal", "uv": [ 0.5, 6.5, 10.0, 7.0 ], "autoUv": false },
										"east": { "texture": "#saddlemetal", "uv": [ 4.5, 0.0, 5.0, 0.5 ], "autoUv": false },
										"south": { "texture": "#saddlemetal", "uv": [ 0.0, 10.0, 9.5, 10.5 ], "autoUv": false },
										"west": { "texture": "#saddlemetal", "uv": [ 13.5, 15.5, 14.0, 16.0 ], "autoUv": false },
										"up": { "texture": "#saddlemetal", "uv": [ 1.0, 10.0, 10.5, 10.5 ], "autoUv": false },
										"down": { "texture": "#saddlemetal", "uv": [ 1.0, 5.0, 10.5, 5.5 ], "autoUv": false, "windMode": [-1,-1,-1,-1], "windData": [1,1,1,1] }
									}
								},
								{
									"name": "SaddleMetalBit14",
									"from": [ 0.22, 8.26, 10.78 ],
									"to": [ 11.11, 8.48, 11.0 ],
									"rotationOrigin": [ 0.22, 8.26, 10.78 ],
									"rotationY": 90.0,
									"faces": {
										"north": { "texture": "#saddlemetal", "uv": [ 0.5, 6.5, 10.0, 7.0 ], "autoUv": false },
										"east": { "texture": "#saddlemetal", "uv": [ 4.5, 0.0, 5.0, 0.5 ], "autoUv": false },
										"south": { "texture": "#saddlemetal", "uv": [ 0.0, 10.0, 9.5, 10.5 ], "autoUv": false },
										"west": { "texture": "#saddlemetal", "uv": [ 13.5, 15.5, 14.0, 16.0 ], "autoUv": false },
										"up": { "texture": "#saddlemetal", "uv": [ 1.0, 10.0, 10.5, 10.5 ], "autoUv": false },
										"down": { "texture": "#saddlemetal", "uv": [ 1.0, 5.0, 10.5, 5.5 ], "autoUv": false, "windMode": [-1,-1,-1,-1], "windData": [1,1,1,1] }
									}
								},
								{
									"name": "SaddleMetalBit15",
									"from": [ 0.22, 11.29, 10.725 ],
									"to": [ 11.11, 11.51, 10.945 ],
									"rotationOrigin": [ 0.22, 11.23, 10.78 ],
									"rotationY": 90.0,
									"faces": {
										"north": { "texture": "#saddlemetal", "uv": [ 0.5, 6.5, 10.0, 7.0 ], "autoUv": false },
										"east": { "texture": "#saddlemetal", "uv": [ 4.5, 0.0, 5.0, 0.5 ], "autoUv": false },
										"south": { "texture": "#saddlemetal", "uv": [ 0.0, 10.0, 9.5, 10.5 ], "autoUv": false },
										"west": { "texture": "#saddlemetal", "uv": [ 13.5, 15.5, 14.0, 16.0 ], "autoUv": false },
										"up": { "texture": "#saddlemetal", "uv": [ 1.0, 10.0, 10.5, 10.5 ], "autoUv": false },
										"down": { "texture": "#saddlemetal", "uv": [ 1.0, 5.0, 10.5, 5.5 ], "autoUv": false, "windMode": [-1,-1,-1,-1], "windData": [1,1,1,1] }
									}
								}
							]
						}
					]
				}
			]
		}
	]}