{
	"editor": {
		"backDropShape": "D:/VSModding/REPOS/vsWorkbench/Entitybackdrops/ferus-adult",
		"collapsedPaths": "Root/ORIGIN/SaddleSeat,Root/ORIGIN/SaddleFrontN/SaddleFrontN13,Root/ORIGIN/SaddleFrontWall,Root/ORIGIN/Saddle/SaddleFrontN/StrapFront,Root/ORIGIN/SaddleBack1,Root/ORIGIN/SaddleFrontN8,Root/SaddleFrontN",
		"allAngles": true,
		"entityTextureMode": false
	},
	"textureWidth": 16,
	"textureHeight": 16,
	"textureSizes": {
		"saddlerope": [32,32],
		"saddlewood": [16,16],
		"saddlemain": [16,16]
	},
	"textures": {
	},
	"elements": [
		{
			"name": "ORIGIN",
			"stepParentName": "MidStorage",
			"from": [ 2.7, 1.53, 4.37 ],
			"to": [ 3.8025, 2.6325, 5.4725 ],
			"rotationOrigin": [ 2.7025, 1.5332, 4.315 ],
			"rotationZ": -2.0,
			"faces": {
			},
			"children": [
				{
					"name": "Saddle",
					"from": [ 0.0, 0.0, 0.2205 ],
					"to": [ 0.0, 0.0, 0.2205 ],
					"rotationOrigin": [ 0.0, 0.0, 0.2205 ],
					"faces": {
						"north": { "texture": "#pelt", "uv": [ 0.0, 0.0, 0.5, 0.5 ], "autoUv": false },
						"east": { "texture": "#pelt", "uv": [ 0.0, 0.0, 0.5, 0.5 ], "autoUv": false },
						"south": { "texture": "#pelt", "uv": [ 0.0, 0.0, 0.5, 0.5 ], "autoUv": false },
						"west": { "texture": "#pelt", "uv": [ 0.0, 0.0, 0.5, 0.5 ], "autoUv": false },
						"up": { "texture": "#pelt", "uv": [ 0.0, 0.0, 0.5, 0.5 ], "autoUv": false },
						"down": { "texture": "#pelt", "uv": [ 0.0, 0.0, 0.5, 0.5 ], "autoUv": false }
					}
				},
				{
					"name": "SaddleFrontN",
					"from": [ -4.18, -2.53, -4.71 ],
					"to": [ 0.7922, 2.1401, 4.992 ],
					"rotationOrigin": [ -4.183, -2.5289, -4.6478 ],
					"rotationZ": 6.0,
					"faces": {
						"north": { "texture": "#saddlemain", "uv": [ 5.5, 7.0, 9.5, 12.5 ], "autoUv": false },
						"east": { "texture": "#saddlemain", "uv": [ 4.0, 1.5, 12.0, 7.0 ], "autoUv": false },
						"south": { "texture": "#saddlemain", "uv": [ 10.0, 4.0, 14.0, 9.5 ], "autoUv": false },
						"west": { "texture": "#saddlemain", "uv": [ 3.5, 5.5, 11.5, 11.0 ], "autoUv": false },
						"up": { "texture": "#saddlemain", "uv": [ 0.5, 4.0, 4.5, 12.0 ], "autoUv": false },
						"down": { "texture": "#saddlemain", "uv": [ 0.0, 4.5, 4.0, 12.5 ], "autoUv": false, "windMode": [-1,-1,-1,-1], "windData": [1,1,1,1] }
					},
					"children": [
						{
							"name": "SaddleFrontN2",
							"from": [ 3.7765, 0.7869, 1.3947 ],
							"to": [ 11.053, 4.6677, 8.1861 ],
							"rotationOrigin": [ 3.7765, 0.7842, 1.5159 ],
							"rotationZ": -7.0,
							"faces": {
								"north": { "texture": "#saddlemain", "uv": [ 4.0, 7.0, 10.0, 10.0 ], "autoUv": false },
								"east": { "texture": "#saddlemain", "uv": [ 6.0, 0.5, 11.5, 3.5 ], "autoUv": false },
								"south": { "texture": "#saddlemain", "uv": [ 9.5, 4.5, 15.5, 7.5 ], "autoUv": false },
								"west": { "texture": "#saddlemain", "uv": [ 4.5, 6.5, 10.0, 9.5 ], "autoUv": false },
								"up": { "texture": "#saddlemain", "uv": [ 9.5, 5.0, 15.5, 10.5 ], "autoUv": false },
								"down": { "texture": "#saddlemain", "uv": [ 0.0, 4.5, 6.0, 10.0 ], "autoUv": false, "windMode": [-1,-1,-1,-1], "windData": [1,1,1,1] }
							},
							"children": [
								{
									"name": "SaddleFrontN4",
									"from": [ -0.001, 0.0, -2.183 ],
									"to": [ 7.2755, 3.8808, 0.0 ],
									"rotationOrigin": [ -0.1, 3.8808, 0.0 ],
									"rotationX": -20.0,
									"faces": {
										"north": { "texture": "#saddlemain", "uv": [ 5.5, 7.0, 11.5, 10.0 ], "autoUv": false },
										"east": { "texture": "#saddlemain", "uv": [ 4.0, 1.0, 5.5, 4.0 ], "autoUv": false },
										"south": { "texture": "#saddlemain", "uv": [ 9.5, 4.0, 15.5, 7.0 ], "autoUv": false },
										"west": { "texture": "#saddlemain", "uv": [ 3.0, 6.5, 4.5, 9.5 ], "autoUv": false },
										"up": { "texture": "#saddlemain", "uv": [ 9.5, 8.0, 15.5, 9.5 ], "autoUv": false },
										"down": { "texture": "#saddlemain", "uv": [ 0.0, 4.5, 6.0, 6.0 ], "autoUv": false, "windMode": [-1,-1,-1,-1], "windData": [1,1,1,1] }
									},
									"children": [
										{
											"name": "SaddleFrontN6",
											"from": [ 0.001, 0.0, 0.0 ],
											"to": [ 7.2775, 3.8808, 2.183 ],
											"rotationOrigin": [ 0.1, 3.8808, 0.0 ],
											"rotationX": 20.0,
											"faces": {
												"north": { "texture": "#saddlemain", "uv": [ 9.5, 7.0, 15.5, 10.0 ], "rotation": 180, "autoUv": false },
												"east": { "texture": "#saddlemain", "uv": [ 4.0, 1.0, 5.5, 4.0 ], "autoUv": false },
												"south": { "texture": "#saddlemain", "uv": [ 9.5, 4.0, 15.5, 7.0 ], "autoUv": false },
												"west": { "texture": "#saddlemain", "uv": [ 3.0, 6.5, 4.5, 9.5 ], "autoUv": false },
												"up": { "texture": "#saddlemain", "uv": [ 2.0, 5.0, 8.0, 6.5 ], "autoUv": false },
												"down": { "texture": "#saddlemain", "uv": [ 0.0, 4.5, 6.0, 6.0 ], "autoUv": false, "windMode": [-1,-1,-1,-1], "windData": [1,1,1,1] }
											},
											"children": [
												{
													"name": "SaddleFrontN30",
													"from": [ 6.0638, 0.0, 0.0121 ],
													"to": [ 7.2765, 3.8808, 2.1951 ],
													"rotationOrigin": [ 7.2765, 0.0, 10.894 ],
													"rotationZ": 51.0,
													"faces": {
														"north": { "texture": "#saddlemain", "uv": [ 4.5, 12.5, 5.5, 15.5 ], "autoUv": false },
														"east": { "texture": "#saddlemain", "uv": [ 4.0, 1.0, 5.5, 4.0 ], "autoUv": false },
														"south": { "texture": "#saddlemain", "uv": [ 9.5, 4.0, 10.5, 7.0 ], "autoUv": false },
														"west": { "texture": "#saddlemain", "uv": [ 3.0, 6.5, 4.5, 9.5 ], "autoUv": false },
														"up": { "texture": "#saddlemain", "uv": [ 2.0, 5.0, 3.0, 6.5 ], "autoUv": false },
														"down": { "texture": "#saddlemain", "uv": [ 0.0, 4.5, 1.0, 6.0 ], "autoUv": false, "windMode": [-1,-1,-1,-1], "windData": [1,1,1,1] }
													},
													"children": [
														{
															"name": "SaddleFrontN31",
															"from": [ -6.0638, 0.0, 0.0242 ],
															"to": [ 0.0, 3.8808, 2.2072 ],
															"rotationOrigin": [ 0.0, 0.0, 2.3042 ],
															"rotationZ": -50.0,
															"faces": {
																"north": { "texture": "#saddlemain", "uv": [ 4.5, 12.5, 9.5, 15.5 ], "autoUv": false },
																"east": { "texture": "#saddlemain", "uv": [ 4.0, 1.0, 5.5, 4.0 ], "autoUv": false },
																"south": { "texture": "#saddlemain", "uv": [ 8.5, 4.0, 13.5, 7.0 ], "autoUv": false },
																"west": { "texture": "#saddlemain", "uv": [ 3.0, 6.5, 4.5, 9.5 ], "autoUv": false },
																"up": { "texture": "#saddlemain", "uv": [ 2.0, 5.0, 7.0, 6.5 ], "autoUv": false },
																"down": { "texture": "#saddlemain", "uv": [ 0.0, 4.5, 5.0, 6.0 ], "autoUv": false, "windMode": [-1,-1,-1,-1], "windData": [1,1,1,1] }
															}
														}
													]
												}
											]
										}
									]
								},
								{
									"name": "SaddleFrontN5",
									"from": [ -0.001, 0.0, 6.7914 ],
									"to": [ 7.2755, 3.8808, 8.9744 ],
									"rotationOrigin": [ -0.1, 3.8808, 6.7914 ],
									"rotationX": 20.0,
									"faces": {
										"north": { "texture": "#saddlemain", "uv": [ 6.0, 7.0, 12.0, 10.0 ], "autoUv": false },
										"east": { "texture": "#saddlemain", "uv": [ 10.5, 0.5, 12.0, 3.5 ], "autoUv": false },
										"south": { "texture": "#saddlemain", "uv": [ 9.0, 4.0, 15.0, 7.0 ], "autoUv": false },
										"west": { "texture": "#saddlemain", "uv": [ 3.5, 6.5, 5.0, 9.5 ], "autoUv": false },
										"up": { "texture": "#saddlemain", "uv": [ 9.5, 6.5, 15.5, 8.0 ], "autoUv": false },
										"down": { "texture": "#saddlemain", "uv": [ 0.0, 4.5, 6.0, 6.0 ], "autoUv": false, "windMode": [-1,-1,-1,-1], "windData": [1,1,1,1] }
									},
									"children": [
										{
											"name": "SaddleFrontN7",
											"from": [ 0.002, 0.0, 0.0 ],
											"to": [ 7.2785, 3.8808, 2.183 ],
											"rotationOrigin": [ 0.1, 3.8808, 2.183 ],
											"rotationX": -20.0,
											"faces": {
												"north": { "texture": "#saddlemain", "uv": [ 5.5, 7.0, 11.5, 10.0 ], "autoUv": false },
												"east": { "texture": "#saddlemain", "uv": [ 0.5, 7.5, 2.0, 10.5 ], "autoUv": false },
												"south": { "texture": "#saddlemain", "uv": [ 9.5, 4.0, 15.5, 7.0 ], "autoUv": false },
												"west": { "texture": "#saddlemain", "uv": [ 3.0, 6.5, 4.5, 9.5 ], "autoUv": false },
												"up": { "texture": "#saddlemain", "uv": [ 2.0, 5.0, 8.0, 6.5 ], "autoUv": false },
												"down": { "texture": "#saddlemain", "uv": [ 0.0, 4.5, 6.0, 6.0 ], "autoUv": false, "windMode": [-1,-1,-1,-1], "windData": [1,1,1,1] }
											},
											"children": [
												{
													"name": "SaddleFrontN14",
													"from": [ 6.0638, 0.0, -0.0121 ],
													"to": [ 7.2765, 3.8808, 2.1709 ],
													"rotationOrigin": [ 7.2765, 0.0, 2.0616 ],
													"rotationZ": 51.0,
													"faces": {
														"north": { "texture": "#saddlemain", "uv": [ 5.5, 7.0, 6.5, 10.0 ], "autoUv": false },
														"east": { "texture": "#saddlemain", "uv": [ 4.0, 1.0, 5.5, 4.0 ], "autoUv": false },
														"south": { "texture": "#saddlemain", "uv": [ 15.0, 6.0, 16.0, 9.0 ], "autoUv": false },
														"west": { "texture": "#saddlemain", "uv": [ 6.5, 6.5, 8.0, 9.5 ], "autoUv": false },
														"up": { "texture": "#saddlemain", "uv": [ 2.0, 5.0, 3.0, 6.5 ], "autoUv": false },
														"down": { "texture": "#saddlemain", "uv": [ 0.0, 4.5, 1.0, 6.0 ], "autoUv": false, "windMode": [-1,-1,-1,-1], "windData": [1,1,1,1] }
													},
													"children": [
														{
															"name": "SaddleFrontN28",
															"from": [ -6.0638, 0.0, 0.0242 ],
															"to": [ 0.0, 3.8808, 2.2072 ],
															"rotationOrigin": [ 0.0, 0.0, 2.3042 ],
															"rotationZ": -50.0,
															"faces": {
																"north": { "texture": "#saddlemain", "uv": [ 5.5, 7.5, 10.5, 10.5 ], "autoUv": false },
																"east": { "texture": "#saddlemain", "uv": [ 4.0, 1.0, 5.5, 4.0 ], "autoUv": false },
																"south": { "texture": "#saddlemain", "uv": [ 6.5, 0.5, 11.5, 3.5 ], "rotation": 180, "autoUv": false },
																"west": { "texture": "#saddlemain", "uv": [ 3.5, 6.0, 5.0, 9.0 ], "autoUv": false },
																"up": { "texture": "#saddlemain", "uv": [ 2.0, 5.5, 7.0, 7.0 ], "autoUv": false },
																"down": { "texture": "#saddlemain", "uv": [ 0.0, 4.5, 5.0, 6.0 ], "autoUv": false, "windMode": [-1,-1,-1,-1], "windData": [1,1,1,1] }
															}
														}
													]
												}
											]
										}
									]
								},
								{
									"name": "SaddleFrontN8",
									"from": [ 5.2633, 2.6802, 1.2128 ],
									"to": [ 6.476, 6.561, 5.5787 ],
									"rotationOrigin": [ 5.2603, 2.6716, 1.334 ],
									"rotationZ": -10.0,
									"faces": {
										"north": { "texture": "#saddlewood", "uv": [ 5.5, 7.0, 6.5, 10.0 ], "autoUv": false },
										"east": { "texture": "#saddlewood", "uv": [ 4.0, 1.0, 7.5, 4.0 ], "autoUv": false },
										"south": { "texture": "#saddlewood", "uv": [ 9.5, 4.0, 10.5, 7.0 ], "autoUv": false },
										"west": { "texture": "#saddlewood", "uv": [ 3.0, 6.5, 6.5, 9.5 ], "autoUv": false },
										"up": { "texture": "#saddlewood", "uv": [ 2.0, 5.0, 3.0, 8.5 ], "autoUv": false },
										"down": { "texture": "#saddlewood", "uv": [ 0.0, 4.5, 1.0, 8.0 ], "autoUv": false, "windMode": [-1,-1,-1,-1], "windData": [1,1,1,1] }
									},
									"children": [
										{
											"name": "SaddleFrontN9",
											"from": [ 0.0, 0.0, -2.183 ],
											"to": [ 1.2128, 3.8808, 0.0 ],
											"rotationOrigin": [ 0.0, 3.8808, 0.0 ],
											"rotationX": -15.0,
											"faces": {
												"north": { "texture": "#saddlewood", "uv": [ 5.5, 7.0, 6.5, 10.0 ], "autoUv": false },
												"east": { "texture": "#saddlewood", "uv": [ 4.0, 1.0, 5.5, 4.0 ], "autoUv": false },
												"south": { "texture": "#saddlewood", "uv": [ 9.5, 4.0, 10.5, 7.0 ], "autoUv": false },
												"west": { "texture": "#saddlewood", "uv": [ 3.0, 6.5, 4.5, 9.5 ], "autoUv": false },
												"up": { "texture": "#saddlewood", "uv": [ 2.0, 5.0, 3.0, 6.5 ], "autoUv": false },
												"down": { "texture": "#saddlewood", "uv": [ 0.0, 4.5, 1.0, 6.0 ], "autoUv": false, "windMode": [-1,-1,-1,-1], "windData": [1,1,1,1] }
											},
											"children": [
												{
													"name": "SaddleFrontN10",
													"from": [ 0.0121, 0.0, 0.0 ],
													"to": [ 1.2249, 3.8808, 1.2128 ],
													"rotationOrigin": [ 0.1212, 3.8808, 0.0 ],
													"rotationX": 15.0,
													"faces": {
														"north": { "texture": "#saddlewood", "uv": [ 5.5, 7.0, 6.5, 10.0 ], "autoUv": false },
														"east": { "texture": "#saddlewood", "uv": [ 4.0, 1.0, 5.0, 4.0 ], "autoUv": false },
														"south": { "texture": "#saddlewood", "uv": [ 9.5, 4.0, 10.5, 7.0 ], "autoUv": false },
														"west": { "texture": "#saddlewood", "uv": [ 3.0, 6.5, 4.0, 9.5 ], "autoUv": false },
														"up": { "texture": "#saddlewood", "uv": [ 2.0, 5.0, 3.0, 6.0 ], "autoUv": false },
														"down": { "texture": "#saddlewood", "uv": [ 0.0, 4.5, 1.0, 5.5 ], "autoUv": false, "windMode": [-1,-1,-1,-1], "windData": [1,1,1,1] }
													}
												}
											]
										},
										{
											"name": "SaddleFrontN11",
											"from": [ -0.0121, 0.0, 4.3659 ],
											"to": [ 1.2007, 3.8808, 6.5489 ],
											"rotationOrigin": [ -0.1212, 3.8808, 4.3659 ],
											"rotationX": 15.0,
											"faces": {
												"north": { "texture": "#saddlewood", "uv": [ 5.5, 7.0, 6.5, 10.0 ], "autoUv": false },
												"east": { "texture": "#saddlewood", "uv": [ 4.0, 1.0, 5.5, 4.0 ], "autoUv": false },
												"south": { "texture": "#saddlewood", "uv": [ 9.5, 4.0, 10.5, 7.0 ], "autoUv": false },
												"west": { "texture": "#saddlewood", "uv": [ 3.0, 6.5, 4.5, 9.5 ], "autoUv": false },
												"up": { "texture": "#saddlewood", "uv": [ 2.0, 5.0, 3.0, 6.5 ], "autoUv": false },
												"down": { "texture": "#saddlewood", "uv": [ 0.0, 4.5, 1.0, 6.0 ], "autoUv": false, "windMode": [-1,-1,-1,-1], "windData": [1,1,1,1] }
											},
											"children": [
												{
													"name": "SaddleFrontN12",
													"from": [ 0.0121, 0.0, 0.9702 ],
													"to": [ 1.2249, 3.8808, 2.183 ],
													"rotationOrigin": [ 0.1212, 3.8808, 2.183 ],
													"rotationX": -15.0,
													"faces": {
														"north": { "texture": "#saddlewood", "uv": [ 5.5, 7.0, 6.5, 10.0 ], "autoUv": false },
														"east": { "texture": "#saddlewood", "uv": [ 4.0, 1.0, 5.0, 4.0 ], "autoUv": false },
														"south": { "texture": "#saddlewood", "uv": [ 9.5, 4.0, 10.5, 7.0 ], "autoUv": false },
														"west": { "texture": "#saddlewood", "uv": [ 3.0, 6.5, 4.0, 9.5 ], "autoUv": false },
														"up": { "texture": "#saddlewood", "uv": [ 2.0, 5.0, 3.0, 6.0 ], "autoUv": false },
														"down": { "texture": "#saddlewood", "uv": [ 0.0, 4.5, 1.0, 5.5 ], "autoUv": false, "windMode": [-1,-1,-1,-1], "windData": [1,1,1,1] }
													}
												}
											]
										}
									]
								},
								{
									"name": "SaddleFrontN41",
									"from": [ 5.148, 2.464, 1.43 ],
									"to": [ 6.3608, 6.3448, 5.3559 ],
									"rotationOrigin": [ 5.1503, 2.4516, 1.554 ],
									"rotationZ": -10.0,
									"faces": {
										"north": { "texture": "#saddlemain", "uv": [ 5.5, 7.0, 6.5, 10.0 ], "autoUv": false },
										"east": { "texture": "#saddlemain", "uv": [ 4.0, 1.0, 7.5, 4.0 ], "autoUv": false },
										"south": { "texture": "#saddlemain", "uv": [ 9.5, 4.0, 10.5, 7.0 ], "autoUv": false },
										"west": { "texture": "#saddlemain", "uv": [ 3.0, 6.5, 6.5, 9.5 ], "autoUv": false },
										"up": { "texture": "#saddlemain", "uv": [ 2.0, 5.0, 3.0, 8.5 ], "autoUv": false },
										"down": { "texture": "#saddlemain", "uv": [ 0.0, 4.5, 1.0, 8.0 ], "autoUv": false, "windMode": [-1,-1,-1,-1], "windData": [1,1,1,1] }
									},
									"children": [
										{
											"name": "SaddleFrontN42",
											"from": [ 0.0011, 0.0, -2.183 ],
											"to": [ 1.2139, 3.8808, 0.0 ],
											"rotationOrigin": [ 0.0, 3.8808, 0.0 ],
											"rotationX": -15.0,
											"faces": {
												"north": { "texture": "#saddlemain", "uv": [ 5.5, 7.0, 6.5, 10.0 ], "autoUv": false },
												"east": { "texture": "#saddlemain", "uv": [ 4.0, 1.0, 5.5, 4.0 ], "autoUv": false },
												"south": { "texture": "#saddlemain", "uv": [ 9.5, 4.0, 10.5, 7.0 ], "autoUv": false },
												"west": { "texture": "#saddlemain", "uv": [ 3.0, 6.5, 4.5, 9.5 ], "autoUv": false },
												"up": { "texture": "#saddlemain", "uv": [ 2.0, 5.0, 3.0, 6.5 ], "autoUv": false },
												"down": { "texture": "#saddlemain", "uv": [ 0.0, 4.5, 1.0, 6.0 ], "autoUv": false, "windMode": [-1,-1,-1,-1], "windData": [1,1,1,1] }
											},
											"children": [
												{
													"name": "SaddleFrontN43",
													"from": [ 0.0121, 0.0, 0.0 ],
													"to": [ 1.2249, 3.8808, 1.2128 ],
													"rotationOrigin": [ 0.1212, 3.8808, 0.0 ],
													"rotationX": 15.0,
													"faces": {
														"north": { "texture": "#saddlemain", "uv": [ 5.5, 7.0, 6.5, 10.0 ], "autoUv": false },
														"east": { "texture": "#saddlemain", "uv": [ 4.0, 1.0, 5.0, 4.0 ], "autoUv": false },
														"south": { "texture": "#saddlemain", "uv": [ 9.5, 4.0, 10.5, 7.0 ], "autoUv": false },
														"west": { "texture": "#saddlemain", "uv": [ 3.0, 6.5, 4.0, 9.5 ], "autoUv": false },
														"up": { "texture": "#saddlemain", "uv": [ 2.0, 5.0, 3.0, 6.0 ], "autoUv": false },
														"down": { "texture": "#saddlemain", "uv": [ 0.0, 4.5, 1.0, 5.5 ], "autoUv": false, "windMode": [-1,-1,-1,-1], "windData": [1,1,1,1] }
													}
												}
											]
										},
										{
											"name": "SaddleFrontN44",
											"from": [ 0.011, 0.0, 3.927 ],
											"to": [ 1.2238, 3.8808, 6.11 ],
											"rotationOrigin": [ -0.1212, 3.8808, 3.9259 ],
											"rotationX": 15.0,
											"faces": {
												"north": { "texture": "#saddlemain", "uv": [ 5.5, 7.0, 6.5, 10.0 ], "autoUv": false },
												"east": { "texture": "#saddlemain", "uv": [ 4.0, 1.0, 5.5, 4.0 ], "autoUv": false },
												"south": { "texture": "#saddlemain", "uv": [ 9.5, 4.0, 10.5, 7.0 ], "autoUv": false },
												"west": { "texture": "#saddlemain", "uv": [ 3.0, 6.5, 4.5, 9.5 ], "autoUv": false },
												"up": { "texture": "#saddlemain", "uv": [ 2.0, 5.0, 3.0, 6.5 ], "autoUv": false },
												"down": { "texture": "#saddlemain", "uv": [ 0.0, 4.5, 1.0, 6.0 ], "autoUv": false, "windMode": [-1,-1,-1,-1], "windData": [1,1,1,1] }
											},
											"children": [
												{
													"name": "SaddleFrontN45",
													"from": [ 0.0121, 0.0, 0.9702 ],
													"to": [ 1.2249, 3.8808, 2.183 ],
													"rotationOrigin": [ 0.1212, 3.8808, 2.183 ],
													"rotationX": -15.0,
													"faces": {
														"north": { "texture": "#saddlemain", "uv": [ 5.5, 7.0, 6.5, 10.0 ], "autoUv": false },
														"east": { "texture": "#saddlemain", "uv": [ 4.0, 1.0, 5.0, 4.0 ], "autoUv": false },
														"south": { "texture": "#saddlemain", "uv": [ 9.5, 4.0, 10.5, 7.0 ], "autoUv": false },
														"west": { "texture": "#saddlemain", "uv": [ 3.0, 6.5, 4.0, 9.5 ], "autoUv": false },
														"up": { "texture": "#saddlemain", "uv": [ 2.0, 5.0, 3.0, 6.0 ], "autoUv": false },
														"down": { "texture": "#saddlemain", "uv": [ 0.0, 4.5, 1.0, 5.5 ], "autoUv": false, "windMode": [-1,-1,-1,-1], "windData": [1,1,1,1] }
													}
												}
											]
										}
									]
								},
								{
									"name": "SaddleFrontN13",
									"from": [ -1.8253, 3.8617, -0.22 ],
									"to": [ 0.6002, 7.5, 7.0353 ],
									"rotationOrigin": [ 0.6002, 3.8617, -0.1 ],
									"rotationZ": 60.0,
									"faces": {
										"north": { "texture": "#saddlemain", "uv": [ 5.5, 7.0, 7.5, 10.0 ], "autoUv": false },
										"east": { "texture": "#saddlemain", "uv": [ 4.0, 1.0, 9.5, 4.0 ], "autoUv": false },
										"south": { "texture": "#saddlemain", "uv": [ 9.5, 4.0, 11.5, 7.0 ], "autoUv": false },
										"west": { "texture": "#saddlemain", "uv": [ 3.0, 6.5, 8.5, 9.5 ], "autoUv": false },
										"up": { "texture": "#saddlemain", "uv": [ 2.0, 5.0, 4.0, 10.5 ], "autoUv": false },
										"down": { "texture": "#saddlemain", "uv": [ 0.0, 4.5, 2.0, 10.0 ], "autoUv": false, "windMode": [-1,-1,-1,-1], "windData": [1,1,1,1] }
									},
									"children": [
										{
											"name": "SaddleFrontN15",
											"from": [ 0.0, -1.2128, -0.0606 ],
											"to": [ 2.4255, 3.6383, 7.3159 ],
											"rotationOrigin": [ 2.4255, 3.6383, 0.0 ],
											"rotationZ": -64.0,
											"faces": {
												"north": { "texture": "#saddlemain", "uv": [ 6.0, 7.0, 8.0, 11.0 ], "autoUv": false },
												"east": { "texture": "#saddlemain", "uv": [ 4.0, 1.0, 10.0, 5.0 ], "autoUv": false },
												"south": { "texture": "#saddlemain", "uv": [ 10.0, 4.0, 12.0, 8.0 ], "autoUv": false },
												"west": { "texture": "#saddlemain", "uv": [ 3.0, 6.5, 9.0, 10.5 ], "autoUv": false },
												"up": { "texture": "#saddlemain", "uv": [ 0.5, 5.0, 2.5, 11.0 ], "autoUv": false },
												"down": { "texture": "#saddlemain", "uv": [ 0.0, 4.5, 2.0, 10.5 ], "autoUv": false, "windMode": [-1,-1,-1,-1], "windData": [1,1,1,1] }
											},
											"children": [
												{
													"name": "SaddleFrontN3",
													"from": [ 0.495, 3.95, 3.0925 ],
													"to": [ 2.9503, 5.9691, 4.184 ],
													"rotationOrigin": [ 0.5038, 3.9395, 3.1532 ],
													"rotationZ": 16.0,
													"faces": {
														"north": { "texture": "#saddlewood", "uv": [ 5.5, 7.0, 6.5, 8.5 ], "autoUv": false },
														"east": { "texture": "#saddlewood", "uv": [ 4.0, 1.0, 4.5, 2.5 ], "autoUv": false },
														"south": { "texture": "#saddlewood", "uv": [ 9.5, 4.0, 10.5, 5.5 ], "autoUv": false },
														"west": { "texture": "#saddlewood", "uv": [ 3.0, 6.5, 3.5, 8.0 ], "autoUv": false },
														"up": { "texture": "#saddlewood", "uv": [ 2.0, 5.0, 3.0, 5.5 ], "autoUv": false },
														"down": { "texture": "#saddlewood", "uv": [ 0.0, 4.5, 1.0, 5.0 ], "autoUv": false, "windMode": [-1,-1,-1,-1], "windData": [1,1,1,1] }
													},
													"children": [
														{
															"name": "SaddleFrontN16",
															"from": [ -0.2426, 2.02, -0.2426 ],
															"to": [ 2.5979, 2.6264, 1.5765 ],
															"rotationOrigin": [ -0.2389, 2.015, -0.1819 ],
															"faces": {
																"north": { "texture": "#saddlemain", "uv": [ 5.5, 7.0, 7.0, 7.5 ], "autoUv": false },
																"east": { "texture": "#saddlemain", "uv": [ 4.0, 1.0, 5.5, 1.5 ], "autoUv": false },
																"south": { "texture": "#saddlemain", "uv": [ 9.5, 4.0, 11.0, 4.5 ], "autoUv": false },
																"west": { "texture": "#saddlemain", "uv": [ 3.0, 6.5, 4.5, 7.0 ], "autoUv": false },
																"up": { "texture": "#saddlemain", "uv": [ 2.0, 5.0, 3.5, 6.5 ], "autoUv": false },
																"down": { "texture": "#saddlemain", "uv": [ 0.0, 4.5, 1.5, 6.0 ], "autoUv": false, "windMode": [-1,-1,-1,-1], "windData": [1,1,1,1] }
															}
														}
													]
												},
												{
													"name": "SaddleFrontN33",
													"from": [ 0.0, 1.2128, -0.0606 ],
													"to": [ 2.4255, 4.851, 7.3371 ],
													"rotationOrigin": [ 0.0, 4.851, -0.0606 ],
													"rotationZ": -19.0,
													"faces": {
														"north": { "texture": "#saddlemain", "uv": [ 13.5, 12.5, 15.5, 15.5 ], "autoUv": false },
														"east": { "texture": "#saddlemain", "uv": [ 4.0, 1.0, 10.0, 4.0 ], "autoUv": false },
														"south": { "texture": "#saddlemain", "uv": [ 0.5, 12.5, 2.5, 15.5 ], "autoUv": false },
														"west": { "texture": "#saddlemain", "uv": [ 2.5, 6.5, 8.5, 9.5 ], "autoUv": false },
														"up": { "texture": "#saddlemain", "uv": [ 3.0, 5.0, 5.0, 11.0 ], "autoUv": false },
														"down": { "texture": "#saddlemain", "uv": [ 0.0, 4.5, 2.0, 10.5 ], "autoUv": false, "windMode": [-1,-1,-1,-1], "windData": [1,1,1,1] }
													}
												},
												{
													"name": "SaddleFrontN18",
													"from": [ 0.9007, 1.2136, 8.59 ],
													"to": [ 5.8729, 2.4263, 9.8027 ],
													"rotationOrigin": [ 0.7915, 2.4263, 8.5893 ],
													"rotationX": 49.476,
													"rotationY": 8.4049,
													"rotationZ": 7.1219,
													"faces": {
														"north": { "texture": "#saddlemain", "uv": [ 5.5, 7.0, 9.5, 8.0 ], "autoUv": false },
														"east": { "texture": "#saddlemain", "uv": [ 4.0, 1.0, 5.0, 2.0 ], "autoUv": false },
														"south": { "texture": "#saddlemain", "uv": [ 9.5, 4.0, 13.5, 5.0 ], "autoUv": false },
														"west": { "texture": "#saddlemain", "uv": [ 3.0, 6.5, 4.0, 7.5 ], "autoUv": false },
														"up": { "texture": "#saddlemain", "uv": [ 0.5, 8.5, 4.5, 9.5 ], "autoUv": false },
														"down": { "texture": "#saddlemain", "uv": [ 0.0, 4.5, 4.0, 5.5 ], "autoUv": false, "windMode": [-1,-1,-1,-1], "windData": [1,1,1,1] }
													},
													"children": [
														{
															"name": "SaddleFrontN20",
															"from": [ 0.0121, -2.6681, 0.0 ],
															"to": [ 4.9844, 1.2128, 1.2128 ],
															"rotationOrigin": [ 0.1212, 1.2128, 1.2128 ],
															"rotationX": -51.0,
															"faces": {
																"north": { "texture": "#saddlemain", "uv": [ 5.5, 7.0, 9.5, 10.0 ], "autoUv": false },
																"east": { "texture": "#saddlemain", "uv": [ 4.0, 1.0, 5.0, 4.0 ], "autoUv": false },
																"south": { "texture": "#saddlemain", "uv": [ 0.5, 6.0, 4.5, 9.0 ], "autoUv": false },
																"west": { "texture": "#saddlemain", "uv": [ 3.0, 6.5, 4.0, 9.5 ], "autoUv": false },
																"up": { "texture": "#saddlemain", "uv": [ 2.0, 5.0, 6.0, 6.0 ], "autoUv": false },
																"down": { "texture": "#saddlemain", "uv": [ 0.0, 4.5, 4.0, 5.5 ], "autoUv": false, "windMode": [-1,-1,-1,-1], "windData": [1,1,1,1] }
															},
															"children": [
																{
																	"name": "SaddleFrontN23",
																	"from": [ 4.851, -3.7595, 0.8489 ],
																	"to": [ 10.9446, -1.0914, 1.2128 ],
																	"rotationOrigin": [ 4.9601, 0.1212, 2.0616 ],
																	"rotationX": -5.0,
																	"rotationZ": -99.0,
																	"faces": {
																		"north": { "texture": "#saddlemain", "uv": [ 5.5, 7.0, 9.5, 9.0 ], "autoUv": false },
																		"east": { "texture": "#saddlemain", "uv": [ 4.0, 1.0, 4.5, 3.0 ], "autoUv": false },
																		"south": { "texture": "#saddlemain", "uv": [ 13.5, 0.5, 15.5, 5.0 ], "rotation": 90, "autoUv": false },
																		"west": { "texture": "#saddlemain", "uv": [ 3.0, 6.5, 3.5, 8.5 ], "autoUv": false },
																		"up": { "texture": "#saddlemain", "uv": [ 2.0, 5.0, 6.0, 5.5 ], "autoUv": false },
																		"down": { "texture": "#saddlemain", "uv": [ 0.0, 4.5, 4.0, 5.0 ], "autoUv": false, "windMode": [-1,-1,-1,-1], "windData": [1,1,1,1] }
																	},
																	"children": [
																		{
																			"name": "SaddleFrontN34",
																			"from": [ 0.0, 2.6681, 0.0 ],
																			"to": [ 6.0936, 3.8808, 0.3638 ],
																			"rotationOrigin": [ 0.1091, 6.5489, 1.2128 ],
																			"faces": {
																				"north": { "texture": "#saddlemain", "uv": [ 5.5, 7.0, 9.5, 8.0 ], "autoUv": false },
																				"east": { "texture": "#saddlemain", "uv": [ 4.0, 1.0, 4.5, 2.0 ], "autoUv": false },
																				"south": { "texture": "#saddlemain", "uv": [ 1.5, 0.5, 6.0, 1.5 ], "autoUv": false },
																				"west": { "texture": "#saddlemain", "uv": [ 3.0, 6.5, 3.5, 7.5 ], "autoUv": false },
																				"up": { "texture": "#saddlemain", "uv": [ 2.0, 5.0, 6.0, 5.5 ], "autoUv": false },
																				"down": { "texture": "#saddlemain", "uv": [ 0.0, 4.5, 4.0, 5.0 ], "autoUv": false, "windMode": [-1,-1,-1,-1], "windData": [1,1,1,1] }
																			}
																		}
																	]
																},
																{
																	"name": "SaddleFrontN29",
																	"from": [ 0.0, 0.0, -0.0121 ],
																	"to": [ 2.5467, 3.8808, 1.2007 ],
																	"rotationOrigin": [ -0.0121, 0.0, 1.0914 ],
																	"rotationZ": -25.0,
																	"faces": {
																		"north": { "texture": "#saddlemain", "uv": [ 5.5, 7.0, 7.5, 10.0 ], "autoUv": false },
																		"east": { "texture": "#saddlemain", "uv": [ 4.0, 1.0, 5.0, 4.0 ], "autoUv": false },
																		"south": { "texture": "#saddlemain", "uv": [ 0.0, 6.0, 2.0, 9.0 ], "autoUv": false },
																		"west": { "texture": "#saddlemain", "uv": [ 3.0, 6.5, 4.0, 9.5 ], "autoUv": false },
																		"up": { "texture": "#saddlemain", "uv": [ 2.0, 5.0, 4.0, 6.0 ], "autoUv": false },
																		"down": { "texture": "#saddlemain", "uv": [ 0.0, 4.5, 2.0, 5.5 ], "autoUv": false, "windMode": [-1,-1,-1,-1], "windData": [1,1,1,1] }
																	}
																}
															]
														}
													]
												}
											]
										},
										{
											"name": "SaddleFrontN17",
											"from": [ -0.3609, 2.8312, -1.17 ],
											"to": [ 4.6113, 4.0439, 0.0428 ],
											"rotationOrigin": [ -0.47, 4.0439, -1.1734 ],
											"rotationX": 35.6487,
											"rotationY": -37.7191,
											"rotationZ": -40.4644,
											"faces": {
												"north": { "texture": "#saddlemain", "uv": [ 11.5, 8.5, 15.5, 9.5 ], "autoUv": false },
												"east": { "texture": "#saddlemain", "uv": [ 4.0, 1.0, 5.0, 2.0 ], "autoUv": false },
												"south": { "texture": "#saddlemain", "uv": [ 9.5, 4.0, 13.5, 5.0 ], "autoUv": false },
												"west": { "texture": "#saddlemain", "uv": [ 3.0, 6.5, 4.0, 7.5 ], "autoUv": false },
												"up": { "texture": "#saddlemain", "uv": [ 2.0, 5.0, 6.0, 6.0 ], "autoUv": false },
												"down": { "texture": "#saddlemain", "uv": [ 0.0, 4.5, 4.0, 5.5 ], "autoUv": false, "windMode": [-1,-1,-1,-1], "windData": [1,1,1,1] }
											},
											"children": [
												{
													"name": "SaddleFrontN19",
													"from": [ 0.0121, -3.8808, 0.0 ],
													"to": [ 4.9844, 0.0, 1.2128 ],
													"rotationOrigin": [ 0.1212, 0.0, 0.0 ],
													"rotationX": -50.0,
													"faces": {
														"north": { "texture": "#saddlemain", "uv": [ 11.5, 6.0, 15.5, 9.0 ], "autoUv": false },
														"east": { "texture": "#saddlemain", "uv": [ 4.0, 1.0, 5.0, 4.0 ], "autoUv": false },
														"south": { "texture": "#saddlemain", "uv": [ 9.5, 4.0, 13.5, 7.0 ], "autoUv": false },
														"west": { "texture": "#saddlemain", "uv": [ 3.0, 6.5, 4.0, 9.5 ], "autoUv": false },
														"up": { "texture": "#saddlemain", "uv": [ 2.0, 5.0, 6.0, 6.0 ], "autoUv": false },
														"down": { "texture": "#saddlemain", "uv": [ 0.0, 4.5, 4.0, 5.5 ], "autoUv": false, "windMode": [-1,-1,-1,-1], "windData": [1,1,1,1] }
													},
													"children": [
														{
															"name": "SaddleFrontN32",
															"from": [ 0.0, -2.6681, 0.0121 ],
															"to": [ 3.7595, 0.0, 1.2249 ],
															"rotationOrigin": [ 0.0, 0.0, 0.1212 ],
															"rotationZ": 60.0,
															"faces": {
																"north": { "texture": "#saddlemain", "uv": [ 12.5, 8.5, 15.5, 10.5 ], "autoUv": false },
																"east": { "texture": "#saddlemain", "uv": [ 4.0, 1.0, 5.0, 3.0 ], "autoUv": false },
																"south": { "texture": "#saddlemain", "uv": [ 9.5, 4.0, 12.5, 6.0 ], "autoUv": false },
																"west": { "texture": "#saddlemain", "uv": [ 3.0, 6.5, 4.0, 8.5 ], "autoUv": false },
																"up": { "texture": "#saddlemain", "uv": [ 2.0, 5.0, 5.0, 6.0 ], "autoUv": false },
																"down": { "texture": "#saddlemain", "uv": [ 0.0, 4.5, 3.0, 5.5 ], "autoUv": false, "windMode": [-1,-1,-1,-1], "windData": [1,1,1,1] }
															}
														},
														{
															"name": "SaddleFrontN35",
															"from": [ 4.851, -0.0121, 0.3638 ],
															"to": [ 10.9446, 2.656, 0.7277 ],
															"rotationOrigin": [ 4.851, 0.1212, 0.3638 ],
															"rotationX": 3.0,
															"rotationY": -180.0,
															"rotationZ": -81.0,
															"faces": {
																"north": { "texture": "#saddlemain", "uv": [ 5.5, 7.0, 9.5, 9.0 ], "autoUv": false },
																"east": { "texture": "#saddlemain", "uv": [ 4.0, 1.0, 4.5, 3.0 ], "autoUv": false },
																"south": { "texture": "#saddlemain", "uv": [ 13.5, 0.5, 15.5, 5.0 ], "rotation": 90, "autoUv": false },
																"west": { "texture": "#saddlemain", "uv": [ 3.0, 6.5, 3.5, 8.5 ], "autoUv": false },
																"up": { "texture": "#saddlemain", "uv": [ 2.0, 5.0, 6.0, 5.5 ], "autoUv": false },
																"down": { "texture": "#saddlemain", "uv": [ 0.0, 4.5, 4.0, 5.0 ], "autoUv": false, "windMode": [-1,-1,-1,-1], "windData": [1,1,1,1] }
															},
															"children": [
																{
																	"name": "SaddleFrontN40",
																	"from": [ 0.0, 2.6681, 0.0 ],
																	"to": [ 6.0936, 3.8808, 0.3638 ],
																	"rotationOrigin": [ 0.1091, 6.5489, 1.2128 ],
																	"faces": {
																		"north": { "texture": "#saddlemain", "uv": [ 5.5, 7.0, 9.5, 8.0 ], "autoUv": false },
																		"east": { "texture": "#saddlemain", "uv": [ 4.0, 1.0, 4.5, 2.0 ], "autoUv": false },
																		"south": { "texture": "#saddlemain", "uv": [ 1.5, 0.5, 6.0, 1.5 ], "autoUv": false },
																		"west": { "texture": "#saddlemain", "uv": [ 3.0, 6.5, 3.5, 7.5 ], "autoUv": false },
																		"up": { "texture": "#saddlemain", "uv": [ 2.0, 5.0, 6.0, 5.5 ], "autoUv": false },
																		"down": { "texture": "#saddlemain", "uv": [ 0.0, 4.5, 4.0, 5.0 ], "autoUv": false, "windMode": [-1,-1,-1,-1], "windData": [1,1,1,1] }
																	}
																}
															]
														}
													]
												}
											]
										}
									]
								}
							]
						}
					]
				},
				{
					"name": "StrapFront",
					"from": [ -1.3, -9.5, -4.58 ],
					"to": [ 0.7049, -0.0668, 4.8605 ],
					"rotationOrigin": [ -1.2964, -9.5017, -4.61 ],
					"rotationZ": -5.0,
					"faces": {
						"north": { "texture": "#saddlerope", "uv": [ 8.5, 4.0, 6.5, 15.0 ], "autoUv": false },
						"east": { "texture": "#saddlerope", "uv": [ 1.5, 12.5, 10.5, 21.5 ] },
						"south": { "texture": "#saddlerope", "uv": [ 6.5, 4.5, 8.5, 13.5 ] },
						"west": { "texture": "#saddlerope", "uv": [ 4.5, 10.0, 13.5, 19.0 ] },
						"up": { "texture": "#saddlerope", "uv": [ 7.0, 9.5, 15.0, 11.5 ], "rotation": 90, "autoUv": false },
						"down": { "texture": "#saddlerope", "uv": [ 2.5, 12.5, 10.5, 14.5 ], "rotation": 90, "autoUv": false }
					},
					"children": [
						{
							"name": "StrapFront4",
							"from": [ 0.3592, -0.0793, -0.14 ],
							"to": [ 1.5617, 7.2515, 9.56 ],
							"rotationOrigin": [ 0.364, -0.0774, -0.1402 ],
							"faces": {
								"north": { "texture": "#saddlemain", "uv": [ 13.5, 0.0, 14.5, 0.5 ], "autoUv": false },
								"east": { "texture": "#saddlemain", "uv": [ 1.0, 12.5, 9.0, 13.0 ], "autoUv": false },
								"south": { "texture": "#saddlemain", "uv": [ 6.0, 9.0, 7.0, 16.0 ] },
								"west": { "texture": "#saddlemain", "uv": [ 3.5, 10.0, 11.5, 10.5 ], "autoUv": false },
								"up": { "texture": "#saddlemain", "uv": [ 8.0, 9.5, 16.0, 10.5 ], "rotation": 90, "autoUv": false },
								"down": { "texture": "#saddlemain", "uv": [ 1.5, 12.5, 9.5, 13.5 ], "rotation": 90, "autoUv": false }
							}
						}
					]
				},
				{
					"name": "StrapFront2",
					"from": [ 4.3, -9.5, -4.58 ],
					"to": [ 5.7049, -0.0668, 4.8605 ],
					"rotationOrigin": [ 4.3036, -9.5017, -4.61 ],
					"rotationZ": 2.0,
					"faces": {
						"north": { "texture": "#saddlerope", "uv": [ 8.5, 4.0, 6.5, 15.0 ], "autoUv": false },
						"east": { "texture": "#saddlerope", "uv": [ 1.5, 12.5, 10.5, 21.5 ] },
						"south": { "texture": "#saddlerope", "uv": [ 6.5, 4.5, 7.5, 13.5 ] },
						"west": { "texture": "#saddlerope", "uv": [ 4.5, 10.0, 13.5, 19.0 ] },
						"up": { "texture": "#saddlerope", "uv": [ 7.0, 9.5, 15.0, 11.5 ], "rotation": 90, "autoUv": false },
						"down": { "texture": "#saddlerope", "uv": [ 2.5, 12.5, 10.5, 14.5 ], "rotation": 90, "autoUv": false }
					},
					"children": [
						{
							"name": "StrapFront5",
							"from": [ 0.26, -0.0793, -0.14 ],
							"to": [ 1.0625, 7.2515, 9.56 ],
							"rotationOrigin": [ 0.264, -0.0774, -0.1402 ],
							"faces": {
								"north": { "texture": "#saddlemain", "uv": [ 13.5, 0.0, 14.5, 0.5 ], "autoUv": false },
								"east": { "texture": "#saddlemain", "uv": [ 1.0, 12.5, 9.0, 13.0 ], "autoUv": false },
								"south": { "texture": "#saddlemain", "uv": [ 6.0, 9.0, 6.5, 16.0 ] },
								"west": { "texture": "#saddlemain", "uv": [ 3.5, 10.0, 11.5, 10.5 ], "autoUv": false },
								"up": { "texture": "#saddlemain", "uv": [ 8.0, 9.5, 16.0, 10.5 ], "rotation": 90, "autoUv": false },
								"down": { "texture": "#saddlemain", "uv": [ 1.5, 12.5, 9.5, 13.5 ], "rotation": 90, "autoUv": false }
							}
						}
					]
				},
				{
					"name": "StrapFront3",
					"stepParentName": "Chest",
					"from": [ 0.6, -0.2, -0.18 ],
					"to": [ 2.0049, 10.2332, 9.9605 ],
					"rotationOrigin": [ 0.6036, -0.2017, -0.21 ],
					"rotationZ": -24.0,
					"faces": {
						"north": { "texture": "#saddlerope", "uv": [ 8.5, 4.0, 6.5, 15.0 ], "autoUv": false },
						"east": { "texture": "#saddlerope", "uv": [ 1.5, 12.5, 9.5, 4.5 ], "autoUv": false },
						"south": { "texture": "#saddlerope", "uv": [ 6.5, 4.5, 7.5, 14.0 ], "autoUv": false },
						"west": { "texture": "#saddlerope", "uv": [ 4.5, 10.0, 12.5, 3.0 ], "autoUv": false },
						"up": { "texture": "#saddlerope", "uv": [ 7.0, 9.5, 15.0, 11.5 ], "rotation": 90, "autoUv": false },
						"down": { "texture": "#saddlerope", "uv": [ 2.5, 12.5, 10.5, 14.5 ], "rotation": 90, "autoUv": false }
					},
					"children": [
						{
							"name": "StrapFront6",
							"from": [ 0.26, -0.0793, -0.14 ],
							"to": [ 1.0625, 10.2515, 10.26 ],
							"rotationOrigin": [ 0.264, -0.0774, -0.1402 ],
							"faces": {
								"north": { "texture": "#saddlemain", "uv": [ 12.5, 3.5, 4.0, 4.0 ], "autoUv": false },
								"east": { "texture": "#saddlemain", "uv": [ 5.0, 11.5, 13.0, 12.0 ], "autoUv": false },
								"south": { "texture": "#saddlemain", "uv": [ 5.5, 3.5, 6.0, 13.5 ] },
								"west": { "texture": "#saddlemain", "uv": [ 3.5, 10.0, 11.5, 10.5 ], "autoUv": false },
								"up": { "texture": "#saddlemain", "uv": [ 5.5, 9.5, 13.5, 10.5 ], "rotation": 90, "autoUv": false },
								"down": { "texture": "#saddlemain", "uv": [ 1.5, 12.5, 9.5, 13.5 ], "rotation": 90, "autoUv": false }
							}
						}
					]
				}
			]
		}
	]}