{
	"editor": {
		"collapsedPaths": "Root/ORIGIN/SaddleSeat,Root/ORIGIN/SaddleFrontWall,Root/ORIGIN/Saddle/SaddleFrontN/StrapFront,Root/ORIGIN/SaddleBack1,Root/ORIGIN/SaddleFrontN8,Root/SaddleFrontN",
		"allAngles": true,
		"entityTextureMode": false
	},
	"textureWidth": 16,
	"textureHeight": 16,
	"textureSizes": {
		"saddlerope": [32,32],
		"saddlewood": [16,16],
		"saddlemain": [16,16]

	},
	"textures": {
		"saddlemain": "game:item/tool/shield/leather/brown",
		"saddlewood":"game:block/wood/planks/generic" ,
		"saddlerope": "game:entity/lore/erel/pristine/rope"
	},
	"elements": [
		{
			"name": "ORIGIN",
			"from": [ 6.0, 3.8, 8.0 ],
			"to": [ 7.0, 4.8, 9.0 ],
			"rotationOrigin": [ 6.0, 3.8, 8.0 ],
			"rotationZ": -4.0,
			"faces": {
			},
			"children": [
				{
					"name": "Saddle",
					"from": [ 0.0, 0.0, 0.2 ],
					"to": [ 0.0, 0.0, 0.2 ],
					"rotationOrigin": [ 0.0, 0.0, 0.2 ],
					"faces": {
						"north": { "texture": "#pelt", "uv": [ 0.0, 0.0, 0.5, 0.5 ] },
						"east": { "texture": "#pelt", "uv": [ 0.0, 0.0, 0.5, 0.5 ] },
						"south": { "texture": "#pelt", "uv": [ 0.0, 0.0, 0.5, 0.5 ] },
						"west": { "texture": "#pelt", "uv": [ 0.0, 0.0, 0.5, 0.5 ] },
						"up": { "texture": "#pelt", "uv": [ 0.0, 0.0, 0.5, 0.5 ] },
						"down": { "texture": "#pelt", "uv": [ 0.0, 0.0, 0.5, 0.5 ] }
					}
				},
				{
					"name": "SaddleFrontN",
					"from": [ -1.8, -3.9, -3.8 ],
					"to": [ 2.3, 1.6, 4.2 ],
					"rotationOrigin": [ -1.8, -3.8993, -3.75 ],
					"rotationZ": 3.0,
					"faces": {
						"north": { "texture": "#saddlemain", "uv": [ 5.5, 7.0, 9.5, 12.5 ] },
						"east": { "texture": "#saddlemain", "uv": [ 4.0, 1.5, 12.0, 7.0 ] },
						"south": { "texture": "#saddlemain", "uv": [ 10.0, 4.0, 14.0, 9.5 ] },
						"west": { "texture": "#saddlemain", "uv": [ 3.5, 5.5, 11.5, 11.0 ] },
						"up": { "texture": "#saddlemain", "uv": [ 0.5, 4.0, 4.5, 12.0 ] },
						"down": { "texture": "#saddlemain", "uv": [ 0.0, 4.5, 4.0, 12.5 ], "windMode": [-1,-1,-1,-1], "windData": [1,1,1,1] }
					},
					"children": [
						{
							"name": "SaddleFrontN13",
							"from": [ 2.0, 5.4, 1.05 ],
							"to": [ 4.0, 8.4, 6.95 ],
							"rotationOrigin": [ 4.0, 5.4, 1.15 ],
							"rotationZ": 53.0,
							"faces": {
								"north": { "texture": "#saddlemain", "uv": [ 5.5, 7.0, 7.5, 10.0 ] },
								"east": { "texture": "#saddlemain", "uv": [ 4.0, 1.0, 9.5, 4.0 ] },
								"south": { "texture": "#saddlemain", "uv": [ 9.5, 4.0, 11.5, 7.0 ] },
								"west": { "texture": "#saddlemain", "uv": [ 3.0, 6.5, 8.5, 9.5 ] },
								"up": { "texture": "#saddlemain", "uv": [ 2.0, 5.0, 4.0, 10.5 ] },
								"down": { "texture": "#saddlemain", "uv": [ 0.0, 4.5, 2.0, 10.0 ], "windMode": [-1,-1,-1,-1], "windData": [1,1,1,1] }
							},
							"children": [
								{
									"name": "SaddleFrontN15",
									"from": [ 0.0, -1.0, -0.05 ],
									"to": [ 2.0, 3.0, 5.95 ],
									"rotationOrigin": [ 2.0, 3.0, 0.0 ],
									"rotationZ": -64.0,
									"faces": {
										"north": { "texture": "#saddlemain", "uv": [ 6.0, 7.0, 8.0, 11.0 ] },
										"east": { "texture": "#saddlemain", "uv": [ 4.0, 1.0, 10.0, 5.0 ] },
										"south": { "texture": "#saddlemain", "uv": [ 10.0, 4.0, 12.0, 8.0 ] },
										"west": { "texture": "#saddlemain", "uv": [ 3.0, 6.5, 9.0, 10.5 ] },
										"up": { "texture": "#saddlemain", "uv": [ 0.5, 5.0, 2.5, 11.0 ] },
										"down": { "texture": "#saddlemain", "uv": [ 0.0, 4.5, 2.0, 10.5 ], "windMode": [-1,-1,-1,-1], "windData": [1,1,1,1] }
									},
									"children": [
										{
											"name": "SaddleFrontN3",
											"from": [ 0.14, 3.24, 2.55 ],
											"to": [ 1.34, 4.74, 3.45 ],
											"rotationOrigin": [ 0.1433, 3.2319, 2.6 ],
											"rotationZ": 19.0,
											"faces": {
												"north": { "texture": "#saddlewood", "uv": [ 5.5, 7.0, 6.5, 8.5 ] },
												"east": { "texture": "#saddlewood", "uv": [ 4.0, 1.0, 4.5, 2.5 ] },
												"south": { "texture": "#saddlewood", "uv": [ 9.5, 4.0, 10.5, 5.5 ] },
												"west": { "texture": "#saddlewood", "uv": [ 3.0, 6.5, 3.5, 8.0 ] },
												"up": { "texture": "#saddlewood", "uv": [ 2.0, 5.0, 3.0, 5.5 ] },
												"down": { "texture": "#saddlewood", "uv": [ 0.0, 4.5, 1.0, 5.0 ], "windMode": [-1,-1,-1,-1], "windData": [1,1,1,1] }
											},
											"children": [
												{
													"name": "SaddleFrontN16",
													"from": [ -0.2, 1.5, -0.2 ],
													"to": [ 1.4, 2.0, 1.3 ],
													"rotationOrigin": [ -0.197, 1.4966, -0.15 ],
													"faces": {
														"north": { "texture": "#saddlemain", "uv": [ 5.5, 7.0, 7.0, 7.5 ] },
														"east": { "texture": "#saddlemain", "uv": [ 4.0, 1.0, 5.5, 1.5 ] },
														"south": { "texture": "#saddlemain", "uv": [ 9.5, 4.0, 11.0, 4.5 ] },
														"west": { "texture": "#saddlemain", "uv": [ 3.0, 6.5, 4.5, 7.0 ] },
														"up": { "texture": "#saddlemain", "uv": [ 2.0, 5.0, 3.5, 6.5 ] },
														"down": { "texture": "#saddlemain", "uv": [ 0.0, 4.5, 1.5, 6.0 ], "windMode": [-1,-1,-1,-1], "windData": [1,1,1,1] }
													}
												}
											]
										},
										{
											"name": "SaddleFrontN33",
											"from": [ 0.0, 1.0, -0.05 ],
											"to": [ 2.0, 4.0, 6.05 ],
											"rotationOrigin": [ 0.0, 4.0, -0.05 ],
											"rotationZ": -19.0,
											"faces": {
												"north": { "texture": "#saddlemain", "uv": [ 13.5, 12.5, 15.5, 15.5 ] },
												"east": { "texture": "#saddlemain", "uv": [ 4.0, 1.0, 10.0, 4.0 ] },
												"south": { "texture": "#saddlemain", "uv": [ 0.5, 12.5, 2.5, 15.5 ] },
												"west": { "texture": "#saddlemain", "uv": [ 2.5, 6.5, 8.5, 9.5 ] },
												"up": { "texture": "#saddlemain", "uv": [ 3.0, 5.0, 5.0, 11.0 ] },
												"down": { "texture": "#saddlemain", "uv": [ 0.0, 4.5, 2.0, 10.5 ], "windMode": [-1,-1,-1,-1], "windData": [1,1,1,1] }
											}
										}
									]
								}
							]
						},
						{
							"name": "SaddleFrontN17",
							"from": [ -0.01, 4.5, 0.0 ],
							"to": [ 4.09, 5.5, 1.0 ],
							"rotationOrigin": [ -0.1, 5.5, 0.0 ],
							"rotationX": 50.0,
							"faces": {
								"north": { "texture": "#saddlemain", "uv": [ 11.5, 8.5, 15.5, 9.5 ] },
								"east": { "texture": "#saddlemain", "uv": [ 4.0, 1.0, 5.0, 2.0 ] },
								"south": { "texture": "#saddlemain", "uv": [ 9.5, 4.0, 13.5, 5.0 ] },
								"west": { "texture": "#saddlemain", "uv": [ 3.0, 6.5, 4.0, 7.5 ] },
								"up": { "texture": "#saddlemain", "uv": [ 2.0, 5.0, 6.0, 6.0 ] },
								"down": { "texture": "#saddlemain", "uv": [ 0.0, 4.5, 4.0, 5.5 ], "windMode": [-1,-1,-1,-1], "windData": [1,1,1,1] }
							},
							"children": [
								{
									"name": "SaddleFrontN19",
									"from": [ 0.01, -3.2, 0.0 ],
									"to": [ 4.11, 0.0, 1.0 ],
									"rotationOrigin": [ 0.1, 0.0, 0.0 ],
									"rotationX": -50.0,
									"faces": {
										"north": { "texture": "#saddlemain", "uv": [ 11.5, 6.0, 15.5, 9.0 ] },
										"east": { "texture": "#saddlemain", "uv": [ 4.0, 1.0, 5.0, 4.0 ] },
										"south": { "texture": "#saddlemain", "uv": [ 9.5, 4.0, 13.5, 7.0 ] },
										"west": { "texture": "#saddlemain", "uv": [ 3.0, 6.5, 4.0, 9.5 ] },
										"up": { "texture": "#saddlemain", "uv": [ 2.0, 5.0, 6.0, 6.0 ] },
										"down": { "texture": "#saddlemain", "uv": [ 0.0, 4.5, 4.0, 5.5 ], "windMode": [-1,-1,-1,-1], "windData": [1,1,1,1] }
									},
									"children": [
										{
											"name": "SaddleFrontN32",
											"from": [ 0.0, -2.2, 0.01 ],
											"to": [ 3.1, 0.0, 1.01 ],
											"rotationOrigin": [ 0.0, 0.0, 0.1 ],
											"rotationZ": 60.0,
											"faces": {
												"north": { "texture": "#saddlemain", "uv": [ 12.5, 8.5, 15.5, 10.5 ] },
												"east": { "texture": "#saddlemain", "uv": [ 4.0, 1.0, 5.0, 3.0 ] },
												"south": { "texture": "#saddlemain", "uv": [ 9.5, 4.0, 12.5, 6.0 ] },
												"west": { "texture": "#saddlemain", "uv": [ 3.0, 6.5, 4.0, 8.5 ] },
												"up": { "texture": "#saddlemain", "uv": [ 2.0, 5.0, 5.0, 6.0 ] },
												"down": { "texture": "#saddlemain", "uv": [ 0.0, 4.5, 3.0, 5.5 ], "windMode": [-1,-1,-1,-1], "windData": [1,1,1,1] }
											}
										},
										{
											"name": "SaddleFrontN35",
											"from": [ 4.0, -0.01, 0.3 ],
											"to": [ 5.2, 2.19, 0.6 ],
											"rotationOrigin": [ 4.0, 0.1, 0.3 ],
											"rotationX": 3.0,
											"rotationY": -180.0,
											"rotationZ": -81.0,
											"faces": {
												"north": { "texture": "#saddlemain", "uv": [ 5.5, 7.0, 6.5, 9.0 ] },
												"east": { "texture": "#saddlemain", "uv": [ 4.0, 1.0, 4.5, 3.0 ] },
												"south": { "texture": "#saddlemain", "uv": [ 13.5, 0.5, 15.5, 1.5 ], "rotation": 90 },
												"west": { "texture": "#saddlemain", "uv": [ 3.0, 6.5, 3.5, 8.5 ] },
												"up": { "texture": "#saddlemain", "uv": [ 2.0, 5.0, 3.0, 5.5 ] },
												"down": { "texture": "#saddlemain", "uv": [ 0.0, 4.5, 1.0, 5.0 ], "windMode": [-1,-1,-1,-1], "windData": [1,1,1,1] }
											},
											"children": [
												{
													"name": "SaddleFrontN40",
													"from": [ 0.0, 2.2, 0.0 ],
													"to": [ 1.2, 3.2, 0.3 ],
													"rotationOrigin": [ 0.09, 5.4, 1.0 ],
													"faces": {
														"north": { "texture": "#saddlemain", "uv": [ 5.5, 7.0, 6.5, 8.0 ] },
														"east": { "texture": "#saddlemain", "uv": [ 4.0, 1.0, 4.5, 2.0 ] },
														"south": { "texture": "#saddlemain", "uv": [ 1.5, 0.5, 2.5, 1.5 ] },
														"west": { "texture": "#saddlemain", "uv": [ 3.0, 6.5, 3.5, 7.5 ] },
														"up": { "texture": "#saddlemain", "uv": [ 2.0, 5.0, 3.0, 5.5 ] },
														"down": { "texture": "#saddlemain", "uv": [ 0.0, 4.5, 1.0, 5.0 ], "windMode": [-1,-1,-1,-1], "windData": [1,1,1,1] }
													}
												}
											]
										}
									]
								}
							]
						},
						{
							"name": "SaddleFrontN18",
							"from": [ -0.01, 4.5, 8.0 ],
							"to": [ 4.09, 5.5, 9.0 ],
							"rotationOrigin": [ -0.1, 5.5, 8.0 ],
							"rotationX": 50.0,
							"faces": {
								"north": { "texture": "#saddlemain", "uv": [ 5.5, 7.0, 9.5, 8.0 ] },
								"east": { "texture": "#saddlemain", "uv": [ 4.0, 1.0, 5.0, 2.0 ] },
								"south": { "texture": "#saddlemain", "uv": [ 9.5, 4.0, 13.5, 5.0 ] },
								"west": { "texture": "#saddlemain", "uv": [ 3.0, 6.5, 4.0, 7.5 ] },
								"up": { "texture": "#saddlemain", "uv": [ 0.5, 8.5, 4.5, 9.5 ] },
								"down": { "texture": "#saddlemain", "uv": [ 0.0, 4.5, 4.0, 5.5 ], "windMode": [-1,-1,-1,-1], "windData": [1,1,1,1] }
							},
							"children": [
								{
									"name": "SaddleFrontN20",
									"from": [ 0.01, -2.2, 0.0 ],
									"to": [ 4.11, 1.0, 1.0 ],
									"rotationOrigin": [ 0.1, 1.0, 1.0 ],
									"rotationX": -51.0,
									"faces": {
										"north": { "texture": "#saddlemain", "uv": [ 5.5, 7.0, 9.5, 10.0 ] },
										"east": { "texture": "#saddlemain", "uv": [ 4.0, 1.0, 5.0, 4.0 ] },
										"south": { "texture": "#saddlemain", "uv": [ 0.5, 6.0, 4.5, 9.0 ] },
										"west": { "texture": "#saddlemain", "uv": [ 3.0, 6.5, 4.0, 9.5 ] },
										"up": { "texture": "#saddlemain", "uv": [ 2.0, 5.0, 6.0, 6.0 ] },
										"down": { "texture": "#saddlemain", "uv": [ 0.0, 4.5, 4.0, 5.5 ], "windMode": [-1,-1,-1,-1], "windData": [1,1,1,1] }
									},
									"children": [
										{
											"name": "SaddleFrontN23",
											"from": [ 4.0, -3.1, 0.7 ],
											"to": [ 5.2, -0.9, 1.0 ],
											"rotationOrigin": [ 4.09, 0.1, 1.7 ],
											"rotationX": -5.0,
											"rotationZ": -99.0,
											"faces": {
												"north": { "texture": "#saddlemain", "uv": [ 5.5, 7.0, 6.5, 9.0 ] },
												"east": { "texture": "#saddlemain", "uv": [ 4.0, 1.0, 4.5, 3.0 ] },
												"south": { "texture": "#saddlemain", "uv": [ 13.5, 0.5, 15.5, 1.5 ], "rotation": 90 },
												"west": { "texture": "#saddlemain", "uv": [ 3.0, 6.5, 3.5, 8.5 ] },
												"up": { "texture": "#saddlemain", "uv": [ 2.0, 5.0, 3.0, 5.5 ] },
												"down": { "texture": "#saddlemain", "uv": [ 0.0, 4.5, 1.0, 5.0 ], "windMode": [-1,-1,-1,-1], "windData": [1,1,1,1] }
											},
											"children": [
												{
													"name": "SaddleFrontN34",
													"from": [ 0.0, 2.2, 0.0 ],
													"to": [ 1.2, 3.2, 0.3 ],
													"rotationOrigin": [ 0.09, 5.4, 1.0 ],
													"faces": {
														"north": { "texture": "#saddlemain", "uv": [ 5.5, 7.0, 6.5, 8.0 ] },
														"east": { "texture": "#saddlemain", "uv": [ 4.0, 1.0, 4.5, 2.0 ] },
														"south": { "texture": "#saddlemain", "uv": [ 1.5, 0.5, 2.5, 1.5 ] },
														"west": { "texture": "#saddlemain", "uv": [ 3.0, 6.5, 3.5, 7.5 ] },
														"up": { "texture": "#saddlemain", "uv": [ 2.0, 5.0, 3.0, 5.5 ] },
														"down": { "texture": "#saddlemain", "uv": [ 0.0, 4.5, 1.0, 5.0 ], "windMode": [-1,-1,-1,-1], "windData": [1,1,1,1] }
													}
												}
											]
										},
										{
											"name": "SaddleFrontN29",
											"from": [ 0.0, 0.0, -0.01 ],
											"to": [ 2.1, 3.2, 0.99 ],
											"rotationOrigin": [ -0.01, 0.0, 0.9 ],
											"rotationZ": -25.0,
											"faces": {
												"north": { "texture": "#saddlemain", "uv": [ 5.5, 7.0, 7.5, 10.0 ] },
												"east": { "texture": "#saddlemain", "uv": [ 4.0, 1.0, 5.0, 4.0 ] },
												"south": { "texture": "#saddlemain", "uv": [ 0.0, 6.0, 2.0, 9.0 ] },
												"west": { "texture": "#saddlemain", "uv": [ 3.0, 6.5, 4.0, 9.5 ] },
												"up": { "texture": "#saddlemain", "uv": [ 2.0, 5.0, 4.0, 6.0 ] },
												"down": { "texture": "#saddlemain", "uv": [ 0.0, 4.5, 2.0, 5.5 ], "windMode": [-1,-1,-1,-1], "windData": [1,1,1,1] }
											}
										}
									]
								}
							]
						}
					]
				},
				{
					"name": "StrapFront",
					"from": [ 2.42, -3.62, -4.0 ],
					"to": [ 4.42, -2.32, 4.2 ],
					"rotationOrigin": [ 2.4241, -3.6183, -4.0 ],
					"rotationZ": 3.0,
					"faces": {
						"north": { "texture": "#saddlerope", "uv": [ 13.5, 0.0, 15.5, 1.0 ] },
						"east": { "texture": "#saddlerope", "uv": [ 1.0, 12.5, 9.0, 13.5 ] },
						"south": { "texture": "#saddlerope", "uv": [ 6.0, 9.0, 8.0, 10.0 ] },
						"west": { "texture": "#saddlerope", "uv": [ 3.5, 10.0, 11.5, 11.0 ] },
						"up": { "texture": "#saddlerope", "uv": [ 8.0, 9.5, 16.0, 11.5 ], "rotation": 90 },
						"down": { "texture": "#saddlerope", "uv": [ 1.5, 12.5, 9.5, 14.5 ], "rotation": 90 }
					}
				},
				{
					"name": "SaddleFrontN2",
					"from": [ 1.1959, -1.44, -2.65 ],
					"to": [ 7.1959, 1.76, 2.95 ],
					"rotationOrigin": [ 1.1959, -1.4423, -2.55 ],
					"rotationZ": -4.0,
					"faces": {
						"north": { "texture": "#saddlemain", "uv": [ 4.0, 7.0, 10.0, 10.0 ] },
						"east": { "texture": "#saddlemain", "uv": [ 6.0, 0.5, 11.5, 3.5 ] },
						"south": { "texture": "#saddlemain", "uv": [ 9.5, 4.5, 15.5, 7.5 ] },
						"west": { "texture": "#saddlemain", "uv": [ 4.5, 6.5, 10.0, 9.5 ] },
						"up": { "texture": "#saddlemain", "uv": [ 9.5, 5.0, 15.5, 10.5 ] },
						"down": { "texture": "#saddlemain", "uv": [ 0.0, 4.5, 6.0, 10.0 ], "windMode": [-1,-1,-1,-1], "windData": [1,1,1,1] }
					},
					"children": [
						{
							"name": "SaddleFrontN4",
							"from": [ 0.0, 0.0, -1.8 ],
							"to": [ 6.0, 3.2, 0.0 ],
							"rotationOrigin": [ 0.0, 3.2, 0.0 ],
							"rotationX": -20.0,
							"faces": {
								"north": { "texture": "#saddlemain", "uv": [ 5.5, 7.0, 11.5, 10.0 ] },
								"east": { "texture": "#saddlemain", "uv": [ 4.0, 1.0, 5.5, 4.0 ] },
								"south": { "texture": "#saddlemain", "uv": [ 9.5, 4.0, 15.5, 7.0 ] },
								"west": { "texture": "#saddlemain", "uv": [ 3.0, 6.5, 4.5, 9.5 ] },
								"up": { "texture": "#saddlemain", "uv": [ 9.5, 8.0, 15.5, 9.5 ] },
								"down": { "texture": "#saddlemain", "uv": [ 0.0, 4.5, 6.0, 6.0 ], "windMode": [-1,-1,-1,-1], "windData": [1,1,1,1] }
							},
							"children": [
								{
									"name": "SaddleFrontN6",
									"from": [ 0.0, 0.0, 0.0 ],
									"to": [ 6.0, 3.2, 1.8 ],
									"rotationOrigin": [ 0.0, 3.2, 0.0 ],
									"rotationX": 20.0,
									"faces": {
										"north": { "texture": "#saddlemain", "uv": [ 9.5, 7.0, 15.5, 10.0 ], "rotation": 180 },
										"east": { "texture": "#saddlemain", "uv": [ 4.0, 1.0, 5.5, 4.0 ] },
										"south": { "texture": "#saddlemain", "uv": [ 9.5, 4.0, 15.5, 7.0 ] },
										"west": { "texture": "#saddlemain", "uv": [ 3.0, 6.5, 4.5, 9.5 ] },
										"up": { "texture": "#saddlemain", "uv": [ 2.0, 5.0, 8.0, 6.5 ] },
										"down": { "texture": "#saddlemain", "uv": [ 0.0, 4.5, 6.0, 6.0 ], "windMode": [-1,-1,-1,-1], "windData": [1,1,1,1] }
									},
									"children": [
										{
											"name": "SaddleFrontN30",
											"from": [ 5.0, 0.0, 0.01 ],
											"to": [ 6.0, 3.2, 1.81 ],
											"rotationOrigin": [ 6.0, 0.0, 8.9829 ],
											"rotationZ": 51.0,
											"faces": {
												"north": { "texture": "#saddlemain", "uv": [ 4.5, 12.5, 5.5, 15.5 ] },
												"east": { "texture": "#saddlemain", "uv": [ 4.0, 1.0, 5.5, 4.0 ] },
												"south": { "texture": "#saddlemain", "uv": [ 9.5, 4.0, 10.5, 7.0 ] },
												"west": { "texture": "#saddlemain", "uv": [ 3.0, 6.5, 4.5, 9.5 ] },
												"up": { "texture": "#saddlemain", "uv": [ 2.0, 5.0, 3.0, 6.5 ] },
												"down": { "texture": "#saddlemain", "uv": [ 0.0, 4.5, 1.0, 6.0 ], "windMode": [-1,-1,-1,-1], "windData": [1,1,1,1] }
											},
											"children": [
												{
													"name": "SaddleFrontN31",
													"from": [ -5.0, 0.0, 0.02 ],
													"to": [ 0.0, 3.2, 1.82 ],
													"rotationOrigin": [ 0.0, 0.0, 1.9 ],
													"rotationZ": -50.0,
													"faces": {
														"north": { "texture": "#saddlemain", "uv": [ 4.5, 12.5, 9.5, 15.5 ] },
														"east": { "texture": "#saddlemain", "uv": [ 4.0, 1.0, 5.5, 4.0 ] },
														"south": { "texture": "#saddlemain", "uv": [ 8.5, 4.0, 13.5, 7.0 ] },
														"west": { "texture": "#saddlemain", "uv": [ 3.0, 6.5, 4.5, 9.5 ] },
														"up": { "texture": "#saddlemain", "uv": [ 2.0, 5.0, 7.0, 6.5 ] },
														"down": { "texture": "#saddlemain", "uv": [ 0.0, 4.5, 5.0, 6.0 ], "windMode": [-1,-1,-1,-1], "windData": [1,1,1,1] }
													}
												}
											]
										}
									]
								}
							]
						},
						{
							"name": "SaddleFrontN5",
							"from": [ 0.0, 0.0, 5.6 ],
							"to": [ 6.0, 3.2, 7.4 ],
							"rotationOrigin": [ 0.0, 3.2, 5.6 ],
							"rotationX": 20.0,
							"faces": {
								"north": { "texture": "#saddlemain", "uv": [ 6.0, 7.0, 12.0, 10.0 ] },
								"east": { "texture": "#saddlemain", "uv": [ 10.5, 0.5, 12.0, 3.5 ] },
								"south": { "texture": "#saddlemain", "uv": [ 9.0, 4.0, 15.0, 7.0 ] },
								"west": { "texture": "#saddlemain", "uv": [ 3.5, 6.5, 5.0, 9.5 ] },
								"up": { "texture": "#saddlemain", "uv": [ 9.5, 6.5, 15.5, 8.0 ] },
								"down": { "texture": "#saddlemain", "uv": [ 0.0, 4.5, 6.0, 6.0 ], "windMode": [-1,-1,-1,-1], "windData": [1,1,1,1] }
							},
							"children": [
								{
									"name": "SaddleFrontN7",
									"from": [ 0.0, 0.0, 0.0 ],
									"to": [ 6.0, 3.2, 1.8 ],
									"rotationOrigin": [ 0.0, 3.2, 1.8 ],
									"rotationX": -20.0,
									"faces": {
										"north": { "texture": "#saddlemain", "uv": [ 5.5, 7.0, 11.5, 10.0 ] },
										"east": { "texture": "#saddlemain", "uv": [ 0.5, 7.5, 2.0, 10.5 ] },
										"south": { "texture": "#saddlemain", "uv": [ 9.5, 4.0, 15.5, 7.0 ] },
										"west": { "texture": "#saddlemain", "uv": [ 3.0, 6.5, 4.5, 9.5 ] },
										"up": { "texture": "#saddlemain", "uv": [ 2.0, 5.0, 8.0, 6.5 ] },
										"down": { "texture": "#saddlemain", "uv": [ 0.0, 4.5, 6.0, 6.0 ], "windMode": [-1,-1,-1,-1], "windData": [1,1,1,1] }
									},
									"children": [
										{
											"name": "SaddleFrontN14",
											"from": [ 5.0, 0.0, -0.01 ],
											"to": [ 6.0, 3.2, 1.79 ],
											"rotationOrigin": [ 6.0, 0.0, 1.7 ],
											"rotationZ": 51.0,
											"faces": {
												"north": { "texture": "#saddlemain", "uv": [ 5.5, 7.0, 6.5, 10.0 ] },
												"east": { "texture": "#saddlemain", "uv": [ 4.0, 1.0, 5.5, 4.0 ] },
												"south": { "texture": "#saddlemain", "uv": [ 15.0, 6.0, 16.0, 9.0 ] },
												"west": { "texture": "#saddlemain", "uv": [ 6.5, 6.5, 8.0, 9.5 ] },
												"up": { "texture": "#saddlemain", "uv": [ 2.0, 5.0, 3.0, 6.5 ] },
												"down": { "texture": "#saddlemain", "uv": [ 0.0, 4.5, 1.0, 6.0 ], "windMode": [-1,-1,-1,-1], "windData": [1,1,1,1] }
											},
											"children": [
												{
													"name": "SaddleFrontN28",
													"from": [ -5.0, 0.0, 0.02 ],
													"to": [ 0.0, 3.2, 1.82 ],
													"rotationOrigin": [ 0.0, 0.0, 1.9 ],
													"rotationZ": -50.0,
													"faces": {
														"north": { "texture": "#saddlemain", "uv": [ 5.5, 7.5, 10.5, 10.5 ] },
														"east": { "texture": "#saddlemain", "uv": [ 4.0, 1.0, 5.5, 4.0 ] },
														"south": { "texture": "#saddlemain", "uv": [ 6.5, 0.5, 11.5, 3.5 ], "rotation": 180 },
														"west": { "texture": "#saddlemain", "uv": [ 3.5, 6.0, 5.0, 9.0 ] },
														"up": { "texture": "#saddlemain", "uv": [ 2.0, 5.5, 7.0, 7.0 ] },
														"down": { "texture": "#saddlemain", "uv": [ 0.0, 4.5, 5.0, 6.0 ], "windMode": [-1,-1,-1,-1], "windData": [1,1,1,1] }
													}
												}
											]
										}
									]
								}
							]
						},
						{
							"name": "SaddleFrontN8",
							"from": [ 4.34, 2.21, 1.0 ],
							"to": [ 5.34, 5.41, 4.6 ],
							"rotationOrigin": [ 4.3375, 2.2029, 1.1 ],
							"rotationZ": -10.0,
							"faces": {
								"north": { "texture": "#saddlewood", "uv": [ 5.5, 7.0, 6.5, 10.0 ] },
								"east": { "texture": "#saddlewood", "uv": [ 4.0, 1.0, 7.5, 4.0 ] },
								"south": { "texture": "#saddlewood", "uv": [ 9.5, 4.0, 10.5, 7.0 ] },
								"west": { "texture": "#saddlewood", "uv": [ 3.0, 6.5, 6.5, 9.5 ] },
								"up": { "texture": "#saddlewood", "uv": [ 2.0, 5.0, 3.0, 8.5 ] },
								"down": { "texture": "#saddlewood", "uv": [ 0.0, 4.5, 1.0, 8.0 ], "windMode": [-1,-1,-1,-1], "windData": [1,1,1,1] }
							},
							"children": [
								{
									"name": "SaddleFrontN9",
									"from": [ 0.0, 0.0, -1.8 ],
									"to": [ 1.0, 3.2, 0.0 ],
									"rotationOrigin": [ 0.0, 3.2, 0.0 ],
									"rotationX": -15.0,
									"faces": {
										"north": { "texture": "#saddlewood", "uv": [ 5.5, 7.0, 6.5, 10.0 ] },
										"east": { "texture": "#saddlewood", "uv": [ 4.0, 1.0, 5.5, 4.0 ] },
										"south": { "texture": "#saddlewood", "uv": [ 9.5, 4.0, 10.5, 7.0 ] },
										"west": { "texture": "#saddlewood", "uv": [ 3.0, 6.5, 4.5, 9.5 ] },
										"up": { "texture": "#saddlewood", "uv": [ 2.0, 5.0, 3.0, 6.5 ] },
										"down": { "texture": "#saddlewood", "uv": [ 0.0, 4.5, 1.0, 6.0 ], "windMode": [-1,-1,-1,-1], "windData": [1,1,1,1] }
									},
									"children": [
										{
											"name": "SaddleFrontN10",
											"from": [ 0.01, 0.0, 0.0 ],
											"to": [ 1.01, 3.2, 1.0 ],
											"rotationOrigin": [ 0.1, 3.2, 0.0 ],
											"rotationX": 15.0,
											"faces": {
												"north": { "texture": "#saddlewood", "uv": [ 5.5, 7.0, 6.5, 10.0 ] },
												"east": { "texture": "#saddlewood", "uv": [ 4.0, 1.0, 5.0, 4.0 ] },
												"south": { "texture": "#saddlewood", "uv": [ 9.5, 4.0, 10.5, 7.0 ] },
												"west": { "texture": "#saddlewood", "uv": [ 3.0, 6.5, 4.0, 9.5 ] },
												"up": { "texture": "#saddlewood", "uv": [ 2.0, 5.0, 3.0, 6.0 ] },
												"down": { "texture": "#saddlewood", "uv": [ 0.0, 4.5, 1.0, 5.5 ], "windMode": [-1,-1,-1,-1], "windData": [1,1,1,1] }
											}
										}
									]
								},
								{
									"name": "SaddleFrontN11",
									"from": [ -0.01, 0.0, 3.6 ],
									"to": [ 0.99, 3.2, 5.4 ],
									"rotationOrigin": [ -0.1, 3.2, 3.6 ],
									"rotationX": 15.0,
									"faces": {
										"north": { "texture": "#saddlewood", "uv": [ 5.5, 7.0, 6.5, 10.0 ] },
										"east": { "texture": "#saddlewood", "uv": [ 4.0, 1.0, 5.5, 4.0 ] },
										"south": { "texture": "#saddlewood", "uv": [ 9.5, 4.0, 10.5, 7.0 ] },
										"west": { "texture": "#saddlewood", "uv": [ 3.0, 6.5, 4.5, 9.5 ] },
										"up": { "texture": "#saddlewood", "uv": [ 2.0, 5.0, 3.0, 6.5 ] },
										"down": { "texture": "#saddlewood", "uv": [ 0.0, 4.5, 1.0, 6.0 ], "windMode": [-1,-1,-1,-1], "windData": [1,1,1,1] }
									},
									"children": [
										{
											"name": "SaddleFrontN12",
											"from": [ 0.01, 0.0, 0.8 ],
											"to": [ 1.01, 3.2, 1.8 ],
											"rotationOrigin": [ 0.1, 3.2, 1.8 ],
											"rotationX": -15.0,
											"faces": {
												"north": { "texture": "#saddlewood", "uv": [ 5.5, 7.0, 6.5, 10.0 ] },
												"east": { "texture": "#saddlewood", "uv": [ 4.0, 1.0, 5.0, 4.0 ] },
												"south": { "texture": "#saddlewood", "uv": [ 9.5, 4.0, 10.5, 7.0 ] },
												"west": { "texture": "#saddlewood", "uv": [ 3.0, 6.5, 4.0, 9.5 ] },
												"up": { "texture": "#saddlewood", "uv": [ 2.0, 5.0, 3.0, 6.0 ] },
												"down": { "texture": "#saddlewood", "uv": [ 0.0, 4.5, 1.0, 5.5 ], "windMode": [-1,-1,-1,-1], "windData": [1,1,1,1] }
											}
										}
									]
								}
							]
						},
						{
							"name": "SaddleFrontN21",
							"from": [ 4.24, 2.01, 1.2 ],
							"to": [ 5.24, 5.21, 4.4 ],
							"rotationOrigin": [ 4.2375, 2.0029, 1.3 ],
							"rotationZ": -10.0,
							"faces": {
								"north": { "texture": "#saddlemain", "uv": [ 5.5, 7.0, 6.5, 10.0 ] },
								"east": { "texture": "#saddlemain", "uv": [ 4.0, 1.0, 7.0, 4.0 ] },
								"south": { "texture": "#saddlemain", "uv": [ 9.5, 4.0, 10.5, 7.0 ] },
								"west": { "texture": "#saddlemain", "uv": [ 3.0, 6.5, 6.0, 9.5 ] },
								"up": { "texture": "#saddlemain", "uv": [ 2.0, 5.0, 3.0, 8.0 ] },
								"down": { "texture": "#saddlemain", "uv": [ 0.0, 4.5, 1.0, 7.5 ], "windMode": [-1,-1,-1,-1], "windData": [1,1,1,1] }
							},
							"children": [
								{
									"name": "SaddleFrontN22",
									"from": [ 0.001, 0.0, -1.8 ],
									"to": [ 1.001, 3.2, 0.0 ],
									"rotationOrigin": [ 0.0, 3.2, 0.0 ],
									"rotationX": -15.0,
									"faces": {
										"north": { "texture": "#saddlemain", "uv": [ 5.5, 7.0, 6.5, 10.0 ] },
										"east": { "texture": "#saddlemain", "uv": [ 4.0, 1.0, 5.5, 4.0 ] },
										"south": { "texture": "#saddlemain", "uv": [ 9.5, 4.0, 10.5, 7.0 ] },
										"west": { "texture": "#saddlemain", "uv": [ 3.0, 6.5, 4.5, 9.5 ] },
										"up": { "texture": "#saddlemain", "uv": [ 2.0, 5.0, 3.0, 6.5 ] },
										"down": { "texture": "#saddlemain", "uv": [ 0.0, 4.5, 1.0, 6.0 ], "windMode": [-1,-1,-1,-1], "windData": [1,1,1,1] }
									},
									"children": [
										{
											"name": "SaddleFrontN24",
											"from": [ 0.01, 0.0, 0.0 ],
											"to": [ 1.01, 3.2, 1.0 ],
											"rotationOrigin": [ 0.1, 3.2, 0.0 ],
											"rotationX": 15.0,
											"faces": {
												"north": { "texture": "#saddlemain", "uv": [ 5.5, 7.0, 6.5, 10.0 ] },
												"east": { "texture": "#saddlemain", "uv": [ 4.0, 1.0, 5.0, 4.0 ] },
												"south": { "texture": "#saddlemain", "uv": [ 9.5, 4.0, 10.5, 7.0 ] },
												"west": { "texture": "#saddlemain", "uv": [ 3.0, 6.5, 4.0, 9.5 ] },
												"up": { "texture": "#saddlemain", "uv": [ 2.0, 5.0, 3.0, 6.0 ] },
												"down": { "texture": "#saddlemain", "uv": [ 0.0, 4.5, 1.0, 5.5 ], "windMode": [-1,-1,-1,-1], "windData": [1,1,1,1] }
											}
										}
									]
								},
								{
									"name": "SaddleFrontN25",
									"from": [ 0.01, 0.0, 3.2 ],
									"to": [ 1.01, 3.2, 5.0 ],
									"rotationOrigin": [ -0.1, 3.2, 3.2 ],
									"rotationX": 15.0,
									"faces": {
										"north": { "texture": "#saddlemain", "uv": [ 5.5, 7.0, 6.5, 10.0 ] },
										"east": { "texture": "#saddlemain", "uv": [ 4.0, 1.0, 5.5, 4.0 ] },
										"south": { "texture": "#saddlemain", "uv": [ 9.5, 4.0, 10.5, 7.0 ] },
										"west": { "texture": "#saddlemain", "uv": [ 3.0, 6.5, 4.5, 9.5 ] },
										"up": { "texture": "#saddlemain", "uv": [ 2.0, 5.0, 3.0, 6.5 ] },
										"down": { "texture": "#saddlemain", "uv": [ 0.0, 4.5, 1.0, 6.0 ], "windMode": [-1,-1,-1,-1], "windData": [1,1,1,1] }
									},
									"children": [
										{
											"name": "SaddleFrontN26",
											"from": [ 0.01, 0.0, 0.8 ],
											"to": [ 1.01, 3.2, 1.8 ],
											"rotationOrigin": [ 0.1, 3.2, 1.8 ],
											"rotationX": -15.0,
											"faces": {
												"north": { "texture": "#saddlemain", "uv": [ 5.5, 7.0, 6.5, 10.0 ] },
												"east": { "texture": "#saddlemain", "uv": [ 4.0, 1.0, 5.0, 4.0 ] },
												"south": { "texture": "#saddlemain", "uv": [ 9.5, 4.0, 10.5, 7.0 ] },
												"west": { "texture": "#saddlemain", "uv": [ 3.0, 6.5, 4.0, 9.5 ] },
												"up": { "texture": "#saddlemain", "uv": [ 2.0, 5.0, 3.0, 6.0 ] },
												"down": { "texture": "#saddlemain", "uv": [ 0.0, 4.5, 1.0, 5.5 ], "windMode": [-1,-1,-1,-1], "windData": [1,1,1,1] }
											}
										}
									]
								}
							]
						}
					]
				},
				{
					"name": "StrapFront2",
					"from": [ 4.62, -3.52, -4.0 ],
					"to": [ 6.62, -2.22, 4.2 ],
					"rotationOrigin": [ 4.6241, -3.5183, -4.0 ],
					"rotationZ": 3.0,
					"faces": {
						"north": { "texture": "#saddlerope", "uv": [ 13.5, 0.0, 15.5, 1.0 ] },
						"east": { "texture": "#saddlerope", "uv": [ 1.0, 12.5, 9.0, 13.5 ] },
						"south": { "texture": "#saddlerope", "uv": [ 6.0, 9.0, 8.0, 10.0 ] },
						"west": { "texture": "#saddlerope", "uv": [ 3.5, 10.0, 11.5, 11.0 ] },
						"up": { "texture": "#saddlerope", "uv": [ 8.0, 9.5, 16.0, 11.5 ], "rotation": 90 },
						"down": { "texture": "#saddlerope", "uv": [ 1.5, 12.5, 9.5, 14.5 ], "rotation": 90 }
					}
				}
			]
		}
	]}