{
	"editor": {
		"backDropShape": "D:/VSModding/REPOS/vsWorkbench/Entitybackdrops/indicus-adult",
		"collapsedPaths": "Root/ORIGIN/SaddleSeat,Root/ORIGIN/SaddleFrontWall,Root/ORIGIN/Saddle/SaddleFrontN/StrapFront,Root/ORIGIN/SaddleBack1,Root/ORIGIN/SaddleFrontN8,Root/SaddleFrontN",
		"allAngles": true,
		"entityTextureMode": false
	},
	"textureWidth": 16,
	"textureHeight": 16,
	"textureSizes": {
		"saddlerope": [32,32],
		"saddlewood": [16,16],
		"saddlemain": [16,16]
	},
	"textures": {
		"saddlemain": "game:item/tool/shield/leather/brown",
		"saddlewood":"game:block/wood/planks/generic" ,
		"saddlerope": "game:entity/lore/erel/pristine/rope"
	},
	"elements": [
		{
			"name": "ORIGIN",
			"stepParentName": "MidStorage",
			"from": [ 1.0, 1.3, 4.0 ],
			"to": [ 2.0, 2.3, 5.0 ],
			"rotationOrigin": [ 1.0, 1.3, 4.0 ],
			"faces": {
			},
			"children": [
				{
					"name": "Saddle",
					"from": [ 0.0, 0.0, 0.2 ],
					"to": [ 0.0, 0.0, 0.2 ],
					"rotationOrigin": [ 0.0, 0.0, 0.2 ],
					"faces": {
						"north": { "texture": "#pelt", "uv": [ 0.0, 0.0, 0.5, 0.5 ] },
						"east": { "texture": "#pelt", "uv": [ 0.0, 0.0, 0.5, 0.5 ] },
						"south": { "texture": "#pelt", "uv": [ 0.0, 0.0, 0.5, 0.5 ] },
						"west": { "texture": "#pelt", "uv": [ 0.0, 0.0, 0.5, 0.5 ] },
						"up": { "texture": "#pelt", "uv": [ 0.0, 0.0, 0.5, 0.5 ] },
						"down": { "texture": "#pelt", "uv": [ 0.0, 0.0, 0.5, 0.5 ] }
					}
				},
				{
					"name": "SaddleFrontN",
					"from": [ -1.98, -4.29, -4.28 ],
					"to": [ 2.53, 1.76, 4.52 ],
					"rotationOrigin": [ -1.98, -4.2892, -4.225 ],
					"rotationZ": 3.0,
					"faces": {
						"north": { "texture": "#saddlemain", "uv": [ 5.5, 7.0, 9.5, 12.5 ], "autoUv": false },
						"east": { "texture": "#saddlemain", "uv": [ 4.0, 1.5, 12.0, 7.0 ], "autoUv": false },
						"south": { "texture": "#saddlemain", "uv": [ 10.0, 4.0, 14.0, 9.5 ], "autoUv": false },
						"west": { "texture": "#saddlemain", "uv": [ 3.5, 5.5, 11.5, 11.0 ], "autoUv": false },
						"up": { "texture": "#saddlemain", "uv": [ 0.5, 4.0, 4.5, 12.0 ], "autoUv": false },
						"down": { "texture": "#saddlemain", "uv": [ 0.0, 4.5, 4.0, 12.5 ], "autoUv": false, "windMode": [-1,-1,-1,-1], "windData": [1,1,1,1] }
					},
					"children": [
						{
							"name": "SaddleFrontN13",
							"from": [ 2.2, 5.94, 1.155 ],
							"to": [ 4.4, 9.24, 7.645 ],
							"rotationOrigin": [ 4.4, 5.94, 1.265 ],
							"rotationZ": 53.0,
							"faces": {
								"north": { "texture": "#saddlemain", "uv": [ 5.5, 7.0, 7.5, 10.0 ], "autoUv": false },
								"east": { "texture": "#saddlemain", "uv": [ 4.0, 1.0, 9.5, 4.0 ], "autoUv": false },
								"south": { "texture": "#saddlemain", "uv": [ 9.5, 4.0, 11.5, 7.0 ], "autoUv": false },
								"west": { "texture": "#saddlemain", "uv": [ 3.0, 6.5, 8.5, 9.5 ], "autoUv": false },
								"up": { "texture": "#saddlemain", "uv": [ 2.0, 5.0, 4.0, 10.5 ], "autoUv": false },
								"down": { "texture": "#saddlemain", "uv": [ 0.0, 4.5, 2.0, 10.0 ], "autoUv": false, "windMode": [-1,-1,-1,-1], "windData": [1,1,1,1] }
							},
							"children": [
								{
									"name": "SaddleFrontN15",
									"from": [ 0.0, -1.1, -0.055 ],
									"to": [ 2.2, 3.3, 6.545 ],
									"rotationOrigin": [ 2.2, 3.3, 0.0 ],
									"rotationZ": -64.0,
									"faces": {
										"north": { "texture": "#saddlemain", "uv": [ 6.0, 7.0, 8.0, 11.0 ], "autoUv": false },
										"east": { "texture": "#saddlemain", "uv": [ 4.0, 1.0, 10.0, 5.0 ], "autoUv": false },
										"south": { "texture": "#saddlemain", "uv": [ 10.0, 4.0, 12.0, 8.0 ], "autoUv": false },
										"west": { "texture": "#saddlemain", "uv": [ 3.0, 6.5, 9.0, 10.5 ], "autoUv": false },
										"up": { "texture": "#saddlemain", "uv": [ 0.5, 5.0, 2.5, 11.0 ], "autoUv": false },
										"down": { "texture": "#saddlemain", "uv": [ 0.0, 4.5, 2.0, 10.5 ], "autoUv": false, "windMode": [-1,-1,-1,-1], "windData": [1,1,1,1] }
									},
									"children": [
										{
											"name": "SaddleFrontN3",
											"from": [ 0.154, 3.564, 2.805 ],
											"to": [ 1.474, 5.214, 3.795 ],
											"rotationOrigin": [ 0.1576, 3.5551, 2.86 ],
											"rotationZ": 19.0,
											"faces": {
												"north": { "texture": "#saddlewood", "uv": [ 5.5, 7.0, 6.5, 8.5 ], "autoUv": false },
												"east": { "texture": "#saddlewood", "uv": [ 4.0, 1.0, 4.5, 2.5 ], "autoUv": false },
												"south": { "texture": "#saddlewood", "uv": [ 9.5, 4.0, 10.5, 5.5 ], "autoUv": false },
												"west": { "texture": "#saddlewood", "uv": [ 3.0, 6.5, 3.5, 8.0 ], "autoUv": false },
												"up": { "texture": "#saddlewood", "uv": [ 2.0, 5.0, 3.0, 5.5 ], "autoUv": false },
												"down": { "texture": "#saddlewood", "uv": [ 0.0, 4.5, 1.0, 5.0 ], "autoUv": false, "windMode": [-1,-1,-1,-1], "windData": [1,1,1,1] }
											},
											"children": [
												{
													"name": "SaddleFrontN16",
													"from": [ -0.22, 1.65, -0.22 ],
													"to": [ 1.54, 2.2, 1.43 ],
													"rotationOrigin": [ -0.2167, 1.6463, -0.165 ],
													"faces": {
														"north": { "texture": "#saddlemain", "uv": [ 5.5, 7.0, 7.0, 7.5 ], "autoUv": false },
														"east": { "texture": "#saddlemain", "uv": [ 4.0, 1.0, 5.5, 1.5 ], "autoUv": false },
														"south": { "texture": "#saddlemain", "uv": [ 9.5, 4.0, 11.0, 4.5 ], "autoUv": false },
														"west": { "texture": "#saddlemain", "uv": [ 3.0, 6.5, 4.5, 7.0 ], "autoUv": false },
														"up": { "texture": "#saddlemain", "uv": [ 2.0, 5.0, 3.5, 6.5 ], "autoUv": false },
														"down": { "texture": "#saddlemain", "uv": [ 0.0, 4.5, 1.5, 6.0 ], "autoUv": false, "windMode": [-1,-1,-1,-1], "windData": [1,1,1,1] }
													}
												}
											]
										},
										{
											"name": "SaddleFrontN33",
											"from": [ 0.0, 1.1, -0.055 ],
											"to": [ 2.2, 4.4, 6.655 ],
											"rotationOrigin": [ 0.0, 4.4, -0.055 ],
											"rotationZ": -19.0,
											"faces": {
												"north": { "texture": "#saddlemain", "uv": [ 13.5, 12.5, 15.5, 15.5 ], "autoUv": false },
												"east": { "texture": "#saddlemain", "uv": [ 4.0, 1.0, 10.0, 4.0 ], "autoUv": false },
												"south": { "texture": "#saddlemain", "uv": [ 0.5, 12.5, 2.5, 15.5 ], "autoUv": false },
												"west": { "texture": "#saddlemain", "uv": [ 2.5, 6.5, 8.5, 9.5 ], "autoUv": false },
												"up": { "texture": "#saddlemain", "uv": [ 3.0, 5.0, 5.0, 11.0 ], "autoUv": false },
												"down": { "texture": "#saddlemain", "uv": [ 0.0, 4.5, 2.0, 10.5 ], "autoUv": false, "windMode": [-1,-1,-1,-1], "windData": [1,1,1,1] }
											}
										}
									]
								}
							]
						},
						{
							"name": "SaddleFrontN17",
							"from": [ -0.011, 4.95, 0.0 ],
							"to": [ 4.499, 6.05, 1.1 ],
							"rotationOrigin": [ -0.11, 6.05, 0.0 ],
							"rotationX": 50.0,
							"faces": {
								"north": { "texture": "#saddlemain", "uv": [ 11.5, 8.5, 15.5, 9.5 ], "autoUv": false },
								"east": { "texture": "#saddlemain", "uv": [ 4.0, 1.0, 5.0, 2.0 ], "autoUv": false },
								"south": { "texture": "#saddlemain", "uv": [ 9.5, 4.0, 13.5, 5.0 ], "autoUv": false },
								"west": { "texture": "#saddlemain", "uv": [ 3.0, 6.5, 4.0, 7.5 ], "autoUv": false },
								"up": { "texture": "#saddlemain", "uv": [ 2.0, 5.0, 6.0, 6.0 ], "autoUv": false },
								"down": { "texture": "#saddlemain", "uv": [ 0.0, 4.5, 4.0, 5.5 ], "autoUv": false, "windMode": [-1,-1,-1,-1], "windData": [1,1,1,1] }
							},
							"children": [
								{
									"name": "SaddleFrontN19",
									"from": [ 0.011, -3.52, 0.0 ],
									"to": [ 4.521, 0.0, 1.1 ],
									"rotationOrigin": [ 0.11, 0.0, 0.0 ],
									"rotationX": -50.0,
									"faces": {
										"north": { "texture": "#saddlemain", "uv": [ 11.5, 6.0, 15.5, 9.0 ], "autoUv": false },
										"east": { "texture": "#saddlemain", "uv": [ 4.0, 1.0, 5.0, 4.0 ], "autoUv": false },
										"south": { "texture": "#saddlemain", "uv": [ 9.5, 4.0, 13.5, 7.0 ], "autoUv": false },
										"west": { "texture": "#saddlemain", "uv": [ 3.0, 6.5, 4.0, 9.5 ], "autoUv": false },
										"up": { "texture": "#saddlemain", "uv": [ 2.0, 5.0, 6.0, 6.0 ], "autoUv": false },
										"down": { "texture": "#saddlemain", "uv": [ 0.0, 4.5, 4.0, 5.5 ], "autoUv": false, "windMode": [-1,-1,-1,-1], "windData": [1,1,1,1] }
									},
									"children": [
										{
											"name": "SaddleFrontN32",
											"from": [ 0.0, -2.42, 0.011 ],
											"to": [ 3.41, 0.0, 1.111 ],
											"rotationOrigin": [ 0.0, 0.0, 0.11 ],
											"rotationZ": 60.0,
											"faces": {
												"north": { "texture": "#saddlemain", "uv": [ 12.5, 8.5, 15.5, 10.5 ], "autoUv": false },
												"east": { "texture": "#saddlemain", "uv": [ 4.0, 1.0, 5.0, 3.0 ], "autoUv": false },
												"south": { "texture": "#saddlemain", "uv": [ 9.5, 4.0, 12.5, 6.0 ], "autoUv": false },
												"west": { "texture": "#saddlemain", "uv": [ 3.0, 6.5, 4.0, 8.5 ], "autoUv": false },
												"up": { "texture": "#saddlemain", "uv": [ 2.0, 5.0, 5.0, 6.0 ], "autoUv": false },
												"down": { "texture": "#saddlemain", "uv": [ 0.0, 4.5, 3.0, 5.5 ], "autoUv": false, "windMode": [-1,-1,-1,-1], "windData": [1,1,1,1] }
											}
										},
										{
											"name": "SaddleFrontN35",
											"from": [ 4.8, -0.011, 0.33 ],
											"to": [ 10.42, 2.409, 0.66 ],
											"rotationOrigin": [ 4.8, 0.11, 0.33 ],
											"rotationX": 3.0,
											"rotationY": -180.0,
											"rotationZ": -81.0,
											"faces": {
												"north": { "texture": "#saddlemain", "uv": [ 5.5, 7.0, 9.5, 9.0 ], "autoUv": false },
												"east": { "texture": "#saddlemain", "uv": [ 4.0, 1.0, 4.5, 3.0 ], "autoUv": false },
												"south": { "texture": "#saddlemain", "uv": [ 13.5, 0.5, 15.5, 5.0 ], "rotation": 90, "autoUv": false },
												"west": { "texture": "#saddlemain", "uv": [ 3.0, 6.5, 3.5, 8.5 ], "autoUv": false },
												"up": { "texture": "#saddlemain", "uv": [ 2.0, 5.0, 6.0, 5.5 ], "autoUv": false },
												"down": { "texture": "#saddlemain", "uv": [ 0.0, 4.5, 4.0, 5.0 ], "autoUv": false, "windMode": [-1,-1,-1,-1], "windData": [1,1,1,1] }
											},
											"children": [
												{
													"name": "SaddleFrontN40",
													"from": [ 0.0, 2.42, 0.0 ],
													"to": [ 5.62, 3.52, 0.33 ],
													"rotationOrigin": [ 0.099, 5.94, 1.1 ],
													"faces": {
														"north": { "texture": "#saddlemain", "uv": [ 5.5, 7.0, 9.5, 8.0 ], "autoUv": false },
														"east": { "texture": "#saddlemain", "uv": [ 4.0, 1.0, 4.5, 2.0 ], "autoUv": false },
														"south": { "texture": "#saddlemain", "uv": [ 1.5, 0.5, 6.0, 1.5 ], "autoUv": false },
														"west": { "texture": "#saddlemain", "uv": [ 3.0, 6.5, 3.5, 7.5 ], "autoUv": false },
														"up": { "texture": "#saddlemain", "uv": [ 2.0, 5.0, 6.0, 5.5 ], "autoUv": false },
														"down": { "texture": "#saddlemain", "uv": [ 0.0, 4.5, 4.0, 5.0 ], "autoUv": false, "windMode": [-1,-1,-1,-1], "windData": [1,1,1,1] }
													}
												}
											]
										}
									]
								}
							]
						},
						{
							"name": "SaddleFrontN18",
							"from": [ -0.011, 4.95, 8.8 ],
							"to": [ 4.499, 6.05, 9.9 ],
							"rotationOrigin": [ -0.11, 6.05, 8.8 ],
							"rotationX": 50.0,
							"faces": {
								"north": { "texture": "#saddlemain", "uv": [ 5.5, 7.0, 9.5, 8.0 ], "autoUv": false },
								"east": { "texture": "#saddlemain", "uv": [ 4.0, 1.0, 5.0, 2.0 ], "autoUv": false },
								"south": { "texture": "#saddlemain", "uv": [ 9.5, 4.0, 13.5, 5.0 ], "autoUv": false },
								"west": { "texture": "#saddlemain", "uv": [ 3.0, 6.5, 4.0, 7.5 ], "autoUv": false },
								"up": { "texture": "#saddlemain", "uv": [ 0.5, 8.5, 4.5, 9.5 ], "autoUv": false },
								"down": { "texture": "#saddlemain", "uv": [ 0.0, 4.5, 4.0, 5.5 ], "autoUv": false, "windMode": [-1,-1,-1,-1], "windData": [1,1,1,1] }
							},
							"children": [
								{
									"name": "SaddleFrontN20",
									"from": [ 0.011, -2.42, 0.0 ],
									"to": [ 4.521, 1.1, 1.1 ],
									"rotationOrigin": [ 0.11, 1.1, 1.1 ],
									"rotationX": -51.0,
									"faces": {
										"north": { "texture": "#saddlemain", "uv": [ 5.5, 7.0, 9.5, 10.0 ], "autoUv": false },
										"east": { "texture": "#saddlemain", "uv": [ 4.0, 1.0, 5.0, 4.0 ], "autoUv": false },
										"south": { "texture": "#saddlemain", "uv": [ 0.5, 6.0, 4.5, 9.0 ], "autoUv": false },
										"west": { "texture": "#saddlemain", "uv": [ 3.0, 6.5, 4.0, 9.5 ], "autoUv": false },
										"up": { "texture": "#saddlemain", "uv": [ 2.0, 5.0, 6.0, 6.0 ], "autoUv": false },
										"down": { "texture": "#saddlemain", "uv": [ 0.0, 4.5, 4.0, 5.5 ], "autoUv": false, "windMode": [-1,-1,-1,-1], "windData": [1,1,1,1] }
									},
									"children": [
										{
											"name": "SaddleFrontN23",
											"from": [ 4.9, -3.51, 0.77 ],
											"to": [ 10.52, -1.09, 1.1 ],
											"rotationOrigin": [ 4.999, 0.01, 1.87 ],
											"rotationX": -5.0,
											"rotationZ": -102.0,
											"faces": {
												"north": { "texture": "#saddlemain", "uv": [ 5.5, 7.0, 9.5, 9.0 ], "autoUv": false },
												"east": { "texture": "#saddlemain", "uv": [ 4.0, 1.0, 4.5, 3.0 ], "autoUv": false },
												"south": { "texture": "#saddlemain", "uv": [ 13.5, 0.5, 15.5, 5.0 ], "rotation": 90, "autoUv": false },
												"west": { "texture": "#saddlemain", "uv": [ 3.0, 6.5, 3.5, 8.5 ], "autoUv": false },
												"up": { "texture": "#saddlemain", "uv": [ 2.0, 5.0, 6.0, 5.5 ], "autoUv": false },
												"down": { "texture": "#saddlemain", "uv": [ 0.0, 4.5, 4.0, 5.0 ], "autoUv": false, "windMode": [-1,-1,-1,-1], "windData": [1,1,1,1] }
											},
											"children": [
												{
													"name": "SaddleFrontN34",
													"from": [ 0.0, 2.42, 0.0 ],
													"to": [ 5.62, 3.52, 0.33 ],
													"rotationOrigin": [ 0.099, 5.94, 1.1 ],
													"faces": {
														"north": { "texture": "#saddlemain", "uv": [ 5.5, 7.0, 9.5, 8.0 ], "autoUv": false },
														"east": { "texture": "#saddlemain", "uv": [ 4.0, 1.0, 4.5, 2.0 ], "autoUv": false },
														"south": { "texture": "#saddlemain", "uv": [ 1.5, 0.5, 6.0, 1.5 ], "autoUv": false },
														"west": { "texture": "#saddlemain", "uv": [ 3.0, 6.5, 3.5, 7.5 ], "autoUv": false },
														"up": { "texture": "#saddlemain", "uv": [ 2.0, 5.0, 6.0, 5.5 ], "autoUv": false },
														"down": { "texture": "#saddlemain", "uv": [ 0.0, 4.5, 4.0, 5.0 ], "autoUv": false, "windMode": [-1,-1,-1,-1], "windData": [1,1,1,1] }
													}
												}
											]
										},
										{
											"name": "SaddleFrontN29",
											"from": [ 0.0, 0.0, -0.011 ],
											"to": [ 2.31, 3.52, 1.089 ],
											"rotationOrigin": [ -0.011, 0.0, 0.99 ],
											"rotationZ": -25.0,
											"faces": {
												"north": { "texture": "#saddlemain", "uv": [ 5.5, 7.0, 7.5, 10.0 ], "autoUv": false },
												"east": { "texture": "#saddlemain", "uv": [ 4.0, 1.0, 5.0, 4.0 ], "autoUv": false },
												"south": { "texture": "#saddlemain", "uv": [ 0.0, 6.0, 2.0, 9.0 ], "autoUv": false },
												"west": { "texture": "#saddlemain", "uv": [ 3.0, 6.5, 4.0, 9.5 ], "autoUv": false },
												"up": { "texture": "#saddlemain", "uv": [ 2.0, 5.0, 4.0, 6.0 ], "autoUv": false },
												"down": { "texture": "#saddlemain", "uv": [ 0.0, 4.5, 2.0, 5.5 ], "autoUv": false, "windMode": [-1,-1,-1,-1], "windData": [1,1,1,1] }
											}
										}
									]
								}
							]
						},
						{
							"name": "SaddleFrontN2",
							"from": [ 3.4324, 2.5298, 1.265 ],
							"to": [ 10.0324, 6.0498, 7.425 ],
							"rotationOrigin": [ 3.4324, 2.5273, 1.375 ],
							"rotationZ": -7.0,
							"faces": {
								"north": { "texture": "#saddlemain", "uv": [ 4.0, 7.0, 10.0, 10.0 ], "autoUv": false },
								"east": { "texture": "#saddlemain", "uv": [ 6.0, 0.5, 11.5, 3.5 ], "autoUv": false },
								"south": { "texture": "#saddlemain", "uv": [ 9.5, 4.5, 15.5, 7.5 ], "autoUv": false },
								"west": { "texture": "#saddlemain", "uv": [ 4.5, 6.5, 10.0, 9.5 ], "autoUv": false },
								"up": { "texture": "#saddlemain", "uv": [ 9.5, 5.0, 15.5, 10.5 ], "autoUv": false },
								"down": { "texture": "#saddlemain", "uv": [ 0.0, 4.5, 6.0, 10.0 ], "autoUv": false, "windMode": [-1,-1,-1,-1], "windData": [1,1,1,1] }
							},
							"children": [
								{
									"name": "SaddleFrontN4",
									"from": [ -0.001, 0.0, -1.98 ],
									"to": [ 6.599, 3.52, 0.0 ],
									"rotationOrigin": [ -0.1, 3.52, 0.0 ],
									"rotationX": -20.0,
									"faces": {
										"north": { "texture": "#saddlemain", "uv": [ 5.5, 7.0, 11.5, 10.0 ], "autoUv": false },
										"east": { "texture": "#saddlemain", "uv": [ 4.0, 1.0, 5.5, 4.0 ], "autoUv": false },
										"south": { "texture": "#saddlemain", "uv": [ 9.5, 4.0, 15.5, 7.0 ], "autoUv": false },
										"west": { "texture": "#saddlemain", "uv": [ 3.0, 6.5, 4.5, 9.5 ], "autoUv": false },
										"up": { "texture": "#saddlemain", "uv": [ 9.5, 8.0, 15.5, 9.5 ], "autoUv": false },
										"down": { "texture": "#saddlemain", "uv": [ 0.0, 4.5, 6.0, 6.0 ], "autoUv": false, "windMode": [-1,-1,-1,-1], "windData": [1,1,1,1] }
									},
									"children": [
										{
											"name": "SaddleFrontN6",
											"from": [ 0.002, 0.0, 0.0 ],
											"to": [ 6.602, 3.52, 1.98 ],
											"rotationOrigin": [ 0.1, 3.52, 0.0 ],
											"rotationX": 20.0,
											"faces": {
												"north": { "texture": "#saddlemain", "uv": [ 9.5, 7.0, 15.5, 10.0 ], "rotation": 180, "autoUv": false },
												"east": { "texture": "#saddlemain", "uv": [ 4.0, 1.0, 5.5, 4.0 ], "autoUv": false },
												"south": { "texture": "#saddlemain", "uv": [ 9.5, 4.0, 15.5, 7.0 ], "autoUv": false },
												"west": { "texture": "#saddlemain", "uv": [ 3.0, 6.5, 4.5, 9.5 ], "autoUv": false },
												"up": { "texture": "#saddlemain", "uv": [ 2.0, 5.0, 8.0, 6.5 ], "autoUv": false },
												"down": { "texture": "#saddlemain", "uv": [ 0.0, 4.5, 6.0, 6.0 ], "autoUv": false, "windMode": [-1,-1,-1,-1], "windData": [1,1,1,1] }
											},
											"children": [
												{
													"name": "SaddleFrontN30",
													"from": [ 5.5, 0.0, 0.011 ],
													"to": [ 6.6, 3.52, 1.991 ],
													"rotationOrigin": [ 6.6, 0.0, 9.8812 ],
													"rotationZ": 51.0,
													"faces": {
														"north": { "texture": "#saddlemain", "uv": [ 4.5, 12.5, 5.5, 15.5 ], "autoUv": false },
														"east": { "texture": "#saddlemain", "uv": [ 4.0, 1.0, 5.5, 4.0 ], "autoUv": false },
														"south": { "texture": "#saddlemain", "uv": [ 9.5, 4.0, 10.5, 7.0 ], "autoUv": false },
														"west": { "texture": "#saddlemain", "uv": [ 3.0, 6.5, 4.5, 9.5 ], "autoUv": false },
														"up": { "texture": "#saddlemain", "uv": [ 2.0, 5.0, 3.0, 6.5 ], "autoUv": false },
														"down": { "texture": "#saddlemain", "uv": [ 0.0, 4.5, 1.0, 6.0 ], "autoUv": false, "windMode": [-1,-1,-1,-1], "windData": [1,1,1,1] }
													},
													"children": [
														{
															"name": "SaddleFrontN31",
															"from": [ -5.5, 0.0, 0.022 ],
															"to": [ 0.0, 3.52, 2.002 ],
															"rotationOrigin": [ 0.0, 0.0, 2.09 ],
															"rotationZ": -50.0,
															"faces": {
																"north": { "texture": "#saddlemain", "uv": [ 4.5, 12.5, 9.5, 15.5 ], "autoUv": false },
																"east": { "texture": "#saddlemain", "uv": [ 4.0, 1.0, 5.5, 4.0 ], "autoUv": false },
																"south": { "texture": "#saddlemain", "uv": [ 8.5, 4.0, 13.5, 7.0 ], "autoUv": false },
																"west": { "texture": "#saddlemain", "uv": [ 3.0, 6.5, 4.5, 9.5 ], "autoUv": false },
																"up": { "texture": "#saddlemain", "uv": [ 2.0, 5.0, 7.0, 6.5 ], "autoUv": false },
																"down": { "texture": "#saddlemain", "uv": [ 0.0, 4.5, 5.0, 6.0 ], "autoUv": false, "windMode": [-1,-1,-1,-1], "windData": [1,1,1,1] }
															}
														}
													]
												}
											]
										}
									]
								},
								{
									"name": "SaddleFrontN5",
									"from": [ -0.001, 0.0, 6.16 ],
									"to": [ 6.599, 3.52, 8.14 ],
									"rotationOrigin": [ -0.1, 3.52, 6.16 ],
									"rotationX": 20.0,
									"faces": {
										"north": { "texture": "#saddlemain", "uv": [ 6.0, 7.0, 12.0, 10.0 ], "autoUv": false },
										"east": { "texture": "#saddlemain", "uv": [ 10.5, 0.5, 12.0, 3.5 ], "autoUv": false },
										"south": { "texture": "#saddlemain", "uv": [ 9.0, 4.0, 15.0, 7.0 ], "autoUv": false },
										"west": { "texture": "#saddlemain", "uv": [ 3.5, 6.5, 5.0, 9.5 ], "autoUv": false },
										"up": { "texture": "#saddlemain", "uv": [ 9.5, 6.5, 15.5, 8.0 ], "autoUv": false },
										"down": { "texture": "#saddlemain", "uv": [ 0.0, 4.5, 6.0, 6.0 ], "autoUv": false, "windMode": [-1,-1,-1,-1], "windData": [1,1,1,1] }
									},
									"children": [
										{
											"name": "SaddleFrontN7",
											"from": [ 0.002, 0.0, 0.0 ],
											"to": [ 6.602, 3.52, 1.98 ],
											"rotationOrigin": [ 0.1, 3.52, 1.98 ],
											"rotationX": -20.0,
											"faces": {
												"north": { "texture": "#saddlemain", "uv": [ 5.5, 7.0, 11.5, 10.0 ], "autoUv": false },
												"east": { "texture": "#saddlemain", "uv": [ 0.5, 7.5, 2.0, 10.5 ], "autoUv": false },
												"south": { "texture": "#saddlemain", "uv": [ 9.5, 4.0, 15.5, 7.0 ], "autoUv": false },
												"west": { "texture": "#saddlemain", "uv": [ 3.0, 6.5, 4.5, 9.5 ], "autoUv": false },
												"up": { "texture": "#saddlemain", "uv": [ 2.0, 5.0, 8.0, 6.5 ], "autoUv": false },
												"down": { "texture": "#saddlemain", "uv": [ 0.0, 4.5, 6.0, 6.0 ], "autoUv": false, "windMode": [-1,-1,-1,-1], "windData": [1,1,1,1] }
											},
											"children": [
												{
													"name": "SaddleFrontN14",
													"from": [ 5.5, 0.0, -0.011 ],
													"to": [ 6.6, 3.52, 1.969 ],
													"rotationOrigin": [ 6.6, 0.0, 1.87 ],
													"rotationZ": 51.0,
													"faces": {
														"north": { "texture": "#saddlemain", "uv": [ 5.5, 7.0, 6.5, 10.0 ], "autoUv": false },
														"east": { "texture": "#saddlemain", "uv": [ 4.0, 1.0, 5.5, 4.0 ], "autoUv": false },
														"south": { "texture": "#saddlemain", "uv": [ 15.0, 6.0, 16.0, 9.0 ], "autoUv": false },
														"west": { "texture": "#saddlemain", "uv": [ 6.5, 6.5, 8.0, 9.5 ], "autoUv": false },
														"up": { "texture": "#saddlemain", "uv": [ 2.0, 5.0, 3.0, 6.5 ], "autoUv": false },
														"down": { "texture": "#saddlemain", "uv": [ 0.0, 4.5, 1.0, 6.0 ], "autoUv": false, "windMode": [-1,-1,-1,-1], "windData": [1,1,1,1] }
													},
													"children": [
														{
															"name": "SaddleFrontN28",
															"from": [ -5.5, 0.0, 0.022 ],
															"to": [ 0.0, 3.52, 2.002 ],
															"rotationOrigin": [ 0.0, 0.0, 2.09 ],
															"rotationZ": -50.0,
															"faces": {
																"north": { "texture": "#saddlemain", "uv": [ 5.5, 7.5, 10.5, 10.5 ], "autoUv": false },
																"east": { "texture": "#saddlemain", "uv": [ 4.0, 1.0, 5.5, 4.0 ], "autoUv": false },
																"south": { "texture": "#saddlemain", "uv": [ 6.5, 0.5, 11.5, 3.5 ], "rotation": 180, "autoUv": false },
																"west": { "texture": "#saddlemain", "uv": [ 3.5, 6.0, 5.0, 9.0 ], "autoUv": false },
																"up": { "texture": "#saddlemain", "uv": [ 2.0, 5.5, 7.0, 7.0 ], "autoUv": false },
																"down": { "texture": "#saddlemain", "uv": [ 0.0, 4.5, 5.0, 6.0 ], "autoUv": false, "windMode": [-1,-1,-1,-1], "windData": [1,1,1,1] }
															}
														}
													]
												}
											]
										}
									]
								},
								{
									"name": "SaddleFrontN8",
									"from": [ 4.774, 2.431, 1.1 ],
									"to": [ 5.874, 5.951, 5.06 ],
									"rotationOrigin": [ 4.7713, 2.4232, 1.21 ],
									"rotationZ": -10.0,
									"faces": {
										"north": { "texture": "#saddlewood", "uv": [ 5.5, 7.0, 6.5, 10.0 ], "autoUv": false },
										"east": { "texture": "#saddlewood", "uv": [ 4.0, 1.0, 7.5, 4.0 ], "autoUv": false },
										"south": { "texture": "#saddlewood", "uv": [ 9.5, 4.0, 10.5, 7.0 ], "autoUv": false },
										"west": { "texture": "#saddlewood", "uv": [ 3.0, 6.5, 6.5, 9.5 ], "autoUv": false },
										"up": { "texture": "#saddlewood", "uv": [ 2.0, 5.0, 3.0, 8.5 ], "autoUv": false },
										"down": { "texture": "#saddlewood", "uv": [ 0.0, 4.5, 1.0, 8.0 ], "autoUv": false, "windMode": [-1,-1,-1,-1], "windData": [1,1,1,1] }
									},
									"children": [
										{
											"name": "SaddleFrontN9",
											"from": [ 0.0, 0.0, -1.98 ],
											"to": [ 1.1, 3.52, 0.0 ],
											"rotationOrigin": [ 0.0, 3.52, 0.0 ],
											"rotationX": -15.0,
											"faces": {
												"north": { "texture": "#saddlewood", "uv": [ 5.5, 7.0, 6.5, 10.0 ], "autoUv": false },
												"east": { "texture": "#saddlewood", "uv": [ 4.0, 1.0, 5.5, 4.0 ], "autoUv": false },
												"south": { "texture": "#saddlewood", "uv": [ 9.5, 4.0, 10.5, 7.0 ], "autoUv": false },
												"west": { "texture": "#saddlewood", "uv": [ 3.0, 6.5, 4.5, 9.5 ], "autoUv": false },
												"up": { "texture": "#saddlewood", "uv": [ 2.0, 5.0, 3.0, 6.5 ], "autoUv": false },
												"down": { "texture": "#saddlewood", "uv": [ 0.0, 4.5, 1.0, 6.0 ], "autoUv": false, "windMode": [-1,-1,-1,-1], "windData": [1,1,1,1] }
											},
											"children": [
												{
													"name": "SaddleFrontN10",
													"from": [ 0.011, 0.0, 0.0 ],
													"to": [ 1.111, 3.52, 1.1 ],
													"rotationOrigin": [ 0.11, 3.52, 0.0 ],
													"rotationX": 15.0,
													"faces": {
														"north": { "texture": "#saddlewood", "uv": [ 5.5, 7.0, 6.5, 10.0 ], "autoUv": false },
														"east": { "texture": "#saddlewood", "uv": [ 4.0, 1.0, 5.0, 4.0 ], "autoUv": false },
														"south": { "texture": "#saddlewood", "uv": [ 9.5, 4.0, 10.5, 7.0 ], "autoUv": false },
														"west": { "texture": "#saddlewood", "uv": [ 3.0, 6.5, 4.0, 9.5 ], "autoUv": false },
														"up": { "texture": "#saddlewood", "uv": [ 2.0, 5.0, 3.0, 6.0 ], "autoUv": false },
														"down": { "texture": "#saddlewood", "uv": [ 0.0, 4.5, 1.0, 5.5 ], "autoUv": false, "windMode": [-1,-1,-1,-1], "windData": [1,1,1,1] }
													}
												}
											]
										},
										{
											"name": "SaddleFrontN11",
											"from": [ -0.011, 0.0, 3.96 ],
											"to": [ 1.089, 3.52, 5.94 ],
											"rotationOrigin": [ -0.11, 3.52, 3.96 ],
											"rotationX": 15.0,
											"faces": {
												"north": { "texture": "#saddlewood", "uv": [ 5.5, 7.0, 6.5, 10.0 ], "autoUv": false },
												"east": { "texture": "#saddlewood", "uv": [ 4.0, 1.0, 5.5, 4.0 ], "autoUv": false },
												"south": { "texture": "#saddlewood", "uv": [ 9.5, 4.0, 10.5, 7.0 ], "autoUv": false },
												"west": { "texture": "#saddlewood", "uv": [ 3.0, 6.5, 4.5, 9.5 ], "autoUv": false },
												"up": { "texture": "#saddlewood", "uv": [ 2.0, 5.0, 3.0, 6.5 ], "autoUv": false },
												"down": { "texture": "#saddlewood", "uv": [ 0.0, 4.5, 1.0, 6.0 ], "autoUv": false, "windMode": [-1,-1,-1,-1], "windData": [1,1,1,1] }
											},
											"children": [
												{
													"name": "SaddleFrontN12",
													"from": [ 0.011, 0.0, 0.88 ],
													"to": [ 1.111, 3.52, 1.98 ],
													"rotationOrigin": [ 0.11, 3.52, 1.98 ],
													"rotationX": -15.0,
													"faces": {
														"north": { "texture": "#saddlewood", "uv": [ 5.5, 7.0, 6.5, 10.0 ], "autoUv": false },
														"east": { "texture": "#saddlewood", "uv": [ 4.0, 1.0, 5.0, 4.0 ], "autoUv": false },
														"south": { "texture": "#saddlewood", "uv": [ 9.5, 4.0, 10.5, 7.0 ], "autoUv": false },
														"west": { "texture": "#saddlewood", "uv": [ 3.0, 6.5, 4.0, 9.5 ], "autoUv": false },
														"up": { "texture": "#saddlewood", "uv": [ 2.0, 5.0, 3.0, 6.0 ], "autoUv": false },
														"down": { "texture": "#saddlewood", "uv": [ 0.0, 4.5, 1.0, 5.5 ], "autoUv": false, "windMode": [-1,-1,-1,-1], "windData": [1,1,1,1] }
													}
												}
											]
										}
									]
								},
								{
									"name": "SaddleFrontN41",
									"from": [ 4.664, 2.321, 1.32 ],
									"to": [ 5.764, 5.841, 4.84 ],
									"rotationOrigin": [ 4.6613, 2.3132, 1.43 ],
									"rotationZ": -10.0,
									"faces": {
										"north": { "texture": "#saddlemain", "uv": [ 5.5, 7.0, 6.5, 10.0 ], "autoUv": false },
										"east": { "texture": "#saddlemain", "uv": [ 4.0, 1.0, 7.0, 4.0 ], "autoUv": false },
										"south": { "texture": "#saddlemain", "uv": [ 9.5, 4.0, 10.5, 7.0 ], "autoUv": false },
										"west": { "texture": "#saddlemain", "uv": [ 2.5, 11.0, 5.5, 14.0 ], "autoUv": false },
										"up": { "texture": "#saddlemain", "uv": [ 2.0, 2.0, 3.0, 5.0 ], "autoUv": false },
										"down": { "texture": "#saddlemain", "uv": [ 0.0, 4.5, 1.0, 7.5 ], "autoUv": false, "windMode": [-1,-1,-1,-1], "windData": [1,1,1,1] }
									},
									"children": [
										{
											"name": "SaddleFrontN42",
											"from": [ 0.0011, 0.0, -1.98 ],
											"to": [ 1.1011, 3.52, 0.0 ],
											"rotationOrigin": [ 0.0, 3.52, 0.0 ],
											"rotationX": -15.0,
											"faces": {
												"north": { "texture": "#saddlemain", "uv": [ 5.5, 7.0, 6.5, 10.0 ], "autoUv": false },
												"east": { "texture": "#saddlemain", "uv": [ 4.0, 1.0, 5.5, 4.0 ], "autoUv": false },
												"south": { "texture": "#saddlemain", "uv": [ 9.5, 4.0, 10.5, 7.0 ], "autoUv": false },
												"west": { "texture": "#saddlemain", "uv": [ 2.5, 11.5, 4.0, 14.5 ], "autoUv": false },
												"up": { "texture": "#saddlemain", "uv": [ 2.0, 5.0, 3.0, 6.5 ], "autoUv": false },
												"down": { "texture": "#saddlemain", "uv": [ 0.0, 4.5, 1.0, 6.0 ], "autoUv": false, "windMode": [-1,-1,-1,-1], "windData": [1,1,1,1] }
											},
											"children": [
												{
													"name": "SaddleFrontN43",
													"from": [ 0.011, 0.0, 0.0 ],
													"to": [ 1.111, 3.52, 1.1 ],
													"rotationOrigin": [ 0.11, 3.52, 0.0 ],
													"rotationX": 15.0,
													"faces": {
														"north": { "texture": "#saddlemain", "uv": [ 5.5, 7.0, 6.5, 10.0 ], "autoUv": false },
														"east": { "texture": "#saddlemain", "uv": [ 4.0, 1.0, 5.0, 4.0 ], "autoUv": false },
														"south": { "texture": "#saddlemain", "uv": [ 9.5, 4.0, 10.5, 7.0 ], "autoUv": false },
														"west": { "texture": "#saddlemain", "uv": [ 3.0, 6.5, 4.0, 9.5 ], "autoUv": false },
														"up": { "texture": "#saddlemain", "uv": [ 2.0, 5.0, 3.0, 6.0 ], "autoUv": false },
														"down": { "texture": "#saddlemain", "uv": [ 0.0, 4.5, 1.0, 5.5 ], "autoUv": false, "windMode": [-1,-1,-1,-1], "windData": [1,1,1,1] }
													}
												}
											]
										},
										{
											"name": "SaddleFrontN44",
											"from": [ 0.011, 0.0, 3.52 ],
											"to": [ 1.111, 3.52, 5.5 ],
											"rotationOrigin": [ -0.11, 3.52, 3.52 ],
											"rotationX": 15.0,
											"faces": {
												"north": { "texture": "#saddlemain", "uv": [ 5.5, 8.5, 6.5, 11.5 ], "autoUv": false },
												"east": { "texture": "#saddlemain", "uv": [ 4.0, 3.5, 5.5, 6.5 ], "autoUv": false },
												"south": { "texture": "#saddlemain", "uv": [ 9.5, 6.0, 10.5, 9.0 ], "autoUv": false },
												"west": { "texture": "#saddlemain", "uv": [ 2.0, 11.5, 3.5, 14.5 ], "autoUv": false },
												"up": { "texture": "#saddlemain", "uv": [ 2.0, 5.0, 3.0, 6.5 ], "autoUv": false },
												"down": { "texture": "#saddlemain", "uv": [ 0.0, 4.5, 1.0, 6.0 ], "autoUv": false, "windMode": [-1,-1,-1,-1], "windData": [1,1,1,1] }
											},
											"children": [
												{
													"name": "SaddleFrontN45",
													"from": [ 0.011, 0.0, 0.88 ],
													"to": [ 1.111, 3.52, 1.98 ],
													"rotationOrigin": [ 0.11, 3.52, 1.98 ],
													"rotationX": -15.0,
													"faces": {
														"north": { "texture": "#saddlemain", "uv": [ 5.5, 7.0, 6.5, 10.0 ], "autoUv": false },
														"east": { "texture": "#saddlemain", "uv": [ 4.0, 1.0, 5.0, 4.0 ], "autoUv": false },
														"south": { "texture": "#saddlemain", "uv": [ 9.5, 4.0, 10.5, 7.0 ], "autoUv": false },
														"west": { "texture": "#saddlemain", "uv": [ 3.0, 6.5, 4.0, 9.5 ], "autoUv": false },
														"up": { "texture": "#saddlemain", "uv": [ 2.0, 5.0, 3.0, 6.0 ], "autoUv": false },
														"down": { "texture": "#saddlemain", "uv": [ 0.0, 4.5, 1.0, 5.5 ], "autoUv": false, "windMode": [-1,-1,-1,-1], "windData": [1,1,1,1] }
													}
												}
											]
										}
									]
								}
							]
						}
					]
				},
				{
					"name": "StrapFront",
					"from": [ -1.18, -8.62, -4.3 ],
					"to": [ 0.82, -0.32, 4.5 ],
					"rotationOrigin": [ -1.1759, -8.6183, -4.3 ],
					"rotationZ": -5.0,
					"faces": {
						"north": { "texture": "#saddlerope", "uv": [ 11.5, 1.0, 13.5, 9.0 ] },
						"east": { "texture": "#saddlerope", "uv": [ 5.0, 5.0, 13.5, 13.0 ] },
						"south": { "texture": "#saddlerope", "uv": [ 8.0, 3.5, 10.0, 11.5 ] },
						"west": { "texture": "#saddlerope", "uv": [ 3.5, 5.0, 12.0, 13.0 ] },
						"up": { "texture": "#saddlerope", "uv": [ 4.0, 7.5, 12.5, 9.5 ], "rotation": 90 },
						"down": { "texture": "#saddlerope", "uv": [ 4.0, 11.0, 12.5, 13.0 ], "rotation": 90 }
					},
					"children": [
						{
							"name": "StrapFront4",
							"from": [ 0.41, -0.056, -0.1 ],
							"to": [ 1.61, 8.244, 8.9 ],
							"rotationOrigin": [ 0.4109, -0.0543, -0.1 ],
							"faces": {
								"north": { "texture": "#saddlemain", "uv": [ 10.0, 2.5, 11.0, 10.5 ] },
								"east": { "texture": "#saddlemain", "uv": [ 4.0, 4.0, 13.0, 12.0 ] },
								"south": { "texture": "#saddlemain", "uv": [ 7.0, 2.5, 8.0, 10.5 ] },
								"west": { "texture": "#saddlemain", "uv": [ 3.5, 5.0, 12.5, 13.0 ] },
								"up": { "texture": "#saddlemain", "uv": [ 4.5, 10.0, 13.5, 11.0 ], "rotation": 90 },
								"down": { "texture": "#saddlemain", "uv": [ 4.0, 12.5, 13.0, 13.5 ], "rotation": 90 }
							}
						}
					]
				},
				{
					"name": "StrapFront2",
					"from": [ 3.82, -8.62, -4.3 ],
					"to": [ 5.22, -0.32, 4.5 ],
					"rotationOrigin": [ 3.8241, -8.6183, -4.3 ],
					"rotationZ": 1.0,
					"faces": {
						"north": { "texture": "#saddlerope", "uv": [ 11.5, 1.0, 12.5, 9.0 ] },
						"east": { "texture": "#saddlerope", "uv": [ 5.0, 5.0, 13.5, 13.0 ] },
						"south": { "texture": "#saddlerope", "uv": [ 8.0, 3.5, 9.0, 11.5 ] },
						"west": { "texture": "#saddlerope", "uv": [ 3.5, 5.0, 12.0, 13.0 ] },
						"up": { "texture": "#saddlerope", "uv": [ 4.0, 7.5, 12.5, 8.5 ], "rotation": 90 },
						"down": { "texture": "#saddlerope", "uv": [ 4.0, 11.0, 12.5, 12.0 ], "rotation": 90 }
					},
					"children": [
						{
							"name": "StrapFront5",
							"from": [ 0.31, -0.056, -0.1 ],
							"to": [ 1.11, 8.244, 8.9 ],
							"rotationOrigin": [ 0.3109, -0.0543, -0.1 ],
							"faces": {
								"north": { "texture": "#saddlemain", "uv": [ 10.0, 2.5, 10.5, 10.5 ] },
								"east": { "texture": "#saddlemain", "uv": [ 4.0, 4.0, 13.0, 12.0 ] },
								"south": { "texture": "#saddlemain", "uv": [ 7.0, 2.5, 7.5, 10.5 ] },
								"west": { "texture": "#saddlemain", "uv": [ 3.5, 5.0, 12.5, 13.0 ] },
								"up": { "texture": "#saddlemain", "uv": [ 4.5, 10.0, 13.5, 10.5 ], "rotation": 90 },
								"down": { "texture": "#saddlemain", "uv": [ 4.0, 12.5, 13.0, 13.0 ], "rotation": 90 }
							}
						}
					]
				},
				{
					"name": "StrapFront3",
					"stepParentName": "Chest",
					"from": [ 0.22, -0.12, -0.3 ],
					"to": [ 1.22, 9.18, 9.2 ],
					"rotationOrigin": [ 0.2241, -0.1183, -0.3 ],
					"rotationZ": -22.0,
					"faces": {
						"north": { "texture": "#saddlerope", "uv": [ 11.5, 1.0, 12.5, 10.0 ] },
						"east": { "texture": "#saddlerope", "uv": [ 5.0, 5.0, 14.5, 14.0 ] },
						"south": { "texture": "#saddlerope", "uv": [ 8.0, 3.5, 9.0, 12.5 ] },
						"west": { "texture": "#saddlerope", "uv": [ 3.5, 5.0, 13.0, 14.0 ] },
						"up": { "texture": "#saddlerope", "uv": [ 4.0, 7.5, 13.5, 8.5 ], "rotation": 90 },
						"down": { "texture": "#saddlerope", "uv": [ 4.0, 11.0, 13.5, 12.0 ], "rotation": 90 }
					},
					"children": [
						{
							"name": "StrapFront6",
							"from": [ 0.21, -0.056, -0.1 ],
							"to": [ 0.81, 9.244, 9.6 ],
							"rotationOrigin": [ 0.2109, -0.0543, -0.1 ],
							"faces": {
								"north": { "texture": "#saddlemain", "uv": [ 10.0, 2.5, 10.5, 11.5 ] },
								"east": { "texture": "#saddlemain", "uv": [ 4.0, 4.0, 13.5, 13.0 ] },
								"south": { "texture": "#saddlemain", "uv": [ 7.0, 2.5, 7.5, 11.5 ] },
								"west": { "texture": "#saddlemain", "uv": [ 3.5, 5.0, 13.0, 14.0 ] },
								"up": { "texture": "#saddlemain", "uv": [ 4.5, 10.0, 14.0, 10.5 ], "rotation": 90 },
								"down": { "texture": "#saddlemain", "uv": [ 4.0, 12.5, 13.5, 13.0 ], "rotation": 90 }
							}
						}
					]
				}
			]
		}
	],
	"animations": [
	]
}