{
	"editor": {
		"collapsedPaths": "Root/origin/stemgroup2,Root/stemgroup2,Root/origin2,Root/leafgroup/leaf,Root/leafgroup/leaf5,Root/leafgroup/leaf7,Root/leafgroup/leaf3,Root/origin/leaf,Root/leafgroup/leaf9,Root/origin0/leafgroup,Root/origin/leaf11,Root/origin/leaf15,Root/origin/leaf13,Root/leafgroup2,Root/origin0/leafgroup2,Root/origin/leaf29,Root/origin/leaf33,Root/origin/leaf31,Root/origin/leaf37,Root/origin/leaf35,Root/origin/leaf19,Root/origin/leaf17,Root/origin/leaf23,Root/origin/leaf21,Root/stemgroup,Root/origin/leaf27,Root/origin/leaf25,Root/origin/stemgroup,Root/origin/leaf7,Root/origin/leaf9,Root/origin/leaf3,Root/origin/leaf5,Root/origin/leaf39,Root/origin/leaf45,Root/origin/leaf43,Root/origin/leaf49,Root/origin/leaf47,Root/origin/leaf41,Root/leafgroup/leaf49,Root/leafgroup/leaf47,Root/origin0/stemgroup2,Root/leafgroup/leaf45,Root/leafgroup/leaf43,Root/leafgroup/leaf41,Root/leafgroup/leaf29,Root/leafgroup/leaf39,Root/leafgroup/leaf37,Root/leafgroup/leaf35,Root/leafgroup/leaf33,Root/leafgroup/leaf31,Root/leafgroup/leaf19,Root/leafgroup/leaf27,Root/origin0/stemgroup,Root/leafgroup/leaf25,Root/leafgroup/leaf23,Root/leafgroup/leaf21,Root/leafgroup/leaf17,Root/leafgroup/leaf15,Root/leafgroup/leaf13,Root/leafgroup/leaf11,Root/leafgroup,Root/origin/leafgroup",
		"allAngles": false,
		"entityTextureMode": false
	},
	"textureWidth": 16,
	"textureHeight": 16,
	"textureSizes": {
		"lavender": [16,16]
	},
	"textures": {
	},
	"elements": [
		{
			"name": "origin",
			"from": [ 8.0, 0.0, 8.0 ],
			"to": [ 8.0, 0.0, 8.0 ],
			"rotationOrigin": [ 8.0, 0.0, 8.0 ],
			"faces": {
			},
			"children": [
				{
					"name": "leafgroup",
					"from": [ 0.0, 0.0, 0.0 ],
					"to": [ 0.0, 0.0, 0.0 ],
					"faces": {
					},
					"children": [
						{
							"name": "leaf",
							"from": [ -0.5832, 0.0, -0.0729 ],
							"to": [ 1.2393, 2.5515, -0.0729 ],
							"rotationOrigin": [ 0.328, 0.0, -0.0729 ],
							"faces": {
								"north": { "texture": "#lavender", "uv": [ 4.5, 12.5, 7.0, 16.0 ], "autoUv": false, "windMode": [0,7,7,0] }
							},
							"children": [
								{
									"name": "leaf2",
									"from": [ 0.0, 0.0, 3.0E-4 ],
									"to": [ 1.8225, 2.5515, 3.0E-4 ],
									"rotationOrigin": [ 0.9112, 0.0, 0.0 ],
									"rotationY": 89.9802,
									"faces": {
										"north": { "texture": "#lavender", "uv": [ 7.5, 12.5, 10.0, 16.0 ], "autoUv": false, "windMode": [0,7,7,0] }
									}
								}
							]
						},
						{
							"name": "leaf3",
							"from": [ 0.5103, 0.0, 1.6038 ],
							"to": [ 2.3328, 2.5515, 1.6038 ],
							"rotationOrigin": [ 1.4215, 0.0, 1.6038 ],
							"rotationY": 45.0,
							"faces": {
								"north": { "texture": "#lavender", "uv": [ 4.5, 12.5, 7.0, 16.0 ], "autoUv": false, "windMode": [0,7,7,0] }
							},
							"children": [
								{
									"name": "leaf4",
									"from": [ 0.0, 0.0, 3.0E-4 ],
									"to": [ 1.8225, 2.5515, 3.0E-4 ],
									"rotationOrigin": [ 0.9112, 0.0, 0.0 ],
									"rotationY": 89.9802,
									"faces": {
										"north": { "texture": "#lavender", "uv": [ 7.5, 12.5, 10.0, 16.0 ], "autoUv": false, "windMode": [0,7,7,0] }
									}
								}
							]
						},
						{
							"name": "leaf5",
							"from": [ 0.8748, 0.0, -1.6038 ],
							"to": [ 2.6973, 2.5515, -1.6038 ],
							"rotationOrigin": [ 1.786, 0.0, -1.6038 ],
							"rotationY": 45.0,
							"faces": {
								"north": { "texture": "#lavender", "uv": [ 4.5, 12.5, 7.0, 16.0 ], "autoUv": false, "windMode": [0,7,7,0] }
							},
							"children": [
								{
									"name": "leaf6",
									"from": [ 0.0, 0.0, 3.0E-4 ],
									"to": [ 1.8225, 2.5515, 3.0E-4 ],
									"rotationOrigin": [ 0.9112, 0.0, 0.0 ],
									"rotationY": 89.9802,
									"faces": {
										"north": { "texture": "#lavender", "uv": [ 7.5, 12.5, 10.0, 16.0 ], "autoUv": false, "windMode": [0,7,7,0] }
									}
								}
							]
						},
						{
							"name": "leaf7",
							"from": [ 0.5103, 0.0, 0.2187 ],
							"to": [ 2.3328, 2.5515, 0.2187 ],
							"rotationOrigin": [ 1.4215, 0.0, 0.2187 ],
							"faces": {
								"north": { "texture": "#lavender", "uv": [ 4.5, 12.5, 7.0, 16.0 ], "autoUv": false, "windMode": [0,7,7,0] }
							},
							"children": [
								{
									"name": "leaf8",
									"from": [ 0.0, 0.0, 3.0E-4 ],
									"to": [ 1.8225, 2.5515, 3.0E-4 ],
									"rotationOrigin": [ 0.9112, 0.0, 0.0 ],
									"rotationY": 89.9802,
									"faces": {
										"north": { "texture": "#lavender", "uv": [ 7.5, 12.5, 10.0, 16.0 ], "autoUv": false, "windMode": [0,7,7,0] }
									}
								}
							]
						},
						{
							"name": "leaf9",
							"from": [ -0.5103, 0.0, -1.3122 ],
							"to": [ 1.3122, 2.5515, -1.3122 ],
							"rotationOrigin": [ 0.4009, 0.0, -1.3122 ],
							"rotationY": 22.5,
							"faces": {
								"north": { "texture": "#lavender", "uv": [ 4.5, 12.5, 7.0, 16.0 ], "autoUv": false, "windMode": [0,7,7,0] }
							},
							"children": [
								{
									"name": "leaf10",
									"from": [ 0.0, 0.0, 3.0E-4 ],
									"to": [ 1.8225, 2.5515, 3.0E-4 ],
									"rotationOrigin": [ 0.9112, 0.0, 0.0 ],
									"rotationY": 89.9802,
									"faces": {
										"north": { "texture": "#lavender", "uv": [ 7.5, 12.5, 10.0, 16.0 ], "autoUv": false, "windMode": [0,7,7,0] }
									}
								}
							]
						},
						{
							"name": "leaf11",
							"from": [ -2.4057, 0.0, -1.3122 ],
							"to": [ -0.5832, 2.5515, -1.3122 ],
							"rotationOrigin": [ -1.4944, 0.0, -1.3122 ],
							"rotationY": 45.0,
							"faces": {
								"north": { "texture": "#lavender", "uv": [ 4.5, 12.5, 7.0, 16.0 ], "autoUv": false, "windMode": [0,7,7,0] }
							},
							"children": [
								{
									"name": "leaf12",
									"from": [ 0.0, 0.0, 3.0E-4 ],
									"to": [ 1.8225, 2.5515, 3.0E-4 ],
									"rotationOrigin": [ 0.9112, 0.0, 0.0 ],
									"rotationY": 89.9802,
									"faces": {
										"north": { "texture": "#lavender", "uv": [ 7.5, 12.5, 10.0, 16.0 ], "autoUv": false, "windMode": [0,7,7,0] }
									}
								}
							]
						},
						{
							"name": "leaf13",
							"from": [ -1.3122, 0.0, 0.5103 ],
							"to": [ 0.5103, 2.5515, 0.5103 ],
							"rotationOrigin": [ -0.4009, 0.0, 0.5103 ],
							"faces": {
								"north": { "texture": "#lavender", "uv": [ 4.5, 12.5, 7.0, 16.0 ], "autoUv": false, "windMode": [0,7,7,0] }
							},
							"children": [
								{
									"name": "leaf14",
									"from": [ 0.0, 0.0, 3.0E-4 ],
									"to": [ 1.8225, 2.5515, 3.0E-4 ],
									"rotationOrigin": [ 0.9112, 0.0, 0.0 ],
									"rotationY": 90.0,
									"faces": {
										"north": { "texture": "#lavender", "uv": [ 7.5, 12.5, 10.0, 16.0 ], "autoUv": false, "windMode": [0,7,7,0] }
									}
								}
							]
						},
						{
							"name": "leaf15",
							"from": [ -0.5103, 0.0, 1.2393 ],
							"to": [ 1.3122, 2.5515, 1.2393 ],
							"rotationOrigin": [ 0.4009, 0.0, 1.2393 ],
							"faces": {
								"north": { "texture": "#lavender", "uv": [ 4.5, 12.5, 7.0, 16.0 ], "autoUv": false, "windMode": [0,7,7,0] }
							},
							"children": [
								{
									"name": "leaf16",
									"from": [ 0.0, 0.0, 3.0E-4 ],
									"to": [ 1.8225, 2.5515, 3.0E-4 ],
									"rotationOrigin": [ 0.9112, 0.0, 0.0 ],
									"rotationY": 89.9802,
									"faces": {
										"north": { "texture": "#lavender", "uv": [ 7.5, 12.5, 10.0, 16.0 ], "autoUv": false, "windMode": [0,7,7,0] }
									}
								}
							]
						},
						{
							"name": "leaf17",
							"from": [ -1.9683, 0.0, 1.2393 ],
							"to": [ -0.1458, 2.5515, 1.2393 ],
							"rotationOrigin": [ -1.057, 0.0, 1.2393 ],
							"rotationY": 45.0,
							"faces": {
								"north": { "texture": "#lavender", "uv": [ 4.5, 12.5, 7.0, 16.0 ], "autoUv": false, "windMode": [0,7,7,0] }
							},
							"children": [
								{
									"name": "leaf18",
									"from": [ 0.0, 0.0, 3.0E-4 ],
									"to": [ 1.8225, 2.5515, 3.0E-4 ],
									"rotationOrigin": [ 0.9112, 0.0, 0.0 ],
									"rotationY": 90.0,
									"faces": {
										"north": { "texture": "#lavender", "uv": [ 7.5, 12.5, 10.0, 16.0 ], "autoUv": false, "windMode": [0,7,7,0] }
									}
								}
							]
						},
						{
							"name": "leaf19",
							"from": [ -1.9683, 0.0, -0.1458 ],
							"to": [ -0.1458, 2.5515, -0.1458 ],
							"rotationOrigin": [ -1.057, 0.0, -0.1458 ],
							"rotationY": 22.5,
							"faces": {
								"north": { "texture": "#lavender", "uv": [ 4.5, 12.5, 7.0, 16.0 ], "autoUv": false, "windMode": [0,7,7,0] }
							},
							"children": [
								{
									"name": "leaf20",
									"from": [ 0.0, 0.0, 3.0E-4 ],
									"to": [ 1.8225, 2.5515, 3.0E-4 ],
									"rotationOrigin": [ 0.9112, 0.0, 0.0 ],
									"rotationY": 89.9802,
									"faces": {
										"north": { "texture": "#lavender", "uv": [ 7.5, 12.5, 10.0, 16.0 ], "autoUv": false, "windMode": [0,7,7,0] }
									}
								}
							]
						},
						{
							"name": "leaf21",
							"from": [ -1.5309, 0.0, -0.5832 ],
							"to": [ 0.2916, 2.5515, -0.5832 ],
							"rotationOrigin": [ -0.6196, 0.0, -0.5832 ],
							"rotationY": 22.5,
							"faces": {
								"north": { "texture": "#lavender", "uv": [ 4.5, 12.5, 7.0, 16.0 ], "autoUv": false, "windMode": [0,7,7,0] }
							},
							"children": [
								{
									"name": "leaf22",
									"from": [ 0.0, 0.0, 3.0E-4 ],
									"to": [ 1.8225, 2.5515, 3.0E-4 ],
									"rotationOrigin": [ 0.9112, 0.0, 0.0 ],
									"rotationY": 89.9802,
									"faces": {
										"north": { "texture": "#lavender", "uv": [ 7.5, 12.5, 10.0, 16.0 ], "autoUv": false, "windMode": [0,7,7,0] }
									}
								}
							]
						},
						{
							"name": "leaf23",
							"from": [ 0.2187, 0.0, -0.8748 ],
							"to": [ 2.0412, 2.5515, -0.8748 ],
							"rotationOrigin": [ 1.1299, 0.0, -0.8748 ],
							"rotationY": 22.5,
							"faces": {
								"north": { "texture": "#lavender", "uv": [ 4.5, 12.5, 7.0, 16.0 ], "autoUv": false, "windMode": [0,7,7,0] }
							},
							"children": [
								{
									"name": "leaf24",
									"from": [ 0.0, 0.0, 3.0E-4 ],
									"to": [ 1.8225, 2.5515, 3.0E-4 ],
									"rotationOrigin": [ 0.9112, 0.0, 0.0 ],
									"rotationY": 89.9802,
									"faces": {
										"north": { "texture": "#lavender", "uv": [ 7.5, 12.5, 10.0, 16.0 ], "autoUv": false, "windMode": [0,7,7,0] }
									}
								}
							]
						},
						{
							"name": "leaf25",
							"from": [ -0.2916, 0.0, 0.8748 ],
							"to": [ 1.5309, 2.5515, 0.8748 ],
							"rotationOrigin": [ 0.6196, 0.0, 0.8748 ],
							"rotationY": 22.5,
							"faces": {
								"north": { "texture": "#lavender", "uv": [ 4.5, 12.5, 7.0, 16.0 ], "autoUv": false, "windMode": [0,7,7,0] }
							},
							"children": [
								{
									"name": "leaf26",
									"from": [ 0.0, 0.0, 3.0E-4 ],
									"to": [ 1.8225, 2.5515, 3.0E-4 ],
									"rotationOrigin": [ 0.9112, 0.0, 0.0 ],
									"rotationY": 89.9802,
									"faces": {
										"north": { "texture": "#lavender", "uv": [ 7.5, 12.5, 10.0, 16.0 ], "autoUv": false, "windMode": [0,7,7,0] }
									}
								}
							]
						},
						{
							"name": "leaf27",
							"from": [ 1.1664, 0.0, 0.6561 ],
							"to": [ 2.9889, 2.5515, 0.6561 ],
							"rotationOrigin": [ 2.0776, 0.0, 0.6561 ],
							"faces": {
								"north": { "texture": "#lavender", "uv": [ 4.5, 12.5, 7.0, 16.0 ], "autoUv": false, "windMode": [0,7,7,0] }
							},
							"children": [
								{
									"name": "leaf28",
									"from": [ 0.0, 0.0, 3.0E-4 ],
									"to": [ 1.8225, 2.5515, 3.0E-4 ],
									"rotationOrigin": [ 0.9112, 0.0, 0.0 ],
									"rotationY": 89.9802,
									"faces": {
										"north": { "texture": "#lavender", "uv": [ 7.5, 12.5, 10.0, 16.0 ], "autoUv": false, "windMode": [0,7,7,0] }
									}
								}
							]
						},
						{
							"name": "leaf29",
							"from": [ 1.0935, 0.0, -0.1458 ],
							"to": [ 2.916, 2.5515, -0.1458 ],
							"rotationOrigin": [ 2.0047, 0.0, -0.1458 ],
							"rotationY": 45.0,
							"faces": {
								"north": { "texture": "#lavender", "uv": [ 4.5, 12.5, 7.0, 16.0 ], "autoUv": false, "windMode": [0,7,7,0] }
							},
							"children": [
								{
									"name": "leaf30",
									"from": [ 0.0, 0.0, 3.0E-4 ],
									"to": [ 1.8225, 2.5515, 3.0E-4 ],
									"rotationOrigin": [ 0.9112, 0.0, 0.0 ],
									"rotationY": 89.9802,
									"faces": {
										"north": { "texture": "#lavender", "uv": [ 7.5, 12.5, 10.0, 16.0 ], "autoUv": false, "windMode": [0,7,7,0] }
									}
								}
							]
						},
						{
							"name": "leaf31",
							"from": [ 0.9477, 0.0, -0.8748 ],
							"to": [ 2.7702, 2.5515, -0.8748 ],
							"rotationOrigin": [ 1.8589, 0.0, -0.8748 ],
							"faces": {
								"north": { "texture": "#lavender", "uv": [ 4.5, 12.5, 7.0, 16.0 ], "autoUv": false, "windMode": [0,7,7,0] }
							},
							"children": [
								{
									"name": "leaf32",
									"from": [ 0.0, 0.0, 3.0E-4 ],
									"to": [ 1.8225, 2.5515, 3.0E-4 ],
									"rotationOrigin": [ 0.9112, 0.0, 0.0 ],
									"rotationY": 89.9802,
									"faces": {
										"north": { "texture": "#lavender", "uv": [ 7.5, 12.5, 10.0, 16.0 ], "autoUv": false, "windMode": [0,7,7,0] }
									}
								}
							]
						},
						{
							"name": "leaf33",
							"from": [ 0.2187, 0.0, -1.9683 ],
							"to": [ 2.0412, 2.5515, -1.9683 ],
							"rotationOrigin": [ 1.1299, 0.0, -1.9683 ],
							"faces": {
								"north": { "texture": "#lavender", "uv": [ 4.5, 12.5, 7.0, 16.0 ], "autoUv": false, "windMode": [0,7,7,0] }
							},
							"children": [
								{
									"name": "leaf34",
									"from": [ 0.0, 0.0, 3.0E-4 ],
									"to": [ 1.8225, 2.5515, 3.0E-4 ],
									"rotationOrigin": [ 0.9112, 0.0, 0.0 ],
									"rotationY": 89.9802,
									"faces": {
										"north": { "texture": "#lavender", "uv": [ 7.5, 12.5, 10.0, 16.0 ], "autoUv": false, "windMode": [0,7,7,0] }
									}
								}
							]
						},
						{
							"name": "leaf35",
							"from": [ -0.729, 0.0, -2.4057 ],
							"to": [ 1.0935, 2.5515, -2.4057 ],
							"rotationOrigin": [ 0.1822, 0.0, -2.4057 ],
							"rotationY": 45.0,
							"faces": {
								"north": { "texture": "#lavender", "uv": [ 4.5, 12.5, 7.0, 16.0 ], "autoUv": false, "windMode": [0,7,7,0] }
							},
							"children": [
								{
									"name": "leaf36",
									"from": [ 0.0, 0.0, 3.0E-4 ],
									"to": [ 1.8225, 2.5515, 3.0E-4 ],
									"rotationOrigin": [ 0.9112, 0.0, 0.0 ],
									"rotationY": 89.9802,
									"faces": {
										"north": { "texture": "#lavender", "uv": [ 7.5, 12.5, 10.0, 16.0 ], "autoUv": false, "windMode": [0,7,7,0] }
									}
								}
							]
						},
						{
							"name": "leaf37",
							"from": [ -1.458, 0.0, -1.3851 ],
							"to": [ 0.3645, 2.5515, -1.3851 ],
							"rotationOrigin": [ -0.5467, 0.0, -1.3851 ],
							"faces": {
								"north": { "texture": "#lavender", "uv": [ 4.5, 12.5, 7.0, 16.0 ], "autoUv": false, "windMode": [0,7,7,0] }
							},
							"children": [
								{
									"name": "leaf38",
									"from": [ 0.0, 0.0, 3.0E-4 ],
									"to": [ 1.8225, 2.5515, 3.0E-4 ],
									"rotationOrigin": [ 0.9112, 0.0, 0.0 ],
									"rotationY": 89.9802,
									"faces": {
										"north": { "texture": "#lavender", "uv": [ 7.5, 12.5, 10.0, 16.0 ], "autoUv": false, "windMode": [0,7,7,0] }
									}
								}
							]
						},
						{
							"name": "leaf39",
							"from": [ -2.6244, 0.0, -0.5103 ],
							"to": [ -0.8019, 2.5515, -0.5103 ],
							"rotationOrigin": [ -1.7131, 0.0, -0.5103 ],
							"faces": {
								"north": { "texture": "#lavender", "uv": [ 4.5, 12.5, 7.0, 16.0 ], "autoUv": false, "windMode": [0,7,7,0] }
							},
							"children": [
								{
									"name": "leaf40",
									"from": [ 0.0, 0.0, 3.0E-4 ],
									"to": [ 1.8225, 2.5515, 3.0E-4 ],
									"rotationOrigin": [ 0.9112, 0.0, 0.0 ],
									"rotationY": 89.9802,
									"faces": {
										"north": { "texture": "#lavender", "uv": [ 7.5, 12.5, 10.0, 16.0 ], "autoUv": false, "windMode": [0,7,7,0] }
									}
								}
							]
						},
						{
							"name": "leaf41",
							"from": [ -3.0618, 0.0, 0.0729 ],
							"to": [ -1.2393, 2.5515, 0.0729 ],
							"rotationOrigin": [ -2.1505, 0.0, 0.0729 ],
							"rotationY": 45.0,
							"faces": {
								"north": { "texture": "#lavender", "uv": [ 4.5, 12.5, 7.0, 16.0 ], "autoUv": false, "windMode": [0,7,7,0] }
							},
							"children": [
								{
									"name": "leaf42",
									"from": [ 0.0, 0.0, 3.0E-4 ],
									"to": [ 1.8225, 2.5515, 3.0E-4 ],
									"rotationOrigin": [ 0.9112, 0.0, 0.0 ],
									"rotationY": 89.9802,
									"faces": {
										"north": { "texture": "#lavender", "uv": [ 7.5, 12.5, 10.0, 16.0 ], "autoUv": false, "windMode": [0,7,7,0] }
									}
								}
							]
						},
						{
							"name": "leaf43",
							"from": [ -2.6973, 0.0, 0.9477 ],
							"to": [ -0.8748, 2.5515, 0.9477 ],
							"rotationOrigin": [ -1.786, 0.0, 0.9477 ],
							"faces": {
								"north": { "texture": "#lavender", "uv": [ 4.5, 12.5, 7.0, 16.0 ], "autoUv": false, "windMode": [0,7,7,0] }
							},
							"children": [
								{
									"name": "leaf44",
									"from": [ 0.0, 0.0, 3.0E-4 ],
									"to": [ 1.8225, 2.5515, 3.0E-4 ],
									"rotationOrigin": [ 0.9112, 0.0, 0.0 ],
									"rotationY": 89.9802,
									"faces": {
										"north": { "texture": "#lavender", "uv": [ 7.5, 12.5, 10.0, 16.0 ], "autoUv": false, "windMode": [0,7,7,0] }
									}
								}
							]
						},
						{
							"name": "leaf45",
							"from": [ -1.6038, 0.0, 1.8225 ],
							"to": [ 0.2187, 2.5515, 1.8225 ],
							"rotationOrigin": [ -0.6925, 0.0, 1.8225 ],
							"faces": {
								"north": { "texture": "#lavender", "uv": [ 4.5, 12.5, 7.0, 16.0 ], "autoUv": false, "windMode": [0,7,7,0] }
							},
							"children": [
								{
									"name": "leaf46",
									"from": [ 0.0, 0.0, 3.0E-4 ],
									"to": [ 1.8225, 2.5515, 3.0E-4 ],
									"rotationOrigin": [ 0.9112, 0.0, 0.0 ],
									"rotationY": 89.9802,
									"faces": {
										"north": { "texture": "#lavender", "uv": [ 7.5, 12.5, 10.0, 16.0 ], "autoUv": false, "windMode": [0,7,7,0] }
									}
								}
							]
						},
						{
							"name": "leaf47",
							"from": [ -1.0206, 0.0, 1.6767 ],
							"to": [ 0.8019, 2.5515, 1.6767 ],
							"rotationOrigin": [ -0.1093, 0.0, 1.6767 ],
							"rotationY": 45.0,
							"faces": {
								"north": { "texture": "#lavender", "uv": [ 4.5, 12.5, 7.0, 16.0 ], "autoUv": false, "windMode": [0,7,7,0] }
							},
							"children": [
								{
									"name": "leaf48",
									"from": [ 0.0, 0.0, 3.0E-4 ],
									"to": [ 1.8225, 2.5515, 3.0E-4 ],
									"rotationOrigin": [ 0.9112, 0.0, 0.0 ],
									"rotationY": 89.9802,
									"faces": {
										"north": { "texture": "#lavender", "uv": [ 7.5, 12.5, 10.0, 16.0 ], "autoUv": false, "windMode": [0,7,7,0] }
									}
								}
							]
						},
						{
							"name": "leaf49",
							"from": [ -0.1458, 0.0, 2.187 ],
							"to": [ 1.6767, 2.5515, 2.187 ],
							"rotationOrigin": [ 0.7654, 0.0, 2.187 ],
							"rotationY": 22.5,
							"faces": {
								"north": { "texture": "#lavender", "uv": [ 4.5, 12.5, 7.0, 16.0 ], "autoUv": false, "windMode": [0,7,7,0] }
							},
							"children": [
								{
									"name": "leaf50",
									"from": [ 0.0, 0.0, 3.0E-4 ],
									"to": [ 1.8225, 2.5515, 3.0E-4 ],
									"rotationOrigin": [ 0.9112, 0.0, 0.0 ],
									"rotationY": 89.9802,
									"faces": {
										"north": { "texture": "#lavender", "uv": [ 7.5, 12.5, 10.0, 16.0 ], "autoUv": false, "windMode": [0,7,7,0] }
									}
								}
							]
						}
					]
				},
				{
					"name": "leafgroup2",
					"from": [ 0.0, 2.5515, 0.0 ],
					"to": [ 0.0, 2.5515, 0.0 ],
					"rotationOrigin": [ 0.0, 2.5515, 0.0 ],
					"faces": {
					},
					"children": [
						{
							"name": "leaf51",
							"from": [ -0.5832, 0.0, -0.0729 ],
							"to": [ 1.2393, 1.85, -0.0729 ],
							"rotationOrigin": [ 0.328, 0.0, -0.0729 ],
							"faces": {
								"north": { "texture": "#lavender", "uv": [ 4.5, 13.5, 7.0, 16.0 ], "autoUv": false, "windMode": [7,7,7,7] }
							},
							"children": [
								{
									"name": "leaf52",
									"from": [ 0.0, 0.0, 3.0E-4 ],
									"to": [ 1.8225, 1.85, 3.0E-4 ],
									"rotationOrigin": [ 0.9112, 0.0, 0.0 ],
									"rotationY": 89.9802,
									"faces": {
										"north": { "texture": "#lavender", "uv": [ 7.5, 13.5, 10.0, 16.0 ], "autoUv": false, "windMode": [7,7,7,7] }
									}
								}
							]
						},
						{
							"name": "leaf53",
							"from": [ 0.5103, 0.0, 1.6038 ],
							"to": [ 2.3328, 1.75, 1.6038 ],
							"rotationOrigin": [ 1.4215, 0.0, 1.6038 ],
							"rotationX": 12.0,
							"rotationY": 45.0,
							"rotationZ": -6.0,
							"faces": {
								"north": { "texture": "#lavender", "uv": [ 4.5, 13.5, 7.0, 16.0 ], "autoUv": false, "windMode": [7,7,7,7] }
							},
							"children": [
								{
									"name": "leaf54",
									"from": [ 0.0, 0.0, 3.0E-4 ],
									"to": [ 1.8225, 1.75, 3.0E-4 ],
									"rotationOrigin": [ 0.9112, 0.0, 0.0 ],
									"rotationY": 89.9802,
									"faces": {
										"north": { "texture": "#lavender", "uv": [ 7.5, 13.5, 10.0, 16.0 ], "autoUv": false, "windMode": [7,7,7,7] }
									}
								}
							]
						},
						{
							"name": "leaf55",
							"from": [ 0.8748, 0.0, -1.6038 ],
							"to": [ 2.6973, 1.25, -1.6038 ],
							"rotationOrigin": [ 1.786, 0.0, -1.6038 ],
							"rotationX": 3.0,
							"rotationY": 45.0,
							"rotationZ": -13.0,
							"faces": {
								"north": { "texture": "#lavender", "uv": [ 4.5, 13.5, 7.0, 16.0 ], "autoUv": false, "windMode": [7,7,7,7] }
							},
							"children": [
								{
									"name": "leaf56",
									"from": [ 0.0, 0.0, 3.0E-4 ],
									"to": [ 1.8225, 1.25, 3.0E-4 ],
									"rotationOrigin": [ 0.9112, 0.0, 0.0 ],
									"rotationY": 89.9802,
									"faces": {
										"north": { "texture": "#lavender", "uv": [ 7.5, 13.5, 10.0, 16.0 ], "autoUv": false, "windMode": [7,7,7,7] }
									}
								}
							]
						},
						{
							"name": "leaf57",
							"from": [ 0.5103, 0.0, 0.2187 ],
							"to": [ 2.3328, 1.65, 0.2187 ],
							"rotationOrigin": [ 1.4215, 0.0, 0.2187 ],
							"rotationX": 4.0,
							"rotationZ": -3.0,
							"faces": {
								"north": { "texture": "#lavender", "uv": [ 4.5, 13.5, 7.0, 16.0 ], "autoUv": false, "windMode": [7,7,7,7] }
							},
							"children": [
								{
									"name": "leaf58",
									"from": [ 0.0, 0.0, 3.0E-4 ],
									"to": [ 1.8225, 1.65, 3.0E-4 ],
									"rotationOrigin": [ 0.9112, 0.0, 0.0 ],
									"rotationY": 89.9802,
									"faces": {
										"north": { "texture": "#lavender", "uv": [ 7.5, 13.5, 10.0, 16.0 ], "autoUv": false, "windMode": [7,7,7,7] }
									}
								}
							]
						},
						{
							"name": "leaf59",
							"from": [ -0.5103, 0.0, -1.3122 ],
							"to": [ 1.3122, 1.45, -1.3122 ],
							"rotationOrigin": [ 0.4009, 0.0, -1.3122 ],
							"rotationX": -3.0,
							"rotationY": 22.5,
							"rotationZ": -1.0,
							"faces": {
								"north": { "texture": "#lavender", "uv": [ 4.5, 13.5, 7.0, 16.0 ], "autoUv": false, "windMode": [7,7,7,7] }
							},
							"children": [
								{
									"name": "leaf60",
									"from": [ 0.0, 0.0, 3.0E-4 ],
									"to": [ 1.8225, 1.45, 3.0E-4 ],
									"rotationOrigin": [ 0.9112, 0.0, 0.0 ],
									"rotationY": 89.9802,
									"faces": {
										"north": { "texture": "#lavender", "uv": [ 7.5, 13.5, 10.0, 16.0 ], "autoUv": false, "windMode": [7,7,7,7] }
									}
								}
							]
						},
						{
							"name": "leaf61",
							"from": [ -2.4057, 0.0, -1.3122 ],
							"to": [ -0.5832, 1.15, -1.3122 ],
							"rotationOrigin": [ -1.4944, 0.0, -1.3122 ],
							"rotationX": -13.0,
							"rotationY": 45.0,
							"faces": {
								"north": { "texture": "#lavender", "uv": [ 4.5, 13.5, 7.0, 16.0 ], "autoUv": false, "windMode": [7,7,7,7] }
							},
							"children": [
								{
									"name": "leaf62",
									"from": [ 0.0, 0.0, 3.0E-4 ],
									"to": [ 1.8225, 1.15, 3.0E-4 ],
									"rotationOrigin": [ 0.9112, 0.0, 0.0 ],
									"rotationY": 89.9802,
									"faces": {
										"north": { "texture": "#lavender", "uv": [ 7.5, 13.5, 10.0, 16.0 ], "autoUv": false, "windMode": [7,7,7,7] }
									}
								}
							]
						},
						{
							"name": "leaf63",
							"from": [ -1.3122, 0.0, 0.5103 ],
							"to": [ 0.5103, 1.25, 0.5103 ],
							"rotationOrigin": [ -0.4009, 0.0, 0.5103 ],
							"rotationX": 3.0,
							"rotationZ": 4.0,
							"faces": {
								"north": { "texture": "#lavender", "uv": [ 4.5, 13.5, 7.0, 16.0 ], "autoUv": false, "windMode": [7,7,7,7] }
							},
							"children": [
								{
									"name": "leaf64",
									"from": [ 0.0, 0.0, 3.0E-4 ],
									"to": [ 1.8225, 1.25, 3.0E-4 ],
									"rotationOrigin": [ 0.9112, 0.0, 0.0 ],
									"rotationY": 90.0,
									"faces": {
										"north": { "texture": "#lavender", "uv": [ 7.5, 13.5, 10.0, 16.0 ], "autoUv": false, "windMode": [7,7,7,7] }
									}
								}
							]
						},
						{
							"name": "leaf65",
							"from": [ -0.5103, 0.0, 1.2393 ],
							"to": [ 1.3122, 1.15, 1.2393 ],
							"rotationOrigin": [ 0.4009, 0.0, 1.2393 ],
							"rotationX": 4.0,
							"rotationZ": -3.0,
							"faces": {
								"north": { "texture": "#lavender", "uv": [ 4.5, 13.5, 7.0, 16.0 ], "autoUv": false, "windMode": [7,7,7,7] }
							},
							"children": [
								{
									"name": "leaf66",
									"from": [ 0.0, 0.0, 3.0E-4 ],
									"to": [ 1.8225, 1.15, 3.0E-4 ],
									"rotationOrigin": [ 0.9112, 0.0, 0.0 ],
									"rotationY": 89.9802,
									"faces": {
										"north": { "texture": "#lavender", "uv": [ 7.5, 13.5, 10.0, 16.0 ], "autoUv": false, "windMode": [7,7,7,7] }
									}
								}
							]
						},
						{
							"name": "leaf67",
							"from": [ -1.9683, 0.0, 1.2393 ],
							"to": [ -0.1458, 1.35, 1.2393 ],
							"rotationOrigin": [ -1.057, 0.0, 1.2393 ],
							"rotationY": 44.0,
							"rotationZ": 19.0,
							"faces": {
								"north": { "texture": "#lavender", "uv": [ 4.5, 13.5, 7.0, 16.0 ], "autoUv": false, "windMode": [7,7,7,7] }
							},
							"children": [
								{
									"name": "leaf68",
									"from": [ 0.0, 0.0, 3.0E-4 ],
									"to": [ 1.8225, 1.35, 3.0E-4 ],
									"rotationOrigin": [ 0.9112, 0.0, 0.0 ],
									"rotationY": 90.0,
									"faces": {
										"north": { "texture": "#lavender", "uv": [ 7.5, 13.5, 10.0, 16.0 ], "autoUv": false, "windMode": [7,7,7,7] }
									}
								}
							]
						},
						{
							"name": "leaf69",
							"from": [ -1.9683, 0.0, -0.1458 ],
							"to": [ -0.1458, 1.85, -0.1458 ],
							"rotationOrigin": [ -1.057, 0.0, -0.1458 ],
							"rotationX": -2.0,
							"rotationY": 22.5,
							"rotationZ": 4.0,
							"faces": {
								"north": { "texture": "#lavender", "uv": [ 4.5, 13.5, 7.0, 16.0 ], "autoUv": false, "windMode": [7,7,7,7] }
							},
							"children": [
								{
									"name": "leaf70",
									"from": [ 0.0, 0.0, 3.0E-4 ],
									"to": [ 1.8225, 1.85, 3.0E-4 ],
									"rotationOrigin": [ 0.9112, 0.0, 0.0 ],
									"rotationY": 89.9802,
									"faces": {
										"north": { "texture": "#lavender", "uv": [ 7.5, 13.5, 10.0, 16.0 ], "autoUv": false, "windMode": [7,7,7,7] }
									}
								}
							]
						},
						{
							"name": "leaf71",
							"from": [ -1.5309, 0.0, -0.5832 ],
							"to": [ 0.2916, 1.25, -0.5832 ],
							"rotationOrigin": [ -0.6196, 0.0, -0.5832 ],
							"rotationX": -3.0,
							"rotationY": 22.5,
							"rotationZ": 3.0,
							"faces": {
								"north": { "texture": "#lavender", "uv": [ 4.5, 13.5, 7.0, 16.0 ], "autoUv": false, "windMode": [7,7,7,7] }
							},
							"children": [
								{
									"name": "leaf72",
									"from": [ 0.0, 0.0, 3.0E-4 ],
									"to": [ 1.8225, 1.25, 3.0E-4 ],
									"rotationOrigin": [ 0.9112, 0.0, 0.0 ],
									"rotationY": 89.9802,
									"faces": {
										"north": { "texture": "#lavender", "uv": [ 7.5, 13.5, 10.0, 16.0 ], "autoUv": false, "windMode": [7,7,7,7] }
									}
								}
							]
						},
						{
							"name": "leaf73",
							"from": [ 0.2187, 0.0, -0.8748 ],
							"to": [ 2.0412, 1.75, -0.8748 ],
							"rotationOrigin": [ 1.1299, 0.0, -0.8748 ],
							"rotationX": -3.0,
							"rotationY": 22.5,
							"rotationZ": -3.0,
							"faces": {
								"north": { "texture": "#lavender", "uv": [ 4.5, 13.5, 7.0, 16.0 ], "autoUv": false, "windMode": [7,7,7,7] }
							},
							"children": [
								{
									"name": "leaf74",
									"from": [ 0.0, 0.0, 3.0E-4 ],
									"to": [ 1.8225, 1.75, 3.0E-4 ],
									"rotationOrigin": [ 0.9112, 0.0, 0.0 ],
									"rotationY": 89.9802,
									"faces": {
										"north": { "texture": "#lavender", "uv": [ 7.5, 13.5, 10.0, 16.0 ], "autoUv": false, "windMode": [7,7,7,7] }
									}
								}
							]
						},
						{
							"name": "leaf75",
							"from": [ -0.2916, 0.0, 0.8748 ],
							"to": [ 1.5309, 1.45, 0.8748 ],
							"rotationOrigin": [ 0.6196, 0.0, 0.8748 ],
							"rotationX": 2.0,
							"rotationY": 22.5,
							"rotationZ": -3.0,
							"faces": {
								"north": { "texture": "#lavender", "uv": [ 4.5, 13.5, 7.0, 16.0 ], "autoUv": false, "windMode": [7,7,7,7] }
							},
							"children": [
								{
									"name": "leaf76",
									"from": [ 0.0, 0.0, 3.0E-4 ],
									"to": [ 1.8225, 1.45, 3.0E-4 ],
									"rotationOrigin": [ 0.9112, 0.0, 0.0 ],
									"rotationY": 89.9802,
									"faces": {
										"north": { "texture": "#lavender", "uv": [ 7.5, 13.5, 10.0, 16.0 ], "autoUv": false, "windMode": [7,7,7,7] }
									}
								}
							]
						},
						{
							"name": "leaf77",
							"from": [ 1.1664, 0.0, 0.6561 ],
							"to": [ 2.9889, 1.45, 0.6561 ],
							"rotationOrigin": [ 2.0776, 0.0, 0.6561 ],
							"rotationX": 6.0,
							"rotationZ": -6.0,
							"faces": {
								"north": { "texture": "#lavender", "uv": [ 4.5, 13.5, 7.0, 16.0 ], "autoUv": false, "windMode": [7,7,7,7] }
							},
							"children": [
								{
									"name": "leaf78",
									"from": [ 0.0, 0.0, 3.0E-4 ],
									"to": [ 1.8225, 1.45, 3.0E-4 ],
									"rotationOrigin": [ 0.9112, 0.0, 0.0 ],
									"rotationY": 89.9802,
									"faces": {
										"north": { "texture": "#lavender", "uv": [ 7.5, 13.5, 10.0, 16.0 ], "autoUv": false, "windMode": [7,7,7,7] }
									}
								}
							]
						},
						{
							"name": "leaf79",
							"from": [ 1.0935, 0.0, -0.1458 ],
							"to": [ 2.916, 1.75, -0.1458 ],
							"rotationOrigin": [ 2.0047, 0.0, -0.1458 ],
							"rotationX": 17.0,
							"rotationY": 45.0,
							"rotationZ": -15.0,
							"faces": {
								"north": { "texture": "#lavender", "uv": [ 4.5, 13.5, 7.0, 16.0 ], "autoUv": false, "windMode": [7,7,7,7] }
							},
							"children": [
								{
									"name": "leaf80",
									"from": [ 0.0, 0.0, 3.0E-4 ],
									"to": [ 1.8225, 1.75, 3.0E-4 ],
									"rotationOrigin": [ 0.9112, 0.0, 0.0 ],
									"rotationY": 89.9802,
									"faces": {
										"north": { "texture": "#lavender", "uv": [ 7.5, 13.5, 10.0, 16.0 ], "autoUv": false, "windMode": [7,7,7,7] }
									}
								}
							]
						},
						{
							"name": "leaf81",
							"from": [ 0.9477, 0.0, -0.8748 ],
							"to": [ 2.7702, 1.25, -0.8748 ],
							"rotationOrigin": [ 1.8589, 0.0, -0.8748 ],
							"rotationX": -4.0,
							"rotationZ": -11.0,
							"faces": {
								"north": { "texture": "#lavender", "uv": [ 4.5, 13.5, 7.0, 16.0 ], "autoUv": false, "windMode": [7,7,7,7] }
							},
							"children": [
								{
									"name": "leaf82",
									"from": [ 0.0, 0.0, 3.0E-4 ],
									"to": [ 1.8225, 1.25, 3.0E-4 ],
									"rotationOrigin": [ 0.9112, 0.0, 0.0 ],
									"rotationY": 89.9802,
									"faces": {
										"north": { "texture": "#lavender", "uv": [ 7.5, 13.5, 10.0, 16.0 ], "autoUv": false, "windMode": [7,7,7,7] }
									}
								}
							]
						},
						{
							"name": "leaf83",
							"from": [ 0.2187, 0.0, -1.9683 ],
							"to": [ 2.0412, 1.85, -1.9683 ],
							"rotationOrigin": [ 1.1299, 0.0, -1.9683 ],
							"rotationX": -8.0,
							"rotationZ": -3.0,
							"faces": {
								"north": { "texture": "#lavender", "uv": [ 4.5, 13.5, 7.0, 16.0 ], "autoUv": false, "windMode": [7,7,7,7] }
							},
							"children": [
								{
									"name": "leaf84",
									"from": [ 0.0, 0.0, 3.0E-4 ],
									"to": [ 1.8225, 1.85, 3.0E-4 ],
									"rotationOrigin": [ 0.9112, 0.0, 0.0 ],
									"rotationY": 89.9802,
									"faces": {
										"north": { "texture": "#lavender", "uv": [ 7.5, 13.5, 10.0, 16.0 ], "autoUv": false, "windMode": [7,7,7,7] }
									}
								}
							]
						},
						{
							"name": "leaf85",
							"from": [ -0.729, 0.0, -2.4057 ],
							"to": [ 1.0935, 1.15, -2.4057 ],
							"rotationOrigin": [ 0.1822, 0.0, -2.4057 ],
							"rotationX": -8.0,
							"rotationY": 45.0,
							"faces": {
								"north": { "texture": "#lavender", "uv": [ 4.5, 13.5, 7.0, 16.0 ], "autoUv": false, "windMode": [7,7,7,7] }
							},
							"children": [
								{
									"name": "leaf86",
									"from": [ 0.0, 0.0, 3.0E-4 ],
									"to": [ 1.8225, 1.15, 3.0E-4 ],
									"rotationOrigin": [ 0.9112, 0.0, 0.0 ],
									"rotationY": 89.9802,
									"faces": {
										"north": { "texture": "#lavender", "uv": [ 7.5, 13.5, 10.0, 16.0 ], "autoUv": false, "windMode": [7,7,7,7] }
									}
								}
							]
						},
						{
							"name": "leaf87",
							"from": [ -1.458, 0.0, -1.3851 ],
							"to": [ 0.3645, 1.85, -1.3851 ],
							"rotationOrigin": [ -0.5467, 0.0, -1.3851 ],
							"rotationX": -8.0,
							"rotationZ": 4.0,
							"faces": {
								"north": { "texture": "#lavender", "uv": [ 4.5, 13.5, 7.0, 16.0 ], "autoUv": false, "windMode": [7,7,7,7] }
							},
							"children": [
								{
									"name": "leaf88",
									"from": [ 0.0, 0.0, 3.0E-4 ],
									"to": [ 1.8225, 1.85, 3.0E-4 ],
									"rotationOrigin": [ 0.9112, 0.0, 0.0 ],
									"rotationY": 89.9802,
									"faces": {
										"north": { "texture": "#lavender", "uv": [ 7.5, 13.5, 10.0, 16.0 ], "autoUv": false, "windMode": [7,7,7,7] }
									}
								}
							]
						},
						{
							"name": "leaf89",
							"from": [ -2.6244, 0.0, -0.5103 ],
							"to": [ -0.8019, 1.45, -0.5103 ],
							"rotationOrigin": [ -1.7131, 0.0, -0.5103 ],
							"rotationX": -9.0,
							"rotationZ": 9.0,
							"faces": {
								"north": { "texture": "#lavender", "uv": [ 4.5, 13.5, 7.0, 16.0 ], "autoUv": false, "windMode": [7,7,7,7] }
							},
							"children": [
								{
									"name": "leaf90",
									"from": [ 0.0, 0.0, 3.0E-4 ],
									"to": [ 1.8225, 1.45, 3.0E-4 ],
									"rotationOrigin": [ 0.9112, 0.0, 0.0 ],
									"rotationY": 89.9802,
									"faces": {
										"north": { "texture": "#lavender", "uv": [ 7.5, 13.5, 10.0, 16.0 ], "autoUv": false, "windMode": [7,7,7,7] }
									}
								}
							]
						},
						{
							"name": "leaf91",
							"from": [ -3.0618, 0.0, 0.0729 ],
							"to": [ -1.2393, 1.55, 0.0729 ],
							"rotationOrigin": [ -2.1505, 0.0, 0.0729 ],
							"rotationX": -10.0,
							"rotationY": 45.0,
							"rotationZ": 6.0,
							"faces": {
								"north": { "texture": "#lavender", "uv": [ 4.5, 13.5, 7.0, 16.0 ], "autoUv": false, "windMode": [7,7,7,7] }
							},
							"children": [
								{
									"name": "leaf92",
									"from": [ 0.0, 0.0, 3.0E-4 ],
									"to": [ 1.8225, 1.65, 3.0E-4 ],
									"rotationOrigin": [ 0.9112, 0.0, 0.0 ],
									"rotationY": 89.9802,
									"faces": {
										"north": { "texture": "#lavender", "uv": [ 7.5, 13.5, 10.0, 16.0 ], "autoUv": false, "windMode": [7,7,7,7] }
									}
								}
							]
						},
						{
							"name": "leaf93",
							"from": [ -2.6973, 0.0, 0.9477 ],
							"to": [ -0.8748, 1.85, 0.9477 ],
							"rotationOrigin": [ -1.786, 0.0, 0.9477 ],
							"rotationY": -1.0,
							"rotationZ": 13.0,
							"faces": {
								"north": { "texture": "#lavender", "uv": [ 4.5, 13.5, 7.0, 16.0 ], "autoUv": false, "windMode": [7,7,7,7] }
							},
							"children": [
								{
									"name": "leaf94",
									"from": [ 0.0, 0.0, 3.0E-4 ],
									"to": [ 1.8225, 1.85, 3.0E-4 ],
									"rotationOrigin": [ 0.9112, 0.0, 0.0 ],
									"rotationY": 89.9802,
									"faces": {
										"north": { "texture": "#lavender", "uv": [ 7.5, 13.5, 10.0, 16.0 ], "autoUv": false, "windMode": [7,7,7,7] }
									}
								}
							]
						},
						{
							"name": "leaf95",
							"from": [ -1.6038, 0.0, 1.8225 ],
							"to": [ 0.2187, 1.45, 1.8225 ],
							"rotationOrigin": [ -0.6925, 0.0, 1.8225 ],
							"rotationX": 9.0,
							"rotationY": -1.0,
							"faces": {
								"north": { "texture": "#lavender", "uv": [ 4.5, 13.5, 7.0, 16.0 ], "autoUv": false, "windMode": [7,7,7,7] }
							},
							"children": [
								{
									"name": "leaf96",
									"from": [ 0.0, 0.0, 3.0E-4 ],
									"to": [ 1.8225, 1.45, 3.0E-4 ],
									"rotationOrigin": [ 0.9112, 0.0, 0.0 ],
									"rotationY": 89.9802,
									"faces": {
										"north": { "texture": "#lavender", "uv": [ 7.5, 13.5, 10.0, 16.0 ], "autoUv": false, "windMode": [7,7,7,7] }
									}
								}
							]
						},
						{
							"name": "leaf97",
							"from": [ -1.0206, 0.0, 1.6767 ],
							"to": [ 0.8019, 1.85, 1.6767 ],
							"rotationOrigin": [ -0.1093, 0.0, 1.6767 ],
							"rotationX": 6.0,
							"rotationY": 45.0,
							"faces": {
								"north": { "texture": "#lavender", "uv": [ 4.5, 13.5, 7.0, 16.0 ], "autoUv": false, "windMode": [7,7,7,7] }
							},
							"children": [
								{
									"name": "leaf98",
									"from": [ 0.0, 0.0, 3.0E-4 ],
									"to": [ 1.8225, 1.85, 3.0E-4 ],
									"rotationOrigin": [ 0.9112, 0.0, 0.0 ],
									"rotationY": 89.9802,
									"faces": {
										"north": { "texture": "#lavender", "uv": [ 7.5, 13.5, 10.0, 16.0 ], "autoUv": false, "windMode": [7,7,7,7] }
									}
								}
							]
						},
						{
							"name": "leaf99",
							"from": [ -0.1458, 0.0, 2.187 ],
							"to": [ 1.6767, 1.25, 2.187 ],
							"rotationOrigin": [ 0.7654, 0.0, 2.187 ],
							"rotationX": 10.0,
							"rotationY": 22.5,
							"faces": {
								"north": { "texture": "#lavender", "uv": [ 4.5, 13.5, 7.0, 16.0 ], "autoUv": false, "windMode": [7,7,7,7] }
							},
							"children": [
								{
									"name": "leaf100",
									"from": [ 0.0, 0.0, 3.0E-4 ],
									"to": [ 1.8225, 1.25, 3.0E-4 ],
									"rotationOrigin": [ 0.9112, 0.0, 0.0 ],
									"rotationY": 89.9802,
									"faces": {
										"north": { "texture": "#lavender", "uv": [ 7.5, 13.5, 10.0, 16.0 ], "autoUv": false, "windMode": [7,7,7,7] }
									}
								}
							]
						}
					]
				},
				{
					"name": "stemgroup",
					"from": [ 0.0, 0.0, 0.0 ],
					"to": [ 0.0, 0.0, 0.0 ],
					"faces": {
					},
					"children": [
						{
							"name": "ste",
							"from": [ 0.7144, 0.0, 2.136 ],
							"to": [ 0.8238, 2.6608, 2.2453 ],
							"rotationOrigin": [ 0.7582, 0.0, 2.187 ],
							"rotationY": 22.5,
							"faces": {
								"north": { "texture": "#lavender", "uv": [ 0.0, 12.5, 0.5, 16.0 ], "autoUv": false, "windMode": [0,7,7,0] },
								"east": { "texture": "#lavender", "uv": [ 0.0, 12.5, 0.5, 16.0 ], "autoUv": false, "windMode": [0,7,7,0] },
								"south": { "texture": "#lavender", "uv": [ 0.0, 12.5, 0.5, 16.0 ], "autoUv": false, "windMode": [0,0,7,7] },
								"west": { "texture": "#lavender", "uv": [ 0.0, 12.5, 0.5, 16.0 ], "autoUv": false, "windMode": [0,0,7,7] }
							}
						},
						{
							"name": "ste2",
							"from": [ 1.3632, 0.0, 1.5528 ],
							"to": [ 1.4726, 2.916, 1.6621 ],
							"rotationOrigin": [ 1.4143, 0.0, 1.6038 ],
							"rotationY": 45.0,
							"faces": {
								"north": { "texture": "#lavender", "uv": [ 0.0, 12.0, 0.5, 16.0 ], "autoUv": false, "windMode": [0,7,7,0] },
								"east": { "texture": "#lavender", "uv": [ 0.0, 12.0, 0.5, 16.0 ], "autoUv": false, "windMode": [0,7,7,0] },
								"south": { "texture": "#lavender", "uv": [ 0.0, 12.0, 0.5, 16.0 ], "autoUv": false, "windMode": [0,0,7,7] },
								"west": { "texture": "#lavender", "uv": [ 0.0, 11.5, 0.5, 15.5 ], "autoUv": false, "windMode": [0,0,7,7] }
							}
						},
						{
							"name": "ste3",
							"from": [ 2.0193, 0.0, 0.6051 ],
							"to": [ 2.1287, 2.7337, 0.7144 ],
							"rotationOrigin": [ 2.0704, 0.0, 0.6561 ],
							"faces": {
								"north": { "texture": "#lavender", "uv": [ 0.0, 12.5, 0.5, 16.0 ], "autoUv": false, "windMode": [0,7,7,0] },
								"east": { "texture": "#lavender", "uv": [ 0.0, 12.5, 0.5, 16.0 ], "autoUv": false, "windMode": [0,7,7,0] },
								"south": { "texture": "#lavender", "uv": [ 0.0, 12.5, 0.5, 16.0 ], "autoUv": false, "windMode": [0,0,7,7] },
								"west": { "texture": "#lavender", "uv": [ 0.0, 12.5, 0.5, 16.0 ], "autoUv": false, "windMode": [0,0,7,7] }
							}
						},
						{
							"name": "ste4",
							"from": [ 1.3632, 0.0, 0.1677 ],
							"to": [ 1.4726, 2.8066, 0.277 ],
							"rotationOrigin": [ 1.4143, 0.0, 0.2187 ],
							"faces": {
								"north": { "texture": "#lavender", "uv": [ 0.0, 12.5, 0.5, 16.0 ], "autoUv": false, "windMode": [0,7,7,0] },
								"east": { "texture": "#lavender", "uv": [ 0.0, 12.5, 0.5, 16.0 ], "autoUv": false, "windMode": [0,7,7,0] },
								"south": { "texture": "#lavender", "uv": [ 0.0, 12.5, 0.5, 16.0 ], "autoUv": false, "windMode": [0,0,7,7] },
								"west": { "texture": "#lavender", "uv": [ 0.0, 12.5, 0.5, 16.0 ], "autoUv": false, "windMode": [0,0,7,7] }
							}
						},
						{
							"name": "ste5",
							"from": [ 1.9464, 0.0, -0.1968 ],
							"to": [ 2.0558, 2.8795, -0.0875 ],
							"rotationOrigin": [ 1.9975, 0.0, -0.1458 ],
							"rotationY": 45.0,
							"faces": {
								"north": { "texture": "#lavender", "uv": [ 0.0, 12.5, 0.5, 16.0 ], "autoUv": false, "windMode": [0,7,7,0] },
								"east": { "texture": "#lavender", "uv": [ 0.0, 12.5, 0.5, 16.0 ], "autoUv": false, "windMode": [0,7,7,0] },
								"south": { "texture": "#lavender", "uv": [ 0.0, 12.5, 0.5, 16.0 ], "autoUv": false, "windMode": [0,0,7,7] },
								"west": { "texture": "#lavender", "uv": [ 0.0, 12.5, 0.5, 16.0 ], "autoUv": false, "windMode": [0,0,7,7] }
							}
						},
						{
							"name": "ste6",
							"from": [ 1.8006, 0.0, -0.9331 ],
							"to": [ 1.91, 2.6608, -0.8238 ],
							"rotationOrigin": [ 1.8517, 0.0, -0.8748 ],
							"faces": {
								"north": { "texture": "#lavender", "uv": [ 0.0, 12.5, 0.5, 16.0 ], "autoUv": false, "windMode": [0,7,7,0] },
								"east": { "texture": "#lavender", "uv": [ 0.0, 12.5, 0.5, 16.0 ], "autoUv": false, "windMode": [0,7,7,0] },
								"south": { "texture": "#lavender", "uv": [ 0.0, 12.5, 0.5, 16.0 ], "autoUv": false, "windMode": [0,0,7,7] },
								"west": { "texture": "#lavender", "uv": [ 0.0, 12.5, 0.5, 16.0 ], "autoUv": false, "windMode": [0,0,7,7] }
							}
						},
						{
							"name": "ste7",
							"from": [ 1.0716, 0.0, -0.9258 ],
							"to": [ 1.181, 2.8795, -0.8165 ],
							"rotationOrigin": [ 1.1227, 0.0, -0.8748 ],
							"rotationY": 22.5,
							"faces": {
								"north": { "texture": "#lavender", "uv": [ 0.0, 12.5, 0.5, 16.0 ], "autoUv": false, "windMode": [0,7,7,0] },
								"east": { "texture": "#lavender", "uv": [ 0.0, 12.5, 0.5, 16.0 ], "autoUv": false, "windMode": [0,7,7,0] },
								"south": { "texture": "#lavender", "uv": [ 0.0, 12.5, 0.5, 16.0 ], "autoUv": false, "windMode": [0,0,7,7] },
								"west": { "texture": "#lavender", "uv": [ 0.0, 12.5, 0.5, 16.0 ], "autoUv": false, "windMode": [0,0,7,7] }
							}
						},
						{
							"name": "ste8",
							"from": [ 1.7277, 0.0, -1.6548 ],
							"to": [ 1.8371, 2.6608, -1.5455 ],
							"rotationOrigin": [ 1.7788, 0.0, -1.6038 ],
							"rotationY": 45.0,
							"faces": {
								"north": { "texture": "#lavender", "uv": [ 0.0, 12.5, 0.5, 16.0 ], "autoUv": false, "windMode": [0,7,7,0] },
								"east": { "texture": "#lavender", "uv": [ 0.0, 12.5, 0.5, 16.0 ], "autoUv": false, "windMode": [0,7,7,0] },
								"south": { "texture": "#lavender", "uv": [ 0.0, 12.5, 0.5, 16.0 ], "autoUv": false, "windMode": [0,0,7,7] },
								"west": { "texture": "#lavender", "uv": [ 0.0, 12.5, 0.5, 16.0 ], "autoUv": false, "windMode": [0,0,7,7] }
							}
						},
						{
							"name": "ste9",
							"from": [ 1.0716, 0.0, -2.0193 ],
							"to": [ 1.181, 2.916, -1.91 ],
							"rotationOrigin": [ 1.1227, 0.0, -1.9683 ],
							"faces": {
								"north": { "texture": "#lavender", "uv": [ 0.0, 12.0, 0.5, 16.0 ], "autoUv": false, "windMode": [0,7,7,0] },
								"east": { "texture": "#lavender", "uv": [ 0.0, 12.0, 0.5, 16.0 ], "autoUv": false, "windMode": [0,7,7,0] },
								"south": { "texture": "#lavender", "uv": [ 0.0, 12.0, 0.5, 16.0 ], "autoUv": false, "windMode": [0,0,7,7] },
								"west": { "texture": "#lavender", "uv": [ 0.0, 12.0, 0.5, 16.0 ], "autoUv": false, "windMode": [0,0,7,7] }
							}
						},
						{
							"name": "ste10",
							"from": [ 0.1239, 0.0, -2.4567 ],
							"to": [ 0.2333, 2.5879, -2.3474 ],
							"rotationOrigin": [ 0.175, 0.0, -2.4057 ],
							"rotationY": 45.0,
							"faces": {
								"north": { "texture": "#lavender", "uv": [ 0.0, 12.5, 0.5, 16.0 ], "autoUv": false, "windMode": [0,7,7,0] },
								"east": { "texture": "#lavender", "uv": [ 0.0, 12.5, 0.5, 16.0 ], "autoUv": false, "windMode": [0,7,7,0] },
								"south": { "texture": "#lavender", "uv": [ 0.0, 12.5, 0.5, 16.0 ], "autoUv": false, "windMode": [0,0,7,7] },
								"west": { "texture": "#lavender", "uv": [ 0.0, 12.5, 0.5, 16.0 ], "autoUv": false, "windMode": [0,0,7,7] }
							}
						},
						{
							"name": "ste11",
							"from": [ 0.3426, 0.0, -1.3632 ],
							"to": [ 0.452, 2.7337, -1.2539 ],
							"rotationOrigin": [ 0.3937, 0.0, -1.3122 ],
							"rotationY": 22.5,
							"faces": {
								"north": { "texture": "#lavender", "uv": [ 0.0, 12.5, 0.5, 16.0 ], "autoUv": false, "windMode": [0,7,7,0] },
								"east": { "texture": "#lavender", "uv": [ 0.0, 12.5, 0.5, 16.0 ], "autoUv": false, "windMode": [0,7,7,0] },
								"south": { "texture": "#lavender", "uv": [ 0.0, 12.5, 0.5, 16.0 ], "autoUv": false, "windMode": [0,0,7,7] },
								"west": { "texture": "#lavender", "uv": [ 0.0, 12.5, 0.5, 16.0 ], "autoUv": false, "windMode": [0,0,7,7] }
							}
						},
						{
							"name": "ste12",
							"from": [ 0.2697, 0.0, -0.1239 ],
							"to": [ 0.3791, 2.916, -0.0146 ],
							"rotationOrigin": [ 0.3208, 0.0, -0.0729 ],
							"faces": {
								"north": { "texture": "#lavender", "uv": [ 0.0, 12.0, 0.5, 16.0 ], "autoUv": false, "windMode": [0,7,7,0] },
								"east": { "texture": "#lavender", "uv": [ 0.0, 12.0, 0.5, 16.0 ], "autoUv": false, "windMode": [0,7,7,0] },
								"south": { "texture": "#lavender", "uv": [ 0.0, 12.0, 0.5, 16.0 ], "autoUv": false, "windMode": [0,0,7,7] },
								"west": { "texture": "#lavender", "uv": [ 0.0, 12.0, 0.5, 16.0 ], "autoUv": false, "windMode": [0,0,7,7] }
							}
						},
						{
							"name": "ste13",
							"from": [ 0.5613, 0.0, 0.8238 ],
							"to": [ 0.6707, 2.7337, 0.9331 ],
							"rotationOrigin": [ 0.6124, 0.0, 0.8748 ],
							"rotationY": 22.5,
							"faces": {
								"north": { "texture": "#lavender", "uv": [ 0.0, 12.5, 0.5, 16.0 ], "autoUv": false, "windMode": [0,7,7,0] },
								"east": { "texture": "#lavender", "uv": [ 0.0, 12.5, 0.5, 16.0 ], "autoUv": false, "windMode": [0,7,7,0] },
								"south": { "texture": "#lavender", "uv": [ 0.0, 12.5, 0.5, 16.0 ], "autoUv": false, "windMode": [0,0,7,7] },
								"west": { "texture": "#lavender", "uv": [ 0.0, 12.5, 0.5, 16.0 ], "autoUv": false, "windMode": [0,0,7,7] }
							}
						},
						{
							"name": "ste14",
							"from": [ 0.3426, 0.0, 1.1883 ],
							"to": [ 0.452, 2.5879, 1.2976 ],
							"rotationOrigin": [ 0.3937, 0.0, 1.2393 ],
							"faces": {
								"north": { "texture": "#lavender", "uv": [ 0.0, 12.5, 0.5, 16.0 ], "autoUv": false, "windMode": [0,7,7,0] },
								"east": { "texture": "#lavender", "uv": [ 0.0, 12.5, 0.5, 16.0 ], "autoUv": false, "windMode": [0,7,7,0] },
								"south": { "texture": "#lavender", "uv": [ 0.0, 12.5, 0.5, 16.0 ], "autoUv": false, "windMode": [0,0,7,7] },
								"west": { "texture": "#lavender", "uv": [ 0.0, 12.5, 0.5, 16.0 ], "autoUv": false, "windMode": [0,0,7,7] }
							}
						},
						{
							"name": "ste15",
							"from": [ -0.1677, 0.0, 1.6257 ],
							"to": [ -0.0583, 2.916, 1.735 ],
							"rotationOrigin": [ -0.1166, 0.0, 1.6767 ],
							"rotationY": 45.0,
							"faces": {
								"north": { "texture": "#lavender", "uv": [ 0.0, 12.0, 0.5, 16.0 ], "autoUv": false, "windMode": [0,7,7,0] },
								"east": { "texture": "#lavender", "uv": [ 0.0, 12.0, 0.5, 16.0 ], "autoUv": false, "windMode": [0,7,7,0] },
								"south": { "texture": "#lavender", "uv": [ 0.0, 12.0, 0.5, 16.0 ], "autoUv": false, "windMode": [0,0,7,7] },
								"west": { "texture": "#lavender", "uv": [ 0.0, 12.0, 0.5, 16.0 ], "autoUv": false, "windMode": [0,0,7,7] }
							}
						},
						{
							"name": "ste16",
							"from": [ -0.7436, 0.0, 1.7642 ],
							"to": [ -0.6342, 2.7337, 1.8735 ],
							"rotationOrigin": [ -0.6998, 0.0, 1.8225 ],
							"faces": {
								"north": { "texture": "#lavender", "uv": [ 0.0, 12.5, 0.5, 16.0 ], "autoUv": false, "windMode": [0,7,7,0] },
								"east": { "texture": "#lavender", "uv": [ 0.0, 12.5, 0.5, 16.0 ], "autoUv": false, "windMode": [0,7,7,0] },
								"south": { "texture": "#lavender", "uv": [ 0.0, 12.5, 0.5, 16.0 ], "autoUv": false, "windMode": [0,0,7,7] },
								"west": { "texture": "#lavender", "uv": [ 0.0, 12.5, 0.5, 16.0 ], "autoUv": false, "windMode": [0,0,7,7] }
							}
						},
						{
							"name": "ste17",
							"from": [ -1.1081, 0.0, 1.1883 ],
							"to": [ -0.9987, 2.6973, 1.2976 ],
							"rotationOrigin": [ -1.0643, 0.0, 1.2393 ],
							"rotationY": 45.0,
							"faces": {
								"north": { "texture": "#lavender", "uv": [ 0.0, 12.5, 0.5, 16.0 ], "autoUv": false, "windMode": [0,7,7,0] },
								"east": { "texture": "#lavender", "uv": [ 0.0, 12.5, 0.5, 16.0 ], "autoUv": false, "windMode": [0,7,7,0] },
								"south": { "texture": "#lavender", "uv": [ 0.0, 12.5, 0.5, 16.0 ], "autoUv": false, "windMode": [0,0,7,7] },
								"west": { "texture": "#lavender", "uv": [ 0.0, 12.5, 0.5, 16.0 ], "autoUv": false, "windMode": [0,0,7,7] }
							}
						},
						{
							"name": "ste18",
							"from": [ -1.8371, 0.0, 0.8967 ],
							"to": [ -1.7277, 2.916, 1.006 ],
							"rotationOrigin": [ -1.7933, 0.0, 0.9477 ],
							"faces": {
								"north": { "texture": "#lavender", "uv": [ 0.0, 12.0, 0.5, 16.0 ], "autoUv": false, "windMode": [0,7,7,0] },
								"east": { "texture": "#lavender", "uv": [ 0.0, 12.0, 0.5, 16.0 ], "autoUv": false, "windMode": [0,7,7,0] },
								"south": { "texture": "#lavender", "uv": [ 0.0, 12.0, 0.5, 16.0 ], "autoUv": false, "windMode": [0,0,7,7] },
								"west": { "texture": "#lavender", "uv": [ 0.0, 12.0, 0.5, 16.0 ], "autoUv": false, "windMode": [0,0,7,7] }
							}
						},
						{
							"name": "ste19",
							"from": [ -0.452, 0.0, 0.4593 ],
							"to": [ -0.3426, 2.6608, 0.5686 ],
							"rotationOrigin": [ -0.4082, 0.0, 0.5103 ],
							"faces": {
								"north": { "texture": "#lavender", "uv": [ 0.0, 12.5, 0.5, 16.0 ], "autoUv": false, "windMode": [0,7,7,0] },
								"east": { "texture": "#lavender", "uv": [ 0.0, 12.5, 0.5, 16.0 ], "autoUv": false, "windMode": [0,7,7,0] },
								"south": { "texture": "#lavender", "uv": [ 0.0, 12.5, 0.5, 16.0 ], "autoUv": false, "windMode": [0,0,7,7] },
								"west": { "texture": "#lavender", "uv": [ 0.0, 12.5, 0.5, 16.0 ], "autoUv": false, "windMode": [0,0,7,7] }
							}
						},
						{
							"name": "ste20",
							"from": [ -1.1081, 0.0, -0.2041 ],
							"to": [ -0.9987, 2.916, -0.0948 ],
							"rotationOrigin": [ -1.0643, 0.0, -0.1458 ],
							"rotationY": 22.5,
							"faces": {
								"north": { "texture": "#lavender", "uv": [ 0.0, 12.0, 0.5, 16.0 ], "autoUv": false, "windMode": [0,7,7,0] },
								"east": { "texture": "#lavender", "uv": [ 0.0, 12.0, 0.5, 16.0 ], "autoUv": false, "windMode": [0,7,7,0] },
								"south": { "texture": "#lavender", "uv": [ 0.0, 12.0, 0.5, 16.0 ], "autoUv": false, "windMode": [0,0,7,7] },
								"west": { "texture": "#lavender", "uv": [ 0.0, 12.0, 0.5, 16.0 ], "autoUv": false, "windMode": [0,0,7,7] }
							}
						},
						{
							"name": "ste21",
							"from": [ -2.2089, 0.0, 0.0219 ],
							"to": [ -2.0995, 2.8066, 0.1312 ],
							"rotationOrigin": [ -2.1578, 0.0, 0.0729 ],
							"rotationY": 45.0,
							"faces": {
								"north": { "texture": "#lavender", "uv": [ 0.0, 12.5, 0.5, 16.0 ], "autoUv": false, "windMode": [0,7,7,0] },
								"east": { "texture": "#lavender", "uv": [ 0.0, 12.5, 0.5, 16.0 ], "autoUv": false, "windMode": [0,7,7,0] },
								"south": { "texture": "#lavender", "uv": [ 0.0, 12.5, 0.5, 16.0 ], "autoUv": false, "windMode": [0,0,7,7] },
								"west": { "texture": "#lavender", "uv": [ 0.0, 12.5, 0.5, 16.0 ], "autoUv": false, "windMode": [0,0,7,7] }
							}
						},
						{
							"name": "ste22",
							"from": [ -1.7715, 0.0, -0.5686 ],
							"to": [ -1.6621, 2.7337, -0.4593 ],
							"rotationOrigin": [ -1.7204, 0.0, -0.5103 ],
							"faces": {
								"north": { "texture": "#lavender", "uv": [ 0.0, 12.5, 0.5, 16.0 ], "autoUv": false, "windMode": [0,7,7,0] },
								"east": { "texture": "#lavender", "uv": [ 0.0, 12.5, 0.5, 16.0 ], "autoUv": false, "windMode": [0,7,7,0] },
								"south": { "texture": "#lavender", "uv": [ 0.0, 12.5, 0.5, 16.0 ], "autoUv": false, "windMode": [0,0,7,7] },
								"west": { "texture": "#lavender", "uv": [ 0.0, 12.5, 0.5, 16.0 ], "autoUv": false, "windMode": [0,0,7,7] }
							}
						},
						{
							"name": "ste23",
							"from": [ -0.6707, 0.0, -0.6415 ],
							"to": [ -0.5613, 2.6608, -0.5322 ],
							"rotationOrigin": [ -0.6269, 0.0, -0.5832 ],
							"rotationY": 22.5,
							"faces": {
								"north": { "texture": "#lavender", "uv": [ 0.0, 12.5, 0.5, 16.0 ], "autoUv": false, "windMode": [0,7,7,0] },
								"east": { "texture": "#lavender", "uv": [ 0.0, 12.5, 0.5, 16.0 ], "autoUv": false, "windMode": [0,7,7,0] },
								"south": { "texture": "#lavender", "uv": [ 0.0, 12.5, 0.5, 16.0 ], "autoUv": false, "windMode": [0,0,7,7] },
								"west": { "texture": "#lavender", "uv": [ 0.0, 12.5, 0.5, 16.0 ], "autoUv": false, "windMode": [0,0,7,7] }
							}
						},
						{
							"name": "ste24",
							"from": [ -0.5978, 0.0, -1.4361 ],
							"to": [ -0.4884, 2.916, -1.3268 ],
							"rotationOrigin": [ -0.554, 0.0, -1.3851 ],
							"faces": {
								"north": { "texture": "#lavender", "uv": [ 0.0, 12.0, 0.5, 16.0 ], "autoUv": false, "windMode": [0,7,7,0] },
								"east": { "texture": "#lavender", "uv": [ 0.0, 12.0, 0.5, 16.0 ], "autoUv": false, "windMode": [0,7,7,0] },
								"south": { "texture": "#lavender", "uv": [ 0.0, 12.0, 0.5, 16.0 ], "autoUv": false, "windMode": [0,0,7,7] },
								"west": { "texture": "#lavender", "uv": [ 0.0, 12.0, 0.5, 16.0 ], "autoUv": false, "windMode": [0,0,7,7] }
							}
						},
						{
							"name": "ste25",
							"from": [ -1.5528, 0.0, -1.3632 ],
							"to": [ -1.4434, 2.5879, -1.2539 ],
							"rotationOrigin": [ -1.5017, 0.0, -1.3122 ],
							"rotationY": 45.0,
							"faces": {
								"north": { "texture": "#lavender", "uv": [ 0.0, 12.5, 0.5, 16.0 ], "autoUv": false, "windMode": [0,7,7,0] },
								"east": { "texture": "#lavender", "uv": [ 0.0, 12.5, 0.5, 16.0 ], "autoUv": false, "windMode": [0,7,7,0] },
								"south": { "texture": "#lavender", "uv": [ 0.0, 12.5, 0.5, 16.0 ], "autoUv": false, "windMode": [0,0,7,7] },
								"west": { "texture": "#lavender", "uv": [ 0.0, 12.5, 0.5, 16.0 ], "autoUv": false, "windMode": [0,0,7,7] }
							}
						}
					]
				},
				{
					"name": "stemgroup2",
					"from": [ 0.0, 2.916, 0.0 ],
					"to": [ 0.0, 2.916, 0.0 ],
					"rotationOrigin": [ 0.0, 2.916, 0.0 ],
					"faces": {
					},
					"children": [
						{
							"name": "ste26",
							"from": [ 0.7144, -0.2697, 2.136 ],
							"to": [ 0.8238, 1.0903, 2.2453 ],
							"rotationOrigin": [ 0.7582, -0.2697, 2.187 ],
							"rotationX": 11.0,
							"rotationY": 22.5,
							"faces": {
								"north": { "texture": "#lavender", "uv": [ 0.0, 12.5, 0.5, 16.0 ], "autoUv": false, "windMode": [7,7,7,7] },
								"east": { "texture": "#lavender", "uv": [ 0.0, 12.5, 0.5, 16.0 ], "autoUv": false, "windMode": [7,7,7,7] },
								"south": { "texture": "#lavender", "uv": [ 0.0, 12.5, 0.5, 16.0 ], "autoUv": false, "windMode": [7,7,7,7] },
								"west": { "texture": "#lavender", "uv": [ 0.0, 12.5, 0.5, 16.0 ], "autoUv": false, "windMode": [7,7,7,7] },
								"up": { "texture": "#lavender", "uv": [ 0.0, 15.0, 0.5, 15.5 ], "autoUv": false, "windMode": [7,7,7,7] }
							}
						},
						{
							"name": "ste27",
							"from": [ 1.3632, -0.0219, 1.5528 ],
							"to": [ 1.4726, 1.5981, 1.6621 ],
							"rotationOrigin": [ 1.4143, -0.0219, 1.6038 ],
							"rotationX": 15.0,
							"rotationY": 45.0,
							"rotationZ": -8.0,
							"faces": {
								"north": { "texture": "#lavender", "uv": [ 0.0, 12.0, 0.5, 16.0 ], "autoUv": false, "windMode": [7,7,7,7] },
								"east": { "texture": "#lavender", "uv": [ 0.0, 12.0, 0.5, 16.0 ], "autoUv": false, "windMode": [7,7,7,7] },
								"south": { "texture": "#lavender", "uv": [ 0.0, 12.0, 0.5, 16.0 ], "autoUv": false, "windMode": [7,7,7,7] },
								"west": { "texture": "#lavender", "uv": [ 0.0, 11.5, 0.5, 15.5 ], "autoUv": false, "windMode": [7,7,7,7] },
								"up": { "texture": "#lavender", "uv": [ 0.0, 15.0, 0.5, 15.5 ], "autoUv": false, "windMode": [7,7,7,7] }
							}
						},
						{
							"name": "ste28",
							"from": [ 2.0193, -0.1968, 0.6051 ],
							"to": [ 2.1287, 1.2332, 0.7144 ],
							"rotationOrigin": [ 2.0704, -0.1968, 0.6561 ],
							"rotationX": 6.0,
							"rotationZ": -7.0,
							"faces": {
								"north": { "texture": "#lavender", "uv": [ 0.0, 12.5, 0.5, 16.0 ], "autoUv": false, "windMode": [7,7,7,7] },
								"east": { "texture": "#lavender", "uv": [ 0.0, 12.5, 0.5, 16.0 ], "autoUv": false, "windMode": [7,7,7,7] },
								"south": { "texture": "#lavender", "uv": [ 0.0, 12.5, 0.5, 16.0 ], "autoUv": false, "windMode": [7,7,7,7] },
								"west": { "texture": "#lavender", "uv": [ 0.0, 12.5, 0.5, 16.0 ], "autoUv": false, "windMode": [7,7,7,7] },
								"up": { "texture": "#lavender", "uv": [ 0.0, 15.0, 0.5, 15.5 ], "autoUv": false, "windMode": [7,7,7,7] }
							}
						},
						{
							"name": "ste29",
							"from": [ 1.3632, -0.1166, 0.1677 ],
							"to": [ 1.4726, 1.3934, 0.277 ],
							"rotationOrigin": [ 1.4143, -0.1166, 0.2187 ],
							"rotationX": 4.0,
							"rotationZ": -3.0,
							"faces": {
								"north": { "texture": "#lavender", "uv": [ 0.0, 12.5, 0.5, 16.0 ], "autoUv": false, "windMode": [7,7,7,7] },
								"east": { "texture": "#lavender", "uv": [ 0.0, 12.5, 0.5, 16.0 ], "autoUv": false, "windMode": [7,7,7,7] },
								"south": { "texture": "#lavender", "uv": [ 0.0, 12.5, 0.5, 16.0 ], "autoUv": false, "windMode": [7,7,7,7] },
								"west": { "texture": "#lavender", "uv": [ 0.0, 12.5, 0.5, 16.0 ], "autoUv": false, "windMode": [7,7,7,7] },
								"up": { "texture": "#lavender", "uv": [ 0.0, 15.0, 0.5, 15.5 ], "autoUv": false, "windMode": [7,7,7,7] }
							}
						},
						{
							"name": "ste30",
							"from": [ 1.9464, -0.0583, -0.1968 ],
							"to": [ 2.0558, 1.5217, -0.0875 ],
							"rotationOrigin": [ 1.9975, -0.0583, -0.1458 ],
							"rotationX": 20.0,
							"rotationY": 45.0,
							"rotationZ": -18.0,
							"faces": {
								"north": { "texture": "#lavender", "uv": [ 0.0, 12.5, 0.5, 16.0 ], "autoUv": false, "windMode": [7,7,7,7] },
								"east": { "texture": "#lavender", "uv": [ 0.0, 12.5, 0.5, 16.0 ], "autoUv": false, "windMode": [7,7,7,7] },
								"south": { "texture": "#lavender", "uv": [ 0.0, 12.5, 0.5, 16.0 ], "autoUv": false, "windMode": [7,7,7,7] },
								"west": { "texture": "#lavender", "uv": [ 0.0, 12.5, 0.5, 16.0 ], "autoUv": false, "windMode": [7,7,7,7] },
								"up": { "texture": "#lavender", "uv": [ 0.0, 15.0, 0.5, 15.5 ], "autoUv": false, "windMode": [7,7,7,7] }
							}
						},
						{
							"name": "ste31",
							"from": [ 1.8006, -0.2697, -0.9331 ],
							"to": [ 1.91, 1.0903, -0.8238 ],
							"rotationOrigin": [ 1.8517, -0.2697, -0.8748 ],
							"rotationX": -4.0,
							"rotationZ": -12.0,
							"faces": {
								"north": { "texture": "#lavender", "uv": [ 0.0, 12.5, 0.5, 16.0 ], "autoUv": false, "windMode": [7,7,7,7] },
								"east": { "texture": "#lavender", "uv": [ 0.0, 12.5, 0.5, 16.0 ], "autoUv": false, "windMode": [7,7,7,7] },
								"south": { "texture": "#lavender", "uv": [ 0.0, 12.5, 0.5, 16.0 ], "autoUv": false, "windMode": [7,7,7,7] },
								"west": { "texture": "#lavender", "uv": [ 0.0, 12.5, 0.5, 16.0 ], "autoUv": false, "windMode": [7,7,7,7] },
								"up": { "texture": "#lavender", "uv": [ 0.0, 15.0, 0.5, 15.5 ], "autoUv": false, "windMode": [7,7,7,7] }
							}
						},
						{
							"name": "ste32",
							"from": [ 1.0716, -0.0437, -0.9258 ],
							"to": [ 1.181, 1.5363, -0.8165 ],
							"rotationOrigin": [ 1.1227, -0.0437, -0.8748 ],
							"rotationX": -3.0,
							"rotationY": 22.5,
							"rotationZ": -4.0,
							"faces": {
								"north": { "texture": "#lavender", "uv": [ 0.0, 12.5, 0.5, 16.0 ], "autoUv": false, "windMode": [7,7,7,7] },
								"east": { "texture": "#lavender", "uv": [ 0.0, 12.5, 0.5, 16.0 ], "autoUv": false, "windMode": [7,7,7,7] },
								"south": { "texture": "#lavender", "uv": [ 0.0, 12.5, 0.5, 16.0 ], "autoUv": false, "windMode": [7,7,7,7] },
								"west": { "texture": "#lavender", "uv": [ 0.0, 12.5, 0.5, 16.0 ], "autoUv": false, "windMode": [7,7,7,7] },
								"up": { "texture": "#lavender", "uv": [ 0.0, 15.0, 0.5, 15.5 ], "autoUv": false, "windMode": [7,7,7,7] }
							}
						},
						{
							"name": "ste33",
							"from": [ 1.7277, -0.2697, -1.6548 ],
							"to": [ 1.8371, 1.0903, -1.5455 ],
							"rotationOrigin": [ 1.7788, -0.2697, -1.6038 ],
							"rotationX": 3.0,
							"rotationY": 45.0,
							"rotationZ": -13.0,
							"faces": {
								"north": { "texture": "#lavender", "uv": [ 0.0, 12.5, 0.5, 16.0 ], "autoUv": false, "windMode": [7,7,7,7] },
								"east": { "texture": "#lavender", "uv": [ 0.0, 12.5, 0.5, 16.0 ], "autoUv": false, "windMode": [7,7,7,7] },
								"south": { "texture": "#lavender", "uv": [ 0.0, 12.5, 0.5, 16.0 ], "autoUv": false, "windMode": [7,7,7,7] },
								"west": { "texture": "#lavender", "uv": [ 0.0, 12.5, 0.5, 16.0 ], "autoUv": false, "windMode": [7,7,7,7] },
								"up": { "texture": "#lavender", "uv": [ 0.0, 15.0, 0.5, 15.5 ], "autoUv": false, "windMode": [7,7,7,7] }
							}
						},
						{
							"name": "ste34",
							"from": [ 1.0716, -0.0146, -2.0193 ],
							"to": [ 1.181, 1.6054, -1.91 ],
							"rotationOrigin": [ 1.1227, -0.0146, -1.9683 ],
							"rotationX": -10.0,
							"rotationZ": -4.0,
							"faces": {
								"north": { "texture": "#lavender", "uv": [ 0.0, 12.0, 0.5, 16.0 ], "autoUv": false, "windMode": [7,7,7,7] },
								"east": { "texture": "#lavender", "uv": [ 0.0, 12.0, 0.5, 16.0 ], "autoUv": false, "windMode": [7,7,7,7] },
								"south": { "texture": "#lavender", "uv": [ 0.0, 12.0, 0.5, 16.0 ], "autoUv": false, "windMode": [7,7,7,7] },
								"west": { "texture": "#lavender", "uv": [ 0.0, 12.0, 0.5, 16.0 ], "autoUv": false, "windMode": [7,7,7,7] },
								"up": { "texture": "#lavender", "uv": [ 0.0, 15.0, 0.5, 15.5 ], "autoUv": false, "windMode": [7,7,7,7] }
							}
						},
						{
							"name": "ste35",
							"from": [ 0.1239, -0.3353, -2.4567 ],
							"to": [ 0.2333, 0.9147, -2.3474 ],
							"rotationOrigin": [ 0.175, -0.3353, -2.4057 ],
							"rotationX": -8.0,
							"rotationY": 45.0,
							"faces": {
								"north": { "texture": "#lavender", "uv": [ 0.0, 12.5, 0.5, 16.0 ], "autoUv": false, "windMode": [7,7,7,7] },
								"east": { "texture": "#lavender", "uv": [ 0.0, 12.5, 0.5, 16.0 ], "autoUv": false, "windMode": [7,7,7,7] },
								"south": { "texture": "#lavender", "uv": [ 0.0, 12.5, 0.5, 16.0 ], "autoUv": false, "windMode": [7,7,7,7] },
								"west": { "texture": "#lavender", "uv": [ 0.0, 12.5, 0.5, 16.0 ], "autoUv": false, "windMode": [7,7,7,7] },
								"up": { "texture": "#lavender", "uv": [ 0.0, 15.0, 0.5, 15.5 ], "autoUv": false, "windMode": [7,7,7,7] }
							}
						},
						{
							"name": "ste36",
							"from": [ 0.3426, -0.1895, -1.3632 ],
							"to": [ 0.452, 1.2405, -1.2539 ],
							"rotationOrigin": [ 0.3937, -0.1895, -1.3122 ],
							"rotationX": -3.0,
							"rotationY": 22.5,
							"rotationZ": -1.0,
							"faces": {
								"north": { "texture": "#lavender", "uv": [ 0.0, 12.5, 0.5, 16.0 ], "autoUv": false, "windMode": [7,7,7,7] },
								"east": { "texture": "#lavender", "uv": [ 0.0, 12.5, 0.5, 16.0 ], "autoUv": false, "windMode": [7,7,7,7] },
								"south": { "texture": "#lavender", "uv": [ 0.0, 12.5, 0.5, 16.0 ], "autoUv": false, "windMode": [7,7,7,7] },
								"west": { "texture": "#lavender", "uv": [ 0.0, 12.5, 0.5, 16.0 ], "autoUv": false, "windMode": [7,7,7,7] },
								"up": { "texture": "#lavender", "uv": [ 0.0, 15.0, 0.5, 15.5 ], "autoUv": false, "windMode": [7,7,7,7] }
							}
						},
						{
							"name": "ste37",
							"from": [ 0.2697, 0.0, -0.1239 ],
							"to": [ 0.3791, 1.62, -0.0146 ],
							"rotationOrigin": [ 0.3208, 0.0, -0.0729 ],
							"faces": {
								"north": { "texture": "#lavender", "uv": [ 0.0, 12.0, 0.5, 16.0 ], "autoUv": false, "windMode": [7,7,7,7] },
								"east": { "texture": "#lavender", "uv": [ 0.0, 12.0, 0.5, 16.0 ], "autoUv": false, "windMode": [7,7,7,7] },
								"south": { "texture": "#lavender", "uv": [ 0.0, 12.0, 0.5, 16.0 ], "autoUv": false, "windMode": [7,7,7,7] },
								"west": { "texture": "#lavender", "uv": [ 0.0, 12.0, 0.5, 16.0 ], "autoUv": false, "windMode": [7,7,7,7] },
								"up": { "texture": "#lavender", "uv": [ 0.0, 15.0, 0.5, 15.5 ], "autoUv": false, "windMode": [7,7,7,7] }
							}
						},
						{
							"name": "ste38",
							"from": [ 0.5613, -0.1895, 0.8238 ],
							"to": [ 0.6707, 1.2405, 0.9331 ],
							"rotationOrigin": [ 0.6124, -0.1895, 0.8748 ],
							"rotationX": 2.0,
							"rotationY": 22.5,
							"rotationZ": -3.0,
							"faces": {
								"north": { "texture": "#lavender", "uv": [ 0.0, 12.5, 0.5, 16.0 ], "autoUv": false, "windMode": [7,7,7,7] },
								"east": { "texture": "#lavender", "uv": [ 0.0, 12.5, 0.5, 16.0 ], "autoUv": false, "windMode": [7,7,7,7] },
								"south": { "texture": "#lavender", "uv": [ 0.0, 12.5, 0.5, 16.0 ], "autoUv": false, "windMode": [7,7,7,7] },
								"west": { "texture": "#lavender", "uv": [ 0.0, 12.5, 0.5, 16.0 ], "autoUv": false, "windMode": [7,7,7,7] },
								"up": { "texture": "#lavender", "uv": [ 0.0, 15.0, 0.5, 15.5 ], "autoUv": false, "windMode": [7,7,7,7] }
							}
						},
						{
							"name": "ste39",
							"from": [ 0.3426, -0.3353, 1.1883 ],
							"to": [ 0.452, 0.9647, 1.2976 ],
							"rotationOrigin": [ 0.3937, -0.3353, 1.2393 ],
							"rotationX": 4.0,
							"rotationZ": -3.0,
							"faces": {
								"north": { "texture": "#lavender", "uv": [ 0.0, 12.5, 0.5, 16.0 ], "autoUv": false, "windMode": [7,7,7,7] },
								"east": { "texture": "#lavender", "uv": [ 0.0, 12.5, 0.5, 16.0 ], "autoUv": false, "windMode": [7,7,7,7] },
								"south": { "texture": "#lavender", "uv": [ 0.0, 12.5, 0.5, 16.0 ], "autoUv": false, "windMode": [7,7,7,7] },
								"west": { "texture": "#lavender", "uv": [ 0.0, 12.5, 0.5, 16.0 ], "autoUv": false, "windMode": [7,7,7,7] },
								"up": { "texture": "#lavender", "uv": [ 0.0, 15.0, 0.5, 15.5 ], "autoUv": false, "windMode": [7,7,7,7] }
							}
						},
						{
							"name": "ste40",
							"from": [ -0.1677, -0.0073, 1.6257 ],
							"to": [ -0.0583, 1.6127, 1.735 ],
							"rotationOrigin": [ -0.1166, -0.0073, 1.6767 ],
							"rotationX": 7.0,
							"rotationY": 45.0,
							"faces": {
								"north": { "texture": "#lavender", "uv": [ 0.0, 12.0, 0.5, 16.0 ], "autoUv": false, "windMode": [7,7,7,7] },
								"east": { "texture": "#lavender", "uv": [ 0.0, 12.0, 0.5, 16.0 ], "autoUv": false, "windMode": [7,7,7,7] },
								"south": { "texture": "#lavender", "uv": [ 0.0, 12.0, 0.5, 16.0 ], "autoUv": false, "windMode": [7,7,7,7] },
								"west": { "texture": "#lavender", "uv": [ 0.0, 12.0, 0.5, 16.0 ], "autoUv": false, "windMode": [7,7,7,7] },
								"up": { "texture": "#lavender", "uv": [ 0.0, 15.0, 0.5, 15.5 ], "autoUv": false, "windMode": [7,7,7,7] }
							}
						},
						{
							"name": "ste41",
							"from": [ -0.7436, -0.1822, 1.7642 ],
							"to": [ -0.6342, 1.2478, 1.8735 ],
							"rotationOrigin": [ -0.6998, -0.1822, 1.8225 ],
							"rotationX": 10.0,
							"faces": {
								"north": { "texture": "#lavender", "uv": [ 0.0, 12.5, 0.5, 16.0 ], "autoUv": false, "windMode": [7,7,7,7] },
								"east": { "texture": "#lavender", "uv": [ 0.0, 12.5, 0.5, 16.0 ], "autoUv": false, "windMode": [7,7,7,7] },
								"south": { "texture": "#lavender", "uv": [ 0.0, 12.5, 0.5, 16.0 ], "autoUv": false, "windMode": [7,7,7,7] },
								"west": { "texture": "#lavender", "uv": [ 0.0, 12.5, 0.5, 16.0 ], "autoUv": false, "windMode": [7,7,7,7] },
								"up": { "texture": "#lavender", "uv": [ 0.0, 15.0, 0.5, 15.5 ], "autoUv": false, "windMode": [7,7,7,7] }
							}
						},
						{
							"name": "ste42",
							"from": [ -1.1081, -0.2187, 1.1883 ],
							"to": [ -0.9987, 1.1813, 1.2976 ],
							"rotationOrigin": [ -1.0643, -0.2187, 1.2393 ],
							"rotationY": 45.0,
							"rotationZ": 20.0,
							"faces": {
								"north": { "texture": "#lavender", "uv": [ 0.0, 12.5, 0.5, 16.0 ], "autoUv": false, "windMode": [7,7,7,7] },
								"east": { "texture": "#lavender", "uv": [ 0.0, 12.5, 0.5, 16.0 ], "autoUv": false, "windMode": [7,7,7,7] },
								"south": { "texture": "#lavender", "uv": [ 0.0, 12.5, 0.5, 16.0 ], "autoUv": false, "windMode": [7,7,7,7] },
								"west": { "texture": "#lavender", "uv": [ 0.0, 12.5, 0.5, 16.0 ], "autoUv": false, "windMode": [7,7,7,7] },
								"up": { "texture": "#lavender", "uv": [ 0.0, 15.0, 0.5, 15.5 ], "autoUv": false, "windMode": [7,7,7,7] }
							}
						},
						{
							"name": "ste43",
							"from": [ -1.8371, -0.0146, 0.8894 ],
							"to": [ -1.7277, 1.6054, 0.9987 ],
							"rotationOrigin": [ -1.7933, 0.0, 0.9477 ],
							"rotationZ": 15.0,
							"faces": {
								"north": { "texture": "#lavender", "uv": [ 0.0, 12.0, 0.5, 16.0 ], "autoUv": false, "windMode": [7,7,7,7] },
								"east": { "texture": "#lavender", "uv": [ 0.0, 12.0, 0.5, 16.0 ], "autoUv": false, "windMode": [7,7,7,7] },
								"south": { "texture": "#lavender", "uv": [ 0.0, 12.0, 0.5, 16.0 ], "autoUv": false, "windMode": [7,7,7,7] },
								"west": { "texture": "#lavender", "uv": [ 0.0, 12.0, 0.5, 16.0 ], "autoUv": false, "windMode": [7,7,7,7] },
								"up": { "texture": "#lavender", "uv": [ 0.0, 15.0, 0.5, 15.5 ], "autoUv": false, "windMode": [7,7,7,7] }
							}
						},
						{
							"name": "ste44",
							"from": [ -0.452, -0.2624, 0.4593 ],
							"to": [ -0.3426, 1.0976, 0.5686 ],
							"rotationOrigin": [ -0.4082, -0.2624, 0.5103 ],
							"rotationX": 3.0,
							"rotationZ": 4.0,
							"faces": {
								"north": { "texture": "#lavender", "uv": [ 0.0, 12.5, 0.5, 16.0 ], "autoUv": false, "windMode": [7,7,7,7] },
								"east": { "texture": "#lavender", "uv": [ 0.0, 12.5, 0.5, 16.0 ], "autoUv": false, "windMode": [7,7,7,7] },
								"south": { "texture": "#lavender", "uv": [ 0.0, 12.5, 0.5, 16.0 ], "autoUv": false, "windMode": [7,7,7,7] },
								"west": { "texture": "#lavender", "uv": [ 0.0, 12.5, 0.5, 16.0 ], "autoUv": false, "windMode": [7,7,7,7] },
								"up": { "texture": "#lavender", "uv": [ 0.0, 15.0, 0.5, 15.5 ], "autoUv": false, "windMode": [7,7,7,7] }
							}
						},
						{
							"name": "ste45",
							"from": [ -1.1081, 0.0, -0.2041 ],
							"to": [ -0.9987, 1.62, -0.0948 ],
							"rotationOrigin": [ -1.0643, 0.0, -0.1458 ],
							"rotationX": -2.0,
							"rotationY": 22.5,
							"rotationZ": 5.0,
							"faces": {
								"north": { "texture": "#lavender", "uv": [ 0.0, 12.0, 0.5, 16.0 ], "autoUv": false, "windMode": [7,7,7,7] },
								"east": { "texture": "#lavender", "uv": [ 0.0, 12.0, 0.5, 16.0 ], "autoUv": false, "windMode": [7,7,7,7] },
								"south": { "texture": "#lavender", "uv": [ 0.0, 12.0, 0.5, 16.0 ], "autoUv": false, "windMode": [7,7,7,7] },
								"west": { "texture": "#lavender", "uv": [ 0.0, 12.0, 0.5, 16.0 ], "autoUv": false, "windMode": [7,7,7,7] },
								"up": { "texture": "#lavender", "uv": [ 0.0, 15.0, 0.5, 15.5 ], "autoUv": false, "windMode": [7,7,7,7] }
							}
						},
						{
							"name": "ste46",
							"from": [ -2.2089, -0.1239, 0.0219 ],
							"to": [ -2.0995, 1.3861, 0.1312 ],
							"rotationOrigin": [ -2.1578, -0.1239, 0.0729 ],
							"rotationX": -11.0,
							"rotationY": 45.0,
							"rotationZ": 6.0,
							"faces": {
								"north": { "texture": "#lavender", "uv": [ 0.0, 12.5, 0.5, 16.0 ], "autoUv": false, "windMode": [7,7,7,7] },
								"east": { "texture": "#lavender", "uv": [ 0.0, 12.5, 0.5, 16.0 ], "autoUv": false, "windMode": [7,7,7,7] },
								"south": { "texture": "#lavender", "uv": [ 0.0, 12.5, 0.5, 16.0 ], "autoUv": false, "windMode": [7,7,7,7] },
								"west": { "texture": "#lavender", "uv": [ 0.0, 12.5, 0.5, 16.0 ], "autoUv": false, "windMode": [7,7,7,7] },
								"up": { "texture": "#lavender", "uv": [ 0.0, 15.0, 0.5, 15.5 ], "autoUv": false, "windMode": [7,7,7,7] }
							}
						},
						{
							"name": "ste47",
							"from": [ -1.8006, -0.1822, -0.5978 ],
							"to": [ -1.6913, 1.2478, -0.4884 ],
							"rotationOrigin": [ -1.7204, 0.0, -0.5103 ],
							"rotationX": -10.0,
							"rotationZ": 10.0,
							"faces": {
								"north": { "texture": "#lavender", "uv": [ 0.0, 12.5, 0.5, 16.0 ], "autoUv": false, "windMode": [7,7,7,7] },
								"east": { "texture": "#lavender", "uv": [ 0.0, 12.5, 0.5, 16.0 ], "autoUv": false, "windMode": [7,7,7,7] },
								"south": { "texture": "#lavender", "uv": [ 0.0, 12.5, 0.5, 16.0 ], "autoUv": false, "windMode": [7,7,7,7] },
								"west": { "texture": "#lavender", "uv": [ 0.0, 12.5, 0.5, 16.0 ], "autoUv": false, "windMode": [7,7,7,7] },
								"up": { "texture": "#lavender", "uv": [ 0.0, 15.0, 0.5, 15.5 ], "autoUv": false, "windMode": [7,7,7,7] }
							}
						},
						{
							"name": "ste48",
							"from": [ -0.6707, -0.2624, -0.6415 ],
							"to": [ -0.5613, 1.0976, -0.5322 ],
							"rotationOrigin": [ -0.6269, -0.2624, -0.5832 ],
							"rotationX": -3.0,
							"rotationY": 22.5,
							"rotationZ": 3.0,
							"faces": {
								"north": { "texture": "#lavender", "uv": [ 0.0, 12.5, 0.5, 16.0 ], "autoUv": false, "windMode": [7,7,7,7] },
								"east": { "texture": "#lavender", "uv": [ 0.0, 12.5, 0.5, 16.0 ], "autoUv": false, "windMode": [7,7,7,7] },
								"south": { "texture": "#lavender", "uv": [ 0.0, 12.5, 0.5, 16.0 ], "autoUv": false, "windMode": [7,7,7,7] },
								"west": { "texture": "#lavender", "uv": [ 0.0, 12.5, 0.5, 16.0 ], "autoUv": false, "windMode": [7,7,7,7] },
								"up": { "texture": "#lavender", "uv": [ 0.0, 15.0, 0.5, 15.5 ], "autoUv": false, "windMode": [7,7,7,7] }
							}
						},
						{
							"name": "ste49",
							"from": [ -0.5978, -0.0146, -1.4361 ],
							"to": [ -0.4884, 1.6054, -1.3268 ],
							"rotationOrigin": [ -0.554, -0.0146, -1.3851 ],
							"rotationX": -10.0,
							"rotationZ": 5.0,
							"faces": {
								"north": { "texture": "#lavender", "uv": [ 0.0, 12.0, 0.5, 16.0 ], "autoUv": false, "windMode": [7,7,7,7] },
								"east": { "texture": "#lavender", "uv": [ 0.0, 12.0, 0.5, 16.0 ], "autoUv": false, "windMode": [7,7,7,7] },
								"south": { "texture": "#lavender", "uv": [ 0.0, 12.0, 0.5, 16.0 ], "autoUv": false, "windMode": [7,7,7,7] },
								"west": { "texture": "#lavender", "uv": [ 0.0, 12.0, 0.5, 16.0 ], "autoUv": false, "windMode": [7,7,7,7] },
								"up": { "texture": "#lavender", "uv": [ 0.0, 15.0, 0.5, 15.5 ], "autoUv": false, "windMode": [7,7,7,7] }
							}
						},
						{
							"name": "ste50",
							"from": [ -1.5528, -0.3426, -1.3632 ],
							"to": [ -1.4434, 0.9574, -1.2539 ],
							"rotationOrigin": [ -1.5017, -0.3426, -1.3122 ],
							"rotationX": -13.0,
							"rotationY": 45.0,
							"faces": {
								"north": { "texture": "#lavender", "uv": [ 0.0, 12.5, 0.5, 16.0 ], "autoUv": false, "windMode": [7,7,7,7] },
								"east": { "texture": "#lavender", "uv": [ 0.0, 12.5, 0.5, 16.0 ], "autoUv": false, "windMode": [7,7,7,7] },
								"south": { "texture": "#lavender", "uv": [ 0.0, 12.5, 0.5, 16.0 ], "autoUv": false, "windMode": [7,7,7,7] },
								"west": { "texture": "#lavender", "uv": [ 0.0, 12.5, 0.5, 16.0 ], "autoUv": false, "windMode": [7,7,7,7] },
								"up": { "texture": "#lavender", "uv": [ 0.0, 15.0, 0.5, 15.5 ], "autoUv": false, "windMode": [7,7,7,7] }
							}
						}
					]
				}
			]
		}
	]}