{
	"editor": {
		"collapsedPaths": "Root/origin/stemgroup2,Root/stemgroup2,Root/origin2,Root/leafgroup/leaf,Root/leafgroup/leaf5,Root/leafgroup/leaf7,Root/leafgroup/leaf3,Root/origin/leaf,Root/leafgroup/leaf9,Root/origin0/leafgroup,Root/origin/leaf11,Root/origin/leaf15,Root/origin/leaf13,Root/leafgroup2,Root/origin0/leafgroup2,Root/origin/leaf29,Root/origin/leaf33,Root/origin/leaf31,Root/origin/leaf37,Root/origin/leaf35,Root/origin/leaf19,Root/origin/leaf17,Root/origin/leaf23,Root/origin/leaf21,Root/stemgroup,Root/origin/leaf27,Root/origin/leaf25,Root/origin/leaf7,Root/origin/leaf9,Root/origin/leaf3,Root/origin/leaf5,Root/origin/leaf39,Root/origin/leaf45,Root/origin/leaf43,Root/origin/leaf49,Root/origin/leaf47,Root/origin/leaf41,Root/leafgroup/leaf49,Root/leafgroup/leaf47,Root/origin0/stemgroup2,Root/origin/leafgroup2,Root/leafgroup/leaf45,Root/leafgroup/leaf43,Root/leafgroup/leaf41,Root/leafgroup/leaf29,Root/leafgroup/leaf39,Root/leafgroup/leaf37,Root/leafgroup/leaf35,Root/leafgroup/leaf33,Root/leafgroup/leaf31,Root/leafgroup/leaf19,Root/leafgroup/leaf27,Root/origin0/stemgroup,Root/leafgroup/leaf25,Root/leafgroup/leaf23,Root/leafgroup/leaf21,Root/leafgroup/leaf17,Root/leafgroup/leaf15,Root/leafgroup/leaf13,Root/leafgroup/leaf11,Root/leafgroup",
		"allAngles": false,
		"entityTextureMode": false
	},
	"textureWidth": 16,
	"textureHeight": 16,
	"textureSizes": {
		"lavender": [16,16]
	},
	"textures": {
	},
	"elements": [
		{
			"name": "origin",
			"from": [ 8.0, 0.0, 8.0 ],
			"to": [ 8.0, 0.0, 8.0 ],
			"rotationOrigin": [ 8.0, 0.0, 8.0 ],
			"faces": {
			},
			"children": [
				{
					"name": "leafgroup",
					"from": [ 0.0, 0.0, 0.0 ],
					"to": [ 0.0, 0.0, 0.0 ],
					"faces": {
					},
					"children": [
						{
							"name": "leaf",
							"from": [ -0.5249, 0.0, -0.0656 ],
							"to": [ 1.1154, 2.2963, -0.0656 ],
							"rotationOrigin": [ 0.2952, 0.0, -0.0656 ],
							"faces": {
								"north": { "texture": "#lavender", "uv": [ 4.5, 12.5, 7.0, 16.0 ], "autoUv": false, "windMode": [0,7,7,0] }
							},
							"children": [
								{
									"name": "leaf2",
									"from": [ 0.0, 0.0, 3.0E-4 ],
									"to": [ 1.6402, 2.2963, 3.0E-4 ],
									"rotationOrigin": [ 0.8201, 0.0, 0.0 ],
									"rotationY": 89.9802,
									"faces": {
										"north": { "texture": "#lavender", "uv": [ 7.5, 12.5, 10.0, 16.0 ], "autoUv": false, "windMode": [0,7,7,0] }
									}
								}
							]
						},
						{
							"name": "leaf3",
							"from": [ 0.4593, 0.0, 1.4434 ],
							"to": [ 2.0995, 2.2963, 1.4434 ],
							"rotationOrigin": [ 1.2793, 0.0, 1.4434 ],
							"rotationY": 45.0,
							"faces": {
								"north": { "texture": "#lavender", "uv": [ 4.5, 12.5, 7.0, 16.0 ], "autoUv": false, "windMode": [0,7,7,0] }
							},
							"children": [
								{
									"name": "leaf4",
									"from": [ 0.0, 0.0, 3.0E-4 ],
									"to": [ 1.6402, 2.2963, 3.0E-4 ],
									"rotationOrigin": [ 0.8201, 0.0, 0.0 ],
									"rotationY": 89.9802,
									"faces": {
										"north": { "texture": "#lavender", "uv": [ 7.5, 12.5, 10.0, 16.0 ], "autoUv": false, "windMode": [0,7,7,0] }
									}
								}
							]
						},
						{
							"name": "leaf5",
							"from": [ 0.7873, 0.0, -1.4434 ],
							"to": [ 2.4276, 2.2963, -1.4434 ],
							"rotationOrigin": [ 1.6074, 0.0, -1.4434 ],
							"rotationY": 45.0,
							"faces": {
								"north": { "texture": "#lavender", "uv": [ 4.5, 12.5, 7.0, 16.0 ], "autoUv": false, "windMode": [0,7,7,0] }
							},
							"children": [
								{
									"name": "leaf6",
									"from": [ 0.0, 0.0, 3.0E-4 ],
									"to": [ 1.6402, 2.2963, 3.0E-4 ],
									"rotationOrigin": [ 0.8201, 0.0, 0.0 ],
									"rotationY": 89.9802,
									"faces": {
										"north": { "texture": "#lavender", "uv": [ 7.5, 12.5, 10.0, 16.0 ], "autoUv": false, "windMode": [0,7,7,0] }
									}
								}
							]
						},
						{
							"name": "leaf7",
							"from": [ 0.4593, 0.0, 0.1968 ],
							"to": [ 2.0995, 2.2963, 0.1968 ],
							"rotationOrigin": [ 1.2793, 0.0, 0.1968 ],
							"faces": {
								"north": { "texture": "#lavender", "uv": [ 4.5, 12.5, 7.0, 16.0 ], "autoUv": false, "windMode": [0,7,7,0] }
							},
							"children": [
								{
									"name": "leaf8",
									"from": [ 0.0, 0.0, 3.0E-4 ],
									"to": [ 1.6402, 2.2963, 3.0E-4 ],
									"rotationOrigin": [ 0.8201, 0.0, 0.0 ],
									"rotationY": 89.9802,
									"faces": {
										"north": { "texture": "#lavender", "uv": [ 7.5, 12.5, 10.0, 16.0 ], "autoUv": false, "windMode": [0,7,7,0] }
									}
								}
							]
						},
						{
							"name": "leaf9",
							"from": [ -0.4593, 0.0, -1.181 ],
							"to": [ 1.181, 2.2963, -1.181 ],
							"rotationOrigin": [ 0.3608, 0.0, -1.181 ],
							"rotationY": 22.5,
							"faces": {
								"north": { "texture": "#lavender", "uv": [ 4.5, 12.5, 7.0, 16.0 ], "autoUv": false, "windMode": [0,7,7,0] }
							},
							"children": [
								{
									"name": "leaf10",
									"from": [ 0.0, 0.0, 3.0E-4 ],
									"to": [ 1.6402, 2.2963, 3.0E-4 ],
									"rotationOrigin": [ 0.8201, 0.0, 0.0 ],
									"rotationY": 89.9802,
									"faces": {
										"north": { "texture": "#lavender", "uv": [ 7.5, 12.5, 10.0, 16.0 ], "autoUv": false, "windMode": [0,7,7,0] }
									}
								}
							]
						},
						{
							"name": "leaf11",
							"from": [ -2.1651, 0.0, -1.181 ],
							"to": [ -0.5249, 2.2963, -1.181 ],
							"rotationOrigin": [ -1.345, 0.0, -1.181 ],
							"rotationY": 45.0,
							"faces": {
								"north": { "texture": "#lavender", "uv": [ 4.5, 12.5, 7.0, 16.0 ], "autoUv": false, "windMode": [0,7,7,0] }
							},
							"children": [
								{
									"name": "leaf12",
									"from": [ 0.0, 0.0, 3.0E-4 ],
									"to": [ 1.6402, 2.2963, 3.0E-4 ],
									"rotationOrigin": [ 0.8201, 0.0, 0.0 ],
									"rotationY": 89.9802,
									"faces": {
										"north": { "texture": "#lavender", "uv": [ 7.5, 12.5, 10.0, 16.0 ], "autoUv": false, "windMode": [0,7,7,0] }
									}
								}
							]
						},
						{
							"name": "leaf13",
							"from": [ -1.181, 0.0, 0.4593 ],
							"to": [ 0.4593, 2.2963, 0.4593 ],
							"rotationOrigin": [ -0.3608, 0.0, 0.4593 ],
							"faces": {
								"north": { "texture": "#lavender", "uv": [ 4.5, 12.5, 7.0, 16.0 ], "autoUv": false, "windMode": [0,7,7,0] }
							},
							"children": [
								{
									"name": "leaf14",
									"from": [ 0.0, 0.0, 3.0E-4 ],
									"to": [ 1.6402, 2.2963, 3.0E-4 ],
									"rotationOrigin": [ 0.8201, 0.0, 0.0 ],
									"rotationY": 90.0,
									"faces": {
										"north": { "texture": "#lavender", "uv": [ 7.5, 12.5, 10.0, 16.0 ], "autoUv": false, "windMode": [0,7,7,0] }
									}
								}
							]
						},
						{
							"name": "leaf15",
							"from": [ -0.4593, 0.0, 1.1154 ],
							"to": [ 1.181, 2.2963, 1.1154 ],
							"rotationOrigin": [ 0.3608, 0.0, 1.1154 ],
							"faces": {
								"north": { "texture": "#lavender", "uv": [ 4.5, 12.5, 7.0, 16.0 ], "autoUv": false, "windMode": [0,7,7,0] }
							},
							"children": [
								{
									"name": "leaf16",
									"from": [ 0.0, 0.0, 3.0E-4 ],
									"to": [ 1.6402, 2.2963, 3.0E-4 ],
									"rotationOrigin": [ 0.8201, 0.0, 0.0 ],
									"rotationY": 89.9802,
									"faces": {
										"north": { "texture": "#lavender", "uv": [ 7.5, 12.5, 10.0, 16.0 ], "autoUv": false, "windMode": [0,7,7,0] }
									}
								}
							]
						},
						{
							"name": "leaf17",
							"from": [ -1.7715, 0.0, 1.1154 ],
							"to": [ -0.1312, 2.2963, 1.1154 ],
							"rotationOrigin": [ -0.9513, 0.0, 1.1154 ],
							"rotationY": 45.0,
							"faces": {
								"north": { "texture": "#lavender", "uv": [ 4.5, 12.5, 7.0, 16.0 ], "autoUv": false, "windMode": [0,7,7,0] }
							},
							"children": [
								{
									"name": "leaf18",
									"from": [ 0.0, 0.0, 3.0E-4 ],
									"to": [ 1.6402, 2.2963, 3.0E-4 ],
									"rotationOrigin": [ 0.8201, 0.0, 0.0 ],
									"rotationY": 90.0,
									"faces": {
										"north": { "texture": "#lavender", "uv": [ 7.5, 12.5, 10.0, 16.0 ], "autoUv": false, "windMode": [0,7,7,0] }
									}
								}
							]
						},
						{
							"name": "leaf19",
							"from": [ -1.7715, 0.0, -0.1312 ],
							"to": [ -0.1312, 2.2963, -0.1312 ],
							"rotationOrigin": [ -0.9513, 0.0, -0.1312 ],
							"rotationY": 22.5,
							"faces": {
								"north": { "texture": "#lavender", "uv": [ 4.5, 12.5, 7.0, 16.0 ], "autoUv": false, "windMode": [0,7,7,0] }
							},
							"children": [
								{
									"name": "leaf20",
									"from": [ 0.0, 0.0, 3.0E-4 ],
									"to": [ 1.6402, 2.2963, 3.0E-4 ],
									"rotationOrigin": [ 0.8201, 0.0, 0.0 ],
									"rotationY": 89.9802,
									"faces": {
										"north": { "texture": "#lavender", "uv": [ 7.5, 12.5, 10.0, 16.0 ], "autoUv": false, "windMode": [0,7,7,0] }
									}
								}
							]
						},
						{
							"name": "leaf21",
							"from": [ -1.3778, 0.0, -0.5249 ],
							"to": [ 0.2624, 2.2963, -0.5249 ],
							"rotationOrigin": [ -0.5576, 0.0, -0.5249 ],
							"rotationY": 22.5,
							"faces": {
								"north": { "texture": "#lavender", "uv": [ 4.5, 12.5, 7.0, 16.0 ], "autoUv": false, "windMode": [0,7,7,0] }
							},
							"children": [
								{
									"name": "leaf22",
									"from": [ 0.0, 0.0, 3.0E-4 ],
									"to": [ 1.6402, 2.2963, 3.0E-4 ],
									"rotationOrigin": [ 0.8201, 0.0, 0.0 ],
									"rotationY": 89.9802,
									"faces": {
										"north": { "texture": "#lavender", "uv": [ 7.5, 12.5, 10.0, 16.0 ], "autoUv": false, "windMode": [0,7,7,0] }
									}
								}
							]
						},
						{
							"name": "leaf23",
							"from": [ 0.1968, 0.0, -0.7873 ],
							"to": [ 1.8371, 2.2963, -0.7873 ],
							"rotationOrigin": [ 1.0169, 0.0, -0.7873 ],
							"rotationY": 22.5,
							"faces": {
								"north": { "texture": "#lavender", "uv": [ 4.5, 12.5, 7.0, 16.0 ], "autoUv": false, "windMode": [0,7,7,0] }
							},
							"children": [
								{
									"name": "leaf24",
									"from": [ 0.0, 0.0, 3.0E-4 ],
									"to": [ 1.6402, 2.2963, 3.0E-4 ],
									"rotationOrigin": [ 0.8201, 0.0, 0.0 ],
									"rotationY": 89.9802,
									"faces": {
										"north": { "texture": "#lavender", "uv": [ 7.5, 12.5, 10.0, 16.0 ], "autoUv": false, "windMode": [0,7,7,0] }
									}
								}
							]
						},
						{
							"name": "leaf25",
							"from": [ -0.2624, 0.0, 0.7873 ],
							"to": [ 1.3778, 2.2963, 0.7873 ],
							"rotationOrigin": [ 0.5576, 0.0, 0.7873 ],
							"rotationY": 22.5,
							"faces": {
								"north": { "texture": "#lavender", "uv": [ 4.5, 12.5, 7.0, 16.0 ], "autoUv": false, "windMode": [0,7,7,0] }
							},
							"children": [
								{
									"name": "leaf26",
									"from": [ 0.0, 0.0, 3.0E-4 ],
									"to": [ 1.6402, 2.2963, 3.0E-4 ],
									"rotationOrigin": [ 0.8201, 0.0, 0.0 ],
									"rotationY": 89.9802,
									"faces": {
										"north": { "texture": "#lavender", "uv": [ 7.5, 12.5, 10.0, 16.0 ], "autoUv": false, "windMode": [0,7,7,0] }
									}
								}
							]
						},
						{
							"name": "leaf27",
							"from": [ 1.0498, 0.0, 0.5905 ],
							"to": [ 2.69, 2.2963, 0.5905 ],
							"rotationOrigin": [ 1.8698, 0.0, 0.5905 ],
							"faces": {
								"north": { "texture": "#lavender", "uv": [ 4.5, 12.5, 7.0, 16.0 ], "autoUv": false, "windMode": [0,7,7,0] }
							},
							"children": [
								{
									"name": "leaf28",
									"from": [ 0.0, 0.0, 3.0E-4 ],
									"to": [ 1.6402, 2.2963, 3.0E-4 ],
									"rotationOrigin": [ 0.8201, 0.0, 0.0 ],
									"rotationY": 89.9802,
									"faces": {
										"north": { "texture": "#lavender", "uv": [ 7.5, 12.5, 10.0, 16.0 ], "autoUv": false, "windMode": [0,7,7,0] }
									}
								}
							]
						},
						{
							"name": "leaf29",
							"from": [ 0.9841, 0.0, -0.1312 ],
							"to": [ 2.6244, 2.2963, -0.1312 ],
							"rotationOrigin": [ 1.8042, 0.0, -0.1312 ],
							"rotationY": 45.0,
							"faces": {
								"north": { "texture": "#lavender", "uv": [ 4.5, 12.5, 7.0, 16.0 ], "autoUv": false, "windMode": [0,7,7,0] }
							},
							"children": [
								{
									"name": "leaf30",
									"from": [ 0.0, 0.0, 3.0E-4 ],
									"to": [ 1.6402, 2.2963, 3.0E-4 ],
									"rotationOrigin": [ 0.8201, 0.0, 0.0 ],
									"rotationY": 89.9802,
									"faces": {
										"north": { "texture": "#lavender", "uv": [ 7.5, 12.5, 10.0, 16.0 ], "autoUv": false, "windMode": [0,7,7,0] }
									}
								}
							]
						},
						{
							"name": "leaf31",
							"from": [ 0.8529, 0.0, -0.7873 ],
							"to": [ 2.4932, 2.2963, -0.7873 ],
							"rotationOrigin": [ 1.673, 0.0, -0.7873 ],
							"faces": {
								"north": { "texture": "#lavender", "uv": [ 4.5, 12.5, 7.0, 16.0 ], "autoUv": false, "windMode": [0,7,7,0] }
							},
							"children": [
								{
									"name": "leaf32",
									"from": [ 0.0, 0.0, 3.0E-4 ],
									"to": [ 1.6402, 2.2963, 3.0E-4 ],
									"rotationOrigin": [ 0.8201, 0.0, 0.0 ],
									"rotationY": 89.9802,
									"faces": {
										"north": { "texture": "#lavender", "uv": [ 7.5, 12.5, 10.0, 16.0 ], "autoUv": false, "windMode": [0,7,7,0] }
									}
								}
							]
						},
						{
							"name": "leaf33",
							"from": [ 0.1968, 0.0, -1.7715 ],
							"to": [ 1.8371, 2.2963, -1.7715 ],
							"rotationOrigin": [ 1.0169, 0.0, -1.7715 ],
							"faces": {
								"north": { "texture": "#lavender", "uv": [ 4.5, 12.5, 7.0, 16.0 ], "autoUv": false, "windMode": [0,7,7,0] }
							},
							"children": [
								{
									"name": "leaf34",
									"from": [ 0.0, 0.0, 3.0E-4 ],
									"to": [ 1.6402, 2.2963, 3.0E-4 ],
									"rotationOrigin": [ 0.8201, 0.0, 0.0 ],
									"rotationY": 89.9802,
									"faces": {
										"north": { "texture": "#lavender", "uv": [ 7.5, 12.5, 10.0, 16.0 ], "autoUv": false, "windMode": [0,7,7,0] }
									}
								}
							]
						},
						{
							"name": "leaf35",
							"from": [ -0.6561, 0.0, -2.1651 ],
							"to": [ 0.9841, 2.2963, -2.1651 ],
							"rotationOrigin": [ 0.164, 0.0, -2.1651 ],
							"rotationY": 45.0,
							"faces": {
								"north": { "texture": "#lavender", "uv": [ 4.5, 12.5, 7.0, 16.0 ], "autoUv": false, "windMode": [0,7,7,0] }
							},
							"children": [
								{
									"name": "leaf36",
									"from": [ 0.0, 0.0, 3.0E-4 ],
									"to": [ 1.6402, 2.2963, 3.0E-4 ],
									"rotationOrigin": [ 0.8201, 0.0, 0.0 ],
									"rotationY": 89.9802,
									"faces": {
										"north": { "texture": "#lavender", "uv": [ 7.5, 12.5, 10.0, 16.0 ], "autoUv": false, "windMode": [0,7,7,0] }
									}
								}
							]
						},
						{
							"name": "leaf37",
							"from": [ -1.3122, 0.0, -1.2466 ],
							"to": [ 0.328, 2.2963, -1.2466 ],
							"rotationOrigin": [ -0.492, 0.0, -1.2466 ],
							"faces": {
								"north": { "texture": "#lavender", "uv": [ 4.5, 12.5, 7.0, 16.0 ], "autoUv": false, "windMode": [0,7,7,0] }
							},
							"children": [
								{
									"name": "leaf38",
									"from": [ 0.0, 0.0, 3.0E-4 ],
									"to": [ 1.6402, 2.2963, 3.0E-4 ],
									"rotationOrigin": [ 0.8201, 0.0, 0.0 ],
									"rotationY": 89.9802,
									"faces": {
										"north": { "texture": "#lavender", "uv": [ 7.5, 12.5, 10.0, 16.0 ], "autoUv": false, "windMode": [0,7,7,0] }
									}
								}
							]
						},
						{
							"name": "leaf39",
							"from": [ -2.362, 0.0, -0.4593 ],
							"to": [ -0.7217, 2.2963, -0.4593 ],
							"rotationOrigin": [ -1.5418, 0.0, -0.4593 ],
							"faces": {
								"north": { "texture": "#lavender", "uv": [ 4.5, 12.5, 7.0, 16.0 ], "autoUv": false, "windMode": [0,7,7,0] }
							},
							"children": [
								{
									"name": "leaf40",
									"from": [ 0.0, 0.0, 3.0E-4 ],
									"to": [ 1.6402, 2.2963, 3.0E-4 ],
									"rotationOrigin": [ 0.8201, 0.0, 0.0 ],
									"rotationY": 89.9802,
									"faces": {
										"north": { "texture": "#lavender", "uv": [ 7.5, 12.5, 10.0, 16.0 ], "autoUv": false, "windMode": [0,7,7,0] }
									}
								}
							]
						},
						{
							"name": "leaf41",
							"from": [ -2.7556, 0.0, 0.0656 ],
							"to": [ -1.1154, 2.2963, 0.0656 ],
							"rotationOrigin": [ -1.9354, 0.0, 0.0656 ],
							"rotationY": 45.0,
							"faces": {
								"north": { "texture": "#lavender", "uv": [ 4.5, 12.5, 7.0, 16.0 ], "autoUv": false, "windMode": [0,7,7,0] }
							},
							"children": [
								{
									"name": "leaf42",
									"from": [ 0.0, 0.0, 3.0E-4 ],
									"to": [ 1.6402, 2.2963, 3.0E-4 ],
									"rotationOrigin": [ 0.8201, 0.0, 0.0 ],
									"rotationY": 89.9802,
									"faces": {
										"north": { "texture": "#lavender", "uv": [ 7.5, 12.5, 10.0, 16.0 ], "autoUv": false, "windMode": [0,7,7,0] }
									}
								}
							]
						},
						{
							"name": "leaf43",
							"from": [ -2.4276, 0.0, 0.8529 ],
							"to": [ -0.7873, 2.2963, 0.8529 ],
							"rotationOrigin": [ -1.6074, 0.0, 0.8529 ],
							"faces": {
								"north": { "texture": "#lavender", "uv": [ 4.5, 12.5, 7.0, 16.0 ], "autoUv": false, "windMode": [0,7,7,0] }
							},
							"children": [
								{
									"name": "leaf44",
									"from": [ 0.0, 0.0, 3.0E-4 ],
									"to": [ 1.6402, 2.2963, 3.0E-4 ],
									"rotationOrigin": [ 0.8201, 0.0, 0.0 ],
									"rotationY": 89.9802,
									"faces": {
										"north": { "texture": "#lavender", "uv": [ 7.5, 12.5, 10.0, 16.0 ], "autoUv": false, "windMode": [0,7,7,0] }
									}
								}
							]
						},
						{
							"name": "leaf45",
							"from": [ -1.4434, 0.0, 1.6402 ],
							"to": [ 0.1968, 2.2963, 1.6402 ],
							"rotationOrigin": [ -0.6232, 0.0, 1.6402 ],
							"faces": {
								"north": { "texture": "#lavender", "uv": [ 4.5, 12.5, 7.0, 16.0 ], "autoUv": false, "windMode": [0,7,7,0] }
							},
							"children": [
								{
									"name": "leaf46",
									"from": [ 0.0, 0.0, 3.0E-4 ],
									"to": [ 1.6402, 2.2963, 3.0E-4 ],
									"rotationOrigin": [ 0.8201, 0.0, 0.0 ],
									"rotationY": 89.9802,
									"faces": {
										"north": { "texture": "#lavender", "uv": [ 7.5, 12.5, 10.0, 16.0 ], "autoUv": false, "windMode": [0,7,7,0] }
									}
								}
							]
						},
						{
							"name": "leaf47",
							"from": [ -0.9185, 0.0, 1.509 ],
							"to": [ 0.7217, 2.2963, 1.509 ],
							"rotationOrigin": [ -0.0984, 0.0, 1.509 ],
							"rotationY": 45.0,
							"faces": {
								"north": { "texture": "#lavender", "uv": [ 4.5, 12.5, 7.0, 16.0 ], "autoUv": false, "windMode": [0,7,7,0] }
							},
							"children": [
								{
									"name": "leaf48",
									"from": [ 0.0, 0.0, 3.0E-4 ],
									"to": [ 1.6402, 2.2963, 3.0E-4 ],
									"rotationOrigin": [ 0.8201, 0.0, 0.0 ],
									"rotationY": 89.9802,
									"faces": {
										"north": { "texture": "#lavender", "uv": [ 7.5, 12.5, 10.0, 16.0 ], "autoUv": false, "windMode": [0,7,7,0] }
									}
								}
							]
						},
						{
							"name": "leaf49",
							"from": [ -0.1312, 0.0, 1.9683 ],
							"to": [ 1.509, 2.2963, 1.9683 ],
							"rotationOrigin": [ 0.6889, 0.0, 1.9683 ],
							"rotationY": 22.5,
							"faces": {
								"north": { "texture": "#lavender", "uv": [ 4.5, 12.5, 7.0, 16.0 ], "autoUv": false, "windMode": [0,7,7,0] }
							},
							"children": [
								{
									"name": "leaf50",
									"from": [ 0.0, 0.0, 3.0E-4 ],
									"to": [ 1.6402, 2.2963, 3.0E-4 ],
									"rotationOrigin": [ 0.8201, 0.0, 0.0 ],
									"rotationY": 89.9802,
									"faces": {
										"north": { "texture": "#lavender", "uv": [ 7.5, 12.5, 10.0, 16.0 ], "autoUv": false, "windMode": [0,7,7,0] }
									}
								}
							]
						}
					]
				},
				{
					"name": "stemgroup",
					"from": [ 0.0, 0.0, 0.0 ],
					"to": [ 0.0, 0.0, 0.0 ],
					"faces": {
					},
					"children": [
						{
							"name": "ste",
							"from": [ 0.643, 0.0, 1.9224 ],
							"to": [ 0.7414, 2.3947, 2.0208 ],
							"rotationOrigin": [ 0.6824, 0.0, 1.9683 ],
							"rotationY": 22.5,
							"faces": {
								"north": { "texture": "#lavender", "uv": [ 0.0, 12.5, 0.5, 16.0 ], "autoUv": false, "windMode": [0,7,7,0] },
								"east": { "texture": "#lavender", "uv": [ 0.0, 12.5, 0.5, 16.0 ], "autoUv": false, "windMode": [0,7,7,0] },
								"south": { "texture": "#lavender", "uv": [ 0.0, 12.5, 0.5, 16.0 ], "autoUv": false, "windMode": [0,0,7,7] },
								"west": { "texture": "#lavender", "uv": [ 0.0, 12.5, 0.5, 16.0 ], "autoUv": false, "windMode": [0,0,7,7] },
								"up": { "texture": "#lavender", "uv": [ 0.0, 0.0, 0.5, 0.5 ], "autoUv": false, "windMode": [7,7,7,7] }
							}
						},
						{
							"name": "ste2",
							"from": [ 1.2269, 0.0, 1.3975 ],
							"to": [ 1.3253, 2.6244, 1.4959 ],
							"rotationOrigin": [ 1.2729, 0.0, 1.4434 ],
							"rotationY": 45.0,
							"faces": {
								"north": { "texture": "#lavender", "uv": [ 0.0, 12.0, 0.5, 16.0 ], "autoUv": false, "windMode": [0,7,7,0] },
								"east": { "texture": "#lavender", "uv": [ 0.0, 12.0, 0.5, 16.0 ], "autoUv": false, "windMode": [0,7,7,0] },
								"south": { "texture": "#lavender", "uv": [ 0.0, 12.0, 0.5, 16.0 ], "autoUv": false, "windMode": [0,0,7,7] },
								"west": { "texture": "#lavender", "uv": [ 0.0, 11.5, 0.5, 15.5 ], "autoUv": false, "windMode": [0,0,7,7] },
								"up": { "texture": "#lavender", "uv": [ 0.0, 0.0, 0.5, 0.5 ], "autoUv": false, "windMode": [7,7,7,7] }
							}
						},
						{
							"name": "ste3",
							"from": [ 1.8174, 0.0, 0.5446 ],
							"to": [ 1.9158, 2.4603, 0.643 ],
							"rotationOrigin": [ 1.8634, 0.0, 0.5905 ],
							"faces": {
								"north": { "texture": "#lavender", "uv": [ 0.0, 12.5, 0.5, 16.0 ], "autoUv": false, "windMode": [0,7,7,0] },
								"east": { "texture": "#lavender", "uv": [ 0.0, 12.5, 0.5, 16.0 ], "autoUv": false, "windMode": [0,7,7,0] },
								"south": { "texture": "#lavender", "uv": [ 0.0, 12.5, 0.5, 16.0 ], "autoUv": false, "windMode": [0,0,7,7] },
								"west": { "texture": "#lavender", "uv": [ 0.0, 12.5, 0.5, 16.0 ], "autoUv": false, "windMode": [0,0,7,7] },
								"up": { "texture": "#lavender", "uv": [ 0.0, 0.0, 0.5, 0.5 ], "autoUv": false, "windMode": [7,7,7,7] }
							}
						},
						{
							"name": "ste4",
							"from": [ 1.2269, 0.0, 0.1509 ],
							"to": [ 1.3253, 2.5259, 0.2493 ],
							"rotationOrigin": [ 1.2729, 0.0, 0.1968 ],
							"faces": {
								"north": { "texture": "#lavender", "uv": [ 0.0, 12.5, 0.5, 16.0 ], "autoUv": false, "windMode": [0,7,7,0] },
								"east": { "texture": "#lavender", "uv": [ 0.0, 12.5, 0.5, 16.0 ], "autoUv": false, "windMode": [0,7,7,0] },
								"south": { "texture": "#lavender", "uv": [ 0.0, 12.5, 0.5, 16.0 ], "autoUv": false, "windMode": [0,0,7,7] },
								"west": { "texture": "#lavender", "uv": [ 0.0, 12.5, 0.5, 16.0 ], "autoUv": false, "windMode": [0,0,7,7] },
								"up": { "texture": "#lavender", "uv": [ 0.0, 0.0, 0.5, 0.5 ], "autoUv": false, "windMode": [7,7,7,7] }
							}
						},
						{
							"name": "ste5",
							"from": [ 1.7518, 0.0, -0.1771 ],
							"to": [ 1.8502, 2.5915, -0.0787 ],
							"rotationOrigin": [ 1.7977, 0.0, -0.1312 ],
							"rotationY": 45.0,
							"faces": {
								"north": { "texture": "#lavender", "uv": [ 0.0, 12.5, 0.5, 16.0 ], "autoUv": false, "windMode": [0,7,7,0] },
								"east": { "texture": "#lavender", "uv": [ 0.0, 12.5, 0.5, 16.0 ], "autoUv": false, "windMode": [0,7,7,0] },
								"south": { "texture": "#lavender", "uv": [ 0.0, 12.5, 0.5, 16.0 ], "autoUv": false, "windMode": [0,0,7,7] },
								"west": { "texture": "#lavender", "uv": [ 0.0, 12.5, 0.5, 16.0 ], "autoUv": false, "windMode": [0,0,7,7] },
								"up": { "texture": "#lavender", "uv": [ 0.0, 0.0, 0.5, 0.5 ], "autoUv": false, "windMode": [7,7,7,7] }
							}
						},
						{
							"name": "ste6",
							"from": [ 1.6205, 0.0, -0.8398 ],
							"to": [ 1.719, 2.3947, -0.7414 ],
							"rotationOrigin": [ 1.6665, 0.0, -0.7873 ],
							"faces": {
								"north": { "texture": "#lavender", "uv": [ 0.0, 12.5, 0.5, 16.0 ], "autoUv": false, "windMode": [0,7,7,0] },
								"east": { "texture": "#lavender", "uv": [ 0.0, 12.5, 0.5, 16.0 ], "autoUv": false, "windMode": [0,7,7,0] },
								"south": { "texture": "#lavender", "uv": [ 0.0, 12.5, 0.5, 16.0 ], "autoUv": false, "windMode": [0,0,7,7] },
								"west": { "texture": "#lavender", "uv": [ 0.0, 12.5, 0.5, 16.0 ], "autoUv": false, "windMode": [0,0,7,7] },
								"up": { "texture": "#lavender", "uv": [ 0.0, 0.0, 0.5, 0.5 ], "autoUv": false, "windMode": [7,7,7,7] }
							}
						},
						{
							"name": "ste7",
							"from": [ 0.9644, 0.0, -0.8332 ],
							"to": [ 1.0629, 2.5915, -0.7348 ],
							"rotationOrigin": [ 1.0104, 0.0, -0.7873 ],
							"rotationY": 22.5,
							"faces": {
								"north": { "texture": "#lavender", "uv": [ 0.0, 12.5, 0.5, 16.0 ], "autoUv": false, "windMode": [0,7,7,0] },
								"east": { "texture": "#lavender", "uv": [ 0.0, 12.5, 0.5, 16.0 ], "autoUv": false, "windMode": [0,7,7,0] },
								"south": { "texture": "#lavender", "uv": [ 0.0, 12.5, 0.5, 16.0 ], "autoUv": false, "windMode": [0,0,7,7] },
								"west": { "texture": "#lavender", "uv": [ 0.0, 12.5, 0.5, 16.0 ], "autoUv": false, "windMode": [0,0,7,7] },
								"up": { "texture": "#lavender", "uv": [ 0.0, 0.0, 0.5, 0.5 ], "autoUv": false, "windMode": [7,7,7,7] }
							}
						},
						{
							"name": "ste8",
							"from": [ 1.5549, 0.0, -1.4893 ],
							"to": [ 1.6534, 2.3947, -1.3909 ],
							"rotationOrigin": [ 1.6009, 0.0, -1.4434 ],
							"rotationY": 45.0,
							"faces": {
								"north": { "texture": "#lavender", "uv": [ 0.0, 12.5, 0.5, 16.0 ], "autoUv": false, "windMode": [0,7,7,0] },
								"east": { "texture": "#lavender", "uv": [ 0.0, 12.5, 0.5, 16.0 ], "autoUv": false, "windMode": [0,7,7,0] },
								"south": { "texture": "#lavender", "uv": [ 0.0, 12.5, 0.5, 16.0 ], "autoUv": false, "windMode": [0,0,7,7] },
								"west": { "texture": "#lavender", "uv": [ 0.0, 12.5, 0.5, 16.0 ], "autoUv": false, "windMode": [0,0,7,7] },
								"up": { "texture": "#lavender", "uv": [ 0.0, 0.0, 0.5, 0.5 ], "autoUv": false, "windMode": [7,7,7,7] }
							}
						},
						{
							"name": "ste9",
							"from": [ 0.9644, 0.0, -1.8174 ],
							"to": [ 1.0629, 2.6244, -1.719 ],
							"rotationOrigin": [ 1.0104, 0.0, -1.7715 ],
							"faces": {
								"north": { "texture": "#lavender", "uv": [ 0.0, 12.0, 0.5, 16.0 ], "autoUv": false, "windMode": [0,7,7,0] },
								"east": { "texture": "#lavender", "uv": [ 0.0, 12.0, 0.5, 16.0 ], "autoUv": false, "windMode": [0,7,7,0] },
								"south": { "texture": "#lavender", "uv": [ 0.0, 12.0, 0.5, 16.0 ], "autoUv": false, "windMode": [0,0,7,7] },
								"west": { "texture": "#lavender", "uv": [ 0.0, 12.0, 0.5, 16.0 ], "autoUv": false, "windMode": [0,0,7,7] },
								"up": { "texture": "#lavender", "uv": [ 0.0, 0.0, 0.5, 0.5 ], "autoUv": false, "windMode": [7,7,7,7] }
							}
						},
						{
							"name": "ste10",
							"from": [ 0.1115, 0.0, -2.211 ],
							"to": [ 0.21, 2.3291, -2.1127 ],
							"rotationOrigin": [ 0.1575, 0.0, -2.1651 ],
							"rotationY": 45.0,
							"faces": {
								"north": { "texture": "#lavender", "uv": [ 0.0, 12.5, 0.5, 16.0 ], "autoUv": false, "windMode": [0,7,7,0] },
								"east": { "texture": "#lavender", "uv": [ 0.0, 12.5, 0.5, 16.0 ], "autoUv": false, "windMode": [0,7,7,0] },
								"south": { "texture": "#lavender", "uv": [ 0.0, 12.5, 0.5, 16.0 ], "autoUv": false, "windMode": [0,0,7,7] },
								"west": { "texture": "#lavender", "uv": [ 0.0, 12.5, 0.5, 16.0 ], "autoUv": false, "windMode": [0,0,7,7] },
								"up": { "texture": "#lavender", "uv": [ 0.0, 0.0, 0.5, 0.5 ], "autoUv": false, "windMode": [7,7,7,7] }
							}
						},
						{
							"name": "ste11",
							"from": [ 0.3083, 0.0, -1.2269 ],
							"to": [ 0.4068, 2.4603, -1.1285 ],
							"rotationOrigin": [ 0.3543, 0.0, -1.181 ],
							"rotationY": 22.5,
							"faces": {
								"north": { "texture": "#lavender", "uv": [ 0.0, 12.5, 0.5, 16.0 ], "autoUv": false, "windMode": [0,7,7,0] },
								"east": { "texture": "#lavender", "uv": [ 0.0, 12.5, 0.5, 16.0 ], "autoUv": false, "windMode": [0,7,7,0] },
								"south": { "texture": "#lavender", "uv": [ 0.0, 12.5, 0.5, 16.0 ], "autoUv": false, "windMode": [0,0,7,7] },
								"west": { "texture": "#lavender", "uv": [ 0.0, 12.5, 0.5, 16.0 ], "autoUv": false, "windMode": [0,0,7,7] },
								"up": { "texture": "#lavender", "uv": [ 0.0, 0.0, 0.5, 0.5 ], "autoUv": false, "windMode": [7,7,7,7] }
							}
						},
						{
							"name": "ste12",
							"from": [ 0.2427, 0.0, -0.1115 ],
							"to": [ 0.3412, 2.6244, -0.0131 ],
							"rotationOrigin": [ 0.2887, 0.0, -0.0656 ],
							"faces": {
								"north": { "texture": "#lavender", "uv": [ 0.0, 12.0, 0.5, 16.0 ], "autoUv": false, "windMode": [0,7,7,0] },
								"east": { "texture": "#lavender", "uv": [ 0.0, 12.0, 0.5, 16.0 ], "autoUv": false, "windMode": [0,7,7,0] },
								"south": { "texture": "#lavender", "uv": [ 0.0, 12.0, 0.5, 16.0 ], "autoUv": false, "windMode": [0,0,7,7] },
								"west": { "texture": "#lavender", "uv": [ 0.0, 12.0, 0.5, 16.0 ], "autoUv": false, "windMode": [0,0,7,7] },
								"up": { "texture": "#lavender", "uv": [ 0.0, 0.0, 0.5, 0.5 ], "autoUv": false, "windMode": [7,7,7,7] }
							}
						},
						{
							"name": "ste13",
							"from": [ 0.5052, 0.0, 0.7414 ],
							"to": [ 0.6036, 2.4603, 0.8398 ],
							"rotationOrigin": [ 0.5512, 0.0, 0.7873 ],
							"rotationY": 22.5,
							"faces": {
								"north": { "texture": "#lavender", "uv": [ 0.0, 12.5, 0.5, 16.0 ], "autoUv": false, "windMode": [0,7,7,0] },
								"east": { "texture": "#lavender", "uv": [ 0.0, 12.5, 0.5, 16.0 ], "autoUv": false, "windMode": [0,7,7,0] },
								"south": { "texture": "#lavender", "uv": [ 0.0, 12.5, 0.5, 16.0 ], "autoUv": false, "windMode": [0,0,7,7] },
								"west": { "texture": "#lavender", "uv": [ 0.0, 12.5, 0.5, 16.0 ], "autoUv": false, "windMode": [0,0,7,7] },
								"up": { "texture": "#lavender", "uv": [ 0.0, 0.0, 0.5, 0.5 ], "autoUv": false, "windMode": [7,7,7,7] }
							}
						},
						{
							"name": "ste14",
							"from": [ 0.3083, 0.0, 1.0695 ],
							"to": [ 0.4068, 2.3291, 1.1678 ],
							"rotationOrigin": [ 0.3543, 0.0, 1.1154 ],
							"faces": {
								"north": { "texture": "#lavender", "uv": [ 0.0, 12.5, 0.5, 16.0 ], "autoUv": false, "windMode": [0,7,7,0] },
								"east": { "texture": "#lavender", "uv": [ 0.0, 12.5, 0.5, 16.0 ], "autoUv": false, "windMode": [0,7,7,0] },
								"south": { "texture": "#lavender", "uv": [ 0.0, 12.5, 0.5, 16.0 ], "autoUv": false, "windMode": [0,0,7,7] },
								"west": { "texture": "#lavender", "uv": [ 0.0, 12.5, 0.5, 16.0 ], "autoUv": false, "windMode": [0,0,7,7] },
								"up": { "texture": "#lavender", "uv": [ 0.0, 0.0, 0.5, 0.5 ], "autoUv": false, "windMode": [7,7,7,7] }
							}
						},
						{
							"name": "ste15",
							"from": [ -0.1509, 0.0, 1.4631 ],
							"to": [ -0.0525, 2.6244, 1.5615 ],
							"rotationOrigin": [ -0.1049, 0.0, 1.509 ],
							"rotationY": 45.0,
							"faces": {
								"north": { "texture": "#lavender", "uv": [ 0.0, 12.0, 0.5, 16.0 ], "autoUv": false, "windMode": [0,7,7,0] },
								"east": { "texture": "#lavender", "uv": [ 0.0, 12.0, 0.5, 16.0 ], "autoUv": false, "windMode": [0,7,7,0] },
								"south": { "texture": "#lavender", "uv": [ 0.0, 12.0, 0.5, 16.0 ], "autoUv": false, "windMode": [0,0,7,7] },
								"west": { "texture": "#lavender", "uv": [ 0.0, 12.0, 0.5, 16.0 ], "autoUv": false, "windMode": [0,0,7,7] },
								"up": { "texture": "#lavender", "uv": [ 0.0, 0.0, 0.5, 0.5 ], "autoUv": false, "windMode": [7,7,7,7] }
							}
						},
						{
							"name": "ste16",
							"from": [ -0.6692, 0.0, 1.5878 ],
							"to": [ -0.5708, 2.4603, 1.6861 ],
							"rotationOrigin": [ -0.6298, 0.0, 1.6402 ],
							"faces": {
								"north": { "texture": "#lavender", "uv": [ 0.0, 12.5, 0.5, 16.0 ], "autoUv": false, "windMode": [0,7,7,0] },
								"east": { "texture": "#lavender", "uv": [ 0.0, 12.5, 0.5, 16.0 ], "autoUv": false, "windMode": [0,7,7,0] },
								"south": { "texture": "#lavender", "uv": [ 0.0, 12.5, 0.5, 16.0 ], "autoUv": false, "windMode": [0,0,7,7] },
								"west": { "texture": "#lavender", "uv": [ 0.0, 12.5, 0.5, 16.0 ], "autoUv": false, "windMode": [0,0,7,7] },
								"up": { "texture": "#lavender", "uv": [ 0.0, 0.0, 0.5, 0.5 ], "autoUv": false, "windMode": [7,7,7,7] }
							}
						},
						{
							"name": "ste17",
							"from": [ -0.9973, 0.0, 1.0695 ],
							"to": [ -0.8988, 2.4276, 1.1678 ],
							"rotationOrigin": [ -0.9579, 0.0, 1.1154 ],
							"rotationY": 45.0,
							"faces": {
								"north": { "texture": "#lavender", "uv": [ 0.0, 12.5, 0.5, 16.0 ], "autoUv": false, "windMode": [0,7,7,0] },
								"east": { "texture": "#lavender", "uv": [ 0.0, 12.5, 0.5, 16.0 ], "autoUv": false, "windMode": [0,7,7,0] },
								"south": { "texture": "#lavender", "uv": [ 0.0, 12.5, 0.5, 16.0 ], "autoUv": false, "windMode": [0,0,7,7] },
								"west": { "texture": "#lavender", "uv": [ 0.0, 12.5, 0.5, 16.0 ], "autoUv": false, "windMode": [0,0,7,7] },
								"up": { "texture": "#lavender", "uv": [ 0.0, 0.0, 0.5, 0.5 ], "autoUv": false, "windMode": [7,7,7,7] }
							}
						},
						{
							"name": "ste18",
							"from": [ -1.6534, 0.0, 0.807 ],
							"to": [ -1.5549, 2.6244, 0.9054 ],
							"rotationOrigin": [ -1.614, 0.0, 0.8529 ],
							"faces": {
								"north": { "texture": "#lavender", "uv": [ 0.0, 12.0, 0.5, 16.0 ], "autoUv": false, "windMode": [0,7,7,0] },
								"east": { "texture": "#lavender", "uv": [ 0.0, 12.0, 0.5, 16.0 ], "autoUv": false, "windMode": [0,7,7,0] },
								"south": { "texture": "#lavender", "uv": [ 0.0, 12.0, 0.5, 16.0 ], "autoUv": false, "windMode": [0,0,7,7] },
								"west": { "texture": "#lavender", "uv": [ 0.0, 12.0, 0.5, 16.0 ], "autoUv": false, "windMode": [0,0,7,7] },
								"up": { "texture": "#lavender", "uv": [ 0.0, 0.0, 0.5, 0.5 ], "autoUv": false, "windMode": [7,7,7,7] }
							}
						},
						{
							"name": "ste19",
							"from": [ -0.4068, 0.0, 0.4134 ],
							"to": [ -0.3083, 2.3947, 0.5117 ],
							"rotationOrigin": [ -0.3674, 0.0, 0.4593 ],
							"faces": {
								"north": { "texture": "#lavender", "uv": [ 0.0, 12.5, 0.5, 16.0 ], "autoUv": false, "windMode": [0,7,7,0] },
								"east": { "texture": "#lavender", "uv": [ 0.0, 12.5, 0.5, 16.0 ], "autoUv": false, "windMode": [0,7,7,0] },
								"south": { "texture": "#lavender", "uv": [ 0.0, 12.5, 0.5, 16.0 ], "autoUv": false, "windMode": [0,0,7,7] },
								"west": { "texture": "#lavender", "uv": [ 0.0, 12.5, 0.5, 16.0 ], "autoUv": false, "windMode": [0,0,7,7] },
								"up": { "texture": "#lavender", "uv": [ 0.0, 0.0, 0.5, 0.5 ], "autoUv": false, "windMode": [7,7,7,7] }
							}
						},
						{
							"name": "ste20",
							"from": [ -0.9973, 0.0, -0.1837 ],
							"to": [ -0.8988, 2.6244, -0.0853 ],
							"rotationOrigin": [ -0.9579, 0.0, -0.1312 ],
							"rotationY": 22.5,
							"faces": {
								"north": { "texture": "#lavender", "uv": [ 0.0, 12.0, 0.5, 16.0 ], "autoUv": false, "windMode": [0,7,7,0] },
								"east": { "texture": "#lavender", "uv": [ 0.0, 12.0, 0.5, 16.0 ], "autoUv": false, "windMode": [0,7,7,0] },
								"south": { "texture": "#lavender", "uv": [ 0.0, 12.0, 0.5, 16.0 ], "autoUv": false, "windMode": [0,0,7,7] },
								"west": { "texture": "#lavender", "uv": [ 0.0, 12.0, 0.5, 16.0 ], "autoUv": false, "windMode": [0,0,7,7] },
								"up": { "texture": "#lavender", "uv": [ 0.0, 0.0, 0.5, 0.5 ], "autoUv": false, "windMode": [7,7,7,7] }
							}
						},
						{
							"name": "ste21",
							"from": [ -1.988, 0.0, 0.0197 ],
							"to": [ -1.8895, 2.5259, 0.1181 ],
							"rotationOrigin": [ -1.942, 0.0, 0.0656 ],
							"rotationY": 45.0,
							"faces": {
								"north": { "texture": "#lavender", "uv": [ 0.0, 12.5, 0.5, 16.0 ], "autoUv": false, "windMode": [0,7,7,0] },
								"east": { "texture": "#lavender", "uv": [ 0.0, 12.5, 0.5, 16.0 ], "autoUv": false, "windMode": [0,7,7,0] },
								"south": { "texture": "#lavender", "uv": [ 0.0, 12.5, 0.5, 16.0 ], "autoUv": false, "windMode": [0,0,7,7] },
								"west": { "texture": "#lavender", "uv": [ 0.0, 12.5, 0.5, 16.0 ], "autoUv": false, "windMode": [0,0,7,7] },
								"up": { "texture": "#lavender", "uv": [ 0.0, 0.0, 0.5, 0.5 ], "autoUv": false, "windMode": [7,7,7,7] }
							}
						},
						{
							"name": "ste22",
							"from": [ -1.5943, 0.0, -0.5117 ],
							"to": [ -1.4959, 2.4603, -0.4134 ],
							"rotationOrigin": [ -1.5484, 0.0, -0.4593 ],
							"faces": {
								"north": { "texture": "#lavender", "uv": [ 0.0, 12.5, 0.5, 16.0 ], "autoUv": false, "windMode": [0,7,7,0] },
								"east": { "texture": "#lavender", "uv": [ 0.0, 12.5, 0.5, 16.0 ], "autoUv": false, "windMode": [0,7,7,0] },
								"south": { "texture": "#lavender", "uv": [ 0.0, 12.5, 0.5, 16.0 ], "autoUv": false, "windMode": [0,0,7,7] },
								"west": { "texture": "#lavender", "uv": [ 0.0, 12.5, 0.5, 16.0 ], "autoUv": false, "windMode": [0,0,7,7] },
								"up": { "texture": "#lavender", "uv": [ 0.0, 0.0, 0.5, 0.5 ], "autoUv": false, "windMode": [7,7,7,7] }
							}
						},
						{
							"name": "ste23",
							"from": [ -0.6036, 0.0, -0.5773 ],
							"to": [ -0.5052, 2.3947, -0.479 ],
							"rotationOrigin": [ -0.5642, 0.0, -0.5249 ],
							"rotationY": 22.5,
							"faces": {
								"north": { "texture": "#lavender", "uv": [ 0.0, 12.5, 0.5, 16.0 ], "autoUv": false, "windMode": [0,7,7,0] },
								"east": { "texture": "#lavender", "uv": [ 0.0, 12.5, 0.5, 16.0 ], "autoUv": false, "windMode": [0,7,7,0] },
								"south": { "texture": "#lavender", "uv": [ 0.0, 12.5, 0.5, 16.0 ], "autoUv": false, "windMode": [0,0,7,7] },
								"west": { "texture": "#lavender", "uv": [ 0.0, 12.5, 0.5, 16.0 ], "autoUv": false, "windMode": [0,0,7,7] },
								"up": { "texture": "#lavender", "uv": [ 0.0, 0.0, 0.5, 0.5 ], "autoUv": false, "windMode": [7,7,7,7] }
							}
						},
						{
							"name": "ste24",
							"from": [ -0.538, 0.0, -1.2925 ],
							"to": [ -0.4396, 2.6244, -1.1941 ],
							"rotationOrigin": [ -0.4986, 0.0, -1.2466 ],
							"faces": {
								"north": { "texture": "#lavender", "uv": [ 0.0, 12.0, 0.5, 16.0 ], "autoUv": false, "windMode": [0,7,7,0] },
								"east": { "texture": "#lavender", "uv": [ 0.0, 12.0, 0.5, 16.0 ], "autoUv": false, "windMode": [0,7,7,0] },
								"south": { "texture": "#lavender", "uv": [ 0.0, 12.0, 0.5, 16.0 ], "autoUv": false, "windMode": [0,0,7,7] },
								"west": { "texture": "#lavender", "uv": [ 0.0, 12.0, 0.5, 16.0 ], "autoUv": false, "windMode": [0,0,7,7] },
								"up": { "texture": "#lavender", "uv": [ 0.0, 0.0, 0.5, 0.5 ], "autoUv": false, "windMode": [7,7,7,7] }
							}
						},
						{
							"name": "ste25",
							"from": [ -1.3975, 0.0, -1.2269 ],
							"to": [ -1.2991, 2.3291, -1.1285 ],
							"rotationOrigin": [ -1.3515, 0.0, -1.181 ],
							"rotationY": 45.0,
							"faces": {
								"north": { "texture": "#lavender", "uv": [ 0.0, 12.5, 0.5, 16.0 ], "autoUv": false, "windMode": [0,7,7,0] },
								"east": { "texture": "#lavender", "uv": [ 0.0, 12.5, 0.5, 16.0 ], "autoUv": false, "windMode": [0,7,7,0] },
								"south": { "texture": "#lavender", "uv": [ 0.0, 12.5, 0.5, 16.0 ], "autoUv": false, "windMode": [0,0,7,7] },
								"west": { "texture": "#lavender", "uv": [ 0.0, 12.5, 0.5, 16.0 ], "autoUv": false, "windMode": [0,0,7,7] },
								"up": { "texture": "#lavender", "uv": [ 0.0, 0.0, 0.5, 0.5 ], "autoUv": false, "windMode": [7,7,7,7] }
							}
						}
					]
				}
			]
		}
	]}