{
	"editor": {
		"collapsedPaths": "Root/origin/stemgroup2,Root/stemgroup2,Root/origin2,Root/leafgroup/leaf,Root/leafgroup/leaf5,Root/leafgroup/leaf7,Root/leafgroup/leaf3,Root/origin/leaf,Root/leafgroup/leaf9,Root/origin0/leafgroup,Root/origin/leaf11,Root/origin/leaf15,Root/origin/leaf13,Root/leafgroup2,Root/origin0/leafgroup2,Root/origin/leaf29,Root/origin/leaf33,Root/origin/leaf31,Root/origin/leaf37,Root/origin/leaf35,Root/origin/leaf19,Root/origin/leaf17,Root/origin/leaf23,Root/origin/leaf21,Root/stemgroup,Root/origin/leaf27,Root/origin/leaf25,Root/origin/leaf7,Root/origin/leaf9,Root/origin/leaf3,Root/origin/leaf5,Root/origin/leaf39,Root/origin/leaf45,Root/origin/leaf43,Root/origin/leaf49,Root/origin/leaf47,Root/origin/leaf41,Root/leafgroup/leaf49,Root/leafgroup/leaf47,Root/origin0/stemgroup2,Root/origin/leafgroup2,Root/leafgroup/leaf45,Root/leafgroup/leaf43,Root/leafgroup/leaf41,Root/leafgroup/leaf29,Root/leafgroup/leaf39,Root/leafgroup/leaf37,Root/leafgroup/leaf35,Root/leafgroup/leaf33,Root/leafgroup/leaf31,Root/leafgroup/leaf19,Root/leafgroup/leaf27,Root/origin0/stemgroup,Root/leafgroup/leaf25,Root/leafgroup/leaf23,Root/leafgroup/leaf21,Root/leafgroup/leaf17,Root/leafgroup/leaf15,Root/leafgroup/leaf13,Root/leafgroup/leaf11,Root/leafgroup,Root/origin/leafgroup",
		"allAngles": false,
		"entityTextureMode": false
	},
	"textureWidth": 16,
	"textureHeight": 16,
	"textureSizes": {
		"lavender": [16,16]
	},
	"textures": {
	},
	"elements": [
		{
			"name": "origin",
			"from": [ 8.0, 0.0, 8.0 ],
			"to": [ 8.0, 0.0, 8.0 ],
			"rotationOrigin": [ 8.0, 0.0, 8.0 ],
			"faces": {
			},
			"children": [
				{
					"name": "leafgroup",
					"from": [ 0.0, 0.0, 0.0 ],
					"to": [ 0.0, 0.0, 0.0 ],
					"faces": {
					},
					"children": [
						{
							"name": "leaf",
							"from": [ -0.4724, 0.0, -0.059 ],
							"to": [ 1.0038, 1.0767, -0.059 ],
							"rotationOrigin": [ 0.2657, 0.0, -0.059 ],
							"faces": {
								"north": { "texture": "#lavender", "uv": [ 4.5, 12.5, 7.0, 16.0 ], "autoUv": false, "windMode": [0,7,7,0] }
							},
							"children": [
								{
									"name": "leaf2",
									"from": [ 0.0, 0.0, 2.0E-4 ],
									"to": [ 1.4762, 1.0767, 2.0E-4 ],
									"rotationOrigin": [ 0.7381, 0.0, 0.0 ],
									"rotationY": 89.9802,
									"faces": {
										"north": { "texture": "#lavender", "uv": [ 7.5, 12.5, 10.0, 16.0 ], "autoUv": false, "windMode": [0,7,7,0] }
									}
								}
							]
						},
						{
							"name": "leaf3",
							"from": [ 0.4133, 0.0, 1.2991 ],
							"to": [ 1.8896, 1.0767, 1.2991 ],
							"rotationOrigin": [ 1.1514, 0.0, 1.2991 ],
							"rotationY": 45.0,
							"faces": {
								"north": { "texture": "#lavender", "uv": [ 4.5, 12.5, 7.0, 16.0 ], "autoUv": false, "windMode": [0,7,7,0] }
							},
							"children": [
								{
									"name": "leaf4",
									"from": [ 0.0, 0.0, 2.0E-4 ],
									"to": [ 1.4762, 1.0767, 2.0E-4 ],
									"rotationOrigin": [ 0.7381, 0.0, 0.0 ],
									"rotationY": 89.9802,
									"faces": {
										"north": { "texture": "#lavender", "uv": [ 7.5, 12.5, 10.0, 16.0 ], "autoUv": false, "windMode": [0,7,7,0] }
									}
								}
							]
						},
						{
							"name": "leaf5",
							"from": [ 0.7086, 0.0, -1.2991 ],
							"to": [ 2.1848, 0.9867, -1.2991 ],
							"rotationOrigin": [ 1.4467, 0.0, -1.2991 ],
							"rotationY": 45.0,
							"faces": {
								"north": { "texture": "#lavender", "uv": [ 4.5, 12.5, 7.0, 16.0 ], "autoUv": false, "windMode": [0,7,7,0] }
							},
							"children": [
								{
									"name": "leaf6",
									"from": [ 0.0, 0.0, 2.0E-4 ],
									"to": [ 1.4762, 0.9867, 2.0E-4 ],
									"rotationOrigin": [ 0.7381, 0.0, 0.0 ],
									"rotationY": 89.9802,
									"faces": {
										"north": { "texture": "#lavender", "uv": [ 7.5, 12.5, 10.0, 16.0 ], "autoUv": false, "windMode": [0,7,7,0] }
									}
								}
							]
						},
						{
							"name": "leaf7",
							"from": [ 0.4133, 0.0, 0.1771 ],
							"to": [ 1.8896, 1.0767, 0.1771 ],
							"rotationOrigin": [ 1.1514, 0.0, 0.1771 ],
							"faces": {
								"north": { "texture": "#lavender", "uv": [ 4.5, 12.5, 7.0, 16.0 ], "autoUv": false, "windMode": [0,7,7,0] }
							},
							"children": [
								{
									"name": "leaf8",
									"from": [ 0.0, 0.0, 2.0E-4 ],
									"to": [ 1.4762, 1.0767, 2.0E-4 ],
									"rotationOrigin": [ 0.7381, 0.0, 0.0 ],
									"rotationY": 89.9802,
									"faces": {
										"north": { "texture": "#lavender", "uv": [ 7.5, 12.5, 10.0, 16.0 ], "autoUv": false, "windMode": [0,7,7,0] }
									}
								}
							]
						},
						{
							"name": "leaf9",
							"from": [ -0.4133, 0.0, -1.0629 ],
							"to": [ 1.0629, 0.9867, -1.0629 ],
							"rotationOrigin": [ 0.3247, 0.0, -1.0629 ],
							"rotationY": 22.5,
							"faces": {
								"north": { "texture": "#lavender", "uv": [ 4.5, 12.5, 7.0, 16.0 ], "autoUv": false, "windMode": [0,7,7,0] }
							},
							"children": [
								{
									"name": "leaf10",
									"from": [ 0.0, 0.0, 2.0E-4 ],
									"to": [ 1.4762, 0.9867, 2.0E-4 ],
									"rotationOrigin": [ 0.7381, 0.0, 0.0 ],
									"rotationY": 89.9802,
									"faces": {
										"north": { "texture": "#lavender", "uv": [ 7.5, 12.5, 10.0, 16.0 ], "autoUv": false, "windMode": [0,7,7,0] }
									}
								}
							]
						},
						{
							"name": "leaf11",
							"from": [ -1.9486, 0.0, -1.0629 ],
							"to": [ -0.4724, 0.8967, -1.0629 ],
							"rotationOrigin": [ -1.2105, 0.0, -1.0629 ],
							"rotationY": 45.0,
							"faces": {
								"north": { "texture": "#lavender", "uv": [ 4.5, 12.5, 7.0, 16.0 ], "autoUv": false, "windMode": [0,7,7,0] }
							},
							"children": [
								{
									"name": "leaf12",
									"from": [ 0.0, 0.0, 2.0E-4 ],
									"to": [ 1.4762, 0.8967, 2.0E-4 ],
									"rotationOrigin": [ 0.7381, 0.0, 0.0 ],
									"rotationY": 89.9802,
									"faces": {
										"north": { "texture": "#lavender", "uv": [ 7.5, 12.5, 10.0, 16.0 ], "autoUv": false, "windMode": [0,7,7,0] }
									}
								}
							]
						},
						{
							"name": "leaf13",
							"from": [ -1.0629, 0.0, 0.4133 ],
							"to": [ 0.4133, 1.1667, 0.4133 ],
							"rotationOrigin": [ -0.3247, 0.0, 0.4133 ],
							"faces": {
								"north": { "texture": "#lavender", "uv": [ 4.5, 12.5, 7.0, 16.0 ], "autoUv": false, "windMode": [0,7,7,0] }
							},
							"children": [
								{
									"name": "leaf14",
									"from": [ 0.0, 0.0, 2.0E-4 ],
									"to": [ 1.4762, 1.1667, 2.0E-4 ],
									"rotationOrigin": [ 0.7381, 0.0, 0.0 ],
									"rotationY": 90.0,
									"faces": {
										"north": { "texture": "#lavender", "uv": [ 7.5, 12.5, 10.0, 16.0 ], "autoUv": false, "windMode": [0,7,7,0] }
									}
								}
							]
						},
						{
							"name": "leaf15",
							"from": [ -0.4133, 0.0, 1.0038 ],
							"to": [ 1.0629, 0.8967, 1.0038 ],
							"rotationOrigin": [ 0.3247, 0.0, 1.0038 ],
							"faces": {
								"north": { "texture": "#lavender", "uv": [ 4.5, 12.5, 7.0, 16.0 ], "autoUv": false, "windMode": [0,7,7,0] }
							},
							"children": [
								{
									"name": "leaf16",
									"from": [ 0.0, 0.0, 2.0E-4 ],
									"to": [ 1.4762, 0.8967, 2.0E-4 ],
									"rotationOrigin": [ 0.7381, 0.0, 0.0 ],
									"rotationY": 89.9802,
									"faces": {
										"north": { "texture": "#lavender", "uv": [ 7.5, 12.5, 10.0, 16.0 ], "autoUv": false, "windMode": [0,7,7,0] }
									}
								}
							]
						},
						{
							"name": "leaf17",
							"from": [ -1.5943, 0.0, 1.0038 ],
							"to": [ -0.1181, 0.9867, 1.0038 ],
							"rotationOrigin": [ -0.8562, 0.0, 1.0038 ],
							"rotationY": 45.0,
							"faces": {
								"north": { "texture": "#lavender", "uv": [ 4.5, 12.5, 7.0, 16.0 ], "autoUv": false, "windMode": [0,7,7,0] }
							},
							"children": [
								{
									"name": "leaf18",
									"from": [ 0.0, 0.0, 2.0E-4 ],
									"to": [ 1.4762, 0.9867, 2.0E-4 ],
									"rotationOrigin": [ 0.7381, 0.0, 0.0 ],
									"rotationY": 90.0,
									"faces": {
										"north": { "texture": "#lavender", "uv": [ 7.5, 12.5, 10.0, 16.0 ], "autoUv": false, "windMode": [0,7,7,0] }
									}
								}
							]
						},
						{
							"name": "leaf19",
							"from": [ -1.5943, 0.0, -0.1181 ],
							"to": [ -0.1181, 1.0767, -0.1181 ],
							"rotationOrigin": [ -0.8562, 0.0, -0.1181 ],
							"rotationY": 22.5,
							"faces": {
								"north": { "texture": "#lavender", "uv": [ 4.5, 12.5, 7.0, 16.0 ], "autoUv": false, "windMode": [0,7,7,0] }
							},
							"children": [
								{
									"name": "leaf20",
									"from": [ 0.0, 0.0, 2.0E-4 ],
									"to": [ 1.4762, 1.0767, 2.0E-4 ],
									"rotationOrigin": [ 0.7381, 0.0, 0.0 ],
									"rotationY": 89.9802,
									"faces": {
										"north": { "texture": "#lavender", "uv": [ 7.5, 12.5, 10.0, 16.0 ], "autoUv": false, "windMode": [0,7,7,0] }
									}
								}
							]
						},
						{
							"name": "leaf21",
							"from": [ -1.24, 0.0, -0.4724 ],
							"to": [ 0.2362, 0.9867, -0.4724 ],
							"rotationOrigin": [ -0.5019, 0.0, -0.4724 ],
							"rotationY": 22.5,
							"faces": {
								"north": { "texture": "#lavender", "uv": [ 4.5, 12.5, 7.0, 16.0 ], "autoUv": false, "windMode": [0,7,7,0] }
							},
							"children": [
								{
									"name": "leaf22",
									"from": [ 0.0, 0.0, 2.0E-4 ],
									"to": [ 1.4762, 0.9867, 2.0E-4 ],
									"rotationOrigin": [ 0.7381, 0.0, 0.0 ],
									"rotationY": 89.9802,
									"faces": {
										"north": { "texture": "#lavender", "uv": [ 7.5, 12.5, 10.0, 16.0 ], "autoUv": false, "windMode": [0,7,7,0] }
									}
								}
							]
						},
						{
							"name": "leaf23",
							"from": [ 0.1771, 0.0, -0.7086 ],
							"to": [ 1.6534, 1.0767, -0.7086 ],
							"rotationOrigin": [ 0.9152, 0.0, -0.7086 ],
							"rotationY": 22.5,
							"faces": {
								"north": { "texture": "#lavender", "uv": [ 4.5, 12.5, 7.0, 16.0 ], "autoUv": false, "windMode": [0,7,7,0] }
							},
							"children": [
								{
									"name": "leaf24",
									"from": [ 0.0, 0.0, 2.0E-4 ],
									"to": [ 1.4762, 1.0767, 2.0E-4 ],
									"rotationOrigin": [ 0.7381, 0.0, 0.0 ],
									"rotationY": 89.9802,
									"faces": {
										"north": { "texture": "#lavender", "uv": [ 7.5, 12.5, 10.0, 16.0 ], "autoUv": false, "windMode": [0,7,7,0] }
									}
								}
							]
						},
						{
							"name": "leaf25",
							"from": [ -0.2362, 0.0, 0.7086 ],
							"to": [ 1.24, 0.9867, 0.7086 ],
							"rotationOrigin": [ 0.5019, 0.0, 0.7086 ],
							"rotationY": 22.5,
							"faces": {
								"north": { "texture": "#lavender", "uv": [ 4.5, 12.5, 7.0, 16.0 ], "autoUv": false, "windMode": [0,7,7,0] }
							},
							"children": [
								{
									"name": "leaf26",
									"from": [ 0.0, 0.0, 2.0E-4 ],
									"to": [ 1.4762, 0.9867, 2.0E-4 ],
									"rotationOrigin": [ 0.7381, 0.0, 0.0 ],
									"rotationY": 89.9802,
									"faces": {
										"north": { "texture": "#lavender", "uv": [ 7.5, 12.5, 10.0, 16.0 ], "autoUv": false, "windMode": [0,7,7,0] }
									}
								}
							]
						},
						{
							"name": "leaf27",
							"from": [ 0.9448, 0.0, 0.5314 ],
							"to": [ 2.421, 0.9867, 0.5314 ],
							"rotationOrigin": [ 1.6829, 0.0, 0.5314 ],
							"faces": {
								"north": { "texture": "#lavender", "uv": [ 4.5, 12.5, 7.0, 16.0 ], "autoUv": false, "windMode": [0,7,7,0] }
							},
							"children": [
								{
									"name": "leaf28",
									"from": [ 0.0, 0.0, 2.0E-4 ],
									"to": [ 1.4762, 0.9867, 2.0E-4 ],
									"rotationOrigin": [ 0.7381, 0.0, 0.0 ],
									"rotationY": 89.9802,
									"faces": {
										"north": { "texture": "#lavender", "uv": [ 7.5, 12.5, 10.0, 16.0 ], "autoUv": false, "windMode": [0,7,7,0] }
									}
								}
							]
						},
						{
							"name": "leaf29",
							"from": [ 0.8857, 0.0, -0.1181 ],
							"to": [ 2.362, 1.0767, -0.1181 ],
							"rotationOrigin": [ 1.6238, 0.0, -0.1181 ],
							"rotationY": 45.0,
							"faces": {
								"north": { "texture": "#lavender", "uv": [ 4.5, 12.5, 7.0, 16.0 ], "autoUv": false, "windMode": [0,7,7,0] }
							},
							"children": [
								{
									"name": "leaf30",
									"from": [ 0.0, 0.0, 2.0E-4 ],
									"to": [ 1.4762, 1.0767, 2.0E-4 ],
									"rotationOrigin": [ 0.7381, 0.0, 0.0 ],
									"rotationY": 89.9802,
									"faces": {
										"north": { "texture": "#lavender", "uv": [ 7.5, 12.5, 10.0, 16.0 ], "autoUv": false, "windMode": [0,7,7,0] }
									}
								}
							]
						},
						{
							"name": "leaf31",
							"from": [ 0.7676, 0.0, -0.7086 ],
							"to": [ 2.2439, 0.9867, -0.7086 ],
							"rotationOrigin": [ 1.5057, 0.0, -0.7086 ],
							"faces": {
								"north": { "texture": "#lavender", "uv": [ 4.5, 12.5, 7.0, 16.0 ], "autoUv": false, "windMode": [0,7,7,0] }
							},
							"children": [
								{
									"name": "leaf32",
									"from": [ 0.0, 0.0, 2.0E-4 ],
									"to": [ 1.4762, 0.9867, 2.0E-4 ],
									"rotationOrigin": [ 0.7381, 0.0, 0.0 ],
									"rotationY": 89.9802,
									"faces": {
										"north": { "texture": "#lavender", "uv": [ 7.5, 12.5, 10.0, 16.0 ], "autoUv": false, "windMode": [0,7,7,0] }
									}
								}
							]
						},
						{
							"name": "leaf33",
							"from": [ 0.1771, 0.0, -1.5943 ],
							"to": [ 1.6534, 1.0767, -1.5943 ],
							"rotationOrigin": [ 0.9152, 0.0, -1.5943 ],
							"faces": {
								"north": { "texture": "#lavender", "uv": [ 4.5, 12.5, 7.0, 16.0 ], "autoUv": false, "windMode": [0,7,7,0] }
							},
							"children": [
								{
									"name": "leaf34",
									"from": [ 0.0, 0.0, 2.0E-4 ],
									"to": [ 1.4762, 1.0767, 2.0E-4 ],
									"rotationOrigin": [ 0.7381, 0.0, 0.0 ],
									"rotationY": 89.9802,
									"faces": {
										"north": { "texture": "#lavender", "uv": [ 7.5, 12.5, 10.0, 16.0 ], "autoUv": false, "windMode": [0,7,7,0] }
									}
								}
							]
						},
						{
							"name": "leaf35",
							"from": [ -0.5905, 0.0, -1.9486 ],
							"to": [ 0.8857, 0.9867, -1.9486 ],
							"rotationOrigin": [ 0.1476, 0.0, -1.9486 ],
							"rotationY": 45.0,
							"faces": {
								"north": { "texture": "#lavender", "uv": [ 4.5, 12.5, 7.0, 16.0 ], "autoUv": false, "windMode": [0,7,7,0] }
							},
							"children": [
								{
									"name": "leaf36",
									"from": [ 0.0, 0.0, 2.0E-4 ],
									"to": [ 1.4762, 0.9867, 2.0E-4 ],
									"rotationOrigin": [ 0.7381, 0.0, 0.0 ],
									"rotationY": 89.9802,
									"faces": {
										"north": { "texture": "#lavender", "uv": [ 7.5, 12.5, 10.0, 16.0 ], "autoUv": false, "windMode": [0,7,7,0] }
									}
								}
							]
						},
						{
							"name": "leaf37",
							"from": [ -1.181, 0.0, -1.1219 ],
							"to": [ 0.2952, 1.0767, -1.1219 ],
							"rotationOrigin": [ -0.4428, 0.0, -1.1219 ],
							"faces": {
								"north": { "texture": "#lavender", "uv": [ 4.5, 12.5, 7.0, 16.0 ], "autoUv": false, "windMode": [0,7,7,0] }
							},
							"children": [
								{
									"name": "leaf38",
									"from": [ 0.0, 0.0, 2.0E-4 ],
									"to": [ 1.4762, 1.0767, 2.0E-4 ],
									"rotationOrigin": [ 0.7381, 0.0, 0.0 ],
									"rotationY": 89.9802,
									"faces": {
										"north": { "texture": "#lavender", "uv": [ 7.5, 12.5, 10.0, 16.0 ], "autoUv": false, "windMode": [0,7,7,0] }
									}
								}
							]
						},
						{
							"name": "leaf39",
							"from": [ -2.1258, 0.0, -0.4133 ],
							"to": [ -0.6495, 0.9867, -0.4133 ],
							"rotationOrigin": [ -1.3876, 0.0, -0.4133 ],
							"faces": {
								"north": { "texture": "#lavender", "uv": [ 4.5, 12.5, 7.0, 16.0 ], "autoUv": false, "windMode": [0,7,7,0] }
							},
							"children": [
								{
									"name": "leaf40",
									"from": [ 0.0, 0.0, 2.0E-4 ],
									"to": [ 1.4762, 0.9867, 2.0E-4 ],
									"rotationOrigin": [ 0.7381, 0.0, 0.0 ],
									"rotationY": 89.9802,
									"faces": {
										"north": { "texture": "#lavender", "uv": [ 7.5, 12.5, 10.0, 16.0 ], "autoUv": false, "windMode": [0,7,7,0] }
									}
								}
							]
						},
						{
							"name": "leaf41",
							"from": [ -2.4801, 0.0, 0.059 ],
							"to": [ -1.0038, 0.9867, 0.059 ],
							"rotationOrigin": [ -1.7419, 0.0, 0.059 ],
							"rotationY": 45.0,
							"faces": {
								"north": { "texture": "#lavender", "uv": [ 4.5, 12.5, 7.0, 16.0 ], "autoUv": false, "windMode": [0,7,7,0] }
							},
							"children": [
								{
									"name": "leaf42",
									"from": [ 0.0, 0.0, 2.0E-4 ],
									"to": [ 1.4762, 0.9867, 2.0E-4 ],
									"rotationOrigin": [ 0.7381, 0.0, 0.0 ],
									"rotationY": 89.9802,
									"faces": {
										"north": { "texture": "#lavender", "uv": [ 7.5, 12.5, 10.0, 16.0 ], "autoUv": false, "windMode": [0,7,7,0] }
									}
								}
							]
						},
						{
							"name": "leaf43",
							"from": [ -2.1848, 0.0, 0.7676 ],
							"to": [ -0.7086, 1.0767, 0.7676 ],
							"rotationOrigin": [ -1.4467, 0.0, 0.7676 ],
							"faces": {
								"north": { "texture": "#lavender", "uv": [ 4.5, 12.5, 7.0, 16.0 ], "autoUv": false, "windMode": [0,7,7,0] }
							},
							"children": [
								{
									"name": "leaf44",
									"from": [ 0.0, 0.0, 2.0E-4 ],
									"to": [ 1.4762, 1.0767, 2.0E-4 ],
									"rotationOrigin": [ 0.7381, 0.0, 0.0 ],
									"rotationY": 89.9802,
									"faces": {
										"north": { "texture": "#lavender", "uv": [ 7.5, 12.5, 10.0, 16.0 ], "autoUv": false, "windMode": [0,7,7,0] }
									}
								}
							]
						},
						{
							"name": "leaf45",
							"from": [ -1.2991, 0.0, 1.4762 ],
							"to": [ 0.1771, 0.9867, 1.4762 ],
							"rotationOrigin": [ -0.5609, 0.0, 1.4762 ],
							"faces": {
								"north": { "texture": "#lavender", "uv": [ 4.5, 12.5, 7.0, 16.0 ], "autoUv": false, "windMode": [0,7,7,0] }
							},
							"children": [
								{
									"name": "leaf46",
									"from": [ 0.0, 0.0, 2.0E-4 ],
									"to": [ 1.4762, 0.9867, 2.0E-4 ],
									"rotationOrigin": [ 0.7381, 0.0, 0.0 ],
									"rotationY": 89.9802,
									"faces": {
										"north": { "texture": "#lavender", "uv": [ 7.5, 12.5, 10.0, 16.0 ], "autoUv": false, "windMode": [0,7,7,0] }
									}
								}
							]
						},
						{
							"name": "leaf47",
							"from": [ -0.8267, 0.0, 1.3581 ],
							"to": [ 0.6495, 1.0767, 1.3581 ],
							"rotationOrigin": [ -0.0885, 0.0, 1.3581 ],
							"rotationY": 45.0,
							"faces": {
								"north": { "texture": "#lavender", "uv": [ 4.5, 12.5, 7.0, 16.0 ], "autoUv": false, "windMode": [0,7,7,0] }
							},
							"children": [
								{
									"name": "leaf48",
									"from": [ 0.0, 0.0, 2.0E-4 ],
									"to": [ 1.4762, 1.0767, 2.0E-4 ],
									"rotationOrigin": [ 0.7381, 0.0, 0.0 ],
									"rotationY": 89.9802,
									"faces": {
										"north": { "texture": "#lavender", "uv": [ 7.5, 12.5, 10.0, 16.0 ], "autoUv": false, "windMode": [0,7,7,0] }
									}
								}
							]
						},
						{
							"name": "leaf49",
							"from": [ -0.1181, 0.0, 1.7715 ],
							"to": [ 1.3581, 0.9867, 1.7715 ],
							"rotationOrigin": [ 0.62, 0.0, 1.7715 ],
							"rotationY": 22.5,
							"faces": {
								"north": { "texture": "#lavender", "uv": [ 4.5, 12.5, 7.0, 16.0 ], "autoUv": false, "windMode": [0,7,7,0] }
							},
							"children": [
								{
									"name": "leaf50",
									"from": [ 0.0, 0.0, 2.0E-4 ],
									"to": [ 1.4762, 0.9867, 2.0E-4 ],
									"rotationOrigin": [ 0.7381, 0.0, 0.0 ],
									"rotationY": 89.9802,
									"faces": {
										"north": { "texture": "#lavender", "uv": [ 7.5, 12.5, 10.0, 16.0 ], "autoUv": false, "windMode": [0,7,7,0] }
									}
								}
							]
						}
					]
				},
				{
					"name": "stemgroup",
					"from": [ 0.0, 0.0, 0.0 ],
					"to": [ 0.0, 0.0, 0.0 ],
					"faces": {
					},
					"children": [
						{
							"name": "ste",
							"from": [ 0.5787, 0.0, 1.7302 ],
							"to": [ 0.6673, 1.08, 1.8187 ],
							"rotationOrigin": [ 0.6141, 0.0, 1.7715 ],
							"rotationY": 22.5,
							"faces": {
								"north": { "texture": "#lavender", "uv": [ 0.0, 12.5, 0.5, 16.0 ], "autoUv": false, "windMode": [0,7,7,0] },
								"east": { "texture": "#lavender", "uv": [ 0.0, 12.5, 0.5, 16.0 ], "autoUv": false, "windMode": [0,7,7,0] },
								"south": { "texture": "#lavender", "uv": [ 0.0, 12.5, 0.5, 16.0 ], "autoUv": false, "windMode": [0,0,7,7] },
								"west": { "texture": "#lavender", "uv": [ 0.0, 12.5, 0.5, 16.0 ], "autoUv": false, "windMode": [0,0,7,7] },
								"up": { "texture": "#lavender", "uv": [ 0.0, 0.0, 0.5, 0.5 ], "autoUv": false, "windMode": [7,7,7,7] }
							}
						},
						{
							"name": "ste2",
							"from": [ 1.1042, 0.0, 1.2578 ],
							"to": [ 1.1928, 1.179, 1.3463 ],
							"rotationOrigin": [ 1.1456, 0.0, 1.2991 ],
							"rotationY": 45.0,
							"faces": {
								"north": { "texture": "#lavender", "uv": [ 0.0, 12.0, 0.5, 16.0 ], "autoUv": false, "windMode": [0,7,7,0] },
								"east": { "texture": "#lavender", "uv": [ 0.0, 12.0, 0.5, 16.0 ], "autoUv": false, "windMode": [0,7,7,0] },
								"south": { "texture": "#lavender", "uv": [ 0.0, 12.0, 0.5, 16.0 ], "autoUv": false, "windMode": [0,0,7,7] },
								"west": { "texture": "#lavender", "uv": [ 0.0, 11.5, 0.5, 15.5 ], "autoUv": false, "windMode": [0,0,7,7] },
								"up": { "texture": "#lavender", "uv": [ 0.0, 0.0, 0.5, 0.5 ], "autoUv": false, "windMode": [7,7,7,7] }
							}
						},
						{
							"name": "ste3",
							"from": [ 1.6356, 0.0, 0.4901 ],
							"to": [ 1.7242, 1.107, 0.5787 ],
							"rotationOrigin": [ 1.677, 0.0, 0.5314 ],
							"faces": {
								"north": { "texture": "#lavender", "uv": [ 0.0, 12.5, 0.5, 16.0 ], "autoUv": false, "windMode": [0,7,7,0] },
								"east": { "texture": "#lavender", "uv": [ 0.0, 12.5, 0.5, 16.0 ], "autoUv": false, "windMode": [0,7,7,0] },
								"south": { "texture": "#lavender", "uv": [ 0.0, 12.5, 0.5, 16.0 ], "autoUv": false, "windMode": [0,0,7,7] },
								"west": { "texture": "#lavender", "uv": [ 0.0, 12.5, 0.5, 16.0 ], "autoUv": false, "windMode": [0,0,7,7] },
								"up": { "texture": "#lavender", "uv": [ 0.0, 0.0, 0.5, 0.5 ], "autoUv": false, "windMode": [7,7,7,7] }
							}
						},
						{
							"name": "ste4",
							"from": [ 1.1042, 0.0, 0.1358 ],
							"to": [ 1.1928, 1.143, 0.2244 ],
							"rotationOrigin": [ 1.1456, 0.0, 0.1771 ],
							"faces": {
								"north": { "texture": "#lavender", "uv": [ 0.0, 12.5, 0.5, 16.0 ], "autoUv": false, "windMode": [0,7,7,0] },
								"east": { "texture": "#lavender", "uv": [ 0.0, 12.5, 0.5, 16.0 ], "autoUv": false, "windMode": [0,7,7,0] },
								"south": { "texture": "#lavender", "uv": [ 0.0, 12.5, 0.5, 16.0 ], "autoUv": false, "windMode": [0,0,7,7] },
								"west": { "texture": "#lavender", "uv": [ 0.0, 12.5, 0.5, 16.0 ], "autoUv": false, "windMode": [0,0,7,7] },
								"up": { "texture": "#lavender", "uv": [ 0.0, 0.0, 0.5, 0.5 ], "autoUv": false, "windMode": [7,7,7,7] }
							}
						},
						{
							"name": "ste5",
							"from": [ 1.5766, 0.0, -0.1594 ],
							"to": [ 1.6652, 1.17, -0.0709 ],
							"rotationOrigin": [ 1.618, 0.0, -0.1181 ],
							"rotationY": 45.0,
							"faces": {
								"north": { "texture": "#lavender", "uv": [ 0.0, 12.5, 0.5, 16.0 ], "autoUv": false, "windMode": [0,7,7,0] },
								"east": { "texture": "#lavender", "uv": [ 0.0, 12.5, 0.5, 16.0 ], "autoUv": false, "windMode": [0,7,7,0] },
								"south": { "texture": "#lavender", "uv": [ 0.0, 12.5, 0.5, 16.0 ], "autoUv": false, "windMode": [0,0,7,7] },
								"west": { "texture": "#lavender", "uv": [ 0.0, 12.5, 0.5, 16.0 ], "autoUv": false, "windMode": [0,0,7,7] },
								"up": { "texture": "#lavender", "uv": [ 0.0, 0.0, 0.5, 0.5 ], "autoUv": false, "windMode": [7,7,7,7] }
							}
						},
						{
							"name": "ste6",
							"from": [ 1.4585, 0.0, -0.7558 ],
							"to": [ 1.5471, 1.08, -0.6673 ],
							"rotationOrigin": [ 1.4999, 0.0, -0.7086 ],
							"faces": {
								"north": { "texture": "#lavender", "uv": [ 0.0, 12.5, 0.5, 16.0 ], "autoUv": false, "windMode": [0,7,7,0] },
								"east": { "texture": "#lavender", "uv": [ 0.0, 12.5, 0.5, 16.0 ], "autoUv": false, "windMode": [0,7,7,0] },
								"south": { "texture": "#lavender", "uv": [ 0.0, 12.5, 0.5, 16.0 ], "autoUv": false, "windMode": [0,0,7,7] },
								"west": { "texture": "#lavender", "uv": [ 0.0, 12.5, 0.5, 16.0 ], "autoUv": false, "windMode": [0,0,7,7] },
								"up": { "texture": "#lavender", "uv": [ 0.0, 0.0, 0.5, 0.5 ], "autoUv": false, "windMode": [7,7,7,7] }
							}
						},
						{
							"name": "ste7",
							"from": [ 0.868, 0.0, -0.7499 ],
							"to": [ 0.9566, 1.152, -0.6614 ],
							"rotationOrigin": [ 0.9094, 0.0, -0.7086 ],
							"rotationY": 22.5,
							"faces": {
								"north": { "texture": "#lavender", "uv": [ 0.0, 12.5, 0.5, 16.0 ], "autoUv": false, "windMode": [0,7,7,0] },
								"east": { "texture": "#lavender", "uv": [ 0.0, 12.5, 0.5, 16.0 ], "autoUv": false, "windMode": [0,7,7,0] },
								"south": { "texture": "#lavender", "uv": [ 0.0, 12.5, 0.5, 16.0 ], "autoUv": false, "windMode": [0,0,7,7] },
								"west": { "texture": "#lavender", "uv": [ 0.0, 12.5, 0.5, 16.0 ], "autoUv": false, "windMode": [0,0,7,7] },
								"up": { "texture": "#lavender", "uv": [ 0.0, 0.0, 0.5, 0.5 ], "autoUv": false, "windMode": [7,7,7,7] }
							}
						},
						{
							"name": "ste8",
							"from": [ 1.3994, 0.0, -1.3404 ],
							"to": [ 1.4881, 1.125, -1.2519 ],
							"rotationOrigin": [ 1.4408, 0.0, -1.2991 ],
							"rotationY": 45.0,
							"faces": {
								"north": { "texture": "#lavender", "uv": [ 0.0, 12.5, 0.5, 16.0 ], "autoUv": false, "windMode": [0,7,7,0] },
								"east": { "texture": "#lavender", "uv": [ 0.0, 12.5, 0.5, 16.0 ], "autoUv": false, "windMode": [0,7,7,0] },
								"south": { "texture": "#lavender", "uv": [ 0.0, 12.5, 0.5, 16.0 ], "autoUv": false, "windMode": [0,0,7,7] },
								"west": { "texture": "#lavender", "uv": [ 0.0, 12.5, 0.5, 16.0 ], "autoUv": false, "windMode": [0,0,7,7] },
								"up": { "texture": "#lavender", "uv": [ 0.0, 0.0, 0.5, 0.5 ], "autoUv": false, "windMode": [7,7,7,7] }
							}
						},
						{
							"name": "ste9",
							"from": [ 0.868, 0.0, -1.6356 ],
							"to": [ 0.9566, 1.179, -1.5471 ],
							"rotationOrigin": [ 0.9094, 0.0, -1.5943 ],
							"faces": {
								"north": { "texture": "#lavender", "uv": [ 0.0, 12.0, 0.5, 16.0 ], "autoUv": false, "windMode": [0,7,7,0] },
								"east": { "texture": "#lavender", "uv": [ 0.0, 12.0, 0.5, 16.0 ], "autoUv": false, "windMode": [0,7,7,0] },
								"south": { "texture": "#lavender", "uv": [ 0.0, 12.0, 0.5, 16.0 ], "autoUv": false, "windMode": [0,0,7,7] },
								"west": { "texture": "#lavender", "uv": [ 0.0, 12.0, 0.5, 16.0 ], "autoUv": false, "windMode": [0,0,7,7] },
								"up": { "texture": "#lavender", "uv": [ 0.0, 0.0, 0.5, 0.5 ], "autoUv": false, "windMode": [7,7,7,7] }
							}
						},
						{
							"name": "ste10",
							"from": [ 0.1004, 0.0, -1.9899 ],
							"to": [ 0.189, 1.053, -1.9014 ],
							"rotationOrigin": [ 0.1417, 0.0, -1.9486 ],
							"rotationY": 45.0,
							"faces": {
								"north": { "texture": "#lavender", "uv": [ 0.0, 12.5, 0.5, 16.0 ], "autoUv": false, "windMode": [0,7,7,0] },
								"east": { "texture": "#lavender", "uv": [ 0.0, 12.5, 0.5, 16.0 ], "autoUv": false, "windMode": [0,7,7,0] },
								"south": { "texture": "#lavender", "uv": [ 0.0, 12.5, 0.5, 16.0 ], "autoUv": false, "windMode": [0,0,7,7] },
								"west": { "texture": "#lavender", "uv": [ 0.0, 12.5, 0.5, 16.0 ], "autoUv": false, "windMode": [0,0,7,7] },
								"up": { "texture": "#lavender", "uv": [ 0.0, 0.0, 0.5, 0.5 ], "autoUv": false, "windMode": [7,7,7,7] }
							}
						},
						{
							"name": "ste11",
							"from": [ 0.2775, 0.0, -1.1042 ],
							"to": [ 0.3661, 1.107, -1.0157 ],
							"rotationOrigin": [ 0.3189, 0.0, -1.0629 ],
							"rotationY": 22.5,
							"faces": {
								"north": { "texture": "#lavender", "uv": [ 0.0, 12.5, 0.5, 16.0 ], "autoUv": false, "windMode": [0,7,7,0] },
								"east": { "texture": "#lavender", "uv": [ 0.0, 12.5, 0.5, 16.0 ], "autoUv": false, "windMode": [0,7,7,0] },
								"south": { "texture": "#lavender", "uv": [ 0.0, 12.5, 0.5, 16.0 ], "autoUv": false, "windMode": [0,0,7,7] },
								"west": { "texture": "#lavender", "uv": [ 0.0, 12.5, 0.5, 16.0 ], "autoUv": false, "windMode": [0,0,7,7] },
								"up": { "texture": "#lavender", "uv": [ 0.0, 0.0, 0.5, 0.5 ], "autoUv": false, "windMode": [7,7,7,7] }
							}
						},
						{
							"name": "ste12",
							"from": [ 0.2185, 0.0, -0.1004 ],
							"to": [ 0.3071, 1.179, -0.0118 ],
							"rotationOrigin": [ 0.2598, 0.0, -0.059 ],
							"faces": {
								"north": { "texture": "#lavender", "uv": [ 0.0, 12.0, 0.5, 16.0 ], "autoUv": false, "windMode": [0,7,7,0] },
								"east": { "texture": "#lavender", "uv": [ 0.0, 12.0, 0.5, 16.0 ], "autoUv": false, "windMode": [0,7,7,0] },
								"south": { "texture": "#lavender", "uv": [ 0.0, 12.0, 0.5, 16.0 ], "autoUv": false, "windMode": [0,0,7,7] },
								"west": { "texture": "#lavender", "uv": [ 0.0, 12.0, 0.5, 16.0 ], "autoUv": false, "windMode": [0,0,7,7] },
								"up": { "texture": "#lavender", "uv": [ 0.0, 0.0, 0.5, 0.5 ], "autoUv": false, "windMode": [7,7,7,7] }
							}
						},
						{
							"name": "ste13",
							"from": [ 0.4547, 0.0, 0.6673 ],
							"to": [ 0.5433, 1.107, 0.7558 ],
							"rotationOrigin": [ 0.496, 0.0, 0.7086 ],
							"rotationY": 22.5,
							"faces": {
								"north": { "texture": "#lavender", "uv": [ 0.0, 12.5, 0.5, 16.0 ], "autoUv": false, "windMode": [0,7,7,0] },
								"east": { "texture": "#lavender", "uv": [ 0.0, 12.5, 0.5, 16.0 ], "autoUv": false, "windMode": [0,7,7,0] },
								"south": { "texture": "#lavender", "uv": [ 0.0, 12.5, 0.5, 16.0 ], "autoUv": false, "windMode": [0,0,7,7] },
								"west": { "texture": "#lavender", "uv": [ 0.0, 12.5, 0.5, 16.0 ], "autoUv": false, "windMode": [0,0,7,7] },
								"up": { "texture": "#lavender", "uv": [ 0.0, 0.0, 0.5, 0.5 ], "autoUv": false, "windMode": [7,7,7,7] }
							}
						},
						{
							"name": "ste14",
							"from": [ 0.2775, 0.0, 0.9625 ],
							"to": [ 0.3661, 1.035, 1.0511 ],
							"rotationOrigin": [ 0.3189, 0.0, 1.0038 ],
							"faces": {
								"north": { "texture": "#lavender", "uv": [ 0.0, 12.5, 0.5, 16.0 ], "autoUv": false, "windMode": [0,7,7,0] },
								"east": { "texture": "#lavender", "uv": [ 0.0, 12.5, 0.5, 16.0 ], "autoUv": false, "windMode": [0,7,7,0] },
								"south": { "texture": "#lavender", "uv": [ 0.0, 12.5, 0.5, 16.0 ], "autoUv": false, "windMode": [0,0,7,7] },
								"west": { "texture": "#lavender", "uv": [ 0.0, 12.5, 0.5, 16.0 ], "autoUv": false, "windMode": [0,0,7,7] },
								"up": { "texture": "#lavender", "uv": [ 0.0, 0.0, 0.5, 0.5 ], "autoUv": false, "windMode": [7,7,7,7] }
							}
						},
						{
							"name": "ste15",
							"from": [ -0.1358, 0.0, 1.3168 ],
							"to": [ -0.0472, 1.179, 1.4053 ],
							"rotationOrigin": [ -0.0944, 0.0, 1.3581 ],
							"rotationY": 45.0,
							"faces": {
								"north": { "texture": "#lavender", "uv": [ 0.0, 12.0, 0.5, 16.0 ], "autoUv": false, "windMode": [0,7,7,0] },
								"east": { "texture": "#lavender", "uv": [ 0.0, 12.0, 0.5, 16.0 ], "autoUv": false, "windMode": [0,7,7,0] },
								"south": { "texture": "#lavender", "uv": [ 0.0, 12.0, 0.5, 16.0 ], "autoUv": false, "windMode": [0,0,7,7] },
								"west": { "texture": "#lavender", "uv": [ 0.0, 12.0, 0.5, 16.0 ], "autoUv": false, "windMode": [0,0,7,7] },
								"up": { "texture": "#lavender", "uv": [ 0.0, 0.0, 0.5, 0.5 ], "autoUv": false, "windMode": [7,7,7,7] }
							}
						},
						{
							"name": "ste16",
							"from": [ -0.6023, 0.0, 1.429 ],
							"to": [ -0.5137, 1.143, 1.5175 ],
							"rotationOrigin": [ -0.5668, 0.0, 1.4762 ],
							"faces": {
								"north": { "texture": "#lavender", "uv": [ 0.0, 12.5, 0.5, 16.0 ], "autoUv": false, "windMode": [0,7,7,0] },
								"east": { "texture": "#lavender", "uv": [ 0.0, 12.5, 0.5, 16.0 ], "autoUv": false, "windMode": [0,7,7,0] },
								"south": { "texture": "#lavender", "uv": [ 0.0, 12.5, 0.5, 16.0 ], "autoUv": false, "windMode": [0,0,7,7] },
								"west": { "texture": "#lavender", "uv": [ 0.0, 12.5, 0.5, 16.0 ], "autoUv": false, "windMode": [0,0,7,7] },
								"up": { "texture": "#lavender", "uv": [ 0.0, 0.0, 0.5, 0.5 ], "autoUv": false, "windMode": [7,7,7,7] }
							}
						},
						{
							"name": "ste17",
							"from": [ -0.8976, 0.0, 0.9625 ],
							"to": [ -0.8089, 1.089, 1.0511 ],
							"rotationOrigin": [ -0.8621, 0.0, 1.0038 ],
							"rotationY": 45.0,
							"faces": {
								"north": { "texture": "#lavender", "uv": [ 0.0, 12.5, 0.5, 16.0 ], "autoUv": false, "windMode": [0,7,7,0] },
								"east": { "texture": "#lavender", "uv": [ 0.0, 12.5, 0.5, 16.0 ], "autoUv": false, "windMode": [0,7,7,0] },
								"south": { "texture": "#lavender", "uv": [ 0.0, 12.5, 0.5, 16.0 ], "autoUv": false, "windMode": [0,0,7,7] },
								"west": { "texture": "#lavender", "uv": [ 0.0, 12.5, 0.5, 16.0 ], "autoUv": false, "windMode": [0,0,7,7] },
								"up": { "texture": "#lavender", "uv": [ 0.0, 0.0, 0.5, 0.5 ], "autoUv": false, "windMode": [7,7,7,7] }
							}
						},
						{
							"name": "ste18",
							"from": [ -1.4881, 0.0, 0.7263 ],
							"to": [ -1.3994, 1.179, 0.8149 ],
							"rotationOrigin": [ -1.4526, 0.0, 0.7676 ],
							"faces": {
								"north": { "texture": "#lavender", "uv": [ 0.0, 12.0, 0.5, 16.0 ], "autoUv": false, "windMode": [0,7,7,0] },
								"east": { "texture": "#lavender", "uv": [ 0.0, 12.0, 0.5, 16.0 ], "autoUv": false, "windMode": [0,7,7,0] },
								"south": { "texture": "#lavender", "uv": [ 0.0, 12.0, 0.5, 16.0 ], "autoUv": false, "windMode": [0,0,7,7] },
								"west": { "texture": "#lavender", "uv": [ 0.0, 12.0, 0.5, 16.0 ], "autoUv": false, "windMode": [0,0,7,7] },
								"up": { "texture": "#lavender", "uv": [ 0.0, 0.0, 0.5, 0.5 ], "autoUv": false, "windMode": [7,7,7,7] }
							}
						},
						{
							"name": "ste19",
							"from": [ -0.3661, 0.0, 0.372 ],
							"to": [ -0.2775, 1.26, 0.4606 ],
							"rotationOrigin": [ -0.3306, 0.0, 0.4133 ],
							"faces": {
								"north": { "texture": "#lavender", "uv": [ 0.0, 12.5, 0.5, 16.0 ], "autoUv": false, "windMode": [0,7,7,0] },
								"east": { "texture": "#lavender", "uv": [ 0.0, 12.5, 0.5, 16.0 ], "autoUv": false, "windMode": [0,7,7,0] },
								"south": { "texture": "#lavender", "uv": [ 0.0, 12.5, 0.5, 16.0 ], "autoUv": false, "windMode": [0,0,7,7] },
								"west": { "texture": "#lavender", "uv": [ 0.0, 12.5, 0.5, 16.0 ], "autoUv": false, "windMode": [0,0,7,7] },
								"up": { "texture": "#lavender", "uv": [ 0.0, 0.0, 0.5, 0.5 ], "autoUv": false, "windMode": [7,7,7,7] }
							}
						},
						{
							"name": "ste20",
							"from": [ -0.8976, 0.0, -0.1653 ],
							"to": [ -0.8089, 1.188, -0.0768 ],
							"rotationOrigin": [ -0.8621, 0.0, -0.1181 ],
							"rotationY": 22.5,
							"faces": {
								"north": { "texture": "#lavender", "uv": [ 0.0, 12.0, 0.5, 16.0 ], "autoUv": false, "windMode": [0,7,7,0] },
								"east": { "texture": "#lavender", "uv": [ 0.0, 12.0, 0.5, 16.0 ], "autoUv": false, "windMode": [0,7,7,0] },
								"south": { "texture": "#lavender", "uv": [ 0.0, 12.0, 0.5, 16.0 ], "autoUv": false, "windMode": [0,0,7,7] },
								"west": { "texture": "#lavender", "uv": [ 0.0, 12.0, 0.5, 16.0 ], "autoUv": false, "windMode": [0,0,7,7] },
								"up": { "texture": "#lavender", "uv": [ 0.0, 0.0, 0.5, 0.5 ], "autoUv": false, "windMode": [7,7,7,7] }
							}
						},
						{
							"name": "ste21",
							"from": [ -1.7892, 0.0, 0.0177 ],
							"to": [ -1.7006, 1.134, 0.1063 ],
							"rotationOrigin": [ -1.7478, 0.0, 0.059 ],
							"rotationY": 45.0,
							"faces": {
								"north": { "texture": "#lavender", "uv": [ 0.0, 12.5, 0.5, 16.0 ], "autoUv": false, "windMode": [0,7,7,0] },
								"east": { "texture": "#lavender", "uv": [ 0.0, 12.5, 0.5, 16.0 ], "autoUv": false, "windMode": [0,7,7,0] },
								"south": { "texture": "#lavender", "uv": [ 0.0, 12.5, 0.5, 16.0 ], "autoUv": false, "windMode": [0,0,7,7] },
								"west": { "texture": "#lavender", "uv": [ 0.0, 12.5, 0.5, 16.0 ], "autoUv": false, "windMode": [0,0,7,7] },
								"up": { "texture": "#lavender", "uv": [ 0.0, 0.0, 0.5, 0.5 ], "autoUv": false, "windMode": [7,7,7,7] }
							}
						},
						{
							"name": "ste22",
							"from": [ -1.4349, 0.0, -0.4606 ],
							"to": [ -1.3463, 1.107, -0.372 ],
							"rotationOrigin": [ -1.3935, 0.0, -0.4133 ],
							"faces": {
								"north": { "texture": "#lavender", "uv": [ 0.0, 12.5, 0.5, 16.0 ], "autoUv": false, "windMode": [0,7,7,0] },
								"east": { "texture": "#lavender", "uv": [ 0.0, 12.5, 0.5, 16.0 ], "autoUv": false, "windMode": [0,7,7,0] },
								"south": { "texture": "#lavender", "uv": [ 0.0, 12.5, 0.5, 16.0 ], "autoUv": false, "windMode": [0,0,7,7] },
								"west": { "texture": "#lavender", "uv": [ 0.0, 12.5, 0.5, 16.0 ], "autoUv": false, "windMode": [0,0,7,7] },
								"up": { "texture": "#lavender", "uv": [ 0.0, 0.0, 0.5, 0.5 ], "autoUv": false, "windMode": [7,7,7,7] }
							}
						},
						{
							"name": "ste23",
							"from": [ -0.5433, 0.0, -0.5196 ],
							"to": [ -0.4547, 1.08, -0.4311 ],
							"rotationOrigin": [ -0.5078, 0.0, -0.4724 ],
							"rotationY": 22.5,
							"faces": {
								"north": { "texture": "#lavender", "uv": [ 0.0, 12.5, 0.5, 16.0 ], "autoUv": false, "windMode": [0,7,7,0] },
								"east": { "texture": "#lavender", "uv": [ 0.0, 12.5, 0.5, 16.0 ], "autoUv": false, "windMode": [0,7,7,0] },
								"south": { "texture": "#lavender", "uv": [ 0.0, 12.5, 0.5, 16.0 ], "autoUv": false, "windMode": [0,0,7,7] },
								"west": { "texture": "#lavender", "uv": [ 0.0, 12.5, 0.5, 16.0 ], "autoUv": false, "windMode": [0,0,7,7] },
								"up": { "texture": "#lavender", "uv": [ 0.0, 0.0, 0.5, 0.5 ], "autoUv": false, "windMode": [7,7,7,7] }
							}
						},
						{
							"name": "ste24",
							"from": [ -0.4842, 0.0, -1.1632 ],
							"to": [ -0.3956, 1.179, -1.0747 ],
							"rotationOrigin": [ -0.4487, 0.0, -1.1219 ],
							"faces": {
								"north": { "texture": "#lavender", "uv": [ 0.0, 12.0, 0.5, 16.0 ], "autoUv": false, "windMode": [0,7,7,0] },
								"east": { "texture": "#lavender", "uv": [ 0.0, 12.0, 0.5, 16.0 ], "autoUv": false, "windMode": [0,7,7,0] },
								"south": { "texture": "#lavender", "uv": [ 0.0, 12.0, 0.5, 16.0 ], "autoUv": false, "windMode": [0,0,7,7] },
								"west": { "texture": "#lavender", "uv": [ 0.0, 12.0, 0.5, 16.0 ], "autoUv": false, "windMode": [0,0,7,7] },
								"up": { "texture": "#lavender", "uv": [ 0.0, 0.0, 0.5, 0.5 ], "autoUv": false, "windMode": [7,7,7,7] }
							}
						},
						{
							"name": "ste25",
							"from": [ -1.2578, 0.0, -1.1042 ],
							"to": [ -1.1692, 1.053, -1.0157 ],
							"rotationOrigin": [ -1.2164, 0.0, -1.0629 ],
							"rotationY": 45.0,
							"faces": {
								"north": { "texture": "#lavender", "uv": [ 0.0, 12.5, 0.5, 16.0 ], "autoUv": false, "windMode": [0,7,7,0] },
								"east": { "texture": "#lavender", "uv": [ 0.0, 12.5, 0.5, 16.0 ], "autoUv": false, "windMode": [0,7,7,0] },
								"south": { "texture": "#lavender", "uv": [ 0.0, 12.5, 0.5, 16.0 ], "autoUv": false, "windMode": [0,0,7,7] },
								"west": { "texture": "#lavender", "uv": [ 0.0, 12.5, 0.5, 16.0 ], "autoUv": false, "windMode": [0,0,7,7] },
								"up": { "texture": "#lavender", "uv": [ 0.0, 0.0, 0.5, 0.5 ], "autoUv": false, "windMode": [7,7,7,7] }
							}
						}
					]
				}
			]
		}
	]}