{
	"enabled": false,
	"code": "woodenhorse",
	"class": "EntityAgent",
	"fallDamageMultiplierByType": { "*-baby-*" :0.0},
	"variantgroups": [
		{ "code": "wood","states": [ "oak", "ebony", "acacia"]},
		{ "code": "pose","states": [ "idling","sitting","galloping","charging","jumping"]}
	],
	"hitBoxSizeByType": {
		"*": { "x": 1.0, "y": 1.5,"z": 3.0 }
	},
	"deadhitBoxSizeByType": {
		"*": { "x": 2.0, "y": 1.5 }
	},
	"eyeHeightByType": {
		"*": 1.5
	},
	"attributes": {
		"tamedByType": { "*": true },
		"killedByInfoText": "deadcreature-killed",
		"basketCatchable": true,
		"trapChanceByType": { "*": 0.0 },
		"trapDestroyChanceByType": {
			"*": 0.99
		},
		"minGenerationToAllowHealing": 0,
		"creatureDiet": {
		},
		"handbook": {
			"groupcode": "creaturegroup-woodenhorse"
		},
		"rightClickPickupByType": {
			"": true	}
	},
	"behaviorConfigs": {
		"controlledphysics": { 
			"stepHeight": 3.1251,
			"stepUpSpeed": 0.2
		},
		"floatupwhenstuck": { "onlyWhenDead": true },
		"rideableaccessories": {
			"wearableSlots": [
				{ "code": "head-ferus", "forCategoryCodes": ["bridle", "unicornbridle", "tackbridle"], "attachmentPointCode": "HeadAP","stepParentTo": { "": { "elementName": "Head" } } }, 
				{ "code": "middleback-ferus", "forCategoryCodes": ["saddle", "unicornsaddle", "tacksaddle"], "attachmentPointCode": "MidAP","stepParentTo": { "": { "elementName": "MidStorage" } } },
				{ "code": "middlebackunder-ferus", "forCategoryCodes": ["blanket", "tackblanket", "tackcaparison"], "attachmentPointCode": "MidUnderAP", "stepParentTo": { "": { "elementName": "MidUnderStorage" } } },
				{ "code": "lowerbackside-ferus", "forCategoryCodes": ["sidebags"], "attachmentPointCode": "RearSideAP", "stepParentTo": { "": { "elementName": "RearSideStorage" } } },
				{ "code": "neck-ferus", "forCategoryCodes": ["lantern"], "attachmentPointCode": "NeckAP", "stepParentTo": { "": { "elementName": "NeckStorage" } } },
				{ "code": "lowerback-ferus", "forCategoryCodes": ["bedroll"], "attachmentPointCode": "RearAP", "stepParentTo": { "": { "elementName": "RearStorage" } } },
				{ "code": "face-ferus", "forCategoryCodes": ["face"], "attachmentPointCode": "FaceAP", "stepParentTo": { "": { "elementName": "FaceStorage" } } },
				{ "code": "hoof-ferus", "forCategoryCodes": ["tackhorseshoes"], "attachmentPointCode": "HoofAP", "stepParentTo": { "": { "elementName": "HoofStorage" } } }
			]},
		"selectionboxes": {
			"selectionBoxes": ["HeadAP","MidAP","MidUnderAP","RearSideAP","NeckAP", "RearAP","FaceAP"]
		},
		"jaunt:gait": {
			"idleGait": "idle",
			"gaits": [
				{
					"code": "walkback",
					"movespeedByType": {
						"*-ferus": 0.013
					},
					"backwards": true,
					"turnRadius": 3.5,
					"staminaCost": 0.0,
					"sound": "game:creature/hooved/trot",
					"iconTexture": "equus:hud/walkback.svg"
				},
				{
					"code": "idle",
					"turnRadius": 4,
					"iconTexture": "equus:hud/idle.svg"
				},
				{
					"code": "walk",
					"movespeedByType": {
						"*-ferus": 0.013
					},
					"turnRadius": 3.5,
					"staminaCost": 0.0,
					"sound": "game:creature/hooved/trot",
					"iconTexture": "equus:hud/walk.svg"
				},
				{
					"code": "trot",
					"movespeedByType": {
						"*-ferus": 0.036
					},
					"turnRadius": 3,
					"staminaCost": 0.0,
					"fallbackGaitCode": "walk",
					"sound": "game:creature/hooved/trot",
					"iconTexture": "equus:hud/trot.svg"
				},
				{
					"code": "canter",
					"movespeedByType": {
						"*-ferus": 0.08475
					},
					"turnRadius": 2,
					"staminaCost": 0.0,
					"fallbackGaitCode": "trot",
					"sound": "game:creature/hooved/trot",
					"iconTexture": "equus:hud/canter.svg"
				},
				{
					"code": "gallop",
					"movespeedByType": {
						"*-ferus": 0.16
					},
					"turnRadius": 1.5,
					"staminaCost": 0.2,
					"fallbackGaitCode": "canter",
					"sound": "game:creature/hooved/gallop",
					"iconTexture": "equus:hud/gallop.svg"
				},
				{
					"code": "jump",
					"movespeedByType": {
						"*-ferus": 0.013
					},
					"turnRadius": 3.5,
					"staminaCost": 0.0,
					"sound": "game:creature/hooved/trot"
				},
				{
					"code": "swim",
					"movespeedByType": {
						"*-ferus": 0.02
					},
					"turnRadius": 3.5
				}
			]
		},
		"jaunt:rideable": {
			"interactMountAnySeat": true,
			"seats": [
				{ "apName": "Rider", "selectionBox": "MidAP", "bodyYawLimit": 0.2, "controllable": true,
					"mountOffsetByType": {"*adult-female-ferus": { "x":-0.1,"y":-0.4,"z":0}, 
					"*adult-male-ferus":{"x":-0.1,"y":-0.3,"z":0},
					"*": { "x":0,"y":-0.5,"z":0}}}
			],			
			"rideableGaitOrder": ["walkback", "idle", "walk", "trot", "canter", "gallop"],
			"controls": {
				"idle": {
					"weight": 1,
					"animationByType": {
						"*idle*": "Idle",
						"*sit*": "sit",
						"*gallop*": "gallop"
					},
					"riderAnim": {
						"animation": "rideelk-idle",
						"animationSpeed": 1,
						"weight": 1,
						"withFpVariant": true,
						"blendMode": "Average",
						"elementWeight": {
							"LowerTorso": 80,
							"UpperTorso": 80,
							"UpperFootR": 80,
							"UpperFootL": 80,
							"LowerFootR": 80,
							"LowerFootL": 80
						},
						"elementBlendMode": {
							"LowerTorso": "Average",
							"UpperTorso": "Average",
							"UpperFootR": "Average",
							"UpperFootL": "Average",
							"LowerFootR": "Average",
							"LowerFootL": "Average"
						}
					}
				},
				"swim": {
					"moveSpeedMultiplier": 1,
					"animation": "Swim",
					"animationSpeed": 1,
					"weight": 10,
					"blendMode": "Average",
					"riderAnim": {
						"animation": "rideelk-walk",
						"animationSpeed": 1,
						"weight": 1,
						"withFpVariant": true,
						"blendMode": "Average", 
						"elementWeight": {
							"LowerTorso": 80,
							"UpperTorso": 80,
							"UpperFootR": 80,
							"UpperFootL": 80,
							"LowerFootR": 80,
							"LowerFootL": 80
						},
						"elementBlendMode": {
							"LowerTorso": "Average",
							"UpperTorso": "Average",
							"UpperFootR": "Average",
							"UpperFootL": "Average",
							"LowerFootR": "Average",
							"LowerFootL": "Average"
						}
					}
				},
				"walk": {
					"moveSpeedMultiplier": 1,
					"animation": "Walk",
					"weight": 10,
					"animationSpeedByType": {
						"*-ferus": 1.125,
						"*": 1.125
					},
					"blendMode": "Average",
					"riderAnim": {
						"animation": "rideelk-walk",
						"animationSpeed": 1,
						"weight": 1,
						"withFpVariant": true,
						"blendMode": "Average", 
						"elementWeight": {
							"LowerTorso": 80,
							"UpperTorso": 80,
							"UpperFootR": 80,
							"UpperFootL": 80,
							"LowerFootR": 80,
							"LowerFootL": 80
						},
						"elementBlendMode": {
							"LowerTorso": "Average",
							"UpperTorso": "Average",
							"UpperFootR": "Average",
							"UpperFootL": "Average",
							"LowerFootR": "Average",
							"LowerFootL": "Average"
						}
					}
				},
				"trot": {
					"moveSpeedMultiplier": 0.98,
					"animation": "Trot",
					"weight": 10,
					"animationSpeedByType": {
						"*-ferus": 2.5,
						"*": 2.5
					},
					"blendMode": "Average",
					"riderAnim": {
						"animation": "rideelk-walk",
						"animationSpeed": 1,
						"weight": 1,
						"withFpVariant": true,
						"blendMode": "Average", 
						"elementWeight": {
							"LowerTorso": 80,
							"UpperTorso": 80,
							"UpperFootR": 80,
							"UpperFootL": 80,
							"LowerFootR": 80,
							"LowerFootL": 80
						},
						"elementBlendMode": {
							"LowerTorso": "Average",
							"UpperTorso": "Average",
							"UpperFootR": "Average",
							"UpperFootL": "Average",
							"LowerFootR": "Average",
							"LowerFootL": "Average"
						}
					}
				},
				"walkback": {
					"moveSpeedMultiplier": 1,
					"animation": "walkback",
					"weight": 10,
					"animationSpeedByType": {
						"*-ferus": 1.125,
						"*": 1.125
					},
					"easeInSpeed": 1,
					"easeOutSpeed": 3,
					"blendMode": "Average",
					"riderAnim": {
						"animation": "rideelk-walk",
						"animationSpeed": 1,
						"weight": 1,
						"withFpVariant": true,
						"blendMode": "Average", 
						"elementWeight": {
							"LowerTorso": 80,
							"UpperTorso": 80,
							"UpperFootR": 80,
							"UpperFootL": 80,
							"LowerFootR": 80,
							"LowerFootL": 80
						},
						"elementBlendMode": {
							"LowerTorso": "Average",
							"UpperTorso": "Average",
							"UpperFootR": "Average",
							"UpperFootL": "Average",
							"LowerFootR": "Average",
							"LowerFootL": "Average"
						}
					}
				},
				"canter": {
					"moveSpeedMultiplier": 0.85,
					"animation": "Canter",
					"weight": 10,
					"animationSpeedByType": {
						"*-ferus": 2.2,
						"*": 2.2
					},
					"blendMode": "Average",
					"riderAnim": {
						"animation": "rideelk-run",
						"animationSpeed": 1,
						"weight": 1,
						"withFpVariant": true,
						"blendMode": "Average",
						"elementWeight": {
							"LowerTorso": 80,
							"UpperTorso": 80,
							"UpperFootR": 80,
							"UpperFootL": 80,
							"LowerFootR": 80,
							"LowerFootL": 80
						},
						"elementBlendMode": {
							"LowerTorso": "Average",
							"UpperTorso": "Average",
							"UpperFootR": "Average",
							"UpperFootL": "Average",
							"LowerFootR": "Average",
							"LowerFootL": "Average"
						}
					}
				},
				"gallop": {
					"moveSpeedMultiplier": 0.75,
					"animation": "Gallop",
					"easeOutSpeed": 4,
					"weight": 10,
					"animationSpeedByType": {
						"*-ferus": 3.1,
						"*": 3
					},
					"blendMode": "Average",
					"riderAnim": {
						"animation": "rideelk-run",
						"animationSpeed": 2,
						"weight": 1,
						"withFpVariant": true,
						"blendMode": "Average", 
						"elementWeight": {
							"LowerTorso": 80,
							"UpperTorso": 80,
							"UpperFootR": 80,
							"UpperFootL": 80,
							"LowerFootR": 80,
							"LowerFootL": 80
						},
						"elementBlendMode": {
							"LowerTorso": "Average",
							"UpperTorso": "Average",
							"UpperFootR": "Average",
							"UpperFootL": "Average",
							"LowerFootR": "Average",
							"LowerFootL": "Average"
						}
					}
				},
				"jump": {
					"moveSpeedMultiplier": 1,
					"animation": "Jump",
					"weight": 100,
					"blendMode": "Average",
					"animationSpeed": 1.4,
					"easeOutSpeed": 40,
					"easeInSpeed": 40,
					"riderAnim": {
						"animation": "rideelk-jump",
						"animationSpeed": 1,
						"weight": 10,
						"withFpVariant": true,
						"blendMode": "Average", 
						"elementWeight": {
							"LowerTorso": 160,
							"UpperTorso": 160,
							"UpperFootR": 160,
							"UpperFootL": 160,
							"LowerFootR": 160,
							"LowerFootL": 160
						},
						"elementBlendMode": {
							"LowerTorso": "Average",
							"UpperTorso": "Average",
							"UpperFootR": "Average",
							"UpperFootL": "Average",
							"LowerFootR": "Average",
							"LowerFootL": "Average"
						}
					}
				}
			}
		},
		"jaunt:stamina": {
			"maxStamina": 100,
			"sprintFatigue": 0.2,
			"swimFatigue": 0.2,
			"baseFatigueRate": 1,
			"exhaustionThreshold": 0.5,
			"staminaRegenRate": 1,
			"regenPenaltyWounded": 0.5,
			"regenPenaltyMounted": 0.3
		},
		"health": {
			"currenthealthByType": {
					"*-adult-female-ferus": 32,"*-adult-male-ferus": 34,"*-baby-*-ferus": 15
			},
			"maxhealthByType": {
					"*-adult-female-ferus": 32,"*-adult-male-ferus": 34,"*-baby-*-ferus": 15
			}
		},
		"ownable": {
			"groupCode": "ferus"
		},
	"drops": []
	},
	"client": {
		"renderer": "Shape",
		"shapeByType": {
			"*": { "base": "entity/ferus-adult"}
		},
		"texturesByType": {
			"*": {
				"oak-h": { "base": "game:block/wood/bark/{wood}-h" },
				"oak": { "base": "game:block/wood/debarked/{wood}" },
				"temporalgear": { "base": "game:item/resource/temporalgear" }
			}
		},
		"sizeByType": {
			"*": 1
		},
		"behaviors": [
			{ "code": "repulseagents" },
			{ "code": "controlledphysics","stepHeight": 3.1251},
			{ "code": "floatupwhenstuck","onlyWhenDead": true},
			{ "code": "interpolateposition" },
			{ "code": "health" },
			{ "code": "harvestable","quantitySlots": 8},
			{ "code": "rideableaccessories", "enabledByType": { "*": true }},
			{ "code": "jaunt:rideable", "enabledByType": { "*": true }},
			{ "code": "selectionboxes", "enabledByType": { "*": true }},
			{ "code": "ropetieable" },
			{ "code": "jaunt:gait" },
			{ "code": "jaunt:stamina" }
		],
		"animations": [
			{ "code": "attack","animation": "Attack","animationSpeed": 1.2,"weight": 10,"blendMode": "AddAverage"},
			{ "code": "buck", "animation": "Buck", "animationSpeed": 1.2, "weight": 100, "blendMode": "AddAverage"},
			{ "code": "canter","animation": "Canter","easeInSpeed": 4,"easeOutSpeed": 4,"supressDefaultAnimation": true,"blendMode": "Average"},
			{ "code": "charge","animation": "Charging","easeInSpeed": 10,"easeOutSpeed": 2,"animationSpeed": 1,"weight": 10,"blendMode": "Average"},
			{ "code": "dead","animation": "dead","weight": 10,"blendMode": "Average"},
			{ "code": "die","animation": "Die","animationSpeed": 0.75,"weight": 10,"blendMode": "Average","triggeredBy": { "onControls": [ "dead" ] }},
			{ "code": "eat","animation": "Eat","easeOutSpeed": 10,"blendMode": "Average"},
			{ "code": "gallop","animation": "Galloping","easeInSpeed": 4,"easeOutSpeed": 4,"supressDefaultAnimation": true,"blendMode": "Average"},
			{ "code": "hurt","animation": "Hurt","animationSpeed": 1,"weight": 10,"blendMode": "AddAverage"},
			{ "code": "idle","animation": "Idling","animationSpeed": 1,"blendMode": "AddAverage","easeOutSpeed": 4,"triggeredBy": { "defaultAnim": true }},
			{ "code": "idle-turn-left", "animation": "turn-left", "easeInSpeed": 3, "easeOutSpeed": 10, "weight": 0.01, "blendMode": "Average", "elementWeight": { "Head Origin": 80,"Chest": 80,"Neck1": 80}, "elementBlendMode": { "Head Origin": "AddAverage","Chest": "AddAverage","Neck1": "AddAverage"}},
			{ "code": "idle-turn-right", "animation": "turn-right", "easeInSpeed": 3, "easeOutSpeed": 10, "weight": 0.01, "blendMode": "Average", "elementWeight": { "Head Origin": 80,"Chest": 80,"Neck1": 80}, "elementBlendMode": { "Head Origin": "AddAverage","Chest": "AddAverage","Neck1": "AddAverage"}},
			{ "code": "jump", "animation": "Jumping", "animationSpeed": 1.4, "weight": 100, "blendMode": "AddAverage", "easeOutSpeed": 40 },
			{ "code": "sit","animation": "Sitting","easeInSpeed": 4,"easeOutSpeed": 4,"blendMode": "Average"},
			{ "code": "sleep","animation": "Sleep","easeInSpeed": 4,"easeOutSpeed": 4,"weight": 5,"blendMode": "Average"},
			{ "code": "swim","animation": "Swim","easeInSpeed": 4,"easeOutSpeed": 4,"supressDefaultAnimation": true,"blendMode": "Average"},
			{ "code": "walk","animation": "Walk","easeInSpeed": 4,"easeOutSpeed": 4,"supressDefaultAnimation": true,"blendMode": "Average"},
			{ "code": "trot","animation": "Trot","easeInSpeed": 4,"easeOutSpeed": 4,"supressDefaultAnimation": true,"blendMode": "Average"},
			{ "code": "turn-left", "animation": "turn-left", "easeInSpeed": 3, "easeOutSpeed": 10, "weight": 0.01, "blendMode": "Average", "elementWeight": { "Head Origin": 80,"Chest": 80,"Neck1": 80}, "elementBlendMode": { "Head Origin": "AddAverage","Chest": "AddAverage","Neck1": "AddAverage"}},
			{ "code": "turn-right", "animation": "turn-right", "easeInSpeed": 3, "easeOutSpeed": 10, "weight": 0.01, "blendMode": "Average", "elementWeight": { "Head Origin": 80,"Chest": 80,"Neck1": 80}, "elementBlendMode": { "Head Origin": "AddAverage","Chest": "AddAverage","Neck1": "AddAverage"}},
			{ "code": "wounded-idle", "animation": "wounded-idle", "easeInSpeed": 3, "weight": 10, "blendMode": "Average" }
		]
	},
	"server": {
		"attributes": {
			"pathfinder": {
				"minTurnAnglePerSec": 350,
				"maxTurnAnglePerSec": 650
			}
		},
		"behaviors": [
			{ "code": "ownable", "enabledByType": { "*": true}},
			{ "code": "repulseagents" },
			{ "code": "controlledphysics","stepHeight": 3.1251},
			{ "code": "health",
				"maxhealthByType": {
					"*": 15
				}
			},
			{ "code": "floatupwhenstuck","onlyWhenDead": true},
			{ "code": "harvestable","quantitySlots": 8,
				"drops": [
					{
						"type": "item",
						"code": "game:redmeat-raw",
						"quantityByType": {
							"*": { "avg": 6,"var": 1.5}
							
						}
					}
				]
			},
			{
				"code": "taskai",
				"aiCreatureType": "LandCreature",
				"aitasks": [
					{
						"code": "cometoowner",
						"priority": 4,
						"animation": "trot",
						"animationSpeed": 1.35,
						"movespeed": 0.019,
						"teleportMaxRange": 1000,
						"teleportAfterRange": 200,
						"teleportToRange": 20
					},
					{
						"code": "idle",
						"animationByType": {
							"*idle*": "Idling",
							"*sit*": "sitting",
							"*gallop*": "galloping",
							"*jumping*": "jumping",
							"*charging*": "charging"
						},
						"priority": 1.2,
						"minduration": 2000000,
						"maxduration": 2400000,
						"mincooldown": 1,
						"maxcooldown": 2,
						"priorityForCancel": 1.28,
						"stopOnNearbyEntityCodes": [ ],
						"stopRange": 1,
						"stopOnHurt": false
					}
				]
			},
			{ "code": "selectionboxes", "minGeneration": 0 },
			{ "code": "rideableaccessories", "minGeneration": 0 },
			{ "code": "jaunt:gait"},
			{ "code": "jaunt:rideable" },
			{ "code": "jaunt:stamina" },
			{ "code": "ropetieable" }
		],
		"spawnconditions": {
		}
	}
}
