{
  "replaceBlocks": {
    /* Rocks */
    "rock-granite": "rock-{rock}",
    "gravel-granite": "gravel-{rock}",
    "sand-granite": "sand-{rock}",

    "cobblestone-granite": "cobblestone-{rock}",
    "cobblestoneslab-granite-*": "cobblestoneslab-{rock}-*",
    "cobblestonestairs-granite-*": "cobblestonestairs-{rock}-*",

    "rockpolished-granite": "rockpolished-{rock}",
    "polishedrockslab-granite-*": "polishedrockslab-{rock}-*",

    "stonebricks-granite": "stonebricks-{rock}",
    "stonebrickstairs-granite-*": "stonebrickstairs-{rock}-*",
    "stonebrickslab-granite-*": "stonebrickslab-{rock}-*",

    "drystone-granite": "drystone-{rock}",
    "drystonefence-granite-*": "drystonefence-{rock}-*",

    "cobbleskull-granite": "cobbleskull-{rock}",
    "loosestones-granite-*": "loosestones-{rock}-*",
    "looseboulders-granite-*": "looseboulders-{rock}-*",
    "looseflints-granite-*": "looseflints-{rock}-*",
    "gravel-granite-land-*": "gravel-{rock}-land-*",
    "ore-*-granite": "ore-*-{rock}",
    "stalagsection-granite-*": "stalagsection-{rock}-*",


    /* Woods */
    "planks-oak-*": "planks-{wood}-*",
    "plankslab-oak-*": "plankslab-{wood}-*",
    "plankstairs-oak-*": "plankstairs-{wood}-*",
    "log-placed-oak-*": "log-placed-{wood}-*",
    "debarkedlog-oak-*": "debarkedlog-{wood}-*",
    "glasspane-leaded-oak-*": "glasspane-leaded-{wood}-*",
    "door-*-oak": "door-*-{wood}",
    "woodenfence-oak-*": "woodenfence-{wood}-*",
    "woodenfencegate-oak-*": "woodenfencegate-{wood}-*",
    "roughhewnfence-oak-*": "roughhewnfence-{wood}-*",
    "roughhewnfencegate-oak-*": "roughhewnfencegate-{wood}-*",
    "supportbeam-oak": "supportbeam-{wood}",

    "planks-aged-*": "planks-{wood}-*",
    "plankslab-aged-*": "plankslab-{wood}-*",
    "plankstairs-aged-*": "plankstairs-{wood}-*",
    "log-placed-aged-*": "log-placed-{wood}-*",
    "debarkedlog-aged-*": "debarkedlog-{wood}-*",
    "glasspane-leaded-aged-*": "glasspane-leaded-{wood}-*",
    "door-*-aged": "door-*-{wood}",
    "woodenfence-aged-*": "woodenfence-{wood}-*",
    "woodenfencegate-aged-*": "woodenfencegate-{wood}-*",
    "roughhewnfence-aged-*": "roughhewnfence-{wood}-*",
    "roughhewnfencegate-aged-*": "roughhewnfencegate-{wood}-*",
    "supportbeam-aged": "supportbeam-{wood}",

    /* Clay */
    "slantedroofing-blue*":  "slantedroofing-{clay}*",
    "slantedroofingcornerinner-blue*":  "slantedroofingcornerinner-{clay}*",
    "slantedroofingcornerouter-blue*":  "slantedroofingcornerouter-{clay}*",
    "slantedroofingridge-blue*":  "slantedroofingridge-{clay}*",
    "slantedroofingtip-blue*":  "slantedroofingtip-{clay}*",
    "clayshingleblock-blue":  "clayshingleblock-{clay}",
    "clayshinglelabs-blue-*":  "clayshinglelabs-{clay}-*",
    "clayshinglestairs-blue-*":  "clayshinglestairs-{clay}-*",


    /* Other */
    "painting-elk-*": "painting-{any}-*",
    "painting-forestdawn-*": "painting-{any}-*",
    "storagevessel-burned": "storagevessel-{any}",
    "chair-plain": "chair-{any}",

    "buncheocandles-1": "buncheocandles-{any}",
    "buncheocandles-2": "buncheocandles-{any}",
    "buncheocandles-3": "buncheocandles-{any}",
    "buncheocandles-4": "buncheocandles-{any}",
    "buncheocandles-5": "buncheocandles-{any}",
    "buncheocandles-6": "buncheocandles-{any}",
    "buncheocandles-7": "buncheocandles-{any}",
    "buncheocandles-8": "buncheocandles-{any}",
    "buncheocandles-9": "buncheocandles-{any}"
  },
  "excludeCodes": [
    "painting-lastday",
    "painting-sodhouse",
    "storagevessel-raw"
  ],
  "lightBlocks": [ "paperlantern-*", "lantern-*" ],
  "lanternMaterials": [ "copper", "brass", "blackbronze", "bismuth", "tinbronze", "bismuthbronze", "iron", "molybdochalkos", "silver", "gold", "steel", "meteoriciron" ],
  "ignoreRuin": [ "slantedroofing*" ],
  "ruinPlants": [
    "attachingplant-moss",
    "attachingplant-lichen",
    "attachingplant-barnacle"
  ],
  "structures": [
    {
      "code": "tpnet_teleport_common",
      "schematics": [ "tpnet/teleport/common" ],
      "baseSchematics":  ["tpnet/teleport/pillar-base"],
      "pillarSchematics":  ["tpnet/teleport/pillar"],
      "chance": 5,
      "maxDepth": 8
    },
    {
      "code": "tpnet_teleport_locust",
      "schematics": [ "tpnet/teleport/locust" ],
      "baseSchematics":  ["tpnet/teleport/pillar-base"],
      "pillarSchematics":  ["tpnet/teleport/pillar"],
      "ruin": true,
      "special": true,
      "chance": 1,
      "maxDepth": 8
    },
    {
      "code": "tpnet_teleport_trader",
      "schematics": [ "tpnet/teleport/trader" ],
      "baseSchematics":  ["tpnet/teleport/pillar-base"],
      "pillarSchematics":  ["tpnet/teleport/pillar"],
      "special": true,
      "buildProtected": true,
      "buildProtectionDesc": "Trader Perimenter",
      "buildProtectionName": "Trader",
      "chance": 1,
      "maxDepth": 8
    },
    {
      "code": "tpnet_teleport_tower",
      "schematics": [ "tpnet/teleport/tower" ],
      "pillarSchematics":  ["tpnet/teleport/tower-stairs"],
      "special": true,
      "buildProtected": true,
      "buildProtectionDesc": "Trader Perimenter",
      "buildProtectionName": "Trader",
      "pillarAlwaysTop": true,
      "maxDepth": 100,
      "chance": 0.5
    }
  ]
}
