{
	"editor": {
		"backDropShape": "D:/VSModding/Entitybackdrops/caledonius-adult",
		"collapsedPaths": ",Root/ORIGINbridle/ReinsN4,Root/ORIGINbridle/Bit/BitArmN/BitSArmUp2,Root/ORIGINbridle/Bit/BitArmN,Root/Bit,Root/ORIGINbridle/Bit/BitArmS,Root/StrapMainN,Root/ORIGINbridle/Bit,Root/ORIGINbridle/reinsOrigin,Root/ORIGINbridle/ReinsN,Root/reinsOrigin,Root/ORIGINbridle/StrapMainN",
		"allAngles": true,
		"entityTextureMode": false
	},
	"textureWidth": 16,
	"textureHeight": 16,
	"textureSizes": {
	},
	"textures": {		
		"bridlemetal": "game:block/cloth/wool/black2",
		"bridlemain": "game:block/cloth/wool/brown2",
		"bridleextra": "game:block/cloth/wool/white1"
	},
	"elements": [
		{
			"name": "ORIGINbridle",
			"stepParentName": "Head",
			"from": [ 2.81, 3.29, 2.33 ],
			"to": [ 3.91, 4.39, 3.43 ],
			"rotationOrigin": [ 2.81, 3.29, 2.33 ],
			"rotationZ": -45.0,
			"faces": {
			},
			"children": [
				{
					"name": "Bridle",
					"from": [ 0.0, 0.0, -0.33 ],
					"to": [ 0.0, 0.0, -0.33 ],
					"rotationOrigin": [ 0.0, 0.0, -0.33 ],
					"faces": {
						"north": { "texture": "#bridlemain", "uv": [ 0.0, 0.0, 0.5, 0.5 ], "autoUv": false },
						"east": { "texture": "#bridlemain", "uv": [ 0.0, 0.0, 0.5, 0.5 ], "autoUv": false },
						"south": { "texture": "#bridlemain", "uv": [ 0.0, 0.0, 0.5, 0.5 ], "autoUv": false },
						"west": { "texture": "#bridlemain", "uv": [ 0.0, 0.0, 0.5, 0.5 ], "autoUv": false },
						"up": { "texture": "#bridlemain", "uv": [ 0.0, 0.0, 0.5, 0.5 ], "autoUv": false },
						"down": { "texture": "#bridlemain", "uv": [ 0.0, 0.0, 0.5, 0.5 ], "autoUv": false }
					},
					"children": [
						{
							"name": "reinsOrigin",
							"from": [ 0.1, -4.38, -2.31 ],
							"to": [ 0.1, -4.38, -2.31 ],
							"rotationOrigin": [ -0.12, -6.03, 0.11 ],
							"rotationZ": -20.0,
							"faces": {
								"north": { "texture": "#bridlemain", "uv": [ 0.0, 0.0, 0.5, 0.5 ], "autoUv": false },
								"east": { "texture": "#bridlemain", "uv": [ 0.0, 0.0, 0.5, 0.5 ], "autoUv": false },
								"south": { "texture": "#bridlemain", "uv": [ 0.0, 0.0, 0.5, 0.5 ], "autoUv": false },
								"west": { "texture": "#bridlemain", "uv": [ 0.0, 0.0, 0.5, 0.5 ], "autoUv": false },
								"up": { "texture": "#bridlemain", "uv": [ 0.0, 0.0, 0.5, 0.5 ], "autoUv": false },
								"down": { "texture": "#bridlemain", "uv": [ 0.0, 0.0, 0.5, 0.5 ], "autoUv": false }
							},
							"children": [
								{
									"name": "ReinsN1",
									"from": [ -0.1, -2.05, 2.85 ],
									"to": [ 3.9, -1.55, 3.15 ],
									"rotationOrigin": [ -0.1, -2.05, 3.18 ],
									"rotationX": -30.0,
									"rotationY": -35.0,
									"rotationZ": -6.0,
									"faces": {
										"north": { "texture": "#bridlemain", "uv": [ 0.0, 7.0, 4.0, 7.5 ] },
										"east": { "texture": "#bridlemain", "uv": [ 4.0, 3.25, 4.25, 3.75 ] },
										"south": { "texture": "#bridlemain", "uv": [ 0.0, 4.0, 4.0, 4.5 ] },
										"west": { "texture": "#bridlemain", "uv": [ 5.5, 7.0, 5.75, 7.5 ] },
										"up": { "texture": "#bridlemain", "uv": [ 0.0, 3.75, 4.0, 4.0 ] },
										"down": { "texture": "#bridlemain", "uv": [ 0.25, 5.0, 4.25, 5.25 ] }
									},
									"children": [
										{
											"name": "ReinsN2",
											"from": [ 4.0, 0.0, 0.001 ],
											"to": [ 8.0, 0.5, 0.301 ],
											"rotationOrigin": [ 4.0, 0.0, 0.43 ],
											"rotationZ": 25.0,
											"faces": {
												"north": { "texture": "#bridlemain", "uv": [ 0.0, 7.0, 4.0, 7.5 ] },
												"east": { "texture": "#bridlemain", "uv": [ 4.0, 3.25, 4.25, 3.75 ] },
												"south": { "texture": "#bridlemain", "uv": [ 0.0, 4.0, 4.0, 4.5 ] },
												"west": { "texture": "#bridlemain", "uv": [ 5.5, 7.0, 5.75, 7.5 ] },
												"up": { "texture": "#bridlemain", "uv": [ 0.0, 3.75, 4.0, 4.0 ] },
												"down": { "texture": "#bridlemain", "uv": [ 0.25, 5.0, 4.25, 5.25 ] }
											},
											"children": [
												{
													"name": "ReinsN3",
													"from": [ 4.0, 0.0, 0.001 ],
													"to": [ 8.0, 0.5, 0.301 ],
													"rotationOrigin": [ 4.0, 0.0, 0.33 ],
													"rotationZ": 25.0,
													"faces": {
														"north": { "texture": "#bridlemain", "uv": [ 0.0, 7.0, 4.0, 7.5 ] },
														"east": { "texture": "#bridlemain", "uv": [ 4.0, 3.25, 4.25, 3.75 ] },
														"south": { "texture": "#bridlemain", "uv": [ 0.0, 4.0, 4.0, 4.5 ] },
														"west": { "texture": "#bridlemain", "uv": [ 5.5, 7.0, 5.75, 7.5 ] },
														"up": { "texture": "#bridlemain", "uv": [ 0.0, 3.75, 4.0, 4.0 ] },
														"down": { "texture": "#bridlemain", "uv": [ 0.25, 5.0, 4.25, 5.25 ] }
													},
													"children": [
														{
															"name": "ReinsN4",
															"from": [ 4.0, 0.0, 0.0 ],
															"to": [ 7.0, 0.5, 0.3 ],
															"rotationOrigin": [ 4.0, 0.0, 0.33 ],
															"rotationY": 15.0,
															"faces": {
																"north": { "texture": "#bridlemain", "uv": [ 0.0, 7.0, 3.0, 7.5 ] },
																"east": { "texture": "#bridlemain", "uv": [ 4.0, 3.25, 4.25, 3.75 ] },
																"south": { "texture": "#bridlemain", "uv": [ 0.0, 4.0, 3.0, 4.5 ] },
																"west": { "texture": "#bridlemain", "uv": [ 5.5, 7.0, 5.75, 7.5 ] },
																"up": { "texture": "#bridlemain", "uv": [ 0.0, 3.75, 3.0, 4.0 ] },
																"down": { "texture": "#bridlemain", "uv": [ 0.25, 5.0, 3.25, 5.25 ] }
															},
															"children": [
																{
																	"name": "ReinsN9",
																	"from": [ 3.0, 0.0, 0.0 ],
																	"to": [ 5.0, 0.5, 0.3 ],
																	"rotationOrigin": [ 3.0, 0.0, 0.33 ],
																	"rotationY": 15.0,
																	"faces": {
																		"north": { "texture": "#bridlemain", "uv": [ 0.0, 7.0, 2.0, 7.5 ] },
																		"east": { "texture": "#bridlemain", "uv": [ 4.0, 3.25, 4.25, 3.75 ] },
																		"south": { "texture": "#bridlemain", "uv": [ 0.0, 4.0, 2.0, 4.5 ] },
																		"west": { "texture": "#bridlemain", "uv": [ 5.5, 7.0, 5.75, 7.5 ] },
																		"up": { "texture": "#bridlemain", "uv": [ 0.0, 3.75, 2.0, 4.0 ] },
																		"down": { "texture": "#bridlemain", "uv": [ 0.25, 5.0, 2.25, 5.25 ] }
																	},
																	"children": [
																		{
																			"name": "ReinsN11",
																			"from": [ 2.0, 0.0, 0.0 ],
																			"to": [ 4.0, 0.5, 0.3 ],
																			"rotationOrigin": [ 2.0, 0.0, 0.33 ],
																			"rotationY": 15.0,
																			"faces": {
																				"north": { "texture": "#bridlemain", "uv": [ 0.0, 7.0, 2.0, 7.5 ] },
																				"east": { "texture": "#bridlemain", "uv": [ 4.0, 3.25, 4.25, 3.75 ] },
																				"south": { "texture": "#bridlemain", "uv": [ 0.0, 4.0, 2.0, 4.5 ] },
																				"west": { "texture": "#bridlemain", "uv": [ 5.5, 7.0, 5.75, 7.5 ] },
																				"up": { "texture": "#bridlemain", "uv": [ 0.0, 3.75, 2.0, 4.0 ] },
																				"down": { "texture": "#bridlemain", "uv": [ 0.25, 5.0, 2.25, 5.25 ] }
																			},
																			"children": [
																				{
																					"name": "Reinscrossed6",
																					"from": [ 2.0, 0.0, 0.001 ],
																					"to": [ 4.3, 0.5, 0.301 ],
																					"rotationOrigin": [ 2.0, 0.0, 0.33 ],
																					"rotationZ": 15.0,
																					"faces": {
																						"north": { "texture": "#bridlemain", "uv": [ 0.0, 7.0, 2.25, 7.5 ] },
																						"east": { "texture": "#bridlemain", "uv": [ 4.0, 3.25, 4.25, 3.75 ] },
																						"south": { "texture": "#bridlemain", "uv": [ 0.0, 4.0, 2.25, 4.5 ] },
																						"west": { "texture": "#bridlemain", "uv": [ 5.5, 7.0, 5.75, 7.5 ] },
																						"up": { "texture": "#bridlemain", "uv": [ 0.0, 3.75, 2.25, 4.0 ] },
																						"down": { "texture": "#bridlemain", "uv": [ 0.25, 5.0, 2.5, 5.25 ] }
																					}
																				}
																			]
																		}
																	]
																}
															]
														}
													]
												}
											]
										}
									]
								},
								{
									"name": "ReinsN5",
									"from": [ 0.1, -2.25, 1.85 ],
									"to": [ 4.1, -1.75, 2.15 ],
									"rotationOrigin": [ 0.1, -2.25, 2.18 ],
									"rotationX": 30.0,
									"rotationY": 35.0,
									"rotationZ": -6.0,
									"faces": {
										"north": { "texture": "#bridlemain", "uv": [ 0.0, 7.0, 4.0, 7.5 ] },
										"east": { "texture": "#bridlemain", "uv": [ 4.0, 3.25, 4.25, 3.75 ] },
										"south": { "texture": "#bridlemain", "uv": [ 0.0, 4.0, 4.0, 4.5 ] },
										"west": { "texture": "#bridlemain", "uv": [ 5.5, 7.0, 5.75, 7.5 ] },
										"up": { "texture": "#bridlemain", "uv": [ 0.0, 3.75, 4.0, 4.0 ] },
										"down": { "texture": "#bridlemain", "uv": [ 0.25, 5.0, 4.25, 5.25 ] }
									},
									"children": [
										{
											"name": "ReinsN6",
											"from": [ 4.0, 0.0, 0.001 ],
											"to": [ 8.0, 0.5, 0.301 ],
											"rotationOrigin": [ 4.0, 0.0, 0.33 ],
											"rotationZ": 25.0,
											"faces": {
												"north": { "texture": "#bridlemain", "uv": [ 0.0, 7.0, 4.0, 7.5 ] },
												"east": { "texture": "#bridlemain", "uv": [ 4.0, 3.25, 4.25, 3.75 ] },
												"south": { "texture": "#bridlemain", "uv": [ 0.0, 4.0, 4.0, 4.5 ] },
												"west": { "texture": "#bridlemain", "uv": [ 5.5, 7.0, 5.75, 7.5 ] },
												"up": { "texture": "#bridlemain", "uv": [ 0.0, 3.75, 4.0, 4.0 ] },
												"down": { "texture": "#bridlemain", "uv": [ 0.25, 5.0, 4.25, 5.25 ] }
											},
											"children": [
												{
													"name": "ReinsN7",
													"from": [ 4.0, 0.0, 0.001 ],
													"to": [ 8.0, 0.5, 0.301 ],
													"rotationOrigin": [ 4.0, 0.0, 0.33 ],
													"rotationZ": 25.0,
													"faces": {
														"north": { "texture": "#bridlemain", "uv": [ 0.0, 7.0, 4.0, 7.5 ] },
														"east": { "texture": "#bridlemain", "uv": [ 4.0, 3.25, 4.25, 3.75 ] },
														"south": { "texture": "#bridlemain", "uv": [ 0.0, 4.0, 4.0, 4.5 ] },
														"west": { "texture": "#bridlemain", "uv": [ 5.5, 7.0, 5.75, 7.5 ] },
														"up": { "texture": "#bridlemain", "uv": [ 0.0, 3.75, 4.0, 4.0 ] },
														"down": { "texture": "#bridlemain", "uv": [ 0.25, 5.0, 4.25, 5.25 ] }
													},
													"children": [
														{
															"name": "ReinsN8",
															"from": [ 4.0, 0.0, 0.001 ],
															"to": [ 7.0, 0.5, 0.301 ],
															"rotationOrigin": [ 4.0, 0.0, 0.0 ],
															"rotationY": -15.0,
															"faces": {
																"north": { "texture": "#bridlemain", "uv": [ 0.0, 7.0, 3.0, 7.5 ] },
																"east": { "texture": "#bridlemain", "uv": [ 4.0, 3.25, 4.25, 3.75 ] },
																"south": { "texture": "#bridlemain", "uv": [ 0.0, 4.0, 3.0, 4.5 ] },
																"west": { "texture": "#bridlemain", "uv": [ 5.5, 7.0, 5.75, 7.5 ] },
																"up": { "texture": "#bridlemain", "uv": [ 0.0, 3.75, 3.0, 4.0 ] },
																"down": { "texture": "#bridlemain", "uv": [ 0.25, 5.0, 3.25, 5.25 ] }
															},
															"children": [
																{
																	"name": "ReinsN10",
																	"from": [ 3.0, 0.0, 0.0 ],
																	"to": [ 5.0, 0.5, 0.3 ],
																	"rotationOrigin": [ 3.0, 0.0, 0.03 ],
																	"rotationY": -15.0,
																	"faces": {
																		"north": { "texture": "#bridlemain", "uv": [ 0.0, 7.0, 2.0, 7.5 ] },
																		"east": { "texture": "#bridlemain", "uv": [ 4.0, 3.25, 4.25, 3.75 ] },
																		"south": { "texture": "#bridlemain", "uv": [ 0.0, 4.0, 2.0, 4.5 ] },
																		"west": { "texture": "#bridlemain", "uv": [ 5.5, 7.0, 5.75, 7.5 ] },
																		"up": { "texture": "#bridlemain", "uv": [ 0.0, 3.75, 2.0, 4.0 ] },
																		"down": { "texture": "#bridlemain", "uv": [ 0.25, 5.0, 2.25, 5.25 ] }
																	},
																	"children": [
																		{
																			"name": "ReinsN12",
																			"from": [ 2.0, 0.0, 0.0 ],
																			"to": [ 4.0, 0.5, 0.3 ],
																			"rotationOrigin": [ 2.0, 0.0, 0.0 ],
																			"rotationY": -15.0,
																			"faces": {
																				"north": { "texture": "#bridlemain", "uv": [ 0.0, 7.0, 2.0, 7.5 ] },
																				"east": { "texture": "#bridlemain", "uv": [ 4.0, 3.25, 4.25, 3.75 ] },
																				"south": { "texture": "#bridlemain", "uv": [ 0.0, 4.0, 2.0, 4.5 ] },
																				"west": { "texture": "#bridlemain", "uv": [ 5.5, 7.0, 5.75, 7.5 ] },
																				"up": { "texture": "#bridlemain", "uv": [ 0.0, 3.75, 2.0, 4.0 ] },
																				"down": { "texture": "#bridlemain", "uv": [ 0.25, 5.0, 2.25, 5.25 ] }
																			},
																			"children": [
																				{
																					"name": "Reinscrossed7",
																					"from": [ 2.0, 0.0, 0.001 ],
																					"to": [ 4.3, 0.5, 0.301 ],
																					"rotationOrigin": [ 2.0, 0.0, 0.0 ],
																					"rotationZ": 15.0,
																					"faces": {
																						"north": { "texture": "#bridlemain", "uv": [ 0.0, 7.0, 2.25, 7.5 ] },
																						"east": { "texture": "#bridlemain", "uv": [ 4.0, 3.25, 4.25, 3.75 ] },
																						"south": { "texture": "#bridlemain", "uv": [ 0.0, 4.0, 2.25, 4.5 ] },
																						"west": { "texture": "#bridlemain", "uv": [ 5.5, 7.0, 5.75, 7.5 ] },
																						"up": { "texture": "#bridlemain", "uv": [ 0.0, 3.75, 2.25, 4.0 ] },
																						"down": { "texture": "#bridlemain", "uv": [ 0.25, 5.0, 2.5, 5.25 ] }
																					},
																					"children": [
																						{
																							"name": "Reinscrossed8",
																							"from": [ 2.4, -0.1, 0.0 ],
																							"to": [ 3.1, 0.6, 0.4 ],
																							"rotationOrigin": [ 2.4, -0.1, 0.0 ],
																							"rotationY": -38.0,
																							"rotationZ": 32.0,
																							"faces": {
																								"north": { "texture": "#bridlemain", "uv": [ 0.0, 7.0, 0.5, 7.5 ] },
																								"east": { "texture": "#bridlemain", "uv": [ 4.0, 3.25, 4.25, 3.75 ] },
																								"south": { "texture": "#bridlemain", "uv": [ 0.0, 4.0, 0.5, 4.5 ] },
																								"west": { "texture": "#bridlemain", "uv": [ 5.5, 7.0, 5.75, 7.5 ] },
																								"up": { "texture": "#bridlemain", "uv": [ 0.0, 3.75, 0.5, 4.0 ] },
																								"down": { "texture": "#bridlemain", "uv": [ 0.25, 5.0, 0.75, 5.25 ] }
																							}
																						}
																					]
																				}
																			]
																		}
																	]
																}
															]
														}
													]
												}
											]
										}
									]
								}
							]
						}
					]
				},
				{
					"name": "Noseband5",
					"from": [ -0.6, -6.22, -0.78 ],
					"to": [ 0.14, -5.28, 0.65 ],
					"rotationOrigin": [ -0.6015, -6.2192, -0.78 ],
					"rotationZ": -45.0,
					"faces": {
						"north": { "texture": "#bridlemain", "uv": [ 0.0, 0.0, 0.5, 0.5 ], "windMode": [-1,-1,-1,-1], "windData": [1,1,1,1] },
						"east": { "texture": "#bridlemain", "uv": [ 0.0, 0.0, 1.0, 0.5 ], "windMode": [-1,-1,-1,-1], "windData": [1,1,1,1] },
						"south": { "texture": "#bridlemain", "uv": [ 0.0, 0.0, 0.5, 0.5 ] },
						"west": { "texture": "#bridlemain", "uv": [ 0.0, 0.0, 1.0, 0.5 ], "windMode": [-1,-1,-1,-1], "windData": [1,1,1,1] },
						"up": { "texture": "#bridlemain", "uv": [ 0.0, 0.0, 0.5, 1.0 ], "windMode": [-1,-1,-1,-1], "windData": [1,1,1,1] },
						"down": { "texture": "#bridlemain", "uv": [ 0.0, 0.0, 0.5, 1.0 ], "windMode": [-1,-1,-1,-1], "windData": [1,1,1,1] }
					}
				},
				{
					"name": "Noseband9",
					"from": [ -1.5, -3.92, -2.18 ],
					"to": [ -0.56, -2.98, 2.05 ],
					"rotationOrigin": [ -1.5015, -3.9192, -2.18 ],
					"rotationZ": 134.0,
					"faces": {
						"north": { "texture": "#bridlemain", "uv": [ 0.0, 0.0, 0.75, 0.75 ], "windMode": [-1,-1,-1,-1], "windData": [1,1,1,1] },
						"east": { "texture": "#bridlemain", "uv": [ 0.0, 0.0, 4.0, 0.75 ], "windMode": [-1,-1,-1,-1], "windData": [1,1,1,1] },
						"south": { "texture": "#bridlemain", "uv": [ 0.0, 0.0, 0.75, 0.75 ] },
						"west": { "texture": "#bridlemain", "uv": [ 0.0, 0.0, 4.0, 0.75 ], "windMode": [-1,-1,-1,-1], "windData": [1,1,1,1] },
						"up": { "texture": "#bridlemain", "uv": [ 0.0, 0.0, 0.75, 4.0 ], "windMode": [-1,-1,-1,-1], "windData": [1,1,1,1] },
						"down": { "texture": "#bridlemain", "uv": [ 0.0, 0.0, 0.75, 4.0 ], "windMode": [-1,-1,-1,-1], "windData": [1,1,1,1] }
					}
				},
				{
					"name": "Noseband11",
					"from": [ -5.0, -1.62, -1.98 ],
					"to": [ -0.26, -0.88, 1.85 ],
					"rotationOrigin": [ -5.0015, -1.6192, -1.98 ],
					"rotationZ": -45.0,
					"faces": {
						"north": { "texture": "#bridleextra", "uv": [ 2.0, 2.0, 6.5, 2.5 ], "windMode": [-1,-1,-1,-1], "windData": [1,1,1,1] },
						"east": { "texture": "#bridleextra", "uv": [ 2.0, 3.0, 5.5, 3.5 ], "windMode": [-1,-1,-1,-1], "windData": [1,1,1,1] },
						"south": { "texture": "#bridleextra", "uv": [ 2.0, 1.5, 6.5, 2.0 ] },
						"west": { "texture": "#bridleextra", "uv": [ 1.5, 1.5, 5.0, 2.0 ], "windMode": [-1,-1,-1,-1], "windData": [1,1,1,1] },
						"up": { "texture": "#bridleextra", "uv": [ 2.0, 1.5, 6.5, 5.0 ], "windMode": [-1,-1,-1,-1], "windData": [1,1,1,1] },
						"down": { "texture": "#bridleextra", "uv": [ 2.5, 1.5, 7.0, 5.0 ], "windMode": [-1,-1,-1,-1], "windData": [1,1,1,1] }
					},
					"children": [
						{
							"name": "Noseband17",
							"from": [ 4.74, 0.0, -0.04 ],
							"to": [ 7.48, 0.74, 0.69 ],
							"rotationOrigin": [ 4.6985, 8.0E-4, 0.0 ],
							"rotationY": -35.0,
							"faces": {
								"north": { "texture": "#bridleextra", "uv": [ 4.5, 6.5, 7.0, 7.0 ], "windMode": [-1,-1,-1,-1], "windData": [1,1,1,1] },
								"east": { "texture": "#bridleextra", "uv": [ 5.5, 5.5, 6.0, 6.0 ], "windMode": [-1,-1,-1,-1], "windData": [1,1,1,1] },
								"south": { "texture": "#bridleextra", "uv": [ 4.0, 3.5, 6.5, 4.0 ] },
								"west": { "texture": "#bridleextra", "uv": [ 4.0, 5.0, 4.5, 5.5 ], "windMode": [-1,-1,-1,-1], "windData": [1,1,1,1] },
								"up": { "texture": "#bridleextra", "uv": [ 6.5, 3.5, 9.0, 4.0 ], "windMode": [-1,-1,-1,-1], "windData": [1,1,1,1] },
								"down": { "texture": "#bridleextra", "uv": [ 4.0, 4.5, 6.5, 5.0 ], "windMode": [-1,-1,-1,-1], "windData": [1,1,1,1] }
							},
							"children": [
								{
									"name": "Noseband20",
									"from": [ 2.7, -0.001, 0.0 ],
									"to": [ 3.74, 0.739, 0.73 ],
									"rotationOrigin": [ 2.6985, -0.0992, 0.0 ],
									"rotationY": 70.0,
									"faces": {
										"north": { "texture": "#bridleextra", "uv": [ 3.0, 2.0, 4.0, 2.5 ], "windMode": [-1,-1,-1,-1], "windData": [1,1,1,1] },
										"east": { "texture": "#bridleextra", "uv": [ 4.0, 3.0, 4.5, 3.5 ], "windMode": [-1,-1,-1,-1], "windData": [1,1,1,1] },
										"south": { "texture": "#bridleextra", "uv": [ 4.5, 2.5, 5.5, 3.0 ] },
										"west": { "texture": "#bridleextra", "uv": [ 5.5, 4.0, 6.0, 4.5 ], "windMode": [-1,-1,-1,-1], "windData": [1,1,1,1] },
										"up": { "texture": "#bridleextra", "uv": [ 6.0, 4.5, 7.0, 5.0 ], "windMode": [-1,-1,-1,-1], "windData": [1,1,1,1] },
										"down": { "texture": "#bridleextra", "uv": [ 3.0, 1.5, 4.0, 2.0 ], "windMode": [-1,-1,-1,-1], "windData": [1,1,1,1] }
									}
								}
							]
						},
						{
							"name": "Noseband7",
							"from": [ 3.9, 1.7276, -0.5 ],
							"to": [ 6.54, 2.2676, -0.27 ],
							"rotationOrigin": [ 3.8997, 1.7276, -0.5 ],
							"rotationZ": 99.0,
							"faces": {
								"north": { "texture": "#bridlemain", "uv": [ 0.0, 0.0, 2.5, 0.5 ], "windMode": [-1,-1,-1,-1], "windData": [1,1,1,1] },
								"east": { "texture": "#bridlemain", "uv": [ 0.0, 0.0, 0.5, 0.5 ], "windMode": [-1,-1,-1,-1], "windData": [1,1,1,1] },
								"south": { "texture": "#bridlemain", "uv": [ 0.0, 0.0, 2.5, 0.5 ] },
								"west": { "texture": "#bridlemain", "uv": [ 0.0, 0.0, 0.5, 0.5 ], "windMode": [-1,-1,-1,-1], "windData": [1,1,1,1] },
								"up": { "texture": "#bridlemain", "uv": [ 0.0, 0.0, 2.5, 0.5 ], "windMode": [-1,-1,-1,-1], "windData": [1,1,1,1] },
								"down": { "texture": "#bridlemain", "uv": [ 0.0, 0.0, 2.5, 0.5 ], "windMode": [-1,-1,-1,-1], "windData": [1,1,1,1] }
							},
							"children": [
								{
									"name": "Noseband8",
									"from": [ 2.6, 0.0, 0.001 ],
									"to": [ 6.94, 0.54, 4.731 ],
									"rotationOrigin": [ 2.5985, 0.0, 0.0 ],
									"rotationZ": 30.7,
									"faces": {
										"north": { "texture": "#bridlemain", "uv": [ 1.5, 3.0, 5.75, 3.5 ], "windMode": [-1,-1,-1,-1], "windData": [1,1,1,1] },
										"east": { "texture": "#bridlemain", "uv": [ 2.0, 2.75, 6.5, 3.25 ], "windMode": [-1,-1,-1,-1], "windData": [1,1,1,1] },
										"south": { "texture": "#bridlemain", "uv": [ 1.5, 3.5, 5.75, 4.0 ] },
										"west": { "texture": "#bridlemain", "uv": [ 1.75, 2.25, 6.25, 2.75 ], "windMode": [-1,-1,-1,-1], "windData": [1,1,1,1] },
										"up": { "texture": "#bridlemain", "uv": [ 1.75, 1.75, 6.0, 6.25 ], "windMode": [-1,-1,-1,-1], "windData": [1,1,1,1] },
										"down": { "texture": "#bridlemain", "uv": [ 1.5, 1.25, 5.75, 5.75 ], "windMode": [-1,-1,-1,-1], "windData": [1,1,1,1] }
									}
								},
								{
									"name": "Noseband10",
									"from": [ 4.6, 0.8, -0.1 ],
									"to": [ 6.44, 1.34, 4.83 ],
									"rotationOrigin": [ 4.6, 1.3, -0.1 ],
									"rotationZ": 112.0,
									"faces": {
										"north": { "texture": "#bridlemain", "uv": [ 0.5, 1.0, 2.25, 1.5 ], "windMode": [-1,-1,-1,-1], "windData": [1,1,1,1] },
										"east": { "texture": "#bridlemain", "uv": [ 0.5, 1.25, 5.25, 1.75 ], "windMode": [-1,-1,-1,-1], "windData": [1,1,1,1] },
										"south": { "texture": "#bridlemain", "uv": [ 2.25, 2.5, 4.0, 3.0 ] },
										"west": { "texture": "#bridlemain", "uv": [ 1.25, 1.5, 6.0, 2.0 ], "windMode": [-1,-1,-1,-1], "windData": [1,1,1,1] },
										"up": { "texture": "#bridlemain", "uv": [ 2.25, 1.0, 4.0, 5.75 ], "windMode": [-1,-1,-1,-1], "windData": [1,1,1,1] },
										"down": { "texture": "#bridlemain", "uv": [ 1.75, 0.75, 3.5, 5.5 ], "windMode": [-1,-1,-1,-1], "windData": [1,1,1,1] }
									},
									"children": [
										{
											"name": "Noseband14",
											"from": [ 1.8, 0.0, 1.0 ],
											"to": [ 2.24, 0.54, 3.93 ],
											"rotationOrigin": [ 1.8, 0.5, 1.0 ],
											"faces": {
												"north": { "texture": "#bridlemain", "uv": [ 0.0, 0.0, 0.25, 0.5 ], "windMode": [-1,-1,-1,-1], "windData": [1,1,1,1] },
												"east": { "texture": "#bridlemain", "uv": [ 0.0, 0.0, 2.75, 0.5 ], "windMode": [-1,-1,-1,-1], "windData": [1,1,1,1] },
												"south": { "texture": "#bridlemain", "uv": [ 0.0, 0.0, 0.25, 0.5 ] },
												"west": { "texture": "#bridlemain", "uv": [ 0.0, 0.0, 2.75, 0.5 ], "windMode": [-1,-1,-1,-1], "windData": [1,1,1,1] },
												"up": { "texture": "#bridlemain", "uv": [ 0.0, 0.0, 0.25, 2.75 ], "windMode": [-1,-1,-1,-1], "windData": [1,1,1,1] },
												"down": { "texture": "#bridlemain", "uv": [ 0.0, 0.0, 0.25, 2.75 ], "windMode": [-1,-1,-1,-1], "windData": [1,1,1,1] }
											}
										}
									]
								},
								{
									"name": "Noseband6",
									"from": [ -1.7717, 0.2769, 0.5 ],
									"to": [ 0.0983, 0.8169, 0.73 ],
									"rotationOrigin": [ -1.7777, 0.2763, 0.5 ],
									"rotationX": 2.4673,
									"rotationY": 15.2058,
									"rotationZ": -9.3294,
									"faces": {
										"north": { "texture": "#bridlemain", "uv": [ 0.0, 0.0, 1.75, 0.5 ], "windMode": [-1,-1,-1,-1], "windData": [1,1,1,1] },
										"east": { "texture": "#bridlemain", "uv": [ 0.0, 0.0, 0.25, 0.5 ], "windMode": [-1,-1,-1,-1], "windData": [1,1,1,1] },
										"south": { "texture": "#bridlemain", "uv": [ 0.0, 0.0, 1.75, 0.5 ] },
										"west": { "texture": "#bridlemain", "uv": [ 0.0, 0.0, 0.25, 0.5 ], "windMode": [-1,-1,-1,-1], "windData": [1,1,1,1] },
										"up": { "texture": "#bridlemain", "uv": [ 0.0, 0.0, 1.75, 0.25 ], "windMode": [-1,-1,-1,-1], "windData": [1,1,1,1] },
										"down": { "texture": "#bridlemain", "uv": [ 0.0, 0.0, 1.75, 0.25 ], "windMode": [-1,-1,-1,-1], "windData": [1,1,1,1] }
									}
								},
								{
									"name": "Noseband12",
									"from": [ -1.7664, 0.2801, 4.0 ],
									"to": [ 0.1036, 0.8201, 4.23 ],
									"rotationOrigin": [ -1.7764, 0.2801, 4.23 ],
									"rotationX": -2.4673,
									"rotationY": -15.2058,
									"rotationZ": -9.3294,
									"faces": {
										"north": { "texture": "#bridlemain", "uv": [ 0.5, 0.25, 2.25, 0.75 ], "windMode": [-1,-1,-1,-1], "windData": [1,1,1,1] },
										"east": { "texture": "#bridlemain", "uv": [ 0.25, 1.0, 0.5, 1.5 ], "windMode": [-1,-1,-1,-1], "windData": [1,1,1,1] },
										"south": { "texture": "#bridlemain", "uv": [ 1.0, 0.5, 2.75, 1.0 ] },
										"west": { "texture": "#bridlemain", "uv": [ 1.25, 0.5, 1.5, 1.0 ], "windMode": [-1,-1,-1,-1], "windData": [1,1,1,1] },
										"up": { "texture": "#bridlemain", "uv": [ 2.25, 1.75, 4.0, 2.0 ], "windMode": [-1,-1,-1,-1], "windData": [1,1,1,1] },
										"down": { "texture": "#bridlemain", "uv": [ 1.0, 1.0, 2.75, 1.25 ], "windMode": [-1,-1,-1,-1], "windData": [1,1,1,1] }
									}
								},
								{
									"name": "Noseband13",
									"from": [ 0.0, 0.0, 4.5 ],
									"to": [ 2.64, 0.54, 4.73 ],
									"rotationOrigin": [ -0.0015, 0.0, 4.5 ],
									"faces": {
										"north": { "texture": "#bridlemain", "uv": [ 1.25, 1.5, 3.75, 2.0 ], "windMode": [-1,-1,-1,-1], "windData": [1,1,1,1] },
										"east": { "texture": "#bridlemain", "uv": [ 0.5, 0.5, 0.75, 1.0 ], "windMode": [-1,-1,-1,-1], "windData": [1,1,1,1] },
										"south": { "texture": "#bridlemain", "uv": [ 0.5, 0.5, 3.0, 1.0 ] },
										"west": { "texture": "#bridlemain", "uv": [ 1.75, 1.5, 2.0, 2.0 ], "windMode": [-1,-1,-1,-1], "windData": [1,1,1,1] },
										"up": { "texture": "#bridlemain", "uv": [ 1.5, 1.5, 4.0, 1.75 ], "windMode": [-1,-1,-1,-1], "windData": [1,1,1,1] },
										"down": { "texture": "#bridlemain", "uv": [ 1.0, 0.75, 3.5, 1.0 ], "windMode": [-1,-1,-1,-1], "windData": [1,1,1,1] }
									}
								}
							]
						},
						{
							"name": "Noseband18",
							"from": [ 4.74, 0.0, 3.14 ],
							"to": [ 7.48, 0.74, 3.87 ],
							"rotationOrigin": [ 4.6985, 0.0, 3.84 ],
							"rotationY": 35.0,
							"faces": {
								"north": { "texture": "#bridleextra", "uv": [ 4.0, 2.5, 6.5, 3.0 ], "windMode": [-1,-1,-1,-1], "windData": [1,1,1,1] },
								"east": { "texture": "#bridleextra", "uv": [ 2.5, 3.0, 3.0, 3.5 ], "windMode": [-1,-1,-1,-1], "windData": [1,1,1,1] },
								"south": { "texture": "#bridleextra", "uv": [ 5.0, 3.0, 7.5, 3.5 ] },
								"west": { "texture": "#bridleextra", "uv": [ 4.0, 2.0, 4.5, 2.5 ], "windMode": [-1,-1,-1,-1], "windData": [1,1,1,1] },
								"up": { "texture": "#bridleextra", "uv": [ 3.5, 3.0, 6.0, 3.5 ], "windMode": [-1,-1,-1,-1], "windData": [1,1,1,1] },
								"down": { "texture": "#bridleextra", "uv": [ 5.0, 3.5, 7.5, 4.0 ], "windMode": [-1,-1,-1,-1], "windData": [1,1,1,1] }
							},
							"children": [
								{
									"name": "Noseband19",
									"from": [ 2.7, 0.0, 0.0 ],
									"to": [ 3.74, 0.74, 0.73 ],
									"rotationOrigin": [ 2.6985, 0.0, 0.74 ],
									"rotationY": -70.0,
									"faces": {
										"north": { "texture": "#bridleextra", "uv": [ 6.0, 5.0, 7.0, 5.5 ], "windMode": [-1,-1,-1,-1], "windData": [1,1,1,1] },
										"east": { "texture": "#bridleextra", "uv": [ 3.5, 4.0, 4.0, 4.5 ], "windMode": [-1,-1,-1,-1], "windData": [1,1,1,1] },
										"south": { "texture": "#bridleextra", "uv": [ 5.0, 5.5, 6.0, 6.0 ] },
										"west": { "texture": "#bridleextra", "uv": [ 3.5, 2.5, 4.0, 3.0 ], "windMode": [-1,-1,-1,-1], "windData": [1,1,1,1] },
										"up": { "texture": "#bridleextra", "uv": [ 4.0, 8.5, 5.0, 9.0 ], "windMode": [-1,-1,-1,-1], "windData": [1,1,1,1] },
										"down": { "texture": "#bridleextra", "uv": [ 4.5, 5.0, 5.5, 5.5 ], "windMode": [-1,-1,-1,-1], "windData": [1,1,1,1] }
									}
								}
							]
						}
					]
				},
				{
					"name": "Noseband16",
					"from": [ 0.6, 1.48, -2.68 ],
					"to": [ 1.04, 1.92, 2.45 ],
					"rotationOrigin": [ 0.5985, 1.4808, -2.68 ],
					"rotationZ": 84.0,
					"faces": {
						"north": { "texture": "#bridlemetal", "uv": [ 0.0, 0.0, 0.5, 0.5 ], "windMode": [-1,-1,-1,-1], "windData": [1,1,1,1] },
						"east": { "texture": "#bridlemetal", "uv": [ 0.0, 0.0, 5.0, 0.5 ], "windMode": [-1,-1,-1,-1], "windData": [1,1,1,1] },
						"south": { "texture": "#bridlemetal", "uv": [ 0.0, 0.0, 0.5, 0.5 ] },
						"west": { "texture": "#bridlemetal", "uv": [ 0.0, 0.0, 5.0, 0.5 ], "windMode": [-1,-1,-1,-1], "windData": [1,1,1,1] },
						"up": { "texture": "#bridlemetal", "uv": [ 0.0, 0.0, 0.5, 5.0 ], "windMode": [-1,-1,-1,-1], "windData": [1,1,1,1] },
						"down": { "texture": "#bridlemetal", "uv": [ 0.0, 0.0, 0.5, 5.0 ], "windMode": [-1,-1,-1,-1], "windData": [1,1,1,1] }
					}
				}
			]
		}
	],
	"animations": [
		{
			"name": "Eat",
			"code": "eat",
			"quantityframes": 44,
			"onActivityStopped": "Rewind",
			"onAnimationEnd": "Repeat",
			"keyframes": [
				{
					"frame": 0,
					"elements": {
						"reinsOrigin": { "rotationX": 0.0, "rotationY": 0.0, "rotationZ": 33.0 }
					}
				},
				{
					"frame": 15,
					"elements": {
						"reinsOrigin": { "rotationX": 0.0, "rotationY": 0.0, "rotationZ": 42.0 }
					}
				},
				{
					"frame": 23,
					"elements": {
						"reinsOrigin": { "rotationX": 0.0, "rotationY": 0.0, "rotationZ": 36.0 }
					}
				},
				{
					"frame": 32,
					"elements": {
						"reinsOrigin": { "rotationX": 0.0, "rotationY": 0.0, "rotationZ": 25.0 }
					}
				}
			]
		},

		{
			"name": "Turn-left",
			"code": "turn-left",
			"quantityframes": 1,
			"onActivityStopped": "Rewind",
			"onAnimationEnd": "Repeat",
			"keyframes": [
				{
					"frame": 0,
					"elements": {
						"reinsOrigin": { "rotationX": 0.0, "rotationY": -6.0, "rotationZ": 0.0 }
					}
				}
			]
		},

		{
			"name": "Turn-right",
			"code": "turn-right",
			"quantityframes": 1,
			"onActivityStopped": "Rewind",
			"onAnimationEnd": "Repeat",
			"keyframes": [
				{
					"frame": 0,
					"elements": {
						"reinsOrigin": { "rotationX": 0.0, "rotationY": 6.0, "rotationZ": 0.0 }
					}
				}
			]
		},

		{
			"name": "Gallop",
			"code": "gallop",
			"quantityframes": 49,
			"onActivityStopped": "Rewind",
			"onAnimationEnd": "Repeat",
			"keyframes": [
				{
					"frame": 0,
					"elements": {
						"reinsOrigin": { "rotationX": 0.0, "rotationY": 0.0, "rotationZ": 4.0 }
					}
				},
				{
					"frame": 24,
					"elements": {
						"reinsOrigin": { "rotationX": 0.0, "rotationY": 0.0, "rotationZ": 8.0 }
					}
				}
			]
		}
	]
}