{
	"editor": {
		"backDropShape": "D:/VSModding/Entitybackdrops/indicus-adult",
		"collapsedPaths": ",Root/ORIGINbridle/ReinsN4,Root/ORIGINbridle/Bit/BitArmN/BitSArmUp2,Root/ORIGINbridle/Bit/BitArmN,Root/Bit,Root/ORIGINbridle/Bit/BitArmS,Root/StrapMainN,Root/ORIGINbridle/Bit,Root/ORIGINbridle/reinsOrigin,Root/ORIGINbridle/ReinsN,Root/reinsOrigin,Root/ORIGINbridle/StrapMainN",
		"allAngles": true,
		"entityTextureMode": false
	},
	"textureWidth": 16,
	"textureHeight": 16,
	"textureSizes": {
	},
	"textures": {
		"bridlemetal": "game:block/cloth/wool/black2",
		"bridlemain": "game:block/cloth/wool/brown2",
		"bridleextra": "game:block/cloth/wool/white1"
	},
	"elements": [
		{
			"name": "ORIGINbridle",
			"stepParentName": "Head",
			"from": [ 2.5571, 2.9939, 2.1203 ],
			"to": [ 3.5581, 3.9949, 3.1213 ],
			"rotationOrigin": [ 2.5571, 2.9939, 2.1203 ],
			"rotationZ": -45.0,
			"faces": {
			},
			"children": [
				{
					"name": "Bridle",
					"from": [ 0.0, 0.0, -0.3003 ],
					"to": [ 0.0, 0.0, -0.3003 ],
					"rotationOrigin": [ 0.0, 0.0, -0.3003 ],
					"faces": {
						"north": { "texture": "#bridlemain", "uv": [ 0.0, 0.0, 0.5, 0.5 ], "autoUv": false },
						"east": { "texture": "#bridlemain", "uv": [ 0.0, 0.0, 0.5, 0.5 ], "autoUv": false },
						"south": { "texture": "#bridlemain", "uv": [ 0.0, 0.0, 0.5, 0.5 ], "autoUv": false },
						"west": { "texture": "#bridlemain", "uv": [ 0.0, 0.0, 0.5, 0.5 ], "autoUv": false },
						"up": { "texture": "#bridlemain", "uv": [ 0.0, 0.0, 0.5, 0.5 ], "autoUv": false },
						"down": { "texture": "#bridlemain", "uv": [ 0.0, 0.0, 0.5, 0.5 ], "autoUv": false }
					},
					"children": [
						{
							"name": "reinsOrigin",
							"from": [ 0.091, -3.9858, -2.1021 ],
							"to": [ 0.091, -3.9858, -2.1021 ],
							"rotationOrigin": [ -0.1092, -5.4873, 0.1001 ],
							"rotationZ": -14.0,
							"faces": {
								"north": { "texture": "#bridlemain", "uv": [ 0.0, 0.0, 0.5, 0.5 ], "autoUv": false },
								"east": { "texture": "#bridlemain", "uv": [ 0.0, 0.0, 0.5, 0.5 ], "autoUv": false },
								"south": { "texture": "#bridlemain", "uv": [ 0.0, 0.0, 0.5, 0.5 ], "autoUv": false },
								"west": { "texture": "#bridlemain", "uv": [ 0.0, 0.0, 0.5, 0.5 ], "autoUv": false },
								"up": { "texture": "#bridlemain", "uv": [ 0.0, 0.0, 0.5, 0.5 ], "autoUv": false },
								"down": { "texture": "#bridlemain", "uv": [ 0.0, 0.0, 0.5, 0.5 ], "autoUv": false }
							},
							"children": [
								{
									"name": "ReinsN1",
									"from": [ -0.091, -1.8655, 2.5935 ],
									"to": [ 3.549, -1.4105, 2.8665 ],
									"rotationOrigin": [ -0.091, -1.8655, 2.8938 ],
									"rotationX": -30.0,
									"rotationY": -35.0,
									"rotationZ": -6.0,
									"faces": {
										"north": { "texture": "#bridlemain", "uv": [ 0.0, 7.0, 4.0, 7.5 ], "autoUv": false },
										"east": { "texture": "#bridlemain", "uv": [ 4.0, 3.25, 4.25, 3.75 ], "autoUv": false },
										"south": { "texture": "#bridlemain", "uv": [ 0.0, 4.0, 4.0, 4.5 ], "autoUv": false },
										"west": { "texture": "#bridlemain", "uv": [ 5.5, 7.0, 5.75, 7.5 ], "autoUv": false },
										"up": { "texture": "#bridlemain", "uv": [ 0.0, 3.75, 4.0, 4.0 ], "autoUv": false },
										"down": { "texture": "#bridlemain", "uv": [ 0.25, 5.0, 4.25, 5.25 ], "autoUv": false }
									},
									"children": [
										{
											"name": "ReinsN2",
											"from": [ 3.64, 0.0, 0.001 ],
											"to": [ 7.28, 0.455, 0.274 ],
											"rotationOrigin": [ 3.64, 0.0, 0.3003 ],
											"rotationZ": 25.0,
											"faces": {
												"north": { "texture": "#bridlemain", "uv": [ 0.0, 7.0, 4.0, 7.5 ], "autoUv": false },
												"east": { "texture": "#bridlemain", "uv": [ 4.0, 3.25, 4.25, 3.75 ], "autoUv": false },
												"south": { "texture": "#bridlemain", "uv": [ 0.0, 4.0, 4.0, 4.5 ], "autoUv": false },
												"west": { "texture": "#bridlemain", "uv": [ 5.5, 7.0, 5.75, 7.5 ], "autoUv": false },
												"up": { "texture": "#bridlemain", "uv": [ 0.0, 3.75, 4.0, 4.0 ], "autoUv": false },
												"down": { "texture": "#bridlemain", "uv": [ 0.25, 5.0, 4.25, 5.25 ], "autoUv": false }
											},
											"children": [
												{
													"name": "ReinsN3",
													"from": [ 3.64, 0.0, 0.0 ],
													"to": [ 7.28, 0.455, 0.273 ],
													"rotationOrigin": [ 3.64, 0.0, 0.3003 ],
													"rotationZ": 25.0,
													"faces": {
														"north": { "texture": "#bridlemain", "uv": [ 0.0, 7.0, 4.0, 7.5 ], "autoUv": false },
														"east": { "texture": "#bridlemain", "uv": [ 4.0, 3.25, 4.25, 3.75 ], "autoUv": false },
														"south": { "texture": "#bridlemain", "uv": [ 0.0, 4.0, 4.0, 4.5 ], "autoUv": false },
														"west": { "texture": "#bridlemain", "uv": [ 5.5, 7.0, 5.75, 7.5 ], "autoUv": false },
														"up": { "texture": "#bridlemain", "uv": [ 0.0, 3.75, 4.0, 4.0 ], "autoUv": false },
														"down": { "texture": "#bridlemain", "uv": [ 0.25, 5.0, 4.25, 5.25 ], "autoUv": false }
													},
													"children": [
														{
															"name": "ReinsN4",
															"from": [ 3.64, 0.0, 0.0 ],
															"to": [ 6.37, 0.455, 0.273 ],
															"rotationOrigin": [ 3.64, 0.0, 0.3003 ],
															"rotationY": 15.0,
															"faces": {
																"north": { "texture": "#bridlemain", "uv": [ 0.0, 7.0, 3.0, 7.5 ], "autoUv": false },
																"east": { "texture": "#bridlemain", "uv": [ 4.0, 3.25, 4.25, 3.75 ], "autoUv": false },
																"south": { "texture": "#bridlemain", "uv": [ 0.0, 4.0, 3.0, 4.5 ], "autoUv": false },
																"west": { "texture": "#bridlemain", "uv": [ 5.5, 7.0, 5.75, 7.5 ], "autoUv": false },
																"up": { "texture": "#bridlemain", "uv": [ 0.0, 3.75, 3.0, 4.0 ], "autoUv": false },
																"down": { "texture": "#bridlemain", "uv": [ 0.25, 5.0, 3.25, 5.25 ], "autoUv": false }
															},
															"children": [
																{
																	"name": "ReinsN9",
																	"from": [ 2.73, 0.0, 0.0 ],
																	"to": [ 4.55, 0.455, 0.273 ],
																	"rotationOrigin": [ 2.73, 0.0, 0.3003 ],
																	"rotationY": 15.0,
																	"faces": {
																		"north": { "texture": "#bridlemain", "uv": [ 0.0, 7.0, 2.0, 7.5 ], "autoUv": false },
																		"east": { "texture": "#bridlemain", "uv": [ 4.0, 3.25, 4.25, 3.75 ], "autoUv": false },
																		"south": { "texture": "#bridlemain", "uv": [ 0.0, 4.0, 2.0, 4.5 ], "autoUv": false },
																		"west": { "texture": "#bridlemain", "uv": [ 5.5, 7.0, 5.75, 7.5 ], "autoUv": false },
																		"up": { "texture": "#bridlemain", "uv": [ 0.0, 3.75, 2.0, 4.0 ], "autoUv": false },
																		"down": { "texture": "#bridlemain", "uv": [ 0.25, 5.0, 2.25, 5.25 ], "autoUv": false }
																	},
																	"children": [
																		{
																			"name": "ReinsN11",
																			"from": [ 1.82, 0.0, 0.0 ],
																			"to": [ 3.64, 0.455, 0.273 ],
																			"rotationOrigin": [ 1.82, 0.0, 0.3003 ],
																			"rotationY": 15.0,
																			"faces": {
																				"north": { "texture": "#bridlemain", "uv": [ 0.0, 7.0, 2.0, 7.5 ], "autoUv": false },
																				"east": { "texture": "#bridlemain", "uv": [ 4.0, 3.25, 4.25, 3.75 ], "autoUv": false },
																				"south": { "texture": "#bridlemain", "uv": [ 0.0, 4.0, 2.0, 4.5 ], "autoUv": false },
																				"west": { "texture": "#bridlemain", "uv": [ 5.5, 7.0, 5.75, 7.5 ], "autoUv": false },
																				"up": { "texture": "#bridlemain", "uv": [ 0.0, 3.75, 2.0, 4.0 ], "autoUv": false },
																				"down": { "texture": "#bridlemain", "uv": [ 0.25, 5.0, 2.25, 5.25 ], "autoUv": false }
																			},
																			"children": [
																				{
																					"name": "Reinscrossed6",
																					"from": [ 1.82, 0.0, 0.001 ],
																					"to": [ 3.913, 0.455, 0.274 ],
																					"rotationOrigin": [ 1.82, 0.0, 0.3003 ],
																					"rotationZ": 15.0,
																					"faces": {
																						"north": { "texture": "#bridlemain", "uv": [ 0.0, 7.0, 2.25, 7.5 ], "autoUv": false },
																						"east": { "texture": "#bridlemain", "uv": [ 4.0, 3.25, 4.25, 3.75 ], "autoUv": false },
																						"south": { "texture": "#bridlemain", "uv": [ 0.0, 4.0, 2.25, 4.5 ], "autoUv": false },
																						"west": { "texture": "#bridlemain", "uv": [ 5.5, 7.0, 5.75, 7.5 ], "autoUv": false },
																						"up": { "texture": "#bridlemain", "uv": [ 0.0, 3.75, 2.25, 4.0 ], "autoUv": false },
																						"down": { "texture": "#bridlemain", "uv": [ 0.25, 5.0, 2.5, 5.25 ], "autoUv": false }
																					}
																				}
																			]
																		}
																	]
																}
															]
														}
													]
												}
											]
										}
									]
								},
								{
									"name": "ReinsN5",
									"from": [ 0.091, -2.0475, 1.6835 ],
									"to": [ 3.731, -1.5925, 1.9565 ],
									"rotationOrigin": [ 0.091, -2.0475, 1.9838 ],
									"rotationX": 30.0,
									"rotationY": 35.0,
									"rotationZ": -6.0,
									"faces": {
										"north": { "texture": "#bridlemain", "uv": [ 0.0, 7.0, 4.0, 7.5 ], "autoUv": false },
										"east": { "texture": "#bridlemain", "uv": [ 4.0, 3.25, 4.25, 3.75 ], "autoUv": false },
										"south": { "texture": "#bridlemain", "uv": [ 0.0, 4.0, 4.0, 4.5 ], "autoUv": false },
										"west": { "texture": "#bridlemain", "uv": [ 5.5, 7.0, 5.75, 7.5 ], "autoUv": false },
										"up": { "texture": "#bridlemain", "uv": [ 0.0, 3.75, 4.0, 4.0 ], "autoUv": false },
										"down": { "texture": "#bridlemain", "uv": [ 0.25, 5.0, 4.25, 5.25 ], "autoUv": false }
									},
									"children": [
										{
											"name": "ReinsN6",
											"from": [ 3.64, 0.0, 0.001 ],
											"to": [ 7.28, 0.455, 0.274 ],
											"rotationOrigin": [ 3.64, 0.0, 0.3003 ],
											"rotationZ": 25.0,
											"faces": {
												"north": { "texture": "#bridlemain", "uv": [ 0.0, 7.0, 4.0, 7.5 ], "autoUv": false },
												"east": { "texture": "#bridlemain", "uv": [ 4.0, 3.25, 4.25, 3.75 ], "autoUv": false },
												"south": { "texture": "#bridlemain", "uv": [ 0.0, 4.0, 4.0, 4.5 ], "autoUv": false },
												"west": { "texture": "#bridlemain", "uv": [ 5.5, 7.0, 5.75, 7.5 ], "autoUv": false },
												"up": { "texture": "#bridlemain", "uv": [ 0.0, 3.75, 4.0, 4.0 ], "autoUv": false },
												"down": { "texture": "#bridlemain", "uv": [ 0.25, 5.0, 4.25, 5.25 ], "autoUv": false }
											},
											"children": [
												{
													"name": "ReinsN7",
													"from": [ 3.64, 0.0, 0.001 ],
													"to": [ 7.28, 0.455, 0.274 ],
													"rotationOrigin": [ 3.64, 0.0, 0.3003 ],
													"rotationZ": 25.0,
													"faces": {
														"north": { "texture": "#bridlemain", "uv": [ 0.0, 7.0, 4.0, 7.5 ], "autoUv": false },
														"east": { "texture": "#bridlemain", "uv": [ 4.0, 3.25, 4.25, 3.75 ], "autoUv": false },
														"south": { "texture": "#bridlemain", "uv": [ 0.0, 4.0, 4.0, 4.5 ], "autoUv": false },
														"west": { "texture": "#bridlemain", "uv": [ 5.5, 7.0, 5.75, 7.5 ], "autoUv": false },
														"up": { "texture": "#bridlemain", "uv": [ 0.0, 3.75, 4.0, 4.0 ], "autoUv": false },
														"down": { "texture": "#bridlemain", "uv": [ 0.25, 5.0, 4.25, 5.25 ], "autoUv": false }
													},
													"children": [
														{
															"name": "ReinsN8",
															"from": [ 3.64, 0.0, 0.0 ],
															"to": [ 6.37, 0.455, 0.273 ],
															"rotationOrigin": [ 3.64, 0.0, 0.0 ],
															"rotationY": -15.0,
															"faces": {
																"north": { "texture": "#bridlemain", "uv": [ 0.0, 7.0, 3.0, 7.5 ], "autoUv": false },
																"east": { "texture": "#bridlemain", "uv": [ 4.0, 3.25, 4.25, 3.75 ], "autoUv": false },
																"south": { "texture": "#bridlemain", "uv": [ 0.0, 4.0, 3.0, 4.5 ], "autoUv": false },
																"west": { "texture": "#bridlemain", "uv": [ 5.5, 7.0, 5.75, 7.5 ], "autoUv": false },
																"up": { "texture": "#bridlemain", "uv": [ 0.0, 3.75, 3.0, 4.0 ], "autoUv": false },
																"down": { "texture": "#bridlemain", "uv": [ 0.25, 5.0, 3.25, 5.25 ], "autoUv": false }
															},
															"children": [
																{
																	"name": "ReinsN10",
																	"from": [ 2.73, 0.0, 0.0 ],
																	"to": [ 4.55, 0.455, 0.273 ],
																	"rotationOrigin": [ 2.73, 0.0, 0.0273 ],
																	"rotationY": -15.0,
																	"faces": {
																		"north": { "texture": "#bridlemain", "uv": [ 0.0, 7.0, 2.0, 7.5 ], "autoUv": false },
																		"east": { "texture": "#bridlemain", "uv": [ 4.0, 3.25, 4.25, 3.75 ], "autoUv": false },
																		"south": { "texture": "#bridlemain", "uv": [ 0.0, 4.0, 2.0, 4.5 ], "autoUv": false },
																		"west": { "texture": "#bridlemain", "uv": [ 5.5, 7.0, 5.75, 7.5 ], "autoUv": false },
																		"up": { "texture": "#bridlemain", "uv": [ 0.0, 3.75, 2.0, 4.0 ], "autoUv": false },
																		"down": { "texture": "#bridlemain", "uv": [ 0.25, 5.0, 2.25, 5.25 ], "autoUv": false }
																	},
																	"children": [
																		{
																			"name": "ReinsN12",
																			"from": [ 1.82, 0.0, 0.0 ],
																			"to": [ 3.64, 0.455, 0.273 ],
																			"rotationOrigin": [ 1.82, 0.0, 0.0 ],
																			"rotationY": -15.0,
																			"faces": {
																				"north": { "texture": "#bridlemain", "uv": [ 0.0, 7.0, 2.0, 7.5 ], "autoUv": false },
																				"east": { "texture": "#bridlemain", "uv": [ 4.0, 3.25, 4.25, 3.75 ], "autoUv": false },
																				"south": { "texture": "#bridlemain", "uv": [ 0.0, 4.0, 2.0, 4.5 ], "autoUv": false },
																				"west": { "texture": "#bridlemain", "uv": [ 5.5, 7.0, 5.75, 7.5 ], "autoUv": false },
																				"up": { "texture": "#bridlemain", "uv": [ 0.0, 3.75, 2.0, 4.0 ], "autoUv": false },
																				"down": { "texture": "#bridlemain", "uv": [ 0.25, 5.0, 2.25, 5.25 ], "autoUv": false }
																			},
																			"children": [
																				{
																					"name": "Reinscrossed7",
																					"from": [ 1.82, 0.0, 0.001 ],
																					"to": [ 3.913, 0.455, 0.274 ],
																					"rotationOrigin": [ 1.82, 0.0, 0.0 ],
																					"rotationZ": 15.0,
																					"faces": {
																						"north": { "texture": "#bridlemain", "uv": [ 0.0, 7.0, 2.25, 7.5 ], "autoUv": false },
																						"east": { "texture": "#bridlemain", "uv": [ 4.0, 3.25, 4.25, 3.75 ], "autoUv": false },
																						"south": { "texture": "#bridlemain", "uv": [ 0.0, 4.0, 2.25, 4.5 ], "autoUv": false },
																						"west": { "texture": "#bridlemain", "uv": [ 5.5, 7.0, 5.75, 7.5 ], "autoUv": false },
																						"up": { "texture": "#bridlemain", "uv": [ 0.0, 3.75, 2.25, 4.0 ], "autoUv": false },
																						"down": { "texture": "#bridlemain", "uv": [ 0.25, 5.0, 2.5, 5.25 ], "autoUv": false }
																					},
																					"children": [
																						{
																							"name": "Reinscrossed8",
																							"from": [ 2.184, -0.091, 0.0 ],
																							"to": [ 2.821, 0.546, 0.364 ],
																							"rotationOrigin": [ 2.184, -0.091, 0.0 ],
																							"rotationY": -38.0,
																							"rotationZ": 32.0,
																							"faces": {
																								"north": { "texture": "#bridlemain", "uv": [ 0.0, 7.0, 0.5, 7.5 ], "autoUv": false },
																								"east": { "texture": "#bridlemain", "uv": [ 4.0, 3.25, 4.25, 3.75 ], "autoUv": false },
																								"south": { "texture": "#bridlemain", "uv": [ 0.0, 4.0, 0.5, 4.5 ], "autoUv": false },
																								"west": { "texture": "#bridlemain", "uv": [ 5.5, 7.0, 5.75, 7.5 ], "autoUv": false },
																								"up": { "texture": "#bridlemain", "uv": [ 0.0, 3.75, 0.5, 4.0 ], "autoUv": false },
																								"down": { "texture": "#bridlemain", "uv": [ 0.25, 5.0, 0.75, 5.25 ], "autoUv": false }
																							}
																						}
																					]
																				}
																			]
																		}
																	]
																}
															]
														}
													]
												}
											]
										}
									]
								}
							]
						}
					]
				},
				{
					"name": "Noseband5",
					"from": [ -0.546, -5.6602, -0.7098 ],
					"to": [ 0.1274, -4.8048, 0.5915 ],
					"rotationOrigin": [ -0.5474, -5.6595, -0.7098 ],
					"rotationZ": -45.0,
					"faces": {
						"north": { "texture": "#bridlemain", "uv": [ 0.0, 0.0, 0.5, 0.5 ], "autoUv": false, "windMode": [-1,-1,-1,-1], "windData": [1,1,1,1] },
						"east": { "texture": "#bridlemain", "uv": [ 0.0, 0.0, 1.0, 0.5 ], "autoUv": false, "windMode": [-1,-1,-1,-1], "windData": [1,1,1,1] },
						"south": { "texture": "#bridlemain", "uv": [ 0.0, 0.0, 0.5, 0.5 ], "autoUv": false },
						"west": { "texture": "#bridlemain", "uv": [ 0.0, 0.0, 1.0, 0.5 ], "autoUv": false, "windMode": [-1,-1,-1,-1], "windData": [1,1,1,1] },
						"up": { "texture": "#bridlemain", "uv": [ 0.0, 0.0, 0.5, 1.0 ], "autoUv": false, "windMode": [-1,-1,-1,-1], "windData": [1,1,1,1] },
						"down": { "texture": "#bridlemain", "uv": [ 0.0, 0.0, 0.5, 1.0 ], "autoUv": false, "windMode": [-1,-1,-1,-1], "windData": [1,1,1,1] }
					}
				},
				{
					"name": "Noseband9",
					"from": [ -1.365, -3.5672, -1.9838 ],
					"to": [ -0.5096, -2.7118, 1.8655 ],
					"rotationOrigin": [ -1.3664, -3.5665, -1.9838 ],
					"rotationZ": 134.0,
					"faces": {
						"north": { "texture": "#bridlemain", "uv": [ 0.0, 0.0, 0.75, 0.75 ], "autoUv": false, "windMode": [-1,-1,-1,-1], "windData": [1,1,1,1] },
						"east": { "texture": "#bridlemain", "uv": [ 0.0, 0.0, 4.0, 0.75 ], "autoUv": false, "windMode": [-1,-1,-1,-1], "windData": [1,1,1,1] },
						"south": { "texture": "#bridlemain", "uv": [ 0.0, 0.0, 0.75, 0.75 ], "autoUv": false },
						"west": { "texture": "#bridlemain", "uv": [ 0.0, 0.0, 4.0, 0.75 ], "autoUv": false, "windMode": [-1,-1,-1,-1], "windData": [1,1,1,1] },
						"up": { "texture": "#bridlemain", "uv": [ 0.0, 0.0, 0.75, 4.0 ], "autoUv": false, "windMode": [-1,-1,-1,-1], "windData": [1,1,1,1] },
						"down": { "texture": "#bridlemain", "uv": [ 0.0, 0.0, 0.75, 4.0 ], "autoUv": false, "windMode": [-1,-1,-1,-1], "windData": [1,1,1,1] }
					}
				},
				{
					"name": "Noseband11",
					"from": [ -4.459, -1.5652, -1.8018 ],
					"to": [ -0.3276, -0.8918, 1.6835 ],
					"rotationOrigin": [ -4.4604, -1.5645, -1.8018 ],
					"rotationZ": -45.0,
					"faces": {
						"north": { "texture": "#bridleextra", "uv": [ 1.5, 2.25, 6.0, 2.75 ], "autoUv": false, "windMode": [-1,-1,-1,-1], "windData": [1,1,1,1] },
						"east": { "texture": "#bridleextra", "uv": [ 2.75, 1.75, 6.5, 2.25 ], "autoUv": false, "windMode": [-1,-1,-1,-1], "windData": [1,1,1,1] },
						"south": { "texture": "#bridleextra", "uv": [ 2.25, 1.75, 6.75, 2.25 ], "autoUv": false },
						"west": { "texture": "#bridleextra", "uv": [ 2.75, 2.0, 6.5, 2.5 ], "autoUv": false, "windMode": [-1,-1,-1,-1], "windData": [1,1,1,1] },
						"up": { "texture": "#bridleextra", "uv": [ 2.25, 1.75, 6.75, 5.5 ], "autoUv": false, "windMode": [-1,-1,-1,-1], "windData": [1,1,1,1] },
						"down": { "texture": "#bridleextra", "uv": [ 1.75, 1.5, 6.25, 5.25 ], "autoUv": false, "windMode": [-1,-1,-1,-1], "windData": [1,1,1,1] }
					},
					"children": [
						{
							"name": "Noseband17",
							"from": [ 4.1314, 0.0, -0.0364 ],
							"to": [ 6.6248, 0.6734, 0.6279 ],
							"rotationOrigin": [ 4.0936, 7.0E-4, 0.0 ],
							"rotationY": -35.0,
							"faces": {
								"north": { "texture": "#bridleextra", "uv": [ 5.5, 6.5, 8.0, 7.0 ], "autoUv": false, "windMode": [-1,-1,-1,-1], "windData": [1,1,1,1] },
								"east": { "texture": "#bridleextra", "uv": [ 4.5, 3.0, 5.0, 3.5 ], "autoUv": false, "windMode": [-1,-1,-1,-1], "windData": [1,1,1,1] },
								"south": { "texture": "#bridleextra", "uv": [ 3.0, 4.0, 5.5, 4.5 ], "autoUv": false },
								"west": { "texture": "#bridleextra", "uv": [ 5.5, 3.5, 6.0, 4.0 ], "autoUv": false, "windMode": [-1,-1,-1,-1], "windData": [1,1,1,1] },
								"up": { "texture": "#bridleextra", "uv": [ 3.0, 3.5, 5.5, 4.0 ], "autoUv": false, "windMode": [-1,-1,-1,-1], "windData": [1,1,1,1] },
								"down": { "texture": "#bridleextra", "uv": [ 1.0, 1.0, 3.5, 1.5 ], "autoUv": false, "windMode": [-1,-1,-1,-1], "windData": [1,1,1,1] }
							},
							"children": [
								{
									"name": "Noseband20",
									"from": [ 2.457, -9.0E-4, 0.0 ],
									"to": [ 3.4034, 0.6725, 0.6643 ],
									"rotationOrigin": [ 2.4556, -0.0903, 0.0 ],
									"rotationY": 70.0,
									"faces": {
										"north": { "texture": "#bridleextra", "uv": [ 6.5, 6.0, 7.5, 6.5 ], "autoUv": false, "windMode": [-1,-1,-1,-1], "windData": [1,1,1,1] },
										"east": { "texture": "#bridleextra", "uv": [ 3.5, 4.5, 4.0, 5.0 ], "autoUv": false, "windMode": [-1,-1,-1,-1], "windData": [1,1,1,1] },
										"south": { "texture": "#bridleextra", "uv": [ 2.0, 3.0, 3.0, 3.5 ], "autoUv": false },
										"west": { "texture": "#bridleextra", "uv": [ 5.0, 5.5, 5.5, 6.0 ], "autoUv": false, "windMode": [-1,-1,-1,-1], "windData": [1,1,1,1] },
										"up": { "texture": "#bridleextra", "uv": [ 4.5, 4.0, 5.5, 4.5 ], "autoUv": false, "windMode": [-1,-1,-1,-1], "windData": [1,1,1,1] },
										"down": { "texture": "#bridleextra", "uv": [ 6.5, 5.5, 7.5, 6.0 ], "autoUv": false, "windMode": [-1,-1,-1,-1], "windData": [1,1,1,1] }
									}
								}
							]
						},
						{
							"name": "Noseband7",
							"from": [ 3.3681, 1.5721, -0.455 ],
							"to": [ 5.7705, 2.0635, -0.2457 ],
							"rotationOrigin": [ 3.3667, 1.5721, -0.455 ],
							"rotationZ": 99.0,
							"faces": {
								"north": { "texture": "#bridlemain", "uv": [ 0.0, 0.0, 2.5, 0.5 ], "autoUv": false, "windMode": [-1,-1,-1,-1], "windData": [1,1,1,1] },
								"east": { "texture": "#bridlemain", "uv": [ 0.0, 0.0, 0.25, 0.5 ], "autoUv": false, "windMode": [-1,-1,-1,-1], "windData": [1,1,1,1] },
								"south": { "texture": "#bridlemain", "uv": [ 0.0, 0.0, 2.5, 0.5 ], "autoUv": false },
								"west": { "texture": "#bridlemain", "uv": [ 0.0, 0.0, 0.25, 0.5 ], "autoUv": false, "windMode": [-1,-1,-1,-1], "windData": [1,1,1,1] },
								"up": { "texture": "#bridlemain", "uv": [ 0.0, 0.0, 2.5, 0.25 ], "autoUv": false, "windMode": [-1,-1,-1,-1], "windData": [1,1,1,1] },
								"down": { "texture": "#bridlemain", "uv": [ 0.0, 0.0, 2.5, 0.25 ], "autoUv": false, "windMode": [-1,-1,-1,-1], "windData": [1,1,1,1] }
							},
							"children": [
								{
									"name": "Noseband8",
									"from": [ 2.366, 0.0, 0.001 ],
									"to": [ 6.3154, 0.4914, 4.3053 ],
									"rotationOrigin": [ 2.3646, 0.0, 0.0 ],
									"rotationZ": 30.7,
									"faces": {
										"north": { "texture": "#bridlemain", "uv": [ 1.5, 3.0, 5.75, 3.5 ], "autoUv": false, "windMode": [-1,-1,-1,-1], "windData": [1,1,1,1] },
										"east": { "texture": "#bridlemain", "uv": [ 2.0, 2.75, 6.5, 3.25 ], "autoUv": false, "windMode": [-1,-1,-1,-1], "windData": [1,1,1,1] },
										"south": { "texture": "#bridlemain", "uv": [ 1.5, 3.5, 5.75, 4.0 ], "autoUv": false },
										"west": { "texture": "#bridlemain", "uv": [ 1.75, 2.25, 6.25, 2.75 ], "autoUv": false, "windMode": [-1,-1,-1,-1], "windData": [1,1,1,1] },
										"up": { "texture": "#bridlemain", "uv": [ 1.75, 1.75, 6.0, 6.25 ], "autoUv": false, "windMode": [-1,-1,-1,-1], "windData": [1,1,1,1] },
										"down": { "texture": "#bridlemain", "uv": [ 1.5, 1.25, 5.75, 5.75 ], "autoUv": false, "windMode": [-1,-1,-1,-1], "windData": [1,1,1,1] }
									}
								},
								{
									"name": "Noseband10",
									"from": [ 4.186, 0.728, -0.091 ],
									"to": [ 5.8604, 1.2194, 4.3953 ],
									"rotationOrigin": [ 4.186, 1.183, -0.091 ],
									"rotationZ": 112.0,
									"faces": {
										"north": { "texture": "#bridlemain", "uv": [ 0.5, 1.0, 2.25, 1.5 ], "autoUv": false, "windMode": [-1,-1,-1,-1], "windData": [1,1,1,1] },
										"east": { "texture": "#bridlemain", "uv": [ 0.5, 1.25, 5.25, 1.75 ], "autoUv": false, "windMode": [-1,-1,-1,-1], "windData": [1,1,1,1] },
										"south": { "texture": "#bridlemain", "uv": [ 2.25, 2.5, 4.0, 3.0 ], "autoUv": false },
										"west": { "texture": "#bridlemain", "uv": [ 1.25, 1.5, 6.0, 2.0 ], "autoUv": false, "windMode": [-1,-1,-1,-1], "windData": [1,1,1,1] },
										"up": { "texture": "#bridlemain", "uv": [ 2.25, 1.0, 4.0, 5.75 ], "autoUv": false, "windMode": [-1,-1,-1,-1], "windData": [1,1,1,1] },
										"down": { "texture": "#bridlemain", "uv": [ 1.75, 0.75, 3.5, 5.5 ], "autoUv": false, "windMode": [-1,-1,-1,-1], "windData": [1,1,1,1] }
									},
									"children": [
										{
											"name": "Noseband14",
											"from": [ 1.638, 0.0, 0.91 ],
											"to": [ 2.0384, 0.4914, 3.5763 ],
											"rotationOrigin": [ 1.638, 0.455, 0.91 ],
											"faces": {
												"north": { "texture": "#bridlemain", "uv": [ 0.0, 0.0, 0.25, 0.5 ], "autoUv": false, "windMode": [-1,-1,-1,-1], "windData": [1,1,1,1] },
												"east": { "texture": "#bridlemain", "uv": [ 0.0, 0.0, 2.75, 0.5 ], "autoUv": false, "windMode": [-1,-1,-1,-1], "windData": [1,1,1,1] },
												"south": { "texture": "#bridlemain", "uv": [ 0.0, 0.0, 0.25, 0.5 ], "autoUv": false },
												"west": { "texture": "#bridlemain", "uv": [ 0.0, 0.0, 2.75, 0.5 ], "autoUv": false, "windMode": [-1,-1,-1,-1], "windData": [1,1,1,1] },
												"up": { "texture": "#bridlemain", "uv": [ 0.0, 0.0, 0.25, 2.75 ], "autoUv": false, "windMode": [-1,-1,-1,-1], "windData": [1,1,1,1] },
												"down": { "texture": "#bridlemain", "uv": [ 0.0, 0.0, 0.25, 2.75 ], "autoUv": false, "windMode": [-1,-1,-1,-1], "windData": [1,1,1,1] }
											}
										}
									]
								},
								{
									"name": "Noseband6",
									"from": [ -1.6122, 0.252, 0.455 ],
									"to": [ 0.0895, 0.7434, 0.6643 ],
									"rotationOrigin": [ -1.6177, 0.2514, 0.455 ],
									"rotationX": 2.4673,
									"rotationY": 15.2058,
									"rotationZ": -9.3294,
									"faces": {
										"north": { "texture": "#bridlemain", "uv": [ 0.0, 0.0, 1.75, 0.5 ], "autoUv": false, "windMode": [-1,-1,-1,-1], "windData": [1,1,1,1] },
										"east": { "texture": "#bridlemain", "uv": [ 0.0, 0.0, 0.25, 0.5 ], "autoUv": false, "windMode": [-1,-1,-1,-1], "windData": [1,1,1,1] },
										"south": { "texture": "#bridlemain", "uv": [ 0.0, 0.0, 1.75, 0.5 ], "autoUv": false },
										"west": { "texture": "#bridlemain", "uv": [ 0.0, 0.0, 0.25, 0.5 ], "autoUv": false, "windMode": [-1,-1,-1,-1], "windData": [1,1,1,1] },
										"up": { "texture": "#bridlemain", "uv": [ 0.0, 0.0, 1.75, 0.25 ], "autoUv": false, "windMode": [-1,-1,-1,-1], "windData": [1,1,1,1] },
										"down": { "texture": "#bridlemain", "uv": [ 0.0, 0.0, 1.75, 0.25 ], "autoUv": false, "windMode": [-1,-1,-1,-1], "windData": [1,1,1,1] }
									}
								},
								{
									"name": "Noseband12",
									"from": [ -1.6074, 0.2549, 3.64 ],
									"to": [ 0.0943, 0.7463, 3.8493 ],
									"rotationOrigin": [ -1.6165, 0.2549, 3.8493 ],
									"rotationX": -2.4673,
									"rotationY": -15.2058,
									"rotationZ": -9.3294,
									"faces": {
										"north": { "texture": "#bridlemain", "uv": [ 0.5, 0.25, 2.25, 0.75 ], "autoUv": false, "windMode": [-1,-1,-1,-1], "windData": [1,1,1,1] },
										"east": { "texture": "#bridlemain", "uv": [ 0.25, 1.0, 0.5, 1.5 ], "autoUv": false, "windMode": [-1,-1,-1,-1], "windData": [1,1,1,1] },
										"south": { "texture": "#bridlemain", "uv": [ 1.0, 0.5, 2.75, 1.0 ], "autoUv": false },
										"west": { "texture": "#bridlemain", "uv": [ 1.25, 0.5, 1.5, 1.0 ], "autoUv": false, "windMode": [-1,-1,-1,-1], "windData": [1,1,1,1] },
										"up": { "texture": "#bridlemain", "uv": [ 2.25, 1.75, 4.0, 2.0 ], "autoUv": false, "windMode": [-1,-1,-1,-1], "windData": [1,1,1,1] },
										"down": { "texture": "#bridlemain", "uv": [ 1.0, 1.0, 2.75, 1.25 ], "autoUv": false, "windMode": [-1,-1,-1,-1], "windData": [1,1,1,1] }
									}
								},
								{
									"name": "Noseband13",
									"from": [ 0.0, 0.0, 4.095 ],
									"to": [ 2.4024, 0.4914, 4.3043 ],
									"rotationOrigin": [ -0.0014, 0.0, 4.095 ],
									"faces": {
										"north": { "texture": "#bridlemain", "uv": [ 1.25, 1.5, 3.75, 2.0 ], "autoUv": false, "windMode": [-1,-1,-1,-1], "windData": [1,1,1,1] },
										"east": { "texture": "#bridlemain", "uv": [ 0.5, 0.5, 0.75, 1.0 ], "autoUv": false, "windMode": [-1,-1,-1,-1], "windData": [1,1,1,1] },
										"south": { "texture": "#bridlemain", "uv": [ 0.5, 0.5, 3.0, 1.0 ], "autoUv": false },
										"west": { "texture": "#bridlemain", "uv": [ 1.75, 1.5, 2.0, 2.0 ], "autoUv": false, "windMode": [-1,-1,-1,-1], "windData": [1,1,1,1] },
										"up": { "texture": "#bridlemain", "uv": [ 1.5, 1.5, 4.0, 1.75 ], "autoUv": false, "windMode": [-1,-1,-1,-1], "windData": [1,1,1,1] },
										"down": { "texture": "#bridlemain", "uv": [ 1.0, 0.75, 3.5, 1.0 ], "autoUv": false, "windMode": [-1,-1,-1,-1], "windData": [1,1,1,1] }
									}
								}
							]
						},
						{
							"name": "Noseband18",
							"from": [ 4.1314, 0.0, 2.8574 ],
							"to": [ 6.6248, 0.6734, 3.5217 ],
							"rotationOrigin": [ 4.0936, 0.0, 3.4944 ],
							"rotationY": 35.0,
							"faces": {
								"north": { "texture": "#bridleextra", "uv": [ 3.0, 2.5, 5.5, 3.0 ], "autoUv": false, "windMode": [-1,-1,-1,-1], "windData": [1,1,1,1] },
								"east": { "texture": "#bridleextra", "uv": [ 2.0, 2.0, 2.5, 2.5 ], "autoUv": false, "windMode": [-1,-1,-1,-1], "windData": [1,1,1,1] },
								"south": { "texture": "#bridleextra", "uv": [ 5.0, 4.0, 7.5, 4.5 ], "autoUv": false },
								"west": { "texture": "#bridleextra", "uv": [ 4.0, 3.0, 4.5, 3.5 ], "autoUv": false, "windMode": [-1,-1,-1,-1], "windData": [1,1,1,1] },
								"up": { "texture": "#bridleextra", "uv": [ 5.0, 3.5, 7.5, 4.0 ], "autoUv": false, "windMode": [-1,-1,-1,-1], "windData": [1,1,1,1] },
								"down": { "texture": "#bridleextra", "uv": [ 4.0, 2.0, 6.5, 2.5 ], "autoUv": false, "windMode": [-1,-1,-1,-1], "windData": [1,1,1,1] }
							},
							"children": [
								{
									"name": "Noseband19",
									"from": [ 2.457, 0.0, 0.0 ],
									"to": [ 3.4034, 0.6734, 0.6643 ],
									"rotationOrigin": [ 2.4556, 0.0, 0.6734 ],
									"rotationY": -70.0,
									"faces": {
										"north": { "texture": "#bridleextra", "uv": [ 5.5, 5.0, 6.5, 5.5 ], "autoUv": false, "windMode": [-1,-1,-1,-1], "windData": [1,1,1,1] },
										"east": { "texture": "#bridleextra", "uv": [ 4.0, 1.5, 4.5, 2.0 ], "autoUv": false, "windMode": [-1,-1,-1,-1], "windData": [1,1,1,1] },
										"south": { "texture": "#bridleextra", "uv": [ 3.0, 3.5, 4.0, 4.0 ], "autoUv": false },
										"west": { "texture": "#bridleextra", "uv": [ 4.0, 4.0, 4.5, 4.5 ], "autoUv": false, "windMode": [-1,-1,-1,-1], "windData": [1,1,1,1] },
										"up": { "texture": "#bridleextra", "uv": [ 3.0, 2.5, 4.0, 3.0 ], "autoUv": false, "windMode": [-1,-1,-1,-1], "windData": [1,1,1,1] },
										"down": { "texture": "#bridleextra", "uv": [ 6.5, 4.0, 7.5, 4.5 ], "autoUv": false, "windMode": [-1,-1,-1,-1], "windData": [1,1,1,1] }
									}
								}
							]
						}
					]
				},
				{
					"name": "Noseband16",
					"from": [ 0.52, 1.34, -2.45 ],
					"to": [ 0.9384, 1.7584, 2.2273 ],
					"rotationOrigin": [ 0.5536, 1.3385, -2.4478 ],
					"rotationZ": 85.0,
					"faces": {
						"north": { "texture": "#bridlemetal", "uv": [ 0.0, 0.0, 0.25, 0.25 ], "autoUv": false, "windMode": [-1,-1,-1,-1], "windData": [1,1,1,1] },
						"east": { "texture": "#bridlemetal", "uv": [ 0.0, 0.0, 5.0, 0.25 ], "autoUv": false, "windMode": [-1,-1,-1,-1], "windData": [1,1,1,1] },
						"south": { "texture": "#bridlemetal", "uv": [ 0.0, 0.0, 0.25, 0.25 ], "autoUv": false },
						"west": { "texture": "#bridlemetal", "uv": [ 0.0, 0.0, 5.0, 0.25 ], "autoUv": false, "windMode": [-1,-1,-1,-1], "windData": [1,1,1,1] },
						"up": { "texture": "#bridlemetal", "uv": [ 0.0, 0.0, 0.25, 5.0 ], "autoUv": false, "windMode": [-1,-1,-1,-1], "windData": [1,1,1,1] },
						"down": { "texture": "#bridlemetal", "uv": [ 0.0, 0.0, 0.25, 5.0 ], "autoUv": false, "windMode": [-1,-1,-1,-1], "windData": [1,1,1,1] }
					}
				}
			]
		}
	],
	"animations": [
		{
			"name": "Eat",
			"code": "eat",
			"quantityframes": 44,
			"onActivityStopped": "Rewind",
			"onAnimationEnd": "Repeat",
			"keyframes": [
				{
					"frame": 0,
					"elements": {
						"reinsOrigin": { "rotationX": 0.0, "rotationY": 0.0, "rotationZ": 35.0 }
					}
				},
				{
					"frame": 15,
					"elements": {
						"reinsOrigin": { "rotationX": 0.0, "rotationY": 0.0, "rotationZ": 29.0 }
					}
				},
				{
					"frame": 23,
					"elements": {
						"reinsOrigin": { "rotationX": 0.0, "rotationY": 0.0, "rotationZ": 39.6552 }
					}
				},
				{
					"frame": 32,
					"elements": {
						"reinsOrigin": { "rotationX": 0.0, "rotationY": 0.0, "rotationZ": 25.6601 }
					}
				},
				{
					"frame": 43,
					"elements": {
						"reinsOrigin": { "rotationX": 0.0, "rotationY": 0.0, "rotationZ": 36.2217 }
					}
				}
			]
		},

		{
			"name": "Turn-left",
			"code": "turn-left",
			"quantityframes": 1,
			"onActivityStopped": "Rewind",
			"onAnimationEnd": "Repeat",
			"keyframes": [
				{
					"frame": 0,
					"elements": {
						"reinsOrigin": { "rotationX": 0.0, "rotationY": -6.0, "rotationZ": 0.0 }
					}
				}
			]
		},

		{
			"name": "Turn-right",
			"code": "turn-right",
			"quantityframes": 1,
			"onActivityStopped": "Rewind",
			"onAnimationEnd": "Repeat",
			"keyframes": [
				{
					"frame": 0,
					"elements": {
						"reinsOrigin": { "rotationX": 0.0, "rotationY": 6.0, "rotationZ": 0.0 }
					}
				}
			]
		},

		{
			"name": "Gallop",
			"code": "gallop",
			"quantityframes": 49,
			"onActivityStopped": "Rewind",
			"onAnimationEnd": "Repeat",
			"keyframes": [
				{
					"frame": 0,
					"elements": {
						"reinsOrigin": { "rotationX": 0.0, "rotationY": 0.0, "rotationZ": 4.0 }
					}
				},
				{
					"frame": 24,
					"elements": {
						"reinsOrigin": { "rotationX": 0.0, "rotationY": 0.0, "rotationZ": 8.0 }
					}
				}
			]
		},

		{
			"name": "Jump",
			"code": "jump",
			"quantityframes": 44,
			"onActivityStopped": "Rewind",
			"onAnimationEnd": "Repeat",
			"keyframes": [
				{
					"frame": 0,
					"elements": {
						"reinsOrigin": { "rotationX": 0.0, "rotationY": 0.0, "rotationZ": -4.0 }
					}
				},
				{
					"frame": 12,
					"elements": {
						"reinsOrigin": { "rotationX": 0.0, "rotationY": 0.0, "rotationZ": 16.0 }
					}
				}
			]
		}
	]
}