{
	"editor": {
		"collapsedPaths": "Root/ORIGINbridle/BitN/StrapBack1",
		"allAngles": true,
		"entityTextureMode": false
	},
	"textureWidth": 16,
	"textureHeight": 16,
	"textureSizes": {
	},
	"textures": {
		"bridlemetal": "game:block/cloth/wool/black1",
		"bridlemain": "game:block/cloth/wool/brown2",
		"bridleextra": "game:block/cloth/wool/white1"
	},
	"elements": [
		{
			"name": "ORIGINbridle",
			"stepParentName": "Head",
			"from": [ 3.0, 0.0, 2.0 ],
			"to": [ 4.0, 1.0, 3.0 ],
			"rotationOrigin": [ 3.0, 0.0, 2.0 ],
			"faces": {
			},
			"children": [
				{
					"name": "MedallionS",
					"from": [ 4.5136, 0.05, 3.9813 ],
					"to": [ 5.6136, 1.15, 4.4813 ],
					"rotationOrigin": [ 4.5136, 0.05, 3.9813 ],
					"rotationY": 7.5,
					"faces": {
						"north": { "texture": "#bridlemetal", "uv": [ 0.0, 0.0, 1.0, 1.0 ] },
						"east": { "texture": "#bridlemetal", "uv": [ 0.0, 0.0, 0.5, 1.0 ] },
						"south": { "texture": "#bridlemetal", "uv": [ 0.0, 0.0, 1.0, 1.0 ] },
						"west": { "texture": "#bridlemetal", "uv": [ 0.0, 0.0, 0.5, 1.0 ] },
						"up": { "texture": "#bridlemetal", "uv": [ 0.0, 0.0, 1.0, 0.5 ] },
						"down": { "texture": "#bridlemetal", "uv": [ 0.0, 0.0, 1.0, 0.5 ] }
					},
					"children": [
						{
							"name": "StrapTopS",
							"from": [ 0.3, 1.1, 0.1 ],
							"to": [ 0.8, 4.1, 0.4 ],
							"rotationOrigin": [ 0.3, 1.1, 0.4 ],
							"rotationX": -12.0,
							"faces": {
								"north": { "texture": "#bridlemain", "uv": [ 0.0, 0.0, 0.5, 3.0 ] },
								"east": { "texture": "#bridlemain", "uv": [ 0.0, 0.0, 0.5, 3.0 ] },
								"south": { "texture": "#bridlemain", "uv": [ 0.0, 0.0, 0.5, 3.0 ] },
								"west": { "texture": "#bridlemain", "uv": [ 0.0, 0.0, 0.5, 3.0 ] },
								"up": { "texture": "#bridlemain", "uv": [ 0.0, 0.0, 0.5, 0.5 ] },
								"down": { "texture": "#bridlemain", "uv": [ 0.0, 0.0, 0.5, 0.5 ] }
							}
						},
						{
							"name": "StrapMainS",
							"from": [ -4.3, 0.5, -0.1 ],
							"to": [ 0.2, 1.0, 0.2 ],
							"rotationOrigin": [ -4.3, 0.95, 0.2 ],
							"rotationY": -3.0,
							"faces": {
								"north": { "texture": "#bridlemain", "uv": [ 0.0, 0.0, 4.5, 0.5 ] },
								"south": { "texture": "#bridlemain", "uv": [ 0.0, 0.0, 4.5, 0.5 ] },
								"up": { "texture": "#bridlemain", "uv": [ 0.0, 0.0, 4.5, 0.5 ] },
								"down": { "texture": "#bridlemain", "uv": [ 0.0, 0.0, 4.5, 0.5 ] }
							}
						},
						{
							"name": "StrapMainE",
							"from": [ 1.0, 0.3, 0.1 ],
							"to": [ 6.0, 0.8, 0.4 ],
							"rotationOrigin": [ 1.0, 0.8, 0.1 ],
							"rotationZ": -4.0,
							"faces": {
								"north": { "texture": "#bridlemain", "uv": [ 0.0, 0.0, 5.0, 0.5 ] },
								"east": { "texture": "#bridlemain", "uv": [ 0.0, 0.0, 0.5, 0.5 ] },
								"south": { "texture": "#bridlemain", "uv": [ 0.0, 0.0, 5.0, 0.5 ] },
								"west": { "texture": "#bridlemain", "uv": [ 0.0, 0.0, 0.5, 0.5 ] },
								"up": { "texture": "#bridlemain", "uv": [ 0.0, 0.0, 5.0, 0.5 ] },
								"down": { "texture": "#bridlemain", "uv": [ 0.0, 0.0, 5.0, 0.5 ] }
							}
						},
						{
							"name": "StrapMainS3",
							"from": [ -4.2, 0.5, -0.3 ],
							"to": [ -2.2, 1.0, 0.0 ],
							"rotationOrigin": [ -4.2, 0.95, 0.0 ],
							"rotationX": -7.0,
							"rotationY": 11.0,
							"faces": {
								"north": { "texture": "#bridlemain", "uv": [ 0.0, 0.0, 2.0, 0.5 ] },
								"south": { "texture": "#bridlemain", "uv": [ 0.0, 0.0, 2.0, 0.5 ] },
								"up": { "texture": "#bridlemain", "uv": [ 0.0, 0.0, 2.0, 0.5 ] },
								"down": { "texture": "#bridlemain", "uv": [ 0.0, 0.0, 2.0, 0.5 ] }
							}
						},
						{
							"name": "StrapMainS4",
							"from": [ -3.8, 0.5, -5.0 ],
							"to": [ -1.8, 1.0, -4.7 ],
							"rotationOrigin": [ -3.8, 0.95, -4.7 ],
							"rotationX": 1.0,
							"rotationY": -28.0,
							"faces": {
								"north": { "texture": "#bridlemain", "uv": [ 0.0, 0.0, 2.0, 0.5 ] },
								"south": { "texture": "#bridlemain", "uv": [ 0.0, 0.0, 2.0, 0.5 ] },
								"up": { "texture": "#bridlemain", "uv": [ 0.0, 0.0, 2.0, 0.5 ] },
								"down": { "texture": "#bridlemain", "uv": [ 0.0, 0.0, 2.0, 0.5 ] }
							}
						}
					]
				},
				{
					"name": "MedallionN",
					"from": [ 4.5167, 0.05, -0.3394 ],
					"to": [ 5.6167, 1.15, 0.1606 ],
					"rotationOrigin": [ 4.5167, 0.05, -0.3394 ],
					"rotationY": -8.0,
					"faces": {
						"north": { "texture": "#bridlemetal", "uv": [ 0.0, 0.0, 1.0, 1.0 ] },
						"east": { "texture": "#bridlemetal", "uv": [ 0.0, 0.0, 0.5, 1.0 ] },
						"south": { "texture": "#bridlemetal", "uv": [ 0.0, 0.0, 1.0, 1.0 ] },
						"west": { "texture": "#bridlemetal", "uv": [ 0.0, 0.0, 0.5, 1.0 ] },
						"up": { "texture": "#bridlemetal", "uv": [ 0.0, 0.0, 1.0, 0.5 ] },
						"down": { "texture": "#bridlemetal", "uv": [ 0.0, 0.0, 1.0, 0.5 ] }
					},
					"children": [
						{
							"name": "StrapTop8",
							"from": [ 0.3, 1.1, 0.1 ],
							"to": [ 0.8, 4.1, 0.4 ],
							"rotationOrigin": [ 0.3, 1.1, 0.1 ],
							"rotationX": 13.0,
							"faces": {
								"north": { "texture": "#bridlemain", "uv": [ 0.0, 0.0, 0.5, 3.0 ] },
								"east": { "texture": "#bridlemain", "uv": [ 0.0, 0.0, 0.5, 3.0 ] },
								"south": { "texture": "#bridlemain", "uv": [ 0.0, 0.0, 0.5, 3.0 ] },
								"west": { "texture": "#bridlemain", "uv": [ 0.0, 0.0, 0.5, 3.0 ] },
								"up": { "texture": "#bridlemain", "uv": [ 0.0, 0.0, 0.5, 0.5 ] }
							},
							"children": [
								{
									"name": "StrapTop9",
									"from": [ 0.0, 3.0, 0.0 ],
									"to": [ 0.5, 6.0, 0.3 ],
									"rotationOrigin": [ 0.5, 3.0, 0.0 ],
									"rotationX": 77.0,
									"rotationZ": -10.0,
									"faces": {
										"north": { "texture": "#bridlemain", "uv": [ 0.0, 0.0, 0.5, 3.0 ] },
										"east": { "texture": "#bridlemain", "uv": [ 0.0, 0.0, 0.5, 3.0 ] },
										"south": { "texture": "#bridlemain", "uv": [ 0.0, 0.0, 0.5, 3.0 ] },
										"west": { "texture": "#bridlemain", "uv": [ 0.0, 0.0, 0.5, 3.0 ] },
										"up": { "texture": "#bridlemain", "uv": [ 0.0, 0.0, 0.5, 0.5 ] }
									}
								}
							]
						},
						{
							"name": "StrapBottom",
							"from": [ -3.7, 0.1, 0.1 ],
							"to": [ 0.3, 0.6, 0.4 ],
							"rotationOrigin": [ 0.3, 0.1, 0.1 ],
							"rotationY": 17.0,
							"faces": {
								"north": { "texture": "#bridlemain", "uv": [ 0.0, 0.0, 4.0, 0.5 ] },
								"east": { "texture": "#bridlemain", "uv": [ 0.0, 0.0, 0.5, 0.5 ] },
								"south": { "texture": "#bridlemain", "uv": [ 0.0, 0.0, 4.0, 0.5 ] },
								"west": { "texture": "#bridlemain", "uv": [ 0.0, 0.0, 0.5, 0.5 ] },
								"up": { "texture": "#bridlemain", "uv": [ 0.0, 0.0, 4.0, 0.5 ] },
								"down": { "texture": "#bridlemain", "uv": [ 0.0, 0.0, 4.0, 0.5 ], "windMode": [-1,-1,-1,-1] }
							},
							"children": [
								{
									"name": "StrapBottom3",
									"from": [ 0.2, 0.0, 0.0 ],
									"to": [ 3.2, 0.5, 0.3 ],
									"rotationOrigin": [ 0.2, 0.0, 0.0 ],
									"rotationX": 0.1,
									"rotationY": -99.0,
									"faces": {
										"north": { "texture": "#bridlemain", "uv": [ 0.0, 0.0, 3.0, 0.5 ] },
										"east": { "texture": "#bridlemain", "uv": [ 0.0, 0.0, 0.5, 0.5 ] },
										"south": { "texture": "#bridlemain", "uv": [ 0.0, 0.0, 3.0, 0.5 ] },
										"west": { "texture": "#bridlemain", "uv": [ 0.0, 0.0, 0.5, 0.5 ] },
										"up": { "texture": "#bridlemain", "uv": [ 0.0, 0.0, 3.0, 0.5 ] },
										"down": { "texture": "#bridlemain", "uv": [ 0.0, 0.0, 3.0, 0.5 ], "windMode": [-1,-1,-1,-1] }
									}
								}
							]
						},
						{
							"name": "StrapBottom2",
							"from": [ -3.2, 0.1, 4.2 ],
							"to": [ 0.8, 0.6, 4.5 ],
							"rotationOrigin": [ 0.8, 0.1, 4.5 ],
							"rotationY": -4.0,
							"faces": {
								"north": { "texture": "#bridlemain", "uv": [ 0.0, 0.0, 4.0, 0.5 ] },
								"east": { "texture": "#bridlemain", "uv": [ 0.0, 0.0, 0.5, 0.5 ] },
								"south": { "texture": "#bridlemain", "uv": [ 0.0, 0.0, 4.0, 0.5 ] },
								"west": { "texture": "#bridlemain", "uv": [ 0.0, 0.0, 0.5, 0.5 ] },
								"up": { "texture": "#bridlemain", "uv": [ 0.0, 0.0, 4.0, 0.5 ] },
								"down": { "texture": "#bridlemain", "uv": [ 0.0, 0.0, 4.0, 0.5 ], "windMode": [-1,-1,-1,-1] }
							}
						},
						{
							"name": "StrapMainS2",
							"from": [ -4.2, 0.5, 0.3 ],
							"to": [ 0.3, 1.0, 0.6 ],
							"rotationOrigin": [ -4.2, 0.95, 0.6 ],
							"rotationY": 3.0,
							"faces": {
								"north": { "texture": "#bridlemain", "uv": [ 0.0, 0.0, 4.5, 0.5 ] },
								"south": { "texture": "#bridlemain", "uv": [ 0.0, 0.0, 4.5, 0.5 ] },
								"up": { "texture": "#bridlemain", "uv": [ 0.0, 0.0, 4.5, 0.5 ] },
								"down": { "texture": "#bridlemain", "uv": [ 0.0, 0.0, 4.5, 0.5 ] }
							}
						},
						{
							"name": "StrapMainE2",
							"from": [ 5.9878, -0.0488, 0.1 ],
							"to": [ 8.9878, 0.4512, 0.4 ],
							"rotationOrigin": [ 5.9878, 0.4512, 0.1 ],
							"rotationX": -21.584,
							"rotationY": -79.237,
							"rotationZ": -21.934,
							"faces": {
								"north": { "texture": "#bridlemain", "uv": [ 0.0, 0.0, 3.0, 0.5 ] },
								"south": { "texture": "#bridlemain", "uv": [ 0.0, 0.0, 3.0, 0.5 ] },
								"up": { "texture": "#bridlemain", "uv": [ 0.0, 0.0, 3.0, 0.5 ] },
								"down": { "texture": "#bridlemain", "uv": [ 0.0, 0.0, 3.0, 0.5 ] }
							}
						},
						{
							"name": "StrapE6",
							"from": [ 1.0, 0.3, 0.1 ],
							"to": [ 6.0, 0.8, 0.4 ],
							"rotationOrigin": [ 1.0, 0.8, 0.1 ],
							"rotationZ": -4.0,
							"faces": {
								"north": { "texture": "#bridlemain", "uv": [ 0.0, 0.0, 5.0, 0.5 ] },
								"east": { "texture": "#bridlemain", "uv": [ 0.0, 0.0, 0.5, 0.5 ] },
								"south": { "texture": "#bridlemain", "uv": [ 0.0, 0.0, 5.0, 0.5 ] },
								"west": { "texture": "#bridlemain", "uv": [ 0.0, 0.0, 0.5, 0.5 ] },
								"up": { "texture": "#bridlemain", "uv": [ 0.0, 0.0, 5.0, 0.5 ] },
								"down": { "texture": "#bridlemain", "uv": [ 0.0, 0.0, 5.0, 0.5 ] }
							}
						}
					]
				},
				{
					"name": "LeatherKnot1",
					"from": [ -0.4019, 1.0E-4, 4.14 ],
					"to": [ 0.0981, 0.5001, 4.64 ],
					"renderInEditor": false,
					"rotationOrigin": [ -0.4019, 1.0E-4, 4.1392 ],
					"rotationX": -0.0757,
					"rotationY": 43.9999,
					"rotationZ": 0.1365,
					"faces": {
						"north": { "texture": "#bridlemain", "uv": [ 0.0, 0.0, 0.5, 0.5 ] },
						"east": { "texture": "#bridlemain", "uv": [ 0.0, 0.0, 0.5, 0.5 ] },
						"south": { "texture": "#bridlemain", "uv": [ 0.0, 0.0, 0.5, 0.5 ] },
						"west": { "texture": "#bridlemain", "uv": [ 0.0, 0.0, 0.5, 0.5 ] },
						"up": { "texture": "#bridlemain", "uv": [ 0.0, 0.0, 0.5, 0.5 ] },
						"down": { "texture": "#bridlemain", "uv": [ 0.0, 0.0, 0.5, 0.5 ] }
					}
				},
				{
					"name": "LeatherKnot3",
					"from": [ -0.0917, 0.0, -0.392 ],
					"to": [ 0.4083, 0.5, 0.208 ],
					"renderInEditor": false,
					"rotationOrigin": [ -0.0917, 0.0, -0.392 ],
					"rotationY": -44.0,
					"faces": {
						"north": { "texture": "#bridlemain", "uv": [ 0.0, 0.0, 0.5, 0.5 ] },
						"east": { "texture": "#bridlemain", "uv": [ 0.0, 0.0, 0.5, 0.5 ] },
						"south": { "texture": "#bridlemain", "uv": [ 0.0, 0.0, 0.5, 0.5 ] },
						"west": { "texture": "#bridlemain", "uv": [ 0.0, 0.0, 0.5, 0.5 ] },
						"up": { "texture": "#bridlemain", "uv": [ 0.0, 0.0, 0.5, 0.5 ] },
						"down": { "texture": "#bridlemain", "uv": [ 0.0, 0.0, 0.5, 0.5 ] }
					}
				},
				{
					"name": "LeatherKnot2",
					"from": [ -0.0554, 0.5005, 4.5 ],
					"to": [ 0.4446, 1.1005, 5.0 ],
					"rotationOrigin": [ -0.0554, 0.5005, 4.499 ],
					"rotationX": -0.0757,
					"rotationY": 43.9999,
					"rotationZ": 0.1365,
					"faces": {
						"north": { "texture": "#bridlemain", "uv": [ 0.0, 0.0, 0.5, 0.5 ] },
						"east": { "texture": "#bridlemain", "uv": [ 0.0, 0.0, 0.5, 0.5 ] },
						"south": { "texture": "#bridlemain", "uv": [ 0.0, 0.0, 0.5, 0.5 ] },
						"west": { "texture": "#bridlemain", "uv": [ 0.0, 0.0, 0.5, 0.5 ] },
						"up": { "texture": "#bridlemain", "uv": [ 0.0, 0.0, 0.5, 0.5 ] },
						"down": { "texture": "#bridlemain", "uv": [ 0.0, 0.0, 0.5, 0.5 ] }
					}
				},
				{
					"name": "LeatherKnot4",
					"from": [ 0.2557, 0.5, -0.7517 ],
					"to": [ 0.7557, 1.1, -0.2517 ],
					"rotationOrigin": [ 0.2557, 0.5, -0.7517 ],
					"rotationY": -44.0,
					"faces": {
						"north": { "texture": "#bridlemain", "uv": [ 0.0, 0.0, 0.5, 0.5 ] },
						"east": { "texture": "#bridlemain", "uv": [ 0.0, 0.0, 0.5, 0.5 ] },
						"south": { "texture": "#bridlemain", "uv": [ 0.0, 0.0, 0.5, 0.5 ] },
						"west": { "texture": "#bridlemain", "uv": [ 0.0, 0.0, 0.5, 0.5 ] },
						"up": { "texture": "#bridlemain", "uv": [ 0.0, 0.0, 0.5, 0.5 ] },
						"down": { "texture": "#bridlemain", "uv": [ 0.0, 0.0, 0.5, 0.5 ] }
					}
				},
				{
					"name": "Leather2",
					"from": [ 0.281, 8.0E-4, 5.5661 ],
					"to": [ 0.581, 0.5008, 16.5661 ],
					"rotationOrigin": [ 0.281, 8.0E-4, 5.5661 ],
					"rotationX": -179.3611,
					"rotationY": 80.9994,
					"rotationZ": 179.3725,
					"faces": {
						"north": { "texture": "#bridlemain", "uv": [ 0.0, 0.0, 0.5, 0.5 ] },
						"east": { "texture": "#bridlemain", "uv": [ 0.0, 0.0, 11.0, 0.5 ] },
						"south": { "texture": "#bridlemain", "uv": [ 0.0, 0.0, 0.5, 0.5 ] },
						"west": { "texture": "#bridlemain", "uv": [ 0.0, 0.0, 11.0, 0.5 ] },
						"up": { "texture": "#bridlemain", "uv": [ 0.0, 0.0, 0.5, 11.0 ] },
						"down": { "texture": "#bridlemain", "uv": [ 0.0, 0.0, 0.5, 11.0 ] }
					},
					"children": [
						{
							"name": "Leather1",
							"from": [ 2.72, 0.0, 0.15 ],
							"to": [ 3.22, 0.3, 3.25 ],
							"rotationOrigin": [ 3.2155, 0.0, 0.1492 ],
							"rotationY": -81.0,
							"faces": {
								"north": { "texture": "#bridlemain", "uv": [ 0.0, 0.0, 0.5, 0.5 ] },
								"east": { "texture": "#bridlemain", "uv": [ 0.0, 0.0, 3.0, 0.5 ] },
								"south": { "texture": "#bridlemain", "uv": [ 0.0, 0.0, 0.5, 0.5 ] },
								"west": { "texture": "#bridlemain", "uv": [ 0.0, 0.0, 3.0, 0.5 ] },
								"up": { "texture": "#bridlemain", "uv": [ 0.0, 0.0, 0.5, 3.0 ] },
								"down": { "texture": "#bridlemain", "uv": [ 0.0, 0.0, 0.5, 3.0 ] }
							}
						},
						{
							"name": "LeatherStrap5",
							"from": [ 6.584, -0.0029, 0.9818 ],
							"to": [ 6.884, 0.4971, 11.9818 ],
							"rotationOrigin": [ 6.884, -0.0029, 0.9818 ],
							"rotationX": 0.0988,
							"rotationY": -18.0,
							"rotationZ": -0.0036,
							"faces": {
								"north": { "texture": "#bridlemain", "uv": [ 0.0, 0.0, 0.5, 0.5 ] },
								"east": { "texture": "#bridlemain", "uv": [ 0.0, 0.0, 11.0, 0.5 ] },
								"south": { "texture": "#bridlemain", "uv": [ 0.0, 0.0, 0.5, 0.5 ] },
								"west": { "texture": "#bridlemain", "uv": [ 0.0, 0.0, 11.0, 0.5 ] },
								"up": { "texture": "#bridlemain", "uv": [ 0.0, 0.0, 0.5, 11.0 ] },
								"down": { "texture": "#bridlemain", "uv": [ 0.0, 0.0, 0.5, 11.0 ] }
							},
							"children": [
								{
									"name": "LeatherStrap6",
									"from": [ 0.0, 0.0, 11.0 ],
									"to": [ 0.3, 0.5, 14.5 ],
									"rotationOrigin": [ 0.3, 0.0, 11.0 ],
									"rotationY": -80.0,
									"rotationZ": 0.1,
									"faces": {
										"north": { "texture": "#bridlemain", "uv": [ 0.0, 0.0, 0.5, 0.5 ] },
										"east": { "texture": "#bridlemain", "uv": [ 0.0, 0.0, 3.5, 0.5 ] },
										"south": { "texture": "#bridlemain", "uv": [ 0.0, 0.0, 0.5, 0.5 ] },
										"west": { "texture": "#bridlemain", "uv": [ 0.0, 0.0, 3.5, 0.5 ] },
										"up": { "texture": "#bridlemain", "uv": [ 0.0, 0.0, 0.5, 3.5 ] },
										"down": { "texture": "#bridlemain", "uv": [ 0.0, 0.0, 0.5, 3.5 ] }
									}
								}
							]
						},
						{
							"name": "LeatherStrap4",
							"from": [ 3.98, 0.0, 0.28 ],
							"to": [ 4.48, 0.3, 3.08 ],
							"rotationOrigin": [ 3.982, -0.0013, 0.2848 ],
							"rotationX": 0.1025,
							"rotationY": 64.0,
							"rotationZ": -0.0043,
							"faces": {
								"north": { "texture": "#bridlemain", "uv": [ 0.0, 0.0, 0.5, 0.5 ] },
								"east": { "texture": "#bridlemain", "uv": [ 0.0, 0.0, 2.5, 0.5 ] },
								"south": { "texture": "#bridlemain", "uv": [ 0.0, 0.0, 0.5, 0.5 ] },
								"west": { "texture": "#bridlemain", "uv": [ 0.0, 0.0, 2.5, 0.5 ] },
								"up": { "texture": "#bridlemain", "uv": [ 0.0, 0.0, 0.5, 2.5 ] },
								"down": { "texture": "#bridlemain", "uv": [ 0.0, 0.0, 0.5, 2.5 ] }
							}
						}
					]
				}
			]
		},
		{
			"name": "ORIGINbridle2",
			"stepParentName": "Head",
			"from": [ 7.61, -3.21, 4.13 ],
			"to": [ 8.71, -2.11, 5.23 ],
			"rotationOrigin": [ 7.61, -3.21, 4.13 ],
			"rotationZ": -127.0,
			"faces": {
			},
			"children": [
				{
					"name": "Bridle",
					"from": [ 0.0, 0.0, -0.33 ],
					"to": [ 0.0, 0.0, -0.33 ],
					"rotationOrigin": [ 0.0, 0.0, -0.33 ],
					"faces": {
						"north": { "texture": "#bridlemain", "uv": [ 0.0, 0.0, 0.5, 0.5 ], "autoUv": false },
						"east": { "texture": "#bridlemain", "uv": [ 0.0, 0.0, 0.5, 0.5 ], "autoUv": false },
						"south": { "texture": "#bridlemain", "uv": [ 0.0, 0.0, 0.5, 0.5 ], "autoUv": false },
						"west": { "texture": "#bridlemain", "uv": [ 0.0, 0.0, 0.5, 0.5 ], "autoUv": false },
						"up": { "texture": "#bridlemain", "uv": [ 0.0, 0.0, 0.5, 0.5 ], "autoUv": false },
						"down": { "texture": "#bridlemain", "uv": [ 0.0, 0.0, 0.5, 0.5 ], "autoUv": false }
					}
				},
				{
					"name": "Noseband5",
					"from": [ -0.6, -6.22, -0.78 ],
					"to": [ 0.14, -5.28, 0.65 ],
					"rotationOrigin": [ -0.6015, -6.2192, -0.78 ],
					"rotationZ": -45.0,
					"faces": {
						"north": { "texture": "#bridlemain", "uv": [ 0.0, 0.0, 0.5, 0.5 ], "windMode": [-1,-1,-1,-1], "windData": [1,1,1,1] },
						"east": { "texture": "#bridlemain", "uv": [ 0.0, 0.0, 1.0, 0.5 ], "windMode": [-1,-1,-1,-1], "windData": [1,1,1,1] },
						"south": { "texture": "#bridlemain", "uv": [ 0.0, 0.0, 0.5, 0.5 ] },
						"west": { "texture": "#bridlemain", "uv": [ 0.0, 0.0, 1.0, 0.5 ], "windMode": [-1,-1,-1,-1], "windData": [1,1,1,1] },
						"up": { "texture": "#bridlemain", "uv": [ 0.0, 0.0, 0.5, 1.0 ], "windMode": [-1,-1,-1,-1], "windData": [1,1,1,1] },
						"down": { "texture": "#bridlemain", "uv": [ 0.0, 0.0, 0.5, 1.0 ], "windMode": [-1,-1,-1,-1], "windData": [1,1,1,1] }
					}
				},
				{
					"name": "Noseband11",
					"from": [ -4.9, -1.72, -1.98 ],
					"to": [ -4.26, -0.98, 1.85 ],
					"rotationOrigin": [ -4.9015, -1.7192, -1.98 ],
					"rotationZ": -45.0,
					"faces": {
						"north": { "texture": "#bridleextra", "uv": [ 2.0, 2.0, 2.5, 2.5 ], "windMode": [-1,-1,-1,-1], "windData": [1,1,1,1] },
						"east": { "texture": "#bridleextra", "uv": [ 2.0, 3.0, 5.5, 3.5 ], "windMode": [-1,-1,-1,-1], "windData": [1,1,1,1] },
						"south": { "texture": "#bridleextra", "uv": [ 2.0, 1.5, 2.5, 2.0 ] },
						"west": { "texture": "#bridleextra", "uv": [ 1.5, 1.5, 5.0, 2.0 ], "windMode": [-1,-1,-1,-1], "windData": [1,1,1,1] },
						"up": { "texture": "#bridleextra", "uv": [ 2.0, 1.5, 2.5, 5.0 ], "windMode": [-1,-1,-1,-1], "windData": [1,1,1,1] },
						"down": { "texture": "#bridleextra", "uv": [ 2.5, 1.5, 3.0, 5.0 ], "windMode": [-1,-1,-1,-1], "windData": [1,1,1,1] }
					},
					"children": [
						{
							"name": "Noseband17",
							"from": [ 4.54, 0.001, -0.04 ],
							"to": [ 7.28, 0.741, 0.69 ],
							"rotationOrigin": [ 4.4985, 0.1008, 0.0 ],
							"rotationY": -35.0,
							"faces": {
								"north": { "texture": "#bridleextra", "uv": [ 0.0, 0.0, 2.5, 0.5 ], "windMode": [-1,-1,-1,-1], "windData": [1,1,1,1] },
								"east": { "texture": "#bridleextra", "uv": [ 0.0, 0.0, 0.5, 0.5 ], "windMode": [-1,-1,-1,-1], "windData": [1,1,1,1] },
								"south": { "texture": "#bridleextra", "uv": [ 0.0, 0.0, 2.5, 0.5 ] },
								"west": { "texture": "#bridleextra", "uv": [ 0.0, 0.0, 0.5, 0.5 ], "windMode": [-1,-1,-1,-1], "windData": [1,1,1,1] },
								"up": { "texture": "#bridleextra", "uv": [ 0.0, 0.0, 2.5, 0.5 ], "windMode": [-1,-1,-1,-1], "windData": [1,1,1,1] },
								"down": { "texture": "#bridleextra", "uv": [ 0.0, 0.0, 2.5, 0.5 ], "windMode": [-1,-1,-1,-1], "windData": [1,1,1,1] }
							},
							"children": [
								{
									"name": "Noseband20",
									"from": [ 2.7, -0.001, 0.0 ],
									"to": [ 3.74, 0.739, 0.73 ],
									"rotationOrigin": [ 2.6985, -0.0992, 0.0 ],
									"rotationY": 70.0,
									"faces": {
										"north": { "texture": "#bridleextra", "uv": [ 0.0, 0.0, 1.0, 0.5 ], "windMode": [-1,-1,-1,-1], "windData": [1,1,1,1] },
										"east": { "texture": "#bridleextra", "uv": [ 0.0, 0.0, 0.5, 0.5 ], "windMode": [-1,-1,-1,-1], "windData": [1,1,1,1] },
										"south": { "texture": "#bridleextra", "uv": [ 0.0, 0.0, 1.0, 0.5 ] },
										"west": { "texture": "#bridleextra", "uv": [ 0.0, 0.0, 0.5, 0.5 ], "windMode": [-1,-1,-1,-1], "windData": [1,1,1,1] },
										"up": { "texture": "#bridleextra", "uv": [ 0.0, 0.0, 1.0, 0.5 ], "windMode": [-1,-1,-1,-1], "windData": [1,1,1,1] },
										"down": { "texture": "#bridleextra", "uv": [ 0.0, 0.0, 1.0, 0.5 ], "windMode": [-1,-1,-1,-1], "windData": [1,1,1,1] }
									}
								}
							]
						},
						{
							"name": "Noseband18",
							"from": [ 4.54, 0.001, 3.14 ],
							"to": [ 7.28, 0.741, 3.87 ],
							"rotationOrigin": [ 4.4985, 0.1, 3.84 ],
							"rotationY": 35.0,
							"faces": {
								"north": { "texture": "#bridleextra", "uv": [ 0.0, 0.0, 2.5, 0.5 ], "windMode": [-1,-1,-1,-1], "windData": [1,1,1,1] },
								"east": { "texture": "#bridleextra", "uv": [ 0.0, 0.0, 0.5, 0.5 ], "windMode": [-1,-1,-1,-1], "windData": [1,1,1,1] },
								"south": { "texture": "#bridleextra", "uv": [ 0.0, 0.0, 2.5, 0.5 ] },
								"west": { "texture": "#bridleextra", "uv": [ 0.0, 0.0, 0.5, 0.5 ], "windMode": [-1,-1,-1,-1], "windData": [1,1,1,1] },
								"up": { "texture": "#bridleextra", "uv": [ 0.0, 0.0, 2.5, 0.5 ], "windMode": [-1,-1,-1,-1], "windData": [1,1,1,1] },
								"down": { "texture": "#bridleextra", "uv": [ 0.0, 0.0, 2.5, 0.5 ], "windMode": [-1,-1,-1,-1], "windData": [1,1,1,1] }
							},
							"children": [
								{
									"name": "Noseband19",
									"from": [ 2.7, 0.0, 0.0 ],
									"to": [ 3.74, 0.74, 0.73 ],
									"rotationOrigin": [ 2.6985, 0.0, 0.74 ],
									"rotationY": -70.0,
									"faces": {
										"north": { "texture": "#bridleextra", "uv": [ 0.0, 0.0, 1.0, 0.5 ], "windMode": [-1,-1,-1,-1], "windData": [1,1,1,1] },
										"east": { "texture": "#bridleextra", "uv": [ 0.0, 0.0, 0.5, 0.5 ], "windMode": [-1,-1,-1,-1], "windData": [1,1,1,1] },
										"south": { "texture": "#bridleextra", "uv": [ 0.0, 0.0, 1.0, 0.5 ] },
										"west": { "texture": "#bridleextra", "uv": [ 0.0, 0.0, 0.5, 0.5 ], "windMode": [-1,-1,-1,-1], "windData": [1,1,1,1] },
										"up": { "texture": "#bridleextra", "uv": [ 0.0, 0.0, 1.0, 0.5 ], "windMode": [-1,-1,-1,-1], "windData": [1,1,1,1] },
										"down": { "texture": "#bridleextra", "uv": [ 0.0, 0.0, 1.0, 0.5 ], "windMode": [-1,-1,-1,-1], "windData": [1,1,1,1] }
									}
								}
							]
						},
						{
							"name": "Noseband15",
							"from": [ 3.9, 0.0, 0.0 ],
							"to": [ 4.54, 0.74, 0.63 ],
							"rotationOrigin": [ 3.8985, 8.0E-4, 0.0 ],
							"faces": {
								"north": { "texture": "#bridleextra", "uv": [ 2.0, 2.0, 2.5, 2.5 ], "windMode": [-1,-1,-1,-1], "windData": [1,1,1,1] },
								"east": { "texture": "#bridleextra", "uv": [ 2.0, 3.0, 2.5, 3.5 ], "windMode": [-1,-1,-1,-1], "windData": [1,1,1,1] },
								"south": { "texture": "#bridleextra", "uv": [ 2.0, 1.5, 2.5, 2.0 ] },
								"west": { "texture": "#bridleextra", "uv": [ 1.5, 1.5, 2.0, 2.0 ], "windMode": [-1,-1,-1,-1], "windData": [1,1,1,1] },
								"up": { "texture": "#bridleextra", "uv": [ 2.0, 1.5, 2.5, 2.0 ], "windMode": [-1,-1,-1,-1], "windData": [1,1,1,1] },
								"down": { "texture": "#bridleextra", "uv": [ 2.5, 1.5, 3.0, 2.0 ], "windMode": [-1,-1,-1,-1], "windData": [1,1,1,1] }
							}
						},
						{
							"name": "Noseband21",
							"from": [ 3.9, 0.0, 0.0 ],
							"to": [ 4.54, 0.74, 3.26 ],
							"rotationOrigin": [ 3.8985, 8.0E-4, 0.0 ],
							"rotationY": -90.0,
							"faces": {
								"north": { "texture": "#bridleextra", "uv": [ 2.0, 2.0, 2.5, 2.5 ], "windMode": [-1,-1,-1,-1], "windData": [1,1,1,1] },
								"east": { "texture": "#bridleextra", "uv": [ 2.0, 3.0, 5.0, 3.5 ], "windMode": [-1,-1,-1,-1], "windData": [1,1,1,1] },
								"south": { "texture": "#bridleextra", "uv": [ 2.0, 1.5, 2.5, 2.0 ] },
								"west": { "texture": "#bridleextra", "uv": [ 1.5, 1.5, 4.5, 2.0 ], "windMode": [-1,-1,-1,-1], "windData": [1,1,1,1] },
								"up": { "texture": "#bridleextra", "uv": [ 2.0, 1.5, 2.5, 4.5 ], "windMode": [-1,-1,-1,-1], "windData": [1,1,1,1] },
								"down": { "texture": "#bridleextra", "uv": [ 2.5, 1.5, 3.0, 4.5 ], "windMode": [-1,-1,-1,-1], "windData": [1,1,1,1] }
							}
						},
						{
							"name": "Noseband22",
							"from": [ 3.9, 0.0, 3.2 ],
							"to": [ 4.54, 0.74, 6.46 ],
							"rotationOrigin": [ 3.8985, 8.0E-4, 3.2 ],
							"rotationY": -90.0,
							"faces": {
								"north": { "texture": "#bridleextra", "uv": [ 2.0, 2.0, 2.5, 2.5 ], "windMode": [-1,-1,-1,-1], "windData": [1,1,1,1] },
								"east": { "texture": "#bridleextra", "uv": [ 2.0, 3.0, 5.0, 3.5 ], "windMode": [-1,-1,-1,-1], "windData": [1,1,1,1] },
								"south": { "texture": "#bridleextra", "uv": [ 2.0, 1.5, 2.5, 2.0 ] },
								"west": { "texture": "#bridleextra", "uv": [ 1.5, 1.5, 4.5, 2.0 ], "windMode": [-1,-1,-1,-1], "windData": [1,1,1,1] },
								"up": { "texture": "#bridleextra", "uv": [ 2.0, 1.5, 2.5, 4.5 ], "windMode": [-1,-1,-1,-1], "windData": [1,1,1,1] },
								"down": { "texture": "#bridleextra", "uv": [ 2.5, 1.5, 3.0, 4.5 ], "windMode": [-1,-1,-1,-1], "windData": [1,1,1,1] }
							}
						},
						{
							"name": "Noseband23",
							"from": [ 3.9, 0.0, 3.2 ],
							"to": [ 4.54, 0.74, 3.83 ],
							"rotationOrigin": [ 3.8985, 8.0E-4, 3.2 ],
							"faces": {
								"north": { "texture": "#bridleextra", "uv": [ 2.0, 2.0, 2.5, 2.5 ], "windMode": [-1,-1,-1,-1], "windData": [1,1,1,1] },
								"east": { "texture": "#bridleextra", "uv": [ 2.0, 3.0, 2.5, 3.5 ], "windMode": [-1,-1,-1,-1], "windData": [1,1,1,1] },
								"south": { "texture": "#bridleextra", "uv": [ 2.0, 1.5, 2.5, 2.0 ] },
								"west": { "texture": "#bridleextra", "uv": [ 1.5, 1.5, 2.0, 2.0 ], "windMode": [-1,-1,-1,-1], "windData": [1,1,1,1] },
								"up": { "texture": "#bridleextra", "uv": [ 2.0, 1.5, 2.5, 2.0 ], "windMode": [-1,-1,-1,-1], "windData": [1,1,1,1] },
								"down": { "texture": "#bridleextra", "uv": [ 2.5, 1.5, 3.0, 2.0 ], "windMode": [-1,-1,-1,-1], "windData": [1,1,1,1] }
							}
						}
					]
				},
				{
					"name": "Noseband6",
					"from": [ -2.5, -4.32, -2.08 ],
					"to": [ -1.76, -3.38, -1.25 ],
					"rotationOrigin": [ -2.5015, -4.3192, -2.08 ],
					"rotationZ": -45.0,
					"faces": {
						"north": { "texture": "#bridlemain", "uv": [ 0.0, 0.0, 0.5, 0.5 ], "windMode": [-1,-1,-1,-1], "windData": [1,1,1,1] },
						"east": { "texture": "#bridlemain", "uv": [ 0.0, 0.0, 0.5, 0.5 ], "windMode": [-1,-1,-1,-1], "windData": [1,1,1,1] },
						"south": { "texture": "#bridlemain", "uv": [ 0.0, 0.0, 0.5, 0.5 ] },
						"west": { "texture": "#bridlemain", "uv": [ 0.0, 0.0, 0.5, 0.5 ], "windMode": [-1,-1,-1,-1], "windData": [1,1,1,1] },
						"up": { "texture": "#bridlemain", "uv": [ 0.0, 0.0, 0.5, 0.5 ], "windMode": [-1,-1,-1,-1], "windData": [1,1,1,1] },
						"down": { "texture": "#bridlemain", "uv": [ 0.0, 0.0, 0.5, 0.5 ], "windMode": [-1,-1,-1,-1], "windData": [1,1,1,1] }
					}
				},
				{
					"name": "Noseband7",
					"from": [ -2.5, -4.32, 1.12 ],
					"to": [ -1.76, -3.38, 1.95 ],
					"rotationOrigin": [ -2.5015, -4.3192, 1.12 ],
					"rotationZ": -45.0,
					"faces": {
						"north": { "texture": "#bridlemain", "uv": [ 0.0, 0.0, 0.5, 0.5 ], "windMode": [-1,-1,-1,-1], "windData": [1,1,1,1] },
						"east": { "texture": "#bridlemain", "uv": [ 0.0, 0.0, 0.5, 0.5 ], "windMode": [-1,-1,-1,-1], "windData": [1,1,1,1] },
						"south": { "texture": "#bridlemain", "uv": [ 0.0, 0.0, 0.5, 0.5 ] },
						"west": { "texture": "#bridlemain", "uv": [ 0.0, 0.0, 0.5, 0.5 ], "windMode": [-1,-1,-1,-1], "windData": [1,1,1,1] },
						"up": { "texture": "#bridlemain", "uv": [ 0.0, 0.0, 0.5, 0.5 ], "windMode": [-1,-1,-1,-1], "windData": [1,1,1,1] },
						"down": { "texture": "#bridlemain", "uv": [ 0.0, 0.0, 0.5, 0.5 ], "windMode": [-1,-1,-1,-1], "windData": [1,1,1,1] }
					}
				}
			]
		}
	]}