{
	"editor": {
		"collapsedPaths": "Root/ORIGINbridle/BitN/StrapBack1",
		"allAngles": true,
		"entityTextureMode": false
	},
	"textureWidth": 16,
	"textureHeight": 16,
	"textureSizes": {
	},
	"textures": {
		"bridlemain": "game:item/tool/shield/leather/black",
		"saddlemain": "game:item/tool/shield/leather/brown"
	},
	"elements": [
		{
			"name": "ORIGINbridle1",
			"stepParentName": "Head",
			"from": [ 3.0, 0.0, 1.9 ],
			"to": [ 4.0, 1.0, 2.9 ],
			"rotationOrigin": [ 3.0, 0.0, 1.9 ],
			"faces": {
			},
			"children": [
				{
					"name": "BitN",
					"from": [ -0.6, 0.5, 0.05 ],
					"to": [ -0.3, 0.8, 2.15 ],
					"rotationOrigin": [ -0.6, 0.5, 0.1 ],
					"rotationY": -13.0,
					"faces": {
						"north": { "texture": "#bridlemetal", "uv": [ 0.0, 0.0, 0.5, 0.5 ], "windMode": [-1,-1,-1,-1] },
						"east": { "texture": "#bridlemetal", "uv": [ 11.5, 1.0, 13.5, 1.5 ] },
						"south": { "texture": "#bridlemetal", "uv": [ 0.0, 0.0, 0.5, 0.5 ], "windMode": [-1,-1,-1,-1] },
						"west": { "texture": "#bridlemetal", "uv": [ 3.0, 9.0, 5.0, 9.5 ] },
						"up": { "texture": "#bridlemetal", "uv": [ 10.0, 10.0, 10.5, 12.0 ] },
						"down": { "texture": "#bridlemetal", "uv": [ 13.5, 7.5, 14.0, 9.5 ] }
					},
					"children": [
						{
							"name": "BitS",
							"from": [ 0.0, 0.0, 2.0 ],
							"to": [ 0.3, 0.3, 4.1 ],
							"rotationOrigin": [ 0.15, 0.0, 2.0 ],
							"rotationY": 30.0,
							"rotationZ": 0.1,
							"faces": {
								"north": { "texture": "#bridlemetal", "uv": [ 0.0, 0.0, 0.5, 0.5 ] },
								"east": { "texture": "#bridlemetal", "uv": [ 0.0, 0.0, 2.0, 0.5 ] },
								"south": { "texture": "#bridlemetal", "uv": [ 0.0, 0.0, 0.5, 0.5 ] },
								"west": { "texture": "#bridlemetal", "uv": [ 0.0, 0.0, 2.0, 0.5 ] },
								"up": { "texture": "#bridlemetal", "uv": [ 0.0, 0.0, 0.5, 2.0 ] },
								"down": { "texture": "#bridlemetal", "uv": [ 0.0, 0.0, 0.5, 2.0 ] }
							}
						}
					]
				},
				{
					"name": "MedallionS",
					"from": [ 4.5136, 0.05, 3.9813 ],
					"to": [ 5.6136, 1.15, 4.4813 ],
					"rotationOrigin": [ 4.5136, 0.05, 3.9813 ],
					"rotationY": 7.5,
					"faces": {
						"north": { "texture": "#bridlemain", "uv": [ 1.0, 1.0, 2.0, 2.0 ] },
						"east": { "texture": "#bridlemain", "uv": [ 1.5, 1.5, 2.0, 2.5 ] },
						"south": { "texture": "#bridlemain", "uv": [ 1.0, 1.0, 2.0, 2.0 ] },
						"west": { "texture": "#bridlemain", "uv": [ 1.5, 2.0, 2.0, 3.0 ] },
						"up": { "texture": "#bridlemain", "uv": [ 1.0, 1.0, 2.0, 1.5 ] },
						"down": { "texture": "#bridlemain", "uv": [ 1.0, 1.0, 2.0, 1.5 ] }
					},
					"children": [
						{
							"name": "StrapTopS",
							"from": [ 0.3, 1.1, 0.1 ],
							"to": [ 0.8, 4.1, 0.4 ],
							"rotationOrigin": [ 0.3, 1.1, 0.4 ],
							"rotationX": -12.0,
							"faces": {
								"north": { "texture": "#saddlemain", "uv": [ 0.0, 0.0, 0.5, 3.0 ] },
								"east": { "texture": "#saddlemain", "uv": [ 0.0, 0.0, 0.5, 3.0 ] },
								"south": { "texture": "#saddlemain", "uv": [ 0.0, 0.0, 0.5, 3.0 ] },
								"west": { "texture": "#saddlemain", "uv": [ 0.0, 0.0, 0.5, 3.0 ] },
								"up": { "texture": "#saddlemain", "uv": [ 0.0, 0.0, 0.5, 0.5 ] },
								"down": { "texture": "#saddlemain", "uv": [ 0.0, 0.0, 0.5, 0.5 ] }
							}
						},
						{
							"name": "StrapMainS",
							"from": [ -4.3, 0.5, -0.1 ],
							"to": [ 0.2, 1.0, 0.2 ],
							"rotationOrigin": [ -4.3, 0.95, 0.2 ],
							"rotationY": -3.0,
							"faces": {
								"north": { "texture": "#saddlemain", "uv": [ 0.0, 0.0, 4.5, 0.5 ] },
								"south": { "texture": "#saddlemain", "uv": [ 0.0, 0.0, 4.5, 0.5 ] },
								"up": { "texture": "#saddlemain", "uv": [ 0.0, 0.0, 4.5, 0.5 ] },
								"down": { "texture": "#saddlemain", "uv": [ 0.0, 0.0, 4.5, 0.5 ] }
							}
						},
						{
							"name": "StrapMainE",
							"from": [ 1.0, 0.3, 0.1 ],
							"to": [ 6.0, 0.8, 0.4 ],
							"rotationOrigin": [ 1.0, 0.8, 0.1 ],
							"rotationZ": -4.0,
							"faces": {
								"north": { "texture": "#saddlemain", "uv": [ 0.0, 0.0, 5.0, 0.5 ] },
								"east": { "texture": "#saddlemain", "uv": [ 0.0, 0.0, 0.5, 0.5 ] },
								"south": { "texture": "#saddlemain", "uv": [ 0.0, 0.0, 5.0, 0.5 ] },
								"west": { "texture": "#saddlemain", "uv": [ 0.0, 0.0, 0.5, 0.5 ] },
								"up": { "texture": "#saddlemain", "uv": [ 0.0, 0.0, 5.0, 0.5 ] },
								"down": { "texture": "#saddlemain", "uv": [ 0.0, 0.0, 5.0, 0.5 ] }
							}
						},
						{
							"name": "LeatherKnot1",
							"from": [ -4.8941, -0.0499, -0.4851 ],
							"to": [ -4.3941, 0.4501, 0.0149 ],
							"rotationOrigin": [ -4.8941, -0.0499, -0.4851 ],
							"rotationX": -0.0678,
							"rotationY": 36.4999,
							"rotationZ": 0.1242,
							"faces": {
								"north": { "texture": "#saddlemain", "uv": [ 0.0, 0.0, 0.5, 0.5 ] },
								"east": { "texture": "#saddlemain", "uv": [ 0.0, 0.0, 0.5, 0.5 ] },
								"south": { "texture": "#saddlemain", "uv": [ 0.0, 0.0, 0.5, 0.5 ] },
								"west": { "texture": "#saddlemain", "uv": [ 0.0, 0.0, 0.5, 0.5 ] },
								"up": { "texture": "#saddlemain", "uv": [ 0.0, 0.0, 0.5, 0.5 ] },
								"down": { "texture": "#saddlemain", "uv": [ 0.0, 0.0, 0.5, 0.5 ] }
							},
							"children": [
								{
									"name": "Leather1",
									"from": [ -0.5, 0.0, 0.0 ],
									"to": [ 0.0, 0.3, 1.5 ],
									"faces": {
										"north": { "texture": "#saddlemain", "uv": [ 0.0, 0.0, 0.5, 0.5 ] },
										"east": { "texture": "#saddlemain", "uv": [ 0.0, 0.0, 1.5, 0.5 ] },
										"south": { "texture": "#saddlemain", "uv": [ 0.0, 0.0, 0.5, 0.5 ] },
										"west": { "texture": "#saddlemain", "uv": [ 0.0, 0.0, 1.5, 0.5 ] },
										"up": { "texture": "#saddlemain", "uv": [ 0.0, 0.0, 0.5, 1.5 ] },
										"down": { "texture": "#saddlemain", "uv": [ 0.0, 0.0, 0.5, 1.5 ] }
									}
								},
								{
									"name": "Leather2",
									"from": [ -0.5, 0.0, 1.5 ],
									"to": [ -0.2, 0.5, 12.5 ],
									"rotationOrigin": [ -0.5, 0.0, 1.5 ],
									"rotationY": 55.0,
									"faces": {
										"north": { "texture": "#saddlemain", "uv": [ 0.0, 0.0, 0.5, 0.5 ] },
										"east": { "texture": "#saddlemain", "uv": [ 0.0, 0.0, 11.0, 0.5 ] },
										"south": { "texture": "#saddlemain", "uv": [ 0.0, 0.0, 0.5, 0.5 ] },
										"west": { "texture": "#saddlemain", "uv": [ 0.0, 0.0, 11.0, 0.5 ] },
										"up": { "texture": "#saddlemain", "uv": [ 0.0, 0.0, 0.5, 11.0 ] },
										"down": { "texture": "#saddlemain", "uv": [ 0.0, 0.0, 0.5, 11.0 ] }
									}
								},
								{
									"name": "LeatherKnot2",
									"from": [ 0.0, 0.5, 0.5 ],
									"to": [ 0.5, 1.1, 1.0 ],
									"rotationOrigin": [ 0.0, 0.5, 0.5 ],
									"faces": {
										"north": { "texture": "#saddlemain", "uv": [ 0.0, 0.0, 0.5, 0.5 ] },
										"east": { "texture": "#saddlemain", "uv": [ 0.0, 0.0, 0.5, 0.5 ] },
										"south": { "texture": "#saddlemain", "uv": [ 0.0, 0.0, 0.5, 0.5 ] },
										"west": { "texture": "#saddlemain", "uv": [ 0.0, 0.0, 0.5, 0.5 ] },
										"up": { "texture": "#saddlemain", "uv": [ 0.0, 0.0, 0.5, 0.5 ] },
										"down": { "texture": "#saddlemain", "uv": [ 0.0, 0.0, 0.5, 0.5 ] }
									}
								}
							]
						},
						{
							"name": "LeatherKnot3",
							"from": [ -3.995, -0.05, -4.937 ],
							"to": [ -3.495, 0.45, -4.337 ],
							"rotationOrigin": [ -3.995, -0.05, -4.937 ],
							"rotationY": -51.5,
							"faces": {
								"north": { "texture": "#saddlemain", "uv": [ 0.0, 0.0, 0.5, 0.5 ] },
								"east": { "texture": "#saddlemain", "uv": [ 0.0, 0.0, 0.5, 0.5 ] },
								"south": { "texture": "#saddlemain", "uv": [ 0.0, 0.0, 0.5, 0.5 ] },
								"west": { "texture": "#saddlemain", "uv": [ 0.0, 0.0, 0.5, 0.5 ] },
								"up": { "texture": "#saddlemain", "uv": [ 0.0, 0.0, 0.5, 0.5 ] },
								"down": { "texture": "#saddlemain", "uv": [ 0.0, 0.0, 0.5, 0.5 ] }
							},
							"children": [
								{
									"name": "LeatherStrap4",
									"from": [ 0.0, 0.0, 0.6 ],
									"to": [ 0.5, 0.3, 2.1 ],
									"rotationOrigin": [ 0.0, 0.0, 0.6 ],
									"rotationX": -180.0,
									"rotationZ": -180.0,
									"faces": {
										"north": { "texture": "#saddlemain", "uv": [ 0.0, 0.0, 0.5, 0.5 ] },
										"east": { "texture": "#saddlemain", "uv": [ 0.0, 0.0, 1.5, 0.5 ] },
										"south": { "texture": "#saddlemain", "uv": [ 0.0, 0.0, 0.5, 0.5 ] },
										"west": { "texture": "#saddlemain", "uv": [ 0.0, 0.0, 1.5, 0.5 ] },
										"up": { "texture": "#saddlemain", "uv": [ 0.0, 0.0, 0.5, 1.5 ] },
										"down": { "texture": "#saddlemain", "uv": [ 0.0, 0.0, 0.5, 1.5 ] }
									},
									"children": [
										{
											"name": "LeatherStrap5",
											"from": [ 0.2, 0.0, 1.5 ],
											"to": [ 0.5, 0.5, 12.5 ],
											"rotationOrigin": [ 0.5, 0.0, 1.5 ],
											"rotationY": -55.0,
											"faces": {
												"north": { "texture": "#saddlemain", "uv": [ 0.0, 0.0, 0.5, 0.5 ] },
												"east": { "texture": "#saddlemain", "uv": [ 0.0, 0.0, 11.0, 0.5 ] },
												"south": { "texture": "#saddlemain", "uv": [ 0.0, 0.0, 0.5, 0.5 ] },
												"west": { "texture": "#saddlemain", "uv": [ 0.0, 0.0, 11.0, 0.5 ] },
												"up": { "texture": "#saddlemain", "uv": [ 0.0, 0.0, 0.5, 11.0 ] },
												"down": { "texture": "#saddlemain", "uv": [ 0.0, 0.0, 0.5, 11.0 ] }
											},
											"children": [
												{
													"name": "LeatherStrap6",
													"from": [ 0.0, 0.0, 11.0 ],
													"to": [ 0.3, 0.5, 14.5 ],
													"rotationOrigin": [ 0.3, 0.0, 11.0 ],
													"rotationY": -80.0,
													"rotationZ": 0.1,
													"faces": {
														"north": { "texture": "#saddlemain", "uv": [ 0.0, 0.0, 0.5, 0.5 ] },
														"east": { "texture": "#saddlemain", "uv": [ 0.0, 0.0, 3.5, 0.5 ] },
														"south": { "texture": "#saddlemain", "uv": [ 0.0, 0.0, 0.5, 0.5 ] },
														"west": { "texture": "#saddlemain", "uv": [ 0.0, 0.0, 3.5, 0.5 ] },
														"up": { "texture": "#saddlemain", "uv": [ 0.0, 0.0, 0.5, 3.5 ] },
														"down": { "texture": "#saddlemain", "uv": [ 0.0, 0.0, 0.5, 3.5 ] }
													}
												}
											]
										}
									]
								},
								{
									"name": "LeatherKnot4",
									"from": [ 0.0, 0.5, -0.5 ],
									"to": [ 0.5, 1.1, 0.0 ],
									"rotationOrigin": [ 0.0, 0.5, -0.5 ],
									"faces": {
										"north": { "texture": "#saddlemain", "uv": [ 0.0, 0.0, 0.5, 0.5 ] },
										"east": { "texture": "#saddlemain", "uv": [ 0.0, 0.0, 0.5, 0.5 ] },
										"south": { "texture": "#saddlemain", "uv": [ 0.0, 0.0, 0.5, 0.5 ] },
										"west": { "texture": "#saddlemain", "uv": [ 0.0, 0.0, 0.5, 0.5 ] },
										"up": { "texture": "#saddlemain", "uv": [ 0.0, 0.0, 0.5, 0.5 ] },
										"down": { "texture": "#saddlemain", "uv": [ 0.0, 0.0, 0.5, 0.5 ] }
									}
								}
							]
						}
					]
				},
				{
					"name": "MedallionN",
					"from": [ 4.5167, 0.05, -0.3394 ],
					"to": [ 5.6167, 1.15, 0.1606 ],
					"rotationOrigin": [ 4.5167, 0.05, -0.3394 ],
					"rotationY": -8.0,
					"faces": {
						"north": { "texture": "#bridlemain", "uv": [ 1.0, 1.0, 2.0, 2.0 ] },
						"east": { "texture": "#bridlemain", "uv": [ 1.0, 1.0, 1.5, 2.0 ] },
						"south": { "texture": "#bridlemain", "uv": [ 1.0, 1.0, 2.0, 2.0 ] },
						"west": { "texture": "#bridlemain", "uv": [ 1.0, 1.0, 1.5, 2.0 ] },
						"up": { "texture": "#bridlemain", "uv": [ 1.0, 1.0, 2.0, 1.5 ] },
						"down": { "texture": "#bridlemain", "uv": [ 1.0, 1.0, 2.0, 1.5 ] }
					},
					"children": [
						{
							"name": "StrapTop8",
							"from": [ 0.3, 1.1, 0.1 ],
							"to": [ 0.8, 4.1, 0.4 ],
							"rotationOrigin": [ 0.3, 1.1, 0.1 ],
							"rotationX": 13.0,
							"faces": {
								"north": { "texture": "#saddlemain", "uv": [ 0.0, 0.0, 0.5, 3.0 ] },
								"east": { "texture": "#saddlemain", "uv": [ 0.0, 0.0, 0.5, 3.0 ] },
								"south": { "texture": "#saddlemain", "uv": [ 0.0, 0.0, 0.5, 3.0 ] },
								"west": { "texture": "#saddlemain", "uv": [ 0.0, 0.0, 0.5, 3.0 ] },
								"up": { "texture": "#saddlemain", "uv": [ 0.0, 0.0, 0.5, 0.5 ] }
							},
							"children": [
								{
									"name": "StrapTop9",
									"from": [ 0.0, 3.0, 0.0 ],
									"to": [ 0.5, 6.0, 0.3 ],
									"rotationOrigin": [ 0.5, 3.0, 0.0 ],
									"rotationX": 77.0,
									"rotationZ": -10.0,
									"faces": {
										"north": { "texture": "#saddlemain", "uv": [ 0.0, 0.0, 0.5, 3.0 ] },
										"east": { "texture": "#saddlemain", "uv": [ 0.0, 0.0, 0.5, 3.0 ] },
										"south": { "texture": "#saddlemain", "uv": [ 0.0, 0.0, 0.5, 3.0 ] },
										"west": { "texture": "#saddlemain", "uv": [ 0.0, 0.0, 0.5, 3.0 ] },
										"up": { "texture": "#saddlemain", "uv": [ 0.0, 0.0, 0.5, 0.5 ] }
									}
								},
								{
									"name": "StrapTop10",
									"from": [ -0.1, 2.9, 0.0 ],
									"to": [ 0.6, 5.9, 0.3 ],
									"rotationOrigin": [ 0.4, 2.9, 0.0 ],
									"rotationX": 77.0,
									"rotationZ": -10.0,
									"faces": {
										"north": { "texture": "#bridlemain", "uv": [ 0.0, 0.0, 0.5, 3.0 ] },
										"east": { "texture": "#bridlemain", "uv": [ 0.0, 0.0, 0.5, 3.0 ] },
										"south": { "texture": "#bridlemain", "uv": [ 0.0, 0.0, 0.5, 3.0 ] },
										"west": { "texture": "#bridlemain", "uv": [ 0.0, 0.0, 0.5, 3.0 ] },
										"up": { "texture": "#bridlemain", "uv": [ 0.0, 0.0, 0.5, 0.5 ] }
									}
								}
							]
						},
						{
							"name": "StrapBottom",
							"from": [ -3.7, 0.1, 0.1 ],
							"to": [ 0.3, 0.6, 0.4 ],
							"rotationOrigin": [ 0.3, 0.1, 0.1 ],
							"rotationY": 17.0,
							"faces": {
								"north": { "texture": "#saddlemain", "uv": [ 0.0, 0.0, 4.0, 0.5 ] },
								"east": { "texture": "#saddlemain", "uv": [ 0.0, 0.0, 0.5, 0.5 ] },
								"south": { "texture": "#saddlemain", "uv": [ 0.0, 0.0, 4.0, 0.5 ] },
								"west": { "texture": "#saddlemain", "uv": [ 0.0, 0.0, 0.5, 0.5 ] },
								"up": { "texture": "#saddlemain", "uv": [ 0.0, 0.0, 4.0, 0.5 ] },
								"down": { "texture": "#saddlemain", "uv": [ 0.0, 0.0, 4.0, 0.5 ], "windMode": [-1,-1,-1,-1] }
							},
							"children": [
								{
									"name": "StrapBottom3",
									"from": [ 0.2, 0.0, 0.0 ],
									"to": [ 3.2, 0.5, 0.3 ],
									"rotationOrigin": [ 0.2, 0.0, 0.0 ],
									"rotationX": 0.1,
									"rotationY": -99.0,
									"faces": {
										"north": { "texture": "#saddlemain", "uv": [ 0.0, 0.0, 3.0, 0.5 ] },
										"east": { "texture": "#saddlemain", "uv": [ 0.0, 0.0, 0.5, 0.5 ] },
										"south": { "texture": "#saddlemain", "uv": [ 0.0, 0.0, 3.0, 0.5 ] },
										"west": { "texture": "#saddlemain", "uv": [ 0.0, 0.0, 0.5, 0.5 ] },
										"up": { "texture": "#saddlemain", "uv": [ 0.0, 0.0, 3.0, 0.5 ] }
									}
								},
								{
									"name": "StrapBottom4",
									"from": [ 0.4, -0.1, 0.1 ],
									"to": [ 3.2, 0.6, 0.5 ],
									"rotationOrigin": [ 0.4, -0.1, 0.1 ],
									"rotationX": 0.1,
									"rotationY": -99.0,
									"faces": {
										"north": { "texture": "#bridlemain", "uv": [ 0.0, 0.0, 2.5, 0.5 ] },
										"east": { "texture": "#bridlemain", "uv": [ 0.0, 0.0, 0.5, 0.5 ] },
										"south": { "texture": "#bridlemain", "uv": [ 0.0, 0.0, 2.5, 0.5 ] },
										"west": { "texture": "#bridlemain", "uv": [ 0.0, 0.0, 0.5, 0.5 ] },
										"up": { "texture": "#bridlemain", "uv": [ 0.0, 0.0, 2.5, 0.5 ] },
										"down": { "texture": "#bridlemain", "uv": [ 0.0, 0.0, 2.5, 0.5 ], "windMode": [-1,-1,-1,-1] }
									}
								},
								{
									"name": "Noseband20",
									"from": [ -0.65, 0.2, -0.81 ],
									"to": [ -0.5, 1.0, -0.71 ],
									"rotationOrigin": [ -0.6489, 0.1394, -0.8141 ],
									"rotationX": -2.6854,
									"rotationY": 28.68,
									"rotationZ": -1.17,
									"faces": {
										"north": { "texture": "#bridlemetal", "uv": [ 0.0, 0.0, 0.5, 0.5 ], "windMode": [-1,-1,-1,-1], "windData": [1,1,1,1] },
										"east": { "texture": "#bridlemetal", "uv": [ 0.0, 0.0, 0.5, 0.5 ], "windMode": [-1,-1,-1,-1], "windData": [1,1,1,1] },
										"south": { "texture": "#bridlemetal", "uv": [ 0.0, 0.0, 0.5, 0.5 ] },
										"west": { "texture": "#bridlemetal", "uv": [ 0.0, 0.0, 0.5, 0.5 ], "windMode": [-1,-1,-1,-1], "windData": [1,1,1,1] },
										"up": { "texture": "#bridlemetal", "uv": [ 0.0, 0.0, 0.5, 0.5 ], "windMode": [-1,-1,-1,-1], "windData": [1,1,1,1] },
										"down": { "texture": "#bridlemetal", "uv": [ 0.0, 0.0, 0.5, 0.5 ], "windMode": [-1,-1,-1,-1], "windData": [1,1,1,1] }
									},
									"children": [
										{
											"name": "Noseband36",
											"from": [ -0.85, 0.0, 0.0 ],
											"to": [ -0.7, 0.8, 0.1 ],
											"rotationOrigin": [ -0.9, 0.0, 0.0 ],
											"faces": {
												"north": { "texture": "#bridlemetal", "uv": [ 0.0, 0.0, 0.5, 0.5 ], "windMode": [-1,-1,-1,-1], "windData": [1,1,1,1] },
												"east": { "texture": "#bridlemetal", "uv": [ 0.0, 0.0, 0.5, 0.5 ], "windMode": [-1,-1,-1,-1], "windData": [1,1,1,1] },
												"south": { "texture": "#bridlemetal", "uv": [ 0.0, 0.0, 0.5, 0.5 ] },
												"west": { "texture": "#bridlemetal", "uv": [ 0.0, 0.0, 0.5, 0.5 ], "windMode": [-1,-1,-1,-1], "windData": [1,1,1,1] },
												"up": { "texture": "#bridlemetal", "uv": [ 0.0, 0.0, 0.5, 0.5 ], "windMode": [-1,-1,-1,-1], "windData": [1,1,1,1] },
												"down": { "texture": "#bridlemetal", "uv": [ 0.0, 0.0, 0.5, 0.5 ], "windMode": [-1,-1,-1,-1], "windData": [1,1,1,1] }
											},
											"children": [
												{
													"name": "Noseband37",
													"from": [ 0.2, 0.9, 0.0 ],
													"to": [ 0.35, 1.5, 0.1 ],
													"rotationOrigin": [ 0.2, 0.9, 0.0 ],
													"rotationZ": -90.0,
													"faces": {
														"north": { "texture": "#bridlemetal", "uv": [ 0.0, 0.0, 0.5, 0.5 ], "windMode": [-1,-1,-1,-1], "windData": [1,1,1,1] },
														"east": { "texture": "#bridlemetal", "uv": [ 0.0, 0.0, 0.5, 0.5 ], "windMode": [-1,-1,-1,-1], "windData": [1,1,1,1] },
														"south": { "texture": "#bridlemetal", "uv": [ 0.0, 0.0, 0.5, 0.5 ] },
														"west": { "texture": "#bridlemetal", "uv": [ 0.0, 0.0, 0.5, 0.5 ], "windMode": [-1,-1,-1,-1], "windData": [1,1,1,1] },
														"up": { "texture": "#bridlemetal", "uv": [ 0.0, 0.0, 0.5, 0.5 ], "windMode": [-1,-1,-1,-1], "windData": [1,1,1,1] },
														"down": { "texture": "#bridlemetal", "uv": [ 0.0, 0.0, 0.5, 0.5 ], "windMode": [-1,-1,-1,-1], "windData": [1,1,1,1] }
													},
													"children": [
														{
															"name": "Noseband38",
															"from": [ 0.0, 0.6, 0.0 ],
															"to": [ 0.15, 0.82, 0.1 ],
															"rotationOrigin": [ 0.0, 0.6, 0.0 ],
															"rotationZ": -25.0,
															"faces": {
																"north": { "texture": "#bridlemetal", "uv": [ 0.0, 0.0, 0.5, 0.5 ], "windMode": [-1,-1,-1,-1], "windData": [1,1,1,1] },
																"east": { "texture": "#bridlemetal", "uv": [ 0.0, 0.0, 0.5, 0.5 ], "windMode": [-1,-1,-1,-1], "windData": [1,1,1,1] },
																"south": { "texture": "#bridlemetal", "uv": [ 0.0, 0.0, 0.5, 0.5 ] },
																"west": { "texture": "#bridlemetal", "uv": [ 0.0, 0.0, 0.5, 0.5 ], "windMode": [-1,-1,-1,-1], "windData": [1,1,1,1] },
																"up": { "texture": "#bridlemetal", "uv": [ 0.0, 0.0, 0.5, 0.5 ], "windMode": [-1,-1,-1,-1], "windData": [1,1,1,1] },
																"down": { "texture": "#bridlemetal", "uv": [ 0.0, 0.0, 0.5, 0.5 ], "windMode": [-1,-1,-1,-1], "windData": [1,1,1,1] }
															}
														},
														{
															"name": "Noseband39",
															"from": [ -0.15, 0.0, 0.0 ],
															"to": [ 0.0, 0.22, 0.1 ],
															"rotationOrigin": [ 0.0, 0.0, 0.0 ],
															"rotationZ": -155.0,
															"faces": {
																"north": { "texture": "#bridlemetal", "uv": [ 0.0, 0.0, 0.5, 0.5 ], "windMode": [-1,-1,-1,-1], "windData": [1,1,1,1] },
																"east": { "texture": "#bridlemetal", "uv": [ 0.0, 0.0, 0.5, 0.5 ], "windMode": [-1,-1,-1,-1], "windData": [1,1,1,1] },
																"south": { "texture": "#bridlemetal", "uv": [ 0.0, 0.0, 0.5, 0.5 ] },
																"west": { "texture": "#bridlemetal", "uv": [ 0.0, 0.0, 0.5, 0.5 ], "windMode": [-1,-1,-1,-1], "windData": [1,1,1,1] },
																"up": { "texture": "#bridlemetal", "uv": [ 0.0, 0.0, 0.5, 0.5 ], "windMode": [-1,-1,-1,-1], "windData": [1,1,1,1] },
																"down": { "texture": "#bridlemetal", "uv": [ 0.0, 0.0, 0.5, 0.5 ], "windMode": [-1,-1,-1,-1], "windData": [1,1,1,1] }
															}
														}
													]
												},
												{
													"name": "Noseband40",
													"from": [ 0.8, -0.1, 0.0 ],
													"to": [ 0.95, 0.5, 0.1 ],
													"rotationOrigin": [ 0.8, -0.1, 0.0 ],
													"rotationZ": 90.0,
													"faces": {
														"north": { "texture": "#bridlemetal", "uv": [ 0.0, 0.0, 0.5, 0.5 ], "windMode": [-1,-1,-1,-1], "windData": [1,1,1,1] },
														"east": { "texture": "#bridlemetal", "uv": [ 0.0, 0.0, 0.5, 0.5 ], "windMode": [-1,-1,-1,-1], "windData": [1,1,1,1] },
														"south": { "texture": "#bridlemetal", "uv": [ 0.0, 0.0, 0.5, 0.5 ] },
														"west": { "texture": "#bridlemetal", "uv": [ 0.0, 0.0, 0.5, 0.5 ], "windMode": [-1,-1,-1,-1], "windData": [1,1,1,1] },
														"up": { "texture": "#bridlemetal", "uv": [ 0.0, 0.0, 0.5, 0.5 ], "windMode": [-1,-1,-1,-1], "windData": [1,1,1,1] },
														"down": { "texture": "#bridlemetal", "uv": [ 0.0, 0.0, 0.5, 0.5 ], "windMode": [-1,-1,-1,-1], "windData": [1,1,1,1] }
													},
													"children": [
														{
															"name": "Noseband41",
															"from": [ 0.0, 0.6, 0.0 ],
															"to": [ 0.15, 0.82, 0.1 ],
															"rotationOrigin": [ 0.0, 0.6, 0.0 ],
															"rotationZ": -25.0,
															"faces": {
																"north": { "texture": "#bridlemetal", "uv": [ 0.0, 0.0, 0.5, 0.5 ], "windMode": [-1,-1,-1,-1], "windData": [1,1,1,1] },
																"east": { "texture": "#bridlemetal", "uv": [ 0.0, 0.0, 0.5, 0.5 ], "windMode": [-1,-1,-1,-1], "windData": [1,1,1,1] },
																"south": { "texture": "#bridlemetal", "uv": [ 0.0, 0.0, 0.5, 0.5 ] },
																"west": { "texture": "#bridlemetal", "uv": [ 0.0, 0.0, 0.5, 0.5 ], "windMode": [-1,-1,-1,-1], "windData": [1,1,1,1] },
																"up": { "texture": "#bridlemetal", "uv": [ 0.0, 0.0, 0.5, 0.5 ], "windMode": [-1,-1,-1,-1], "windData": [1,1,1,1] },
																"down": { "texture": "#bridlemetal", "uv": [ 0.0, 0.0, 0.5, 0.5 ], "windMode": [-1,-1,-1,-1], "windData": [1,1,1,1] }
															}
														},
														{
															"name": "Noseband42",
															"from": [ -0.15, 0.0, 0.0 ],
															"to": [ 0.0, 0.22, 0.1 ],
															"rotationOrigin": [ 0.0, 0.0, 0.0 ],
															"rotationZ": -155.0,
															"faces": {
																"north": { "texture": "#bridlemetal", "uv": [ 0.0, 0.0, 0.5, 0.5 ], "windMode": [-1,-1,-1,-1], "windData": [1,1,1,1] },
																"east": { "texture": "#bridlemetal", "uv": [ 0.0, 0.0, 0.5, 0.5 ], "windMode": [-1,-1,-1,-1], "windData": [1,1,1,1] },
																"south": { "texture": "#bridlemetal", "uv": [ 0.0, 0.0, 0.5, 0.5 ] },
																"west": { "texture": "#bridlemetal", "uv": [ 0.0, 0.0, 0.5, 0.5 ], "windMode": [-1,-1,-1,-1], "windData": [1,1,1,1] },
																"up": { "texture": "#bridlemetal", "uv": [ 0.0, 0.0, 0.5, 0.5 ], "windMode": [-1,-1,-1,-1], "windData": [1,1,1,1] },
																"down": { "texture": "#bridlemetal", "uv": [ 0.0, 0.0, 0.5, 0.5 ], "windMode": [-1,-1,-1,-1], "windData": [1,1,1,1] }
															}
														}
													]
												}
											]
										}
									]
								},
								{
									"name": "Noseband18",
									"from": [ -1.67, 0.41, 4.74 ],
									"to": [ -1.52, 1.21, 4.84 ],
									"rotationOrigin": [ -0.6749, 0.3531, 4.7391 ],
									"rotationX": -2.4476,
									"rotationY": -57.3,
									"rotationZ": 5.83,
									"faces": {
										"north": { "texture": "#bridlemetal", "uv": [ 0.0, 0.0, 0.5, 0.5 ], "windMode": [-1,-1,-1,-1], "windData": [1,1,1,1] },
										"east": { "texture": "#bridlemetal", "uv": [ 0.0, 0.0, 0.5, 0.5 ], "windMode": [-1,-1,-1,-1], "windData": [1,1,1,1] },
										"south": { "texture": "#bridlemetal", "uv": [ 0.0, 0.0, 0.5, 0.5 ] },
										"west": { "texture": "#bridlemetal", "uv": [ 0.0, 0.0, 0.5, 0.5 ], "windMode": [-1,-1,-1,-1], "windData": [1,1,1,1] },
										"up": { "texture": "#bridlemetal", "uv": [ 0.0, 0.0, 0.5, 0.5 ], "windMode": [-1,-1,-1,-1], "windData": [1,1,1,1] },
										"down": { "texture": "#bridlemetal", "uv": [ 0.0, 0.0, 0.5, 0.5 ], "windMode": [-1,-1,-1,-1], "windData": [1,1,1,1] }
									},
									"children": [
										{
											"name": "Noseband19",
											"from": [ -0.85, 0.0, 0.0 ],
											"to": [ -0.7, 0.8, 0.1 ],
											"rotationOrigin": [ -0.9, 0.0, 0.0 ],
											"faces": {
												"north": { "texture": "#bridlemetal", "uv": [ 0.0, 0.0, 0.5, 0.5 ], "windMode": [-1,-1,-1,-1], "windData": [1,1,1,1] },
												"east": { "texture": "#bridlemetal", "uv": [ 0.0, 0.0, 0.5, 0.5 ], "windMode": [-1,-1,-1,-1], "windData": [1,1,1,1] },
												"south": { "texture": "#bridlemetal", "uv": [ 0.0, 0.0, 0.5, 0.5 ] },
												"west": { "texture": "#bridlemetal", "uv": [ 0.0, 0.0, 0.5, 0.5 ], "windMode": [-1,-1,-1,-1], "windData": [1,1,1,1] },
												"up": { "texture": "#bridlemetal", "uv": [ 0.0, 0.0, 0.5, 0.5 ], "windMode": [-1,-1,-1,-1], "windData": [1,1,1,1] },
												"down": { "texture": "#bridlemetal", "uv": [ 0.0, 0.0, 0.5, 0.5 ], "windMode": [-1,-1,-1,-1], "windData": [1,1,1,1] }
											},
											"children": [
												{
													"name": "Noseband21",
													"from": [ 0.2, 0.9, 0.0 ],
													"to": [ 0.35, 1.5, 0.1 ],
													"rotationOrigin": [ 0.2, 0.9, 0.0 ],
													"rotationZ": -90.0,
													"faces": {
														"north": { "texture": "#bridlemetal", "uv": [ 0.0, 0.0, 0.5, 0.5 ], "windMode": [-1,-1,-1,-1], "windData": [1,1,1,1] },
														"east": { "texture": "#bridlemetal", "uv": [ 0.0, 0.0, 0.5, 0.5 ], "windMode": [-1,-1,-1,-1], "windData": [1,1,1,1] },
														"south": { "texture": "#bridlemetal", "uv": [ 0.0, 0.0, 0.5, 0.5 ] },
														"west": { "texture": "#bridlemetal", "uv": [ 0.0, 0.0, 0.5, 0.5 ], "windMode": [-1,-1,-1,-1], "windData": [1,1,1,1] },
														"up": { "texture": "#bridlemetal", "uv": [ 0.0, 0.0, 0.5, 0.5 ], "windMode": [-1,-1,-1,-1], "windData": [1,1,1,1] },
														"down": { "texture": "#bridlemetal", "uv": [ 0.0, 0.0, 0.5, 0.5 ], "windMode": [-1,-1,-1,-1], "windData": [1,1,1,1] }
													},
													"children": [
														{
															"name": "Noseband26",
															"from": [ 0.0, 0.6, 0.0 ],
															"to": [ 0.15, 0.82, 0.1 ],
															"rotationOrigin": [ 0.0, 0.6, 0.0 ],
															"rotationZ": -25.0,
															"faces": {
																"north": { "texture": "#bridlemetal", "uv": [ 0.0, 0.0, 0.5, 0.5 ], "windMode": [-1,-1,-1,-1], "windData": [1,1,1,1] },
																"east": { "texture": "#bridlemetal", "uv": [ 0.0, 0.0, 0.5, 0.5 ], "windMode": [-1,-1,-1,-1], "windData": [1,1,1,1] },
																"south": { "texture": "#bridlemetal", "uv": [ 0.0, 0.0, 0.5, 0.5 ] },
																"west": { "texture": "#bridlemetal", "uv": [ 0.0, 0.0, 0.5, 0.5 ], "windMode": [-1,-1,-1,-1], "windData": [1,1,1,1] },
																"up": { "texture": "#bridlemetal", "uv": [ 0.0, 0.0, 0.5, 0.5 ], "windMode": [-1,-1,-1,-1], "windData": [1,1,1,1] },
																"down": { "texture": "#bridlemetal", "uv": [ 0.0, 0.0, 0.5, 0.5 ], "windMode": [-1,-1,-1,-1], "windData": [1,1,1,1] }
															}
														},
														{
															"name": "Noseband32",
															"from": [ -0.15, 0.0, 0.0 ],
															"to": [ 0.0, 0.22, 0.1 ],
															"rotationOrigin": [ 0.0, 0.0, 0.0 ],
															"rotationZ": -155.0,
															"faces": {
																"north": { "texture": "#bridlemetal", "uv": [ 0.0, 0.0, 0.5, 0.5 ], "windMode": [-1,-1,-1,-1], "windData": [1,1,1,1] },
																"east": { "texture": "#bridlemetal", "uv": [ 0.0, 0.0, 0.5, 0.5 ], "windMode": [-1,-1,-1,-1], "windData": [1,1,1,1] },
																"south": { "texture": "#bridlemetal", "uv": [ 0.0, 0.0, 0.5, 0.5 ] },
																"west": { "texture": "#bridlemetal", "uv": [ 0.0, 0.0, 0.5, 0.5 ], "windMode": [-1,-1,-1,-1], "windData": [1,1,1,1] },
																"up": { "texture": "#bridlemetal", "uv": [ 0.0, 0.0, 0.5, 0.5 ], "windMode": [-1,-1,-1,-1], "windData": [1,1,1,1] },
																"down": { "texture": "#bridlemetal", "uv": [ 0.0, 0.0, 0.5, 0.5 ], "windMode": [-1,-1,-1,-1], "windData": [1,1,1,1] }
															}
														}
													]
												},
												{
													"name": "Noseband33",
													"from": [ 0.8, -0.1, 0.0 ],
													"to": [ 0.95, 0.5, 0.1 ],
													"rotationOrigin": [ 0.8, -0.1, 0.0 ],
													"rotationZ": 90.0,
													"faces": {
														"north": { "texture": "#bridlemetal", "uv": [ 0.0, 0.0, 0.5, 0.5 ], "windMode": [-1,-1,-1,-1], "windData": [1,1,1,1] },
														"east": { "texture": "#bridlemetal", "uv": [ 0.0, 0.0, 0.5, 0.5 ], "windMode": [-1,-1,-1,-1], "windData": [1,1,1,1] },
														"south": { "texture": "#bridlemetal", "uv": [ 0.0, 0.0, 0.5, 0.5 ] },
														"west": { "texture": "#bridlemetal", "uv": [ 0.0, 0.0, 0.5, 0.5 ], "windMode": [-1,-1,-1,-1], "windData": [1,1,1,1] },
														"up": { "texture": "#bridlemetal", "uv": [ 0.0, 0.0, 0.5, 0.5 ], "windMode": [-1,-1,-1,-1], "windData": [1,1,1,1] },
														"down": { "texture": "#bridlemetal", "uv": [ 0.0, 0.0, 0.5, 0.5 ], "windMode": [-1,-1,-1,-1], "windData": [1,1,1,1] }
													},
													"children": [
														{
															"name": "Noseband34",
															"from": [ 0.0, 0.6, 0.0 ],
															"to": [ 0.15, 0.82, 0.1 ],
															"rotationOrigin": [ 0.0, 0.6, 0.0 ],
															"rotationZ": -25.0,
															"faces": {
																"north": { "texture": "#bridlemetal", "uv": [ 0.0, 0.0, 0.5, 0.5 ], "windMode": [-1,-1,-1,-1], "windData": [1,1,1,1] },
																"east": { "texture": "#bridlemetal", "uv": [ 0.0, 0.0, 0.5, 0.5 ], "windMode": [-1,-1,-1,-1], "windData": [1,1,1,1] },
																"south": { "texture": "#bridlemetal", "uv": [ 0.0, 0.0, 0.5, 0.5 ] },
																"west": { "texture": "#bridlemetal", "uv": [ 0.0, 0.0, 0.5, 0.5 ], "windMode": [-1,-1,-1,-1], "windData": [1,1,1,1] },
																"up": { "texture": "#bridlemetal", "uv": [ 0.0, 0.0, 0.5, 0.5 ], "windMode": [-1,-1,-1,-1], "windData": [1,1,1,1] },
																"down": { "texture": "#bridlemetal", "uv": [ 0.0, 0.0, 0.5, 0.5 ], "windMode": [-1,-1,-1,-1], "windData": [1,1,1,1] }
															}
														},
														{
															"name": "Noseband35",
															"from": [ -0.15, 0.0, 0.0 ],
															"to": [ 0.0, 0.22, 0.1 ],
															"rotationOrigin": [ 0.0, 0.0, 0.0 ],
															"rotationZ": -155.0,
															"faces": {
																"north": { "texture": "#bridlemetal", "uv": [ 0.0, 0.0, 0.5, 0.5 ], "windMode": [-1,-1,-1,-1], "windData": [1,1,1,1] },
																"east": { "texture": "#bridlemetal", "uv": [ 0.0, 0.0, 0.5, 0.5 ], "windMode": [-1,-1,-1,-1], "windData": [1,1,1,1] },
																"south": { "texture": "#bridlemetal", "uv": [ 0.0, 0.0, 0.5, 0.5 ] },
																"west": { "texture": "#bridlemetal", "uv": [ 0.0, 0.0, 0.5, 0.5 ], "windMode": [-1,-1,-1,-1], "windData": [1,1,1,1] },
																"up": { "texture": "#bridlemetal", "uv": [ 0.0, 0.0, 0.5, 0.5 ], "windMode": [-1,-1,-1,-1], "windData": [1,1,1,1] },
																"down": { "texture": "#bridlemetal", "uv": [ 0.0, 0.0, 0.5, 0.5 ], "windMode": [-1,-1,-1,-1], "windData": [1,1,1,1] }
															}
														}
													]
												}
											]
										}
									]
								}
							]
						},
						{
							"name": "StrapBottom2",
							"from": [ -3.2, 0.1, 4.2 ],
							"to": [ 0.8, 0.6, 4.5 ],
							"rotationOrigin": [ 0.8, 0.1, 4.5 ],
							"rotationY": -4.0,
							"faces": {
								"north": { "texture": "#saddlemain", "uv": [ 0.0, 0.0, 4.0, 0.5 ] },
								"east": { "texture": "#saddlemain", "uv": [ 0.0, 0.0, 0.5, 0.5 ] },
								"south": { "texture": "#saddlemain", "uv": [ 0.0, 0.0, 4.0, 0.5 ] },
								"west": { "texture": "#saddlemain", "uv": [ 0.0, 0.0, 0.5, 0.5 ] },
								"up": { "texture": "#saddlemain", "uv": [ 0.0, 0.0, 4.0, 0.5 ] },
								"down": { "texture": "#saddlemain", "uv": [ 0.0, 0.0, 4.0, 0.5 ], "windMode": [-1,-1,-1,-1] }
							}
						},
						{
							"name": "StrapMainS2",
							"from": [ -4.2, 0.5, 0.3 ],
							"to": [ 0.3, 1.0, 0.6 ],
							"rotationOrigin": [ -4.2, 0.95, 0.6 ],
							"rotationY": 3.0,
							"faces": {
								"north": { "texture": "#saddlemain", "uv": [ 0.0, 0.0, 4.5, 0.5 ] },
								"south": { "texture": "#saddlemain", "uv": [ 0.0, 0.0, 4.5, 0.5 ] },
								"up": { "texture": "#saddlemain", "uv": [ 0.0, 0.0, 4.5, 0.5 ] },
								"down": { "texture": "#saddlemain", "uv": [ 0.0, 0.0, 4.5, 0.5 ] }
							}
						},
						{
							"name": "StrapMainE2",
							"from": [ 5.9878, -0.0488, 0.1 ],
							"to": [ 8.9878, 0.4512, 0.4 ],
							"rotationOrigin": [ 5.9878, 0.4512, 0.1 ],
							"rotationX": -21.584,
							"rotationY": -79.237,
							"rotationZ": -21.934,
							"faces": {
								"north": { "texture": "#saddlemain", "uv": [ 0.0, 0.0, 3.0, 0.5 ] },
								"south": { "texture": "#saddlemain", "uv": [ 0.0, 0.0, 3.0, 0.5 ] },
								"up": { "texture": "#saddlemain", "uv": [ 0.0, 0.0, 3.0, 0.5 ] },
								"down": { "texture": "#saddlemain", "uv": [ 0.0, 0.0, 3.0, 0.5 ] }
							}
						},
						{
							"name": "StrapE6",
							"from": [ 1.0, 0.3, 0.1 ],
							"to": [ 6.0, 0.8, 0.4 ],
							"rotationOrigin": [ 1.0, 0.8, 0.1 ],
							"rotationZ": -4.0,
							"faces": {
								"north": { "texture": "#saddlemain", "uv": [ 0.0, 0.0, 5.0, 0.5 ] },
								"east": { "texture": "#saddlemain", "uv": [ 0.0, 0.0, 0.5, 0.5 ] },
								"south": { "texture": "#saddlemain", "uv": [ 0.0, 0.0, 5.0, 0.5 ] },
								"west": { "texture": "#saddlemain", "uv": [ 0.0, 0.0, 0.5, 0.5 ] },
								"up": { "texture": "#saddlemain", "uv": [ 0.0, 0.0, 5.0, 0.5 ] },
								"down": { "texture": "#saddlemain", "uv": [ 0.0, 0.0, 5.0, 0.5 ] }
							}
						}
					]
				}
			]
		}
	]}