{
	"editor": {
		"backDropShape": "D:/VSModding/Entitybackdrops/caledonius-adult",
		"collapsedPaths": ",Root/ORIGINbridle/ReinsN4,Root/ORIGINbridle/Bit/BitArmN/BitSArmUp2,Root/ORIGINbridle/Bit/BitArmN,Root/Bit,Root/ORIGINbridle/Bit/BitArmS,Root/StrapMainN,Root/ORIGINbridle/Bit,Root/ORIGINbridle/reinsOrigin,Root/ORIGINbridle/ReinsN,Root/ORIGINbridle/StrapMainN,Root/reinsOrigin",
		"allAngles": true,
		"entityTextureMode": false
	},
	"textureWidth": 16,
	"textureHeight": 16,
	"textureSizes": {
		"bridlerope": [16,16]
	},
	"textures": {
		"bridlerope": "game:entity/lore/erel/pristine/rope"
	},
	"elements": [
		{
			"name": "ORIGINbridle",
			"stepParentName": "Neck1",
			"from": [ 0.0, 0.0, 0.0 ],
			"to": [ 1.1, 1.1, 1.1 ],
			"faces": {
			},
			"children": [
				{
					"name": "Noseband5",
					"from": [ -0.2, 6.4, -0.2 ],
					"to": [ 4.1, 7.6, 6.2 ],
					"rotationOrigin": [ -0.2, 6.4, -0.2 ],
					"faces": {
						"north": { "texture": "#bridlerope", "uv": [ 0.0, 0.0, 4.25, 1.0 ], "windMode": [-1,-1,-1,-1], "windData": [1,1,1,1] },
						"east": { "texture": "#bridlerope", "uv": [ 0.0, 0.0, 6.25, 1.0 ], "windMode": [-1,-1,-1,-1], "windData": [1,1,1,1] },
						"south": { "texture": "#bridlerope", "uv": [ 0.0, 0.0, 4.25, 1.0 ] },
						"west": { "texture": "#bridlerope", "uv": [ 0.0, 0.0, 6.25, 1.0 ], "windMode": [-1,-1,-1,-1], "windData": [1,1,1,1] },
						"up": { "texture": "#bridlerope", "uv": [ 0.0, 0.0, 4.25, 6.25 ], "windMode": [-1,-1,-1,-1], "windData": [1,1,1,1] },
						"down": { "texture": "#bridlerope", "uv": [ 0.0, 0.0, 4.25, 6.25 ], "windMode": [-1,-1,-1,-1], "windData": [1,1,1,1] }
					},
					"children": [
						{
							"name": "Noseband6",
							"from": [ 4.3, 0.0, 0.0 ],
							"to": [ 8.7, 1.2, 6.4 ],
							"rotationOrigin": [ 4.3, 0.0, 0.0 ],
							"faces": {
								"north": { "texture": "#bridlerope", "uv": [ 2.0, 0.0, 6.25, 1.0 ], "windMode": [-1,-1,-1,-1], "windData": [1,1,1,1] },
								"east": { "texture": "#bridlerope", "uv": [ 0.0, 0.0, 6.25, 1.0 ], "windMode": [-1,-1,-1,-1], "windData": [1,1,1,1] },
								"south": { "texture": "#bridlerope", "uv": [ 2.0, 0.0, 6.25, 1.0 ] },
								"west": { "texture": "#bridlerope", "uv": [ 0.5, 0.0, 6.75, 1.0 ], "windMode": [-1,-1,-1,-1], "windData": [1,1,1,1] },
								"up": { "texture": "#bridlerope", "uv": [ 0.0, 0.0, 4.25, 6.25 ], "windMode": [-1,-1,-1,-1], "windData": [1,1,1,1] },
								"down": { "texture": "#bridlerope", "uv": [ 0.0, 0.0, 4.25, 6.25 ], "windMode": [-1,-1,-1,-1], "windData": [1,1,1,1] }
							}
						}
					]
				}
			]
		}
	]}