{
	"editor": {
		"collapsedPaths": ",Root/ORIGINbridle/ReinsN4,Root/ORIGINbridle/Bit/BitArmN/BitSArmUp2,Root/ORIGINbridle/Bit/BitArmN,Root/Bit,Root/ORIGINbridle/Bit/BitArmS,Root/StrapMainN,Root/ORIGINbridle/Bit,Root/ORIGINbridle/reinsOrigin,Root/ORIGINbridle/ReinsN,Root/ORIGINbridle/StrapMainN,Root/reinsOrigin",
		"allAngles": true,
		"entityTextureMode": false
	},
	"textureWidth": 16,
	"textureHeight": 16,
	"textureSizes": {
		"bridlerope": [16,16]
	},
	"textures": {
		"bridlerope": "game:entity/lore/erel/pristine/rope"
	},
	"elements": [
		{
			"name": "ORIGINbridle",
			"stepParentName": "Neck1",
			"from": [ 0.0, 0.0, 0.0 ],
			"to": [ 1.1, 1.1, 1.1 ],
			"faces": {
			},
			"children": [
				{
					"name": "Noseband7",
					"from": [ 0.8, 0.2, 1.8 ],
					"to": [ 1.8, 0.8, 6.2 ],
					"rotationOrigin": [ 0.8, 0.2, 1.8 ],
					"faces": {
						"north": { "texture": "#bridlerope", "uv": [ 0.5, 0.0, 1.5, 0.5 ], "windMode": [-1,-1,-1,-1], "windData": [1,1,1,1] },
						"east": { "texture": "#bridlerope", "uv": [ 0.5, 0.0, 4.75, 0.5 ], "windMode": [-1,-1,-1,-1], "windData": [1,1,1,1] },
						"south": { "texture": "#bridlerope", "uv": [ 1.5, 0.0, 2.5, 0.5 ] },
						"west": { "texture": "#bridlerope", "uv": [ 0.25, 0.0, 4.5, 0.5 ], "windMode": [-1,-1,-1,-1], "windData": [1,1,1,1] },
						"up": { "texture": "#bridlerope", "uv": [ 0.0, 0.0, 1.0, 4.25 ], "windMode": [-1,-1,-1,-1], "windData": [1,1,1,1] },
						"down": { "texture": "#bridlerope", "uv": [ 0.0, 0.0, 1.0, 4.25 ], "windMode": [-1,-1,-1,-1], "windData": [1,1,1,1] }
					},
					"children": [
						{
							"name": "Noseband9",
							"from": [ 0.0, -0.01, 4.4 ],
							"to": [ 1.0, 0.59, 5.82 ],
							"rotationOrigin": [ 0.0, -0.1, 4.4 ],
							"rotationY": 45.0,
							"faces": {
								"north": { "texture": "#bridlerope", "uv": [ 0.5, 0.0, 1.5, 0.5 ], "windMode": [-1,-1,-1,-1], "windData": [1,1,1,1] },
								"east": { "texture": "#bridlerope", "uv": [ 0.5, 0.0, 1.75, 0.5 ], "windMode": [-1,-1,-1,-1], "windData": [1,1,1,1] },
								"south": { "texture": "#bridlerope", "uv": [ 1.5, 0.0, 2.5, 0.5 ] },
								"west": { "texture": "#bridlerope", "uv": [ 0.25, 0.0, 1.5, 0.5 ], "windMode": [-1,-1,-1,-1], "windData": [1,1,1,1] },
								"up": { "texture": "#bridlerope", "uv": [ 0.0, 0.0, 1.0, 1.25 ], "windMode": [-1,-1,-1,-1], "windData": [1,1,1,1] },
								"down": { "texture": "#bridlerope", "uv": [ 0.0, 0.0, 1.0, 1.25 ], "windMode": [-1,-1,-1,-1], "windData": [1,1,1,1] }
							}
						},
						{
							"name": "Noseband11",
							"from": [ 0.0, -0.01, 0.0 ],
							"to": [ 1.42, 0.59, 1.0 ],
							"rotationOrigin": [ 0.0, -0.1, 0.0 ],
							"rotationY": 45.0,
							"faces": {
								"north": { "texture": "#bridlerope", "uv": [ 0.5, 0.0, 1.75, 0.5 ], "windMode": [-1,-1,-1,-1], "windData": [1,1,1,1] },
								"east": { "texture": "#bridlerope", "uv": [ 0.5, 0.0, 1.5, 0.5 ], "windMode": [-1,-1,-1,-1], "windData": [1,1,1,1] },
								"south": { "texture": "#bridlerope", "uv": [ 1.5, 0.0, 2.75, 0.5 ] },
								"west": { "texture": "#bridlerope", "uv": [ 0.25, 0.0, 1.25, 0.5 ], "windMode": [-1,-1,-1,-1], "windData": [1,1,1,1] },
								"up": { "texture": "#bridlerope", "uv": [ 0.0, 0.0, 1.0, 1.25 ], "rotation": 90, "windMode": [-1,-1,-1,-1], "windData": [1,1,1,1] },
								"down": { "texture": "#bridlerope", "uv": [ 0.0, 0.0, 1.0, 1.25 ], "rotation": 90, "windMode": [-1,-1,-1,-1], "windData": [1,1,1,1] }
							}
						}
					]
				},
				{
					"name": "Noseband10",
					"from": [ 12.7999, 0.2, 0.7999 ],
					"to": [ 13.7999, 0.8, 5.5999 ],
					"rotationOrigin": [ 12.8, 0.2, 0.8 ],
					"rotationY": -89.9802,
					"faces": {
						"north": { "texture": "#bridlerope", "uv": [ 0.5, 0.0, 1.5, 0.5 ], "windMode": [-1,-1,-1,-1], "windData": [1,1,1,1] },
						"east": { "texture": "#bridlerope", "uv": [ 0.5, 0.0, 5.25, 0.5 ], "windMode": [-1,-1,-1,-1], "windData": [1,1,1,1] },
						"south": { "texture": "#bridlerope", "uv": [ 1.5, 0.0, 2.5, 0.5 ] },
						"west": { "texture": "#bridlerope", "uv": [ 0.25, 0.0, 5.0, 0.5 ], "windMode": [-1,-1,-1,-1], "windData": [1,1,1,1] },
						"up": { "texture": "#bridlerope", "uv": [ 0.0, 0.25, 1.0, 5.0 ], "windMode": [-1,-1,-1,-1], "windData": [1,1,1,1] },
						"down": { "texture": "#bridlerope", "uv": [ 0.0, 0.5, 1.0, 5.25 ], "windMode": [-1,-1,-1,-1], "windData": [1,1,1,1] }
					}
				},
				{
					"name": "Noseband12",
					"from": [ 12.7999, 0.2, 6.1999 ],
					"to": [ 13.7999, 0.8, 10.9999 ],
					"rotationOrigin": [ 12.8, 0.2, 6.2 ],
					"rotationY": -89.9802,
					"faces": {
						"north": { "texture": "#bridlerope", "uv": [ 0.5, 0.0, 1.5, 0.5 ], "windMode": [-1,-1,-1,-1], "windData": [1,1,1,1] },
						"east": { "texture": "#bridlerope", "uv": [ 0.5, 0.0, 5.25, 0.5 ], "windMode": [-1,-1,-1,-1], "windData": [1,1,1,1] },
						"south": { "texture": "#bridlerope", "uv": [ 1.5, 0.0, 2.5, 0.5 ] },
						"west": { "texture": "#bridlerope", "uv": [ 0.25, 0.0, 5.0, 0.5 ], "windMode": [-1,-1,-1,-1], "windData": [1,1,1,1] },
						"up": { "texture": "#bridlerope", "uv": [ 0.0, 0.25, 1.0, 5.0 ], "windMode": [-1,-1,-1,-1], "windData": [1,1,1,1] },
						"down": { "texture": "#bridlerope", "uv": [ 0.0, 0.25, 1.0, 5.0 ], "windMode": [-1,-1,-1,-1], "windData": [1,1,1,1] }
					}
				},
				{
					"name": "Noseband14",
					"from": [ 1.8001, 0.2, 7.2001 ],
					"to": [ 2.8001, 0.8, 13.4001 ],
					"rotationOrigin": [ 1.8, 0.2, 7.2 ],
					"rotationY": 89.9802,
					"faces": {
						"north": { "texture": "#bridlerope", "uv": [ 0.5, 0.0, 1.5, 0.5 ], "windMode": [-1,-1,-1,-1], "windData": [1,1,1,1] },
						"east": { "texture": "#bridlerope", "uv": [ 0.5, 0.0, 6.5, 0.5 ], "windMode": [-1,-1,-1,-1], "windData": [1,1,1,1] },
						"south": { "texture": "#bridlerope", "uv": [ 1.5, 0.0, 2.5, 0.5 ] },
						"west": { "texture": "#bridlerope", "uv": [ 0.25, 0.0, 6.25, 0.5 ], "windMode": [-1,-1,-1,-1], "windData": [1,1,1,1] },
						"up": { "texture": "#bridlerope", "uv": [ 0.0, 0.0, 1.0, 6.0 ], "windMode": [-1,-1,-1,-1], "windData": [1,1,1,1] },
						"down": { "texture": "#bridlerope", "uv": [ 0.0, 0.0, 1.0, 6.0 ], "windMode": [-1,-1,-1,-1], "windData": [1,1,1,1] }
					}
				},
				{
					"name": "Noseband16",
					"from": [ 1.8001, 0.2, 1.8001 ],
					"to": [ 2.8001, 0.8, 8.0001 ],
					"rotationOrigin": [ 1.8, 0.2, 1.8 ],
					"rotationY": 89.9802,
					"faces": {
						"north": { "texture": "#bridlerope", "uv": [ 0.5, 0.0, 1.5, 0.5 ], "windMode": [-1,-1,-1,-1], "windData": [1,1,1,1] },
						"east": { "texture": "#bridlerope", "uv": [ 0.5, 0.0, 6.5, 0.5 ], "windMode": [-1,-1,-1,-1], "windData": [1,1,1,1] },
						"south": { "texture": "#bridlerope", "uv": [ 1.5, 0.0, 2.5, 0.5 ] },
						"west": { "texture": "#bridlerope", "uv": [ 0.25, 0.0, 6.25, 0.5 ], "windMode": [-1,-1,-1,-1], "windData": [1,1,1,1] },
						"up": { "texture": "#bridlerope", "uv": [ 0.0, 0.0, 1.0, 6.0 ], "windMode": [-1,-1,-1,-1], "windData": [1,1,1,1] },
						"down": { "texture": "#bridlerope", "uv": [ 0.0, 0.0, 1.0, 6.0 ], "windMode": [-1,-1,-1,-1], "windData": [1,1,1,1] }
					}
				},
				{
					"name": "Noseband8",
					"from": [ 13.8, 0.2, 6.2 ],
					"to": [ 14.8, 0.8, 10.6 ],
					"rotationOrigin": [ 13.8, 0.2, 6.2 ],
					"rotationY": 180.0,
					"faces": {
						"north": { "texture": "#bridlerope", "uv": [ 0.5, 0.0, 1.5, 0.5 ], "windMode": [-1,-1,-1,-1], "windData": [1,1,1,1] },
						"east": { "texture": "#bridlerope", "uv": [ 0.5, 0.0, 4.75, 0.5 ], "windMode": [-1,-1,-1,-1], "windData": [1,1,1,1] },
						"south": { "texture": "#bridlerope", "uv": [ 1.5, 0.0, 2.5, 0.5 ] },
						"west": { "texture": "#bridlerope", "uv": [ 0.25, 0.0, 4.5, 0.5 ], "windMode": [-1,-1,-1,-1], "windData": [1,1,1,1] },
						"up": { "texture": "#bridlerope", "uv": [ 0.0, 0.0, 1.0, 4.25 ], "windMode": [-1,-1,-1,-1], "windData": [1,1,1,1] },
						"down": { "texture": "#bridlerope", "uv": [ 0.0, 0.0, 1.0, 4.25 ], "windMode": [-1,-1,-1,-1], "windData": [1,1,1,1] }
					},
					"children": [
						{
							"name": "Noseband13",
							"from": [ 0.0, -0.01, 4.4 ],
							"to": [ 1.0, 0.59, 5.82 ],
							"rotationOrigin": [ 0.0, -0.1, 4.4 ],
							"rotationY": 45.0,
							"faces": {
								"north": { "texture": "#bridlerope", "uv": [ 0.5, 0.0, 1.5, 0.5 ], "windMode": [-1,-1,-1,-1], "windData": [1,1,1,1] },
								"east": { "texture": "#bridlerope", "uv": [ 0.5, 0.0, 1.75, 0.5 ], "windMode": [-1,-1,-1,-1], "windData": [1,1,1,1] },
								"south": { "texture": "#bridlerope", "uv": [ 1.5, 0.0, 2.5, 0.5 ] },
								"west": { "texture": "#bridlerope", "uv": [ 0.25, 0.0, 1.5, 0.5 ], "windMode": [-1,-1,-1,-1], "windData": [1,1,1,1] },
								"up": { "texture": "#bridlerope", "uv": [ 0.0, 0.0, 1.0, 1.25 ], "windMode": [-1,-1,-1,-1], "windData": [1,1,1,1] },
								"down": { "texture": "#bridlerope", "uv": [ 0.0, 0.0, 1.0, 1.25 ], "windMode": [-1,-1,-1,-1], "windData": [1,1,1,1] }
							}
						},
						{
							"name": "Noseband15",
							"from": [ 0.0, -0.01, 0.0 ],
							"to": [ 1.42, 0.59, 1.0 ],
							"rotationOrigin": [ 0.0, -0.1, 0.0 ],
							"rotationY": 45.0,
							"faces": {
								"north": { "texture": "#bridlerope", "uv": [ 0.5, 0.0, 1.75, 0.5 ], "windMode": [-1,-1,-1,-1], "windData": [1,1,1,1] },
								"east": { "texture": "#bridlerope", "uv": [ 0.5, 0.0, 1.5, 0.5 ], "windMode": [-1,-1,-1,-1], "windData": [1,1,1,1] },
								"south": { "texture": "#bridlerope", "uv": [ 1.5, 0.0, 2.75, 0.5 ] },
								"west": { "texture": "#bridlerope", "uv": [ 0.25, 0.0, 1.25, 0.5 ], "windMode": [-1,-1,-1,-1], "windData": [1,1,1,1] },
								"up": { "texture": "#bridlerope", "uv": [ 0.0, 0.0, 1.0, 1.25 ], "rotation": 90, "windMode": [-1,-1,-1,-1], "windData": [1,1,1,1] },
								"down": { "texture": "#bridlerope", "uv": [ 0.0, 0.0, 1.0, 1.25 ], "rotation": 90, "windMode": [-1,-1,-1,-1], "windData": [1,1,1,1] }
							}
						}
					]
				}
			]
		}
	]}