{
	"editor": {
		"backDropShape": "D:/VSModding/Entitybackdrops/indicus-adult",
		"collapsedPaths": ",Root/ORIGINbridle/ReinsN4,Root/ORIGINbridle/Bit/BitArmN/BitSArmUp2,Root/ORIGINbridle/Bit/BitArmN,Root/Bit,Root/ORIGINbridle/Bit/BitArmS,Root/StrapMainN,Root/ORIGINbridle/Bit,Root/ORIGINbridle/reinsOrigin,Root/ORIGINbridle/ReinsN,Root/ORIGINbridle/StrapMainN,Root/reinsOrigin",
		"allAngles": true,
		"entityTextureMode": false
	},
	"textureWidth": 16,
	"textureHeight": 16,
	"textureSizes": {
		"bridlerope": [16,16]
	},
	"textures": {
		"bridlerope": "game:entity/lore/erel/pristine/rope"
	},
	"elements": [
		{
			"name": "ORIGINbridle",
			"stepParentName": "Neck1",
			"from": [ 0.0, 0.0, 0.0 ],
			"to": [ 1.001, 1.001, 1.001 ],
			"faces": {
			},
			"children": [
				{
					"name": "Noseband5",
					"from": [ -0.18, 5.82, -0.182 ],
					"to": [ 3.733, 6.83, 6.742 ],
					"rotationOrigin": [ -0.182, 5.824, -0.182 ],
					"faces": {
						"north": { "texture": "#bridlerope", "uv": [ 1.0, 0.25, 4.75, 1.25 ], "windMode": [-1,-1,-1,-1], "windData": [1,1,1,1] },
						"east": { "texture": "#bridlerope", "uv": [ 0.0, 0.0, 6.75, 1.0 ], "windMode": [-1,-1,-1,-1], "windData": [1,1,1,1] },
						"south": { "texture": "#bridlerope", "uv": [ 1.0, 0.0, 4.75, 1.0 ] },
						"west": { "texture": "#bridlerope", "uv": [ 0.0, 0.0, 6.75, 1.0 ], "windMode": [-1,-1,-1,-1], "windData": [1,1,1,1] },
						"up": { "texture": "#bridlerope", "uv": [ 0.0, 0.0, 3.75, 6.75 ], "windMode": [-1,-1,-1,-1], "windData": [1,1,1,1] },
						"down": { "texture": "#bridlerope", "uv": [ 0.0, 0.0, 3.75, 6.75 ], "windMode": [-1,-1,-1,-1], "windData": [1,1,1,1] }
					},
					"children": [
						{
							"name": "Noseband6",
							"from": [ 3.913, 0.0, 0.0 ],
							"to": [ 7.926, 1.01, 6.924 ],
							"rotationOrigin": [ 3.913, 0.0, 0.0 ],
							"faces": {
								"north": { "texture": "#bridlerope", "uv": [ 2.0, 0.25, 6.0, 1.25 ], "windMode": [-1,-1,-1,-1], "windData": [1,1,1,1] },
								"east": { "texture": "#bridlerope", "uv": [ 0.25, 0.0, 7.0, 1.0 ], "windMode": [-1,-1,-1,-1], "windData": [1,1,1,1] },
								"south": { "texture": "#bridlerope", "uv": [ 2.0, 0.0, 6.0, 1.0 ] },
								"west": { "texture": "#bridlerope", "uv": [ 0.5, 0.0, 7.25, 1.0 ], "windMode": [-1,-1,-1,-1], "windData": [1,1,1,1] },
								"up": { "texture": "#bridlerope", "uv": [ 0.0, 0.0, 4.0, 6.75 ], "windMode": [-1,-1,-1,-1], "windData": [1,1,1,1] },
								"down": { "texture": "#bridlerope", "uv": [ 0.0, 0.0, 4.0, 6.75 ], "windMode": [-1,-1,-1,-1], "windData": [1,1,1,1] }
							}
						}
					]
				}
			]
		}
	]}