{
	"editor": {
		"backDropShape": "D:/VSModding/Entitybackdrops/indicus-adult",
		"collapsedPaths": ",Root/ORIGINbridle/Bit,Root/ORIGINbridle/ReinsN,Root/reinsOrigin,Root/ORIGINbridle/ReinsN4,Root/ORIGINbridle/Bit/BitArmN/BitSArmUp2,Root/ORIGINbridle/Bit/BitArmN,Root/ORIGINbridle/Bit/BitArmS,Root/StrapMainN,Root/ORIGINbridle/StrapMainN,Root/Bit,Root/ORIGINbridle/reinsOrigin",
		"allAngles": true,
		"entityTextureMode": false
	},
	"textureWidth": 16,
	"textureHeight": 16,
	"textureSizes": {
	},
	"textures": {
		"bridlemetal": "game:block/metal/sheet-plain/gold3",
		"saddlemain": "game:item/tool/shield/leather/black",
		"bridlemain": "game:item/tool/shield/leather/brown"
	},
	"elements": [
		{
			"name": "ORIGINbridle",
			"stepParentName": "Head",
			"from": [ 2.5571, 2.9939, 2.1203 ],
			"to": [ 3.5581, 3.9949, 3.1213 ],
			"rotationOrigin": [ 2.5571, 2.9939, 2.1203 ],
			"rotationZ": -45.0,
			"faces": {
			},
			"children": [
				{
					"name": "Bridle",
					"from": [ 0.0, 0.0, -0.3003 ],
					"to": [ 0.0, 0.0, -0.3003 ],
					"rotationOrigin": [ 0.0, 0.0, -0.3003 ],
					"faces": {
						"north": { "texture": "#bridlemain", "uv": [ 0.0, 0.0, 0.5, 0.5 ], "autoUv": false },
						"east": { "texture": "#bridlemain", "uv": [ 0.0, 0.0, 0.5, 0.5 ], "autoUv": false },
						"south": { "texture": "#bridlemain", "uv": [ 0.0, 0.0, 0.5, 0.5 ], "autoUv": false },
						"west": { "texture": "#bridlemain", "uv": [ 0.0, 0.0, 0.5, 0.5 ], "autoUv": false },
						"up": { "texture": "#bridlemain", "uv": [ 0.0, 0.0, 0.5, 0.5 ], "autoUv": false },
						"down": { "texture": "#bridlemain", "uv": [ 0.0, 0.0, 0.5, 0.5 ], "autoUv": false }
					},
					"children": [
						{
							"name": "reinsOrigin",
							"from": [ -1.092, -2.9848, -2.1021 ],
							"to": [ -1.092, -2.9848, -2.1021 ],
							"rotationOrigin": [ -2.8392, -4.2133, 0.1001 ],
							"faces": {
								"north": { "texture": "#bridlemain", "uv": [ 0.0, 0.0, 0.5, 0.5 ], "autoUv": false },
								"east": { "texture": "#bridlemain", "uv": [ 0.0, 0.0, 0.5, 0.5 ], "autoUv": false },
								"south": { "texture": "#bridlemain", "uv": [ 0.0, 0.0, 0.5, 0.5 ], "autoUv": false },
								"west": { "texture": "#bridlemain", "uv": [ 0.0, 0.0, 0.5, 0.5 ], "autoUv": false },
								"up": { "texture": "#bridlemain", "uv": [ 0.0, 0.0, 0.5, 0.5 ], "autoUv": false },
								"down": { "texture": "#bridlemain", "uv": [ 0.0, 0.0, 0.5, 0.5 ], "autoUv": false }
							},
							"children": [
								{
									"name": "ReinsN1",
									"from": [ -0.091, -1.8655, 3.7765 ],
									"to": [ 6.279, -1.4105, 4.0495 ],
									"rotationOrigin": [ -0.091, -1.8655, 4.0768 ],
									"rotationX": 8.0,
									"rotationY": -5.0,
									"rotationZ": 20.0,
									"faces": {
										"north": { "texture": "#bridlemain", "uv": [ 3.5, 8.0, 10.5, 8.5 ], "autoUv": false },
										"east": { "texture": "#bridlemain", "uv": [ 7.0, 3.5, 7.5, 4.0 ], "autoUv": false },
										"south": { "texture": "#bridlemain", "uv": [ 2.5, 5.0, 9.5, 5.5 ], "autoUv": false },
										"west": { "texture": "#bridlemain", "uv": [ 5.5, 7.0, 6.0, 7.5 ], "autoUv": false },
										"up": { "texture": "#bridlemain", "uv": [ 2.0, 4.5, 9.0, 5.0 ], "autoUv": false },
										"down": { "texture": "#bridlemain", "uv": [ 4.0, 5.5, 11.0, 6.0 ], "autoUv": false }
									},
									"children": [
										{
											"name": "ReinsN2",
											"from": [ 6.37, 0.0, 9.0E-4 ],
											"to": [ 10.92, 0.455, 0.2739 ],
											"rotationOrigin": [ 6.37, 0.0, 0.3003 ],
											"rotationZ": 12.0,
											"faces": {
												"north": { "texture": "#bridlemain", "uv": [ 8.5, 7.0, 13.5, 7.5 ], "autoUv": false },
												"east": { "texture": "#bridlemain", "uv": [ 4.0, 3.5, 4.5, 4.0 ], "autoUv": false },
												"south": { "texture": "#bridlemain", "uv": [ 8.0, 7.5, 13.0, 8.0 ], "autoUv": false },
												"west": { "texture": "#bridlemain", "uv": [ 5.5, 7.0, 6.0, 7.5 ], "autoUv": false },
												"up": { "texture": "#bridlemain", "uv": [ 6.5, 5.5, 11.5, 6.0 ], "autoUv": false },
												"down": { "texture": "#bridlemain", "uv": [ 6.0, 5.5, 11.0, 6.0 ], "autoUv": false }
											},
											"children": [
												{
													"name": "ReinsN3",
													"from": [ 4.55, 0.0, 9.0E-4 ],
													"to": [ 7.28, 0.455, 0.2739 ],
													"rotationOrigin": [ 4.55, 0.0, 0.3003 ],
													"rotationZ": 15.0,
													"faces": {
														"north": { "texture": "#bridlemain", "uv": [ 8.0, 7.0, 11.0, 7.5 ], "autoUv": false },
														"east": { "texture": "#bridlemain", "uv": [ 6.0, 4.5, 6.5, 5.0 ], "autoUv": false },
														"south": { "texture": "#bridlemain", "uv": [ 5.0, 5.0, 8.0, 5.5 ], "autoUv": false },
														"west": { "texture": "#bridlemain", "uv": [ 5.5, 7.0, 6.0, 7.5 ], "autoUv": false },
														"up": { "texture": "#bridlemain", "uv": [ 6.0, 5.5, 9.0, 6.0 ], "autoUv": false },
														"down": { "texture": "#bridlemain", "uv": [ 5.0, 5.0, 8.0, 5.5 ], "autoUv": false }
													},
													"children": [
														{
															"name": "ReinsN4",
															"from": [ 2.73, 0.0, 0.0 ],
															"to": [ 5.46, 0.455, 0.273 ],
															"rotationOrigin": [ 2.73, 0.0, 0.3003 ],
															"rotationZ": 20.0,
															"faces": {
																"north": { "texture": "#bridlemain", "uv": [ 6.5, 8.0, 9.5, 8.5 ], "autoUv": false },
																"east": { "texture": "#bridlemain", "uv": [ 8.5, 5.0, 9.0, 5.5 ], "autoUv": false },
																"south": { "texture": "#bridlemain", "uv": [ 8.5, 7.0, 11.5, 7.5 ], "autoUv": false },
																"west": { "texture": "#bridlemain", "uv": [ 6.0, 7.0, 6.5, 7.5 ], "autoUv": false },
																"up": { "texture": "#bridlemain", "uv": [ 4.0, 8.0, 7.0, 8.5 ], "autoUv": false },
																"down": { "texture": "#bridlemain", "uv": [ 4.5, 6.0, 7.5, 6.5 ], "autoUv": false }
															},
															"children": [
																{
																	"name": "Reinscrossed",
																	"from": [ 3.003, 0.0, 0.0 ],
																	"to": [ 7.28, 0.455, 0.273 ],
																	"rotationOrigin": [ 3.003, 0.0, 0.3003 ],
																	"rotationY": 90.0,
																	"faces": {
																		"north": { "texture": "#bridlemain", "uv": [ 4.0, 9.5, 8.5, 10.0 ], "autoUv": false },
																		"east": { "texture": "#bridlemain", "uv": [ 4.0, 3.5, 4.5, 4.0 ], "autoUv": false },
																		"south": { "texture": "#bridlemain", "uv": [ 6.0, 6.0, 10.5, 6.5 ], "autoUv": false },
																		"west": { "texture": "#bridlemain", "uv": [ 5.5, 7.0, 6.0, 7.5 ], "autoUv": false },
																		"up": { "texture": "#bridlemain", "uv": [ 4.0, 5.5, 8.5, 6.0 ], "autoUv": false },
																		"down": { "texture": "#bridlemain", "uv": [ 3.0, 5.0, 7.5, 5.5 ], "autoUv": false }
																	},
																	"children": [
																		{
																			"name": "Reinscrossed2",
																			"from": [ 8.163, 0.2142, -1.6562 ],
																			"to": [ 12.44, 0.6692, -1.3832 ],
																			"rotationOrigin": [ 8.163, 0.2142, -1.3559 ],
																			"rotationX": 179.5094,
																			"rotationY": -18.6203,
																			"rotationZ": 177.0084,
																			"faces": {
																				"north": { "texture": "#bridlemain", "uv": [ 8.5, 8.5, 13.0, 9.0 ], "autoUv": false },
																				"east": { "texture": "#bridlemain", "uv": [ 4.0, 3.5, 4.5, 4.0 ], "autoUv": false },
																				"south": { "texture": "#bridlemain", "uv": [ 6.0, 7.5, 10.5, 8.0 ], "autoUv": false },
																				"west": { "texture": "#bridlemain", "uv": [ 5.5, 7.0, 6.0, 7.5 ], "autoUv": false },
																				"up": { "texture": "#bridlemain", "uv": [ 5.5, 6.5, 10.0, 7.0 ], "autoUv": false },
																				"down": { "texture": "#bridlemain", "uv": [ 5.5, 6.5, 10.0, 7.0 ], "autoUv": false }
																			},
																			"children": [
																				{
																					"name": "Reinscrossed3",
																					"from": [ 4.004, -0.091, -0.091 ],
																					"to": [ 4.55, 0.546, 0.364 ],
																					"rotationOrigin": [ 4.277, -0.091, 0.2093 ],
																					"rotationY": -9.0,
																					"faces": {
																						"north": { "texture": "#bridlemain", "uv": [ 7.0, 5.5, 7.5, 6.0 ], "autoUv": false },
																						"east": { "texture": "#bridlemain", "uv": [ 4.0, 3.5, 4.5, 4.0 ], "autoUv": false },
																						"south": { "texture": "#bridlemain", "uv": [ 5.5, 5.5, 6.0, 6.0 ], "autoUv": false },
																						"west": { "texture": "#bridlemain", "uv": [ 5.5, 7.0, 6.0, 7.5 ], "autoUv": false },
																						"up": { "texture": "#bridlemain", "uv": [ 5.0, 7.0, 5.5, 7.5 ], "autoUv": false },
																						"down": { "texture": "#bridlemain", "uv": [ 4.0, 6.0, 4.5, 6.5 ], "autoUv": false }
																					}
																				}
																			]
																		}
																	]
																},
																{
																	"name": "RainExtra12",
																	"from": [ 0.2366, -0.8099, -0.0928 ],
																	"to": [ 1.1466, 0.5551, 0.3622 ],
																	"rotationOrigin": [ 0.9646, 0.4254, 0.0892 ],
																	"faces": {
																		"north": { "texture": "#saddlemain", "uv": [ 9.5, 7.0, 10.5, 8.5 ], "autoUv": false, "windMode": [-1,-1,-1,-1], "windData": [1,1,1,1] },
																		"east": { "texture": "#saddlemain", "uv": [ 4.0, 4.0, 4.5, 5.5 ], "autoUv": false, "windMode": [-1,-1,-1,-1], "windData": [1,1,1,1] },
																		"south": { "texture": "#saddlemain", "uv": [ 10.0, 11.0, 11.0, 12.5 ], "autoUv": false },
																		"west": { "texture": "#saddlemain", "uv": [ 6.0, 6.5, 6.5, 8.0 ], "autoUv": false, "windMode": [-1,-1,-1,-1], "windData": [1,1,1,1] },
																		"up": { "texture": "#saddlemain", "uv": [ 4.5, 5.5, 5.5, 6.0 ], "autoUv": false, "windMode": [-1,-1,-1,-1], "windData": [1,1,1,1] },
																		"down": { "texture": "#saddlemain", "uv": [ 9.0, 9.5, 10.0, 10.0 ], "autoUv": false, "windMode": [-1,-1,-1,-1], "windData": [1,1,1,1] }
																	}
																},
																{
																	"name": "RainExtra13",
																	"from": [ 1.6016, -0.8099, -0.0928 ],
																	"to": [ 2.5116, 0.5551, 0.3622 ],
																	"rotationOrigin": [ 2.3296, 0.4254, 0.0892 ],
																	"faces": {
																		"north": { "texture": "#saddlemain", "uv": [ 9.5, 7.0, 10.5, 8.5 ], "autoUv": false, "windMode": [-1,-1,-1,-1], "windData": [1,1,1,1] },
																		"east": { "texture": "#saddlemain", "uv": [ 4.0, 4.0, 4.5, 5.5 ], "autoUv": false, "windMode": [-1,-1,-1,-1], "windData": [1,1,1,1] },
																		"south": { "texture": "#saddlemain", "uv": [ 10.0, 11.0, 11.0, 12.5 ], "autoUv": false },
																		"west": { "texture": "#saddlemain", "uv": [ 6.0, 6.5, 6.5, 8.0 ], "autoUv": false, "windMode": [-1,-1,-1,-1], "windData": [1,1,1,1] },
																		"up": { "texture": "#saddlemain", "uv": [ 4.5, 5.5, 5.5, 6.0 ], "autoUv": false, "windMode": [-1,-1,-1,-1], "windData": [1,1,1,1] },
																		"down": { "texture": "#saddlemain", "uv": [ 9.0, 9.5, 10.0, 10.0 ], "autoUv": false, "windMode": [-1,-1,-1,-1], "windData": [1,1,1,1] }
																	}
																}
															]
														},
														{
															"name": "RainExtra10",
															"from": [ 0.2093, -0.819, -0.0928 ],
															"to": [ 1.1193, 0.546, 0.3622 ],
															"rotationOrigin": [ 0.2069, 0.4186, 0.0892 ],
															"faces": {
																"north": { "texture": "#saddlemain", "uv": [ 9.5, 7.0, 10.5, 8.5 ], "autoUv": false, "windMode": [-1,-1,-1,-1], "windData": [1,1,1,1] },
																"east": { "texture": "#saddlemain", "uv": [ 4.0, 4.0, 4.5, 5.5 ], "autoUv": false, "windMode": [-1,-1,-1,-1], "windData": [1,1,1,1] },
																"south": { "texture": "#saddlemain", "uv": [ 10.0, 11.0, 11.0, 12.5 ], "autoUv": false },
																"west": { "texture": "#saddlemain", "uv": [ 6.0, 6.5, 6.5, 8.0 ], "autoUv": false, "windMode": [-1,-1,-1,-1], "windData": [1,1,1,1] },
																"up": { "texture": "#saddlemain", "uv": [ 4.5, 5.5, 5.5, 6.0 ], "autoUv": false, "windMode": [-1,-1,-1,-1], "windData": [1,1,1,1] },
																"down": { "texture": "#saddlemain", "uv": [ 9.0, 9.5, 10.0, 10.0 ], "autoUv": false, "windMode": [-1,-1,-1,-1], "windData": [1,1,1,1] }
															}
														},
														{
															"name": "RainExtra11",
															"from": [ 1.5743, -0.819, -0.0928 ],
															"to": [ 2.4843, 0.546, 0.3622 ],
															"rotationOrigin": [ 1.5719, 0.4186, 0.0892 ],
															"rotationZ": 5.0,
															"faces": {
																"north": { "texture": "#saddlemain", "uv": [ 9.5, 7.0, 10.5, 8.5 ], "autoUv": false, "windMode": [-1,-1,-1,-1], "windData": [1,1,1,1] },
																"east": { "texture": "#saddlemain", "uv": [ 4.0, 4.0, 4.5, 5.5 ], "autoUv": false, "windMode": [-1,-1,-1,-1], "windData": [1,1,1,1] },
																"south": { "texture": "#saddlemain", "uv": [ 10.0, 11.0, 11.0, 12.5 ], "autoUv": false },
																"west": { "texture": "#saddlemain", "uv": [ 6.0, 6.5, 6.5, 8.0 ], "autoUv": false, "windMode": [-1,-1,-1,-1], "windData": [1,1,1,1] },
																"up": { "texture": "#saddlemain", "uv": [ 4.5, 5.5, 5.5, 6.0 ], "autoUv": false, "windMode": [-1,-1,-1,-1], "windData": [1,1,1,1] },
																"down": { "texture": "#saddlemain", "uv": [ 9.0, 9.5, 10.0, 10.0 ], "autoUv": false, "windMode": [-1,-1,-1,-1], "windData": [1,1,1,1] }
															}
														}
													]
												},
												{
													"name": "RainExtra5",
													"from": [ 0.6734, -0.819, -0.0919 ],
													"to": [ 1.5834, 0.546, 0.3631 ],
													"rotationOrigin": [ 0.6754, 0.5005, 0.0901 ],
													"rotationZ": -1.0,
													"faces": {
														"north": { "texture": "#saddlemain", "uv": [ 9.5, 7.0, 10.5, 8.5 ], "autoUv": false, "windMode": [-1,-1,-1,-1], "windData": [1,1,1,1] },
														"east": { "texture": "#saddlemain", "uv": [ 4.0, 4.0, 4.5, 5.5 ], "autoUv": false, "windMode": [-1,-1,-1,-1], "windData": [1,1,1,1] },
														"south": { "texture": "#saddlemain", "uv": [ 10.0, 11.0, 11.0, 12.5 ], "autoUv": false },
														"west": { "texture": "#saddlemain", "uv": [ 6.0, 6.5, 6.5, 8.0 ], "autoUv": false, "windMode": [-1,-1,-1,-1], "windData": [1,1,1,1] },
														"up": { "texture": "#saddlemain", "uv": [ 4.5, 5.5, 5.5, 6.0 ], "autoUv": false, "windMode": [-1,-1,-1,-1], "windData": [1,1,1,1] },
														"down": { "texture": "#saddlemain", "uv": [ 9.0, 9.5, 10.0, 10.0 ], "autoUv": false, "windMode": [-1,-1,-1,-1], "windData": [1,1,1,1] }
													}
												},
												{
													"name": "RainExtra8",
													"from": [ 2.0384, -0.819, -0.0919 ],
													"to": [ 2.9484, 0.546, 0.3631 ],
													"rotationOrigin": [ 2.0404, 0.5005, 0.0901 ],
													"faces": {
														"north": { "texture": "#saddlemain", "uv": [ 9.5, 7.0, 10.5, 8.5 ], "autoUv": false, "windMode": [-1,-1,-1,-1], "windData": [1,1,1,1] },
														"east": { "texture": "#saddlemain", "uv": [ 4.0, 4.0, 4.5, 5.5 ], "autoUv": false, "windMode": [-1,-1,-1,-1], "windData": [1,1,1,1] },
														"south": { "texture": "#saddlemain", "uv": [ 10.0, 11.0, 11.0, 12.5 ], "autoUv": false },
														"west": { "texture": "#saddlemain", "uv": [ 6.0, 6.5, 6.5, 8.0 ], "autoUv": false, "windMode": [-1,-1,-1,-1], "windData": [1,1,1,1] },
														"up": { "texture": "#saddlemain", "uv": [ 4.5, 5.5, 5.5, 6.0 ], "autoUv": false, "windMode": [-1,-1,-1,-1], "windData": [1,1,1,1] },
														"down": { "texture": "#saddlemain", "uv": [ 9.0, 9.5, 10.0, 10.0 ], "autoUv": false, "windMode": [-1,-1,-1,-1], "windData": [1,1,1,1] }
													}
												},
												{
													"name": "RainExtra9",
													"from": [ 3.4034, -0.819, -0.0919 ],
													"to": [ 4.3134, 0.546, 0.3631 ],
													"rotationOrigin": [ 3.4054, 0.5005, 0.0901 ],
													"faces": {
														"north": { "texture": "#saddlemain", "uv": [ 9.5, 7.0, 10.5, 8.5 ], "autoUv": false, "windMode": [-1,-1,-1,-1], "windData": [1,1,1,1] },
														"east": { "texture": "#saddlemain", "uv": [ 4.0, 4.0, 4.5, 5.5 ], "autoUv": false, "windMode": [-1,-1,-1,-1], "windData": [1,1,1,1] },
														"south": { "texture": "#saddlemain", "uv": [ 10.0, 11.0, 11.0, 12.5 ], "autoUv": false },
														"west": { "texture": "#saddlemain", "uv": [ 6.0, 6.5, 6.5, 8.0 ], "autoUv": false, "windMode": [-1,-1,-1,-1], "windData": [1,1,1,1] },
														"up": { "texture": "#saddlemain", "uv": [ 4.5, 5.5, 5.5, 6.0 ], "autoUv": false, "windMode": [-1,-1,-1,-1], "windData": [1,1,1,1] },
														"down": { "texture": "#saddlemain", "uv": [ 9.0, 9.5, 10.0, 10.0 ], "autoUv": false, "windMode": [-1,-1,-1,-1], "windData": [1,1,1,1] }
													}
												}
											]
										},
										{
											"name": "ReinsN9",
											"from": [ 0.0, 0.0, 0.4559 ],
											"to": [ 1.82, 0.455, 0.7289 ],
											"rotationOrigin": [ 0.0, 0.0, 0.364 ],
											"rotationY": 180.0,
											"rotationZ": 35.0,
											"faces": {
												"north": { "texture": "#bridlemain", "uv": [ 7.5, 7.5, 9.5, 8.0 ], "autoUv": false },
												"east": { "texture": "#bridlemain", "uv": [ 4.0, 3.5, 4.5, 4.0 ], "autoUv": false },
												"south": { "texture": "#bridlemain", "uv": [ 8.5, 6.0, 10.5, 6.5 ], "autoUv": false },
												"west": { "texture": "#bridlemain", "uv": [ 5.5, 7.0, 6.0, 7.5 ], "autoUv": false },
												"up": { "texture": "#bridlemain", "uv": [ 4.5, 4.5, 6.5, 5.0 ], "autoUv": false },
												"down": { "texture": "#bridlemain", "uv": [ 5.0, 7.0, 7.0, 7.5 ], "autoUv": false }
											},
											"children": [
												{
													"name": "RainExtra6",
													"from": [ 0.546, -0.728, -0.091 ],
													"to": [ 1.456, 0.637, 0.364 ],
													"rotationOrigin": [ 0.546, 0.637, 0.0901 ],
													"rotationZ": -10.0,
													"faces": {
														"north": { "texture": "#saddlemain", "uv": [ 9.5, 7.0, 10.5, 8.5 ], "autoUv": false, "windMode": [-1,-1,-1,-1], "windData": [1,1,1,1] },
														"east": { "texture": "#saddlemain", "uv": [ 4.0, 4.0, 4.5, 5.5 ], "autoUv": false, "windMode": [-1,-1,-1,-1], "windData": [1,1,1,1] },
														"south": { "texture": "#saddlemain", "uv": [ 10.0, 11.0, 11.0, 12.5 ], "autoUv": false },
														"west": { "texture": "#saddlemain", "uv": [ 6.0, 6.5, 6.5, 8.0 ], "autoUv": false, "windMode": [-1,-1,-1,-1], "windData": [1,1,1,1] },
														"up": { "texture": "#saddlemain", "uv": [ 4.5, 5.5, 5.5, 6.0 ], "autoUv": false, "windMode": [-1,-1,-1,-1], "windData": [1,1,1,1] },
														"down": { "texture": "#saddlemain", "uv": [ 9.0, 9.5, 10.0, 10.0 ], "autoUv": false, "windMode": [-1,-1,-1,-1], "windData": [1,1,1,1] }
													}
												}
											]
										},
										{
											"name": "RainExtra",
											"from": [ 0.182, -0.819, -0.091 ],
											"to": [ 1.092, 0.546, 0.364 ],
											"rotationOrigin": [ 0.182, 0.546, 0.091 ],
											"rotationZ": -4.0,
											"faces": {
												"north": { "texture": "#saddlemain", "uv": [ 9.5, 7.0, 10.5, 8.5 ], "autoUv": false, "windMode": [-1,-1,-1,-1], "windData": [1,1,1,1] },
												"east": { "texture": "#saddlemain", "uv": [ 4.0, 4.0, 4.5, 5.5 ], "autoUv": false, "windMode": [-1,-1,-1,-1], "windData": [1,1,1,1] },
												"south": { "texture": "#saddlemain", "uv": [ 10.0, 11.0, 11.0, 12.5 ], "autoUv": false },
												"west": { "texture": "#saddlemain", "uv": [ 6.0, 6.5, 6.5, 8.0 ], "autoUv": false, "windMode": [-1,-1,-1,-1], "windData": [1,1,1,1] },
												"up": { "texture": "#saddlemain", "uv": [ 4.5, 5.5, 5.5, 6.0 ], "autoUv": false, "windMode": [-1,-1,-1,-1], "windData": [1,1,1,1] },
												"down": { "texture": "#saddlemain", "uv": [ 9.0, 9.5, 10.0, 10.0 ], "autoUv": false, "windMode": [-1,-1,-1,-1], "windData": [1,1,1,1] }
											}
										},
										{
											"name": "RainExtra2",
											"from": [ 1.547, -0.819, -0.091 ],
											"to": [ 2.457, 0.546, 0.364 ],
											"rotationOrigin": [ 1.547, 0.546, 0.091 ],
											"faces": {
												"north": { "texture": "#saddlemain", "uv": [ 9.5, 7.0, 10.5, 8.5 ], "autoUv": false, "windMode": [-1,-1,-1,-1], "windData": [1,1,1,1] },
												"east": { "texture": "#saddlemain", "uv": [ 4.0, 4.0, 4.5, 5.5 ], "autoUv": false, "windMode": [-1,-1,-1,-1], "windData": [1,1,1,1] },
												"south": { "texture": "#saddlemain", "uv": [ 10.0, 11.0, 11.0, 12.5 ], "autoUv": false },
												"west": { "texture": "#saddlemain", "uv": [ 6.0, 6.5, 6.5, 8.0 ], "autoUv": false, "windMode": [-1,-1,-1,-1], "windData": [1,1,1,1] },
												"up": { "texture": "#saddlemain", "uv": [ 4.5, 5.5, 5.5, 6.0 ], "autoUv": false, "windMode": [-1,-1,-1,-1], "windData": [1,1,1,1] },
												"down": { "texture": "#saddlemain", "uv": [ 9.0, 9.5, 10.0, 10.0 ], "autoUv": false, "windMode": [-1,-1,-1,-1], "windData": [1,1,1,1] }
											}
										},
										{
											"name": "RainExtra3",
											"from": [ 2.912, -0.819, -0.091 ],
											"to": [ 3.822, 0.546, 0.364 ],
											"rotationOrigin": [ 2.912, 0.546, 0.091 ],
											"faces": {
												"north": { "texture": "#saddlemain", "uv": [ 9.5, 7.0, 10.5, 8.5 ], "autoUv": false, "windMode": [-1,-1,-1,-1], "windData": [1,1,1,1] },
												"east": { "texture": "#saddlemain", "uv": [ 4.0, 4.0, 4.5, 5.5 ], "autoUv": false, "windMode": [-1,-1,-1,-1], "windData": [1,1,1,1] },
												"south": { "texture": "#saddlemain", "uv": [ 10.0, 11.0, 11.0, 12.5 ], "autoUv": false },
												"west": { "texture": "#saddlemain", "uv": [ 6.0, 6.5, 6.5, 8.0 ], "autoUv": false, "windMode": [-1,-1,-1,-1], "windData": [1,1,1,1] },
												"up": { "texture": "#saddlemain", "uv": [ 4.5, 5.5, 5.5, 6.0 ], "autoUv": false, "windMode": [-1,-1,-1,-1], "windData": [1,1,1,1] },
												"down": { "texture": "#saddlemain", "uv": [ 9.0, 9.5, 10.0, 10.0 ], "autoUv": false, "windMode": [-1,-1,-1,-1], "windData": [1,1,1,1] }
											}
										},
										{
											"name": "RainExtra4",
											"from": [ 4.277, -0.819, -0.091 ],
											"to": [ 5.187, 0.546, 0.364 ],
											"rotationOrigin": [ 4.277, 0.546, 0.091 ],
											"faces": {
												"north": { "texture": "#saddlemain", "uv": [ 9.5, 7.0, 10.5, 8.5 ], "autoUv": false, "windMode": [-1,-1,-1,-1], "windData": [1,1,1,1] },
												"east": { "texture": "#saddlemain", "uv": [ 4.0, 4.0, 4.5, 5.5 ], "autoUv": false, "windMode": [-1,-1,-1,-1], "windData": [1,1,1,1] },
												"south": { "texture": "#saddlemain", "uv": [ 10.0, 11.0, 11.0, 12.5 ], "autoUv": false },
												"west": { "texture": "#saddlemain", "uv": [ 6.0, 6.5, 6.5, 8.0 ], "autoUv": false, "windMode": [-1,-1,-1,-1], "windData": [1,1,1,1] },
												"up": { "texture": "#saddlemain", "uv": [ 4.5, 5.5, 5.5, 6.0 ], "autoUv": false, "windMode": [-1,-1,-1,-1], "windData": [1,1,1,1] },
												"down": { "texture": "#saddlemain", "uv": [ 9.0, 9.5, 10.0, 10.0 ], "autoUv": false, "windMode": [-1,-1,-1,-1], "windData": [1,1,1,1] }
											}
										},
										{
											"name": "RainExtra7",
											"from": [ 5.642, -0.819, -0.091 ],
											"to": [ 6.552, 0.546, 0.364 ],
											"rotationOrigin": [ 5.642, 0.546, 0.091 ],
											"rotationZ": 4.0,
											"faces": {
												"north": { "texture": "#saddlemain", "uv": [ 9.5, 7.0, 10.5, 8.5 ], "autoUv": false, "windMode": [-1,-1,-1,-1], "windData": [1,1,1,1] },
												"east": { "texture": "#saddlemain", "uv": [ 4.0, 4.0, 4.5, 5.5 ], "autoUv": false, "windMode": [-1,-1,-1,-1], "windData": [1,1,1,1] },
												"south": { "texture": "#saddlemain", "uv": [ 10.0, 11.0, 11.0, 12.5 ], "autoUv": false },
												"west": { "texture": "#saddlemain", "uv": [ 6.0, 6.5, 6.5, 8.0 ], "autoUv": false, "windMode": [-1,-1,-1,-1], "windData": [1,1,1,1] },
												"up": { "texture": "#saddlemain", "uv": [ 4.5, 5.5, 5.5, 6.0 ], "autoUv": false, "windMode": [-1,-1,-1,-1], "windData": [1,1,1,1] },
												"down": { "texture": "#saddlemain", "uv": [ 9.0, 9.5, 10.0, 10.0 ], "autoUv": false, "windMode": [-1,-1,-1,-1], "windData": [1,1,1,1] }
											}
										}
									]
								},
								{
									"name": "Noseband28",
									"from": [ -1.6198, -1.3559, 0.5096 ],
									"to": [ -1.3013, -1.0465, 4.0859 ],
									"rotationOrigin": [ -1.6756, -1.4393, 0.5096 ],
									"rotationZ": 69.0,
									"faces": {
										"north": { "texture": "#bridlemain", "uv": [ 0.0, 0.0, 0.25, 0.25 ], "autoUv": false, "windMode": [-1,-1,-1,-1], "windData": [1,1,1,1] },
										"east": { "texture": "#bridlemain", "uv": [ 0.0, 0.0, 3.75, 0.25 ], "autoUv": false, "windMode": [-1,-1,-1,-1], "windData": [1,1,1,1] },
										"south": { "texture": "#bridlemain", "uv": [ 0.0, 0.0, 0.25, 0.25 ], "autoUv": false },
										"west": { "texture": "#bridlemain", "uv": [ 0.0, 0.0, 3.75, 0.25 ], "autoUv": false, "windMode": [-1,-1,-1,-1], "windData": [1,1,1,1] },
										"up": { "texture": "#bridlemain", "uv": [ 0.0, 0.0, 0.25, 3.75 ], "autoUv": false, "windMode": [-1,-1,-1,-1], "windData": [1,1,1,1] },
										"down": { "texture": "#bridlemain", "uv": [ 0.0, 0.0, 0.25, 3.75 ], "autoUv": false, "windMode": [-1,-1,-1,-1], "windData": [1,1,1,1] }
									}
								},
								{
									"name": "ReinsN11",
									"from": [ -0.091, -1.8655, 0.5005 ],
									"to": [ 6.279, -1.4105, 0.7735 ],
									"rotationOrigin": [ -0.091, -1.8655, 0.8008 ],
									"rotationX": -8.0,
									"rotationY": 5.0,
									"rotationZ": 20.0,
									"faces": {
										"north": { "texture": "#bridlemain", "uv": [ 3.5, 8.0, 10.5, 8.5 ], "autoUv": false },
										"east": { "texture": "#bridlemain", "uv": [ 7.0, 3.5, 7.5, 4.0 ], "autoUv": false },
										"south": { "texture": "#bridlemain", "uv": [ 2.5, 5.0, 9.5, 5.5 ], "autoUv": false },
										"west": { "texture": "#bridlemain", "uv": [ 5.5, 7.0, 6.0, 7.5 ], "autoUv": false },
										"up": { "texture": "#bridlemain", "uv": [ 2.0, 4.5, 9.0, 5.0 ], "autoUv": false },
										"down": { "texture": "#bridlemain", "uv": [ 4.0, 5.5, 11.0, 6.0 ], "autoUv": false }
									},
									"children": [
										{
											"name": "ReinsN12",
											"from": [ 6.37, 0.0, 9.0E-4 ],
											"to": [ 10.92, 0.455, 0.2739 ],
											"rotationOrigin": [ 6.37, 0.0, 0.3003 ],
											"rotationZ": 12.0,
											"faces": {
												"north": { "texture": "#bridlemain", "uv": [ 8.5, 7.0, 13.5, 7.5 ], "autoUv": false },
												"east": { "texture": "#bridlemain", "uv": [ 4.0, 3.5, 4.5, 4.0 ], "autoUv": false },
												"south": { "texture": "#bridlemain", "uv": [ 8.0, 7.5, 13.0, 8.0 ], "autoUv": false },
												"west": { "texture": "#bridlemain", "uv": [ 5.5, 7.0, 6.0, 7.5 ], "autoUv": false },
												"up": { "texture": "#bridlemain", "uv": [ 6.5, 5.5, 11.5, 6.0 ], "autoUv": false },
												"down": { "texture": "#bridlemain", "uv": [ 6.0, 5.5, 11.0, 6.0 ], "autoUv": false }
											},
											"children": [
												{
													"name": "ReinsN13",
													"from": [ 4.55, 0.0, 9.0E-4 ],
													"to": [ 7.28, 0.455, 0.2739 ],
													"rotationOrigin": [ 4.55, 0.0, 0.3003 ],
													"rotationZ": 15.0,
													"faces": {
														"north": { "texture": "#bridlemain", "uv": [ 8.0, 7.0, 11.0, 7.5 ], "autoUv": false },
														"east": { "texture": "#bridlemain", "uv": [ 6.0, 4.5, 6.5, 5.0 ], "autoUv": false },
														"south": { "texture": "#bridlemain", "uv": [ 5.0, 5.0, 8.0, 5.5 ], "autoUv": false },
														"west": { "texture": "#bridlemain", "uv": [ 5.5, 7.0, 6.0, 7.5 ], "autoUv": false },
														"up": { "texture": "#bridlemain", "uv": [ 6.0, 5.5, 9.0, 6.0 ], "autoUv": false },
														"down": { "texture": "#bridlemain", "uv": [ 5.0, 5.0, 8.0, 5.5 ], "autoUv": false }
													},
													"children": [
														{
															"name": "ReinsN14",
															"from": [ 2.73, 0.0, 0.0 ],
															"to": [ 5.46, 0.455, 0.273 ],
															"rotationOrigin": [ 2.73, 0.0, 0.3003 ],
															"rotationZ": 20.0,
															"faces": {
																"north": { "texture": "#bridlemain", "uv": [ 6.5, 8.0, 9.5, 8.5 ], "autoUv": false },
																"east": { "texture": "#bridlemain", "uv": [ 8.5, 5.0, 9.0, 5.5 ], "autoUv": false },
																"south": { "texture": "#bridlemain", "uv": [ 8.5, 7.0, 11.5, 7.5 ], "autoUv": false },
																"west": { "texture": "#bridlemain", "uv": [ 6.0, 7.0, 6.5, 7.5 ], "autoUv": false },
																"up": { "texture": "#bridlemain", "uv": [ 4.0, 8.0, 7.0, 8.5 ], "autoUv": false },
																"down": { "texture": "#bridlemain", "uv": [ 4.5, 6.0, 7.5, 6.5 ], "autoUv": false }
															},
															"children": [
																{
																	"name": "RainExtra14",
																	"from": [ 0.2366, -0.8099, -0.0928 ],
																	"to": [ 1.1466, 0.5551, 0.3622 ],
																	"rotationOrigin": [ 0.9646, 0.4254, 0.0892 ],
																	"faces": {
																		"north": { "texture": "#saddlemain", "uv": [ 9.5, 7.0, 10.5, 8.5 ], "autoUv": false, "windMode": [-1,-1,-1,-1], "windData": [1,1,1,1] },
																		"east": { "texture": "#saddlemain", "uv": [ 4.0, 4.0, 4.5, 5.5 ], "autoUv": false, "windMode": [-1,-1,-1,-1], "windData": [1,1,1,1] },
																		"south": { "texture": "#saddlemain", "uv": [ 10.0, 11.0, 11.0, 12.5 ], "autoUv": false },
																		"west": { "texture": "#saddlemain", "uv": [ 6.0, 6.5, 6.5, 8.0 ], "autoUv": false, "windMode": [-1,-1,-1,-1], "windData": [1,1,1,1] },
																		"up": { "texture": "#saddlemain", "uv": [ 4.5, 5.5, 5.5, 6.0 ], "autoUv": false, "windMode": [-1,-1,-1,-1], "windData": [1,1,1,1] },
																		"down": { "texture": "#saddlemain", "uv": [ 9.0, 9.5, 10.0, 10.0 ], "autoUv": false, "windMode": [-1,-1,-1,-1], "windData": [1,1,1,1] }
																	}
																},
																{
																	"name": "RainExtra15",
																	"from": [ 1.6016, -0.8099, -0.0928 ],
																	"to": [ 2.5116, 0.5551, 0.3622 ],
																	"rotationOrigin": [ 2.3296, 0.4254, 0.0892 ],
																	"faces": {
																		"north": { "texture": "#saddlemain", "uv": [ 9.5, 7.0, 10.5, 8.5 ], "autoUv": false, "windMode": [-1,-1,-1,-1], "windData": [1,1,1,1] },
																		"east": { "texture": "#saddlemain", "uv": [ 4.0, 4.0, 4.5, 5.5 ], "autoUv": false, "windMode": [-1,-1,-1,-1], "windData": [1,1,1,1] },
																		"south": { "texture": "#saddlemain", "uv": [ 10.0, 11.0, 11.0, 12.5 ], "autoUv": false },
																		"west": { "texture": "#saddlemain", "uv": [ 6.0, 6.5, 6.5, 8.0 ], "autoUv": false, "windMode": [-1,-1,-1,-1], "windData": [1,1,1,1] },
																		"up": { "texture": "#saddlemain", "uv": [ 4.5, 5.5, 5.5, 6.0 ], "autoUv": false, "windMode": [-1,-1,-1,-1], "windData": [1,1,1,1] },
																		"down": { "texture": "#saddlemain", "uv": [ 9.0, 9.5, 10.0, 10.0 ], "autoUv": false, "windMode": [-1,-1,-1,-1], "windData": [1,1,1,1] }
																	}
																}
															]
														},
														{
															"name": "RainExtra16",
															"from": [ 0.2093, -0.819, -0.0928 ],
															"to": [ 1.1193, 0.546, 0.3622 ],
															"rotationOrigin": [ 0.2069, 0.4186, 0.0892 ],
															"faces": {
																"north": { "texture": "#saddlemain", "uv": [ 9.5, 7.0, 10.5, 8.5 ], "autoUv": false, "windMode": [-1,-1,-1,-1], "windData": [1,1,1,1] },
																"east": { "texture": "#saddlemain", "uv": [ 4.0, 4.0, 4.5, 5.5 ], "autoUv": false, "windMode": [-1,-1,-1,-1], "windData": [1,1,1,1] },
																"south": { "texture": "#saddlemain", "uv": [ 10.0, 11.0, 11.0, 12.5 ], "autoUv": false },
																"west": { "texture": "#saddlemain", "uv": [ 6.0, 6.5, 6.5, 8.0 ], "autoUv": false, "windMode": [-1,-1,-1,-1], "windData": [1,1,1,1] },
																"up": { "texture": "#saddlemain", "uv": [ 4.5, 5.5, 5.5, 6.0 ], "autoUv": false, "windMode": [-1,-1,-1,-1], "windData": [1,1,1,1] },
																"down": { "texture": "#saddlemain", "uv": [ 9.0, 9.5, 10.0, 10.0 ], "autoUv": false, "windMode": [-1,-1,-1,-1], "windData": [1,1,1,1] }
															}
														},
														{
															"name": "RainExtra17",
															"from": [ 1.5743, -0.819, -0.0928 ],
															"to": [ 2.4843, 0.546, 0.3622 ],
															"rotationOrigin": [ 1.5719, 0.4186, 0.0892 ],
															"rotationZ": 5.0,
															"faces": {
																"north": { "texture": "#saddlemain", "uv": [ 9.5, 7.0, 10.5, 8.5 ], "autoUv": false, "windMode": [-1,-1,-1,-1], "windData": [1,1,1,1] },
																"east": { "texture": "#saddlemain", "uv": [ 4.0, 4.0, 4.5, 5.5 ], "autoUv": false, "windMode": [-1,-1,-1,-1], "windData": [1,1,1,1] },
																"south": { "texture": "#saddlemain", "uv": [ 10.0, 11.0, 11.0, 12.5 ], "autoUv": false },
																"west": { "texture": "#saddlemain", "uv": [ 6.0, 6.5, 6.5, 8.0 ], "autoUv": false, "windMode": [-1,-1,-1,-1], "windData": [1,1,1,1] },
																"up": { "texture": "#saddlemain", "uv": [ 4.5, 5.5, 5.5, 6.0 ], "autoUv": false, "windMode": [-1,-1,-1,-1], "windData": [1,1,1,1] },
																"down": { "texture": "#saddlemain", "uv": [ 9.0, 9.5, 10.0, 10.0 ], "autoUv": false, "windMode": [-1,-1,-1,-1], "windData": [1,1,1,1] }
															}
														}
													]
												},
												{
													"name": "RainExtra18",
													"from": [ 0.6734, -0.819, -0.0919 ],
													"to": [ 1.5834, 0.546, 0.3631 ],
													"rotationOrigin": [ 0.6754, 0.5005, 0.0901 ],
													"rotationZ": -1.0,
													"faces": {
														"north": { "texture": "#saddlemain", "uv": [ 9.5, 7.0, 10.5, 8.5 ], "autoUv": false, "windMode": [-1,-1,-1,-1], "windData": [1,1,1,1] },
														"east": { "texture": "#saddlemain", "uv": [ 4.0, 4.0, 4.5, 5.5 ], "autoUv": false, "windMode": [-1,-1,-1,-1], "windData": [1,1,1,1] },
														"south": { "texture": "#saddlemain", "uv": [ 10.0, 11.0, 11.0, 12.5 ], "autoUv": false },
														"west": { "texture": "#saddlemain", "uv": [ 6.0, 6.5, 6.5, 8.0 ], "autoUv": false, "windMode": [-1,-1,-1,-1], "windData": [1,1,1,1] },
														"up": { "texture": "#saddlemain", "uv": [ 4.5, 5.5, 5.5, 6.0 ], "autoUv": false, "windMode": [-1,-1,-1,-1], "windData": [1,1,1,1] },
														"down": { "texture": "#saddlemain", "uv": [ 9.0, 9.5, 10.0, 10.0 ], "autoUv": false, "windMode": [-1,-1,-1,-1], "windData": [1,1,1,1] }
													}
												},
												{
													"name": "RainExtra19",
													"from": [ 2.0384, -0.819, -0.0919 ],
													"to": [ 2.9484, 0.546, 0.3631 ],
													"rotationOrigin": [ 2.0404, 0.5005, 0.0901 ],
													"faces": {
														"north": { "texture": "#saddlemain", "uv": [ 9.5, 7.0, 10.5, 8.5 ], "autoUv": false, "windMode": [-1,-1,-1,-1], "windData": [1,1,1,1] },
														"east": { "texture": "#saddlemain", "uv": [ 4.0, 4.0, 4.5, 5.5 ], "autoUv": false, "windMode": [-1,-1,-1,-1], "windData": [1,1,1,1] },
														"south": { "texture": "#saddlemain", "uv": [ 10.0, 11.0, 11.0, 12.5 ], "autoUv": false },
														"west": { "texture": "#saddlemain", "uv": [ 6.0, 6.5, 6.5, 8.0 ], "autoUv": false, "windMode": [-1,-1,-1,-1], "windData": [1,1,1,1] },
														"up": { "texture": "#saddlemain", "uv": [ 4.5, 5.5, 5.5, 6.0 ], "autoUv": false, "windMode": [-1,-1,-1,-1], "windData": [1,1,1,1] },
														"down": { "texture": "#saddlemain", "uv": [ 9.0, 9.5, 10.0, 10.0 ], "autoUv": false, "windMode": [-1,-1,-1,-1], "windData": [1,1,1,1] }
													}
												},
												{
													"name": "RainExtra20",
													"from": [ 3.4034, -0.819, -0.0919 ],
													"to": [ 4.3134, 0.546, 0.3631 ],
													"rotationOrigin": [ 3.4054, 0.5005, 0.0901 ],
													"faces": {
														"north": { "texture": "#saddlemain", "uv": [ 9.5, 7.0, 10.5, 8.5 ], "autoUv": false, "windMode": [-1,-1,-1,-1], "windData": [1,1,1,1] },
														"east": { "texture": "#saddlemain", "uv": [ 4.0, 4.0, 4.5, 5.5 ], "autoUv": false, "windMode": [-1,-1,-1,-1], "windData": [1,1,1,1] },
														"south": { "texture": "#saddlemain", "uv": [ 10.0, 11.0, 11.0, 12.5 ], "autoUv": false },
														"west": { "texture": "#saddlemain", "uv": [ 6.0, 6.5, 6.5, 8.0 ], "autoUv": false, "windMode": [-1,-1,-1,-1], "windData": [1,1,1,1] },
														"up": { "texture": "#saddlemain", "uv": [ 4.5, 5.5, 5.5, 6.0 ], "autoUv": false, "windMode": [-1,-1,-1,-1], "windData": [1,1,1,1] },
														"down": { "texture": "#saddlemain", "uv": [ 9.0, 9.5, 10.0, 10.0 ], "autoUv": false, "windMode": [-1,-1,-1,-1], "windData": [1,1,1,1] }
													}
												}
											]
										},
										{
											"name": "ReinsN15",
											"from": [ 0.0, 0.0, 0.455 ],
											"to": [ 1.82, 0.455, 0.728 ],
											"rotationOrigin": [ 0.0, 0.0, 0.364 ],
											"rotationY": 180.0,
											"rotationZ": 35.0,
											"faces": {
												"north": { "texture": "#bridlemain", "uv": [ 7.5, 7.5, 9.5, 8.0 ], "autoUv": false },
												"east": { "texture": "#bridlemain", "uv": [ 4.0, 3.5, 4.5, 4.0 ], "autoUv": false },
												"south": { "texture": "#bridlemain", "uv": [ 8.5, 6.0, 10.5, 6.5 ], "autoUv": false },
												"west": { "texture": "#bridlemain", "uv": [ 5.5, 7.0, 6.0, 7.5 ], "autoUv": false },
												"up": { "texture": "#bridlemain", "uv": [ 4.5, 4.5, 6.5, 5.0 ], "autoUv": false },
												"down": { "texture": "#bridlemain", "uv": [ 5.0, 7.0, 7.0, 7.5 ], "autoUv": false }
											},
											"children": [
												{
													"name": "RainExtra21",
													"from": [ 0.546, -0.728, -0.091 ],
													"to": [ 1.456, 0.637, 0.364 ],
													"rotationOrigin": [ 0.546, 0.637, 0.0901 ],
													"rotationZ": -10.0,
													"faces": {
														"north": { "texture": "#saddlemain", "uv": [ 9.5, 7.0, 10.5, 8.5 ], "autoUv": false, "windMode": [-1,-1,-1,-1], "windData": [1,1,1,1] },
														"east": { "texture": "#saddlemain", "uv": [ 4.0, 4.0, 4.5, 5.5 ], "autoUv": false, "windMode": [-1,-1,-1,-1], "windData": [1,1,1,1] },
														"south": { "texture": "#saddlemain", "uv": [ 10.0, 11.0, 11.0, 12.5 ], "autoUv": false },
														"west": { "texture": "#saddlemain", "uv": [ 6.0, 6.5, 6.5, 8.0 ], "autoUv": false, "windMode": [-1,-1,-1,-1], "windData": [1,1,1,1] },
														"up": { "texture": "#saddlemain", "uv": [ 4.5, 5.5, 5.5, 6.0 ], "autoUv": false, "windMode": [-1,-1,-1,-1], "windData": [1,1,1,1] },
														"down": { "texture": "#saddlemain", "uv": [ 9.0, 9.5, 10.0, 10.0 ], "autoUv": false, "windMode": [-1,-1,-1,-1], "windData": [1,1,1,1] }
													}
												}
											]
										},
										{
											"name": "RainExtra22",
											"from": [ 0.182, -0.819, -0.091 ],
											"to": [ 1.092, 0.546, 0.364 ],
											"rotationOrigin": [ 0.182, 0.546, 0.091 ],
											"rotationZ": -4.0,
											"faces": {
												"north": { "texture": "#saddlemain", "uv": [ 9.5, 7.0, 10.5, 8.5 ], "autoUv": false, "windMode": [-1,-1,-1,-1], "windData": [1,1,1,1] },
												"east": { "texture": "#saddlemain", "uv": [ 4.0, 4.0, 4.5, 5.5 ], "autoUv": false, "windMode": [-1,-1,-1,-1], "windData": [1,1,1,1] },
												"south": { "texture": "#saddlemain", "uv": [ 10.0, 11.0, 11.0, 12.5 ], "autoUv": false },
												"west": { "texture": "#saddlemain", "uv": [ 6.0, 6.5, 6.5, 8.0 ], "autoUv": false, "windMode": [-1,-1,-1,-1], "windData": [1,1,1,1] },
												"up": { "texture": "#saddlemain", "uv": [ 4.5, 5.5, 5.5, 6.0 ], "autoUv": false, "windMode": [-1,-1,-1,-1], "windData": [1,1,1,1] },
												"down": { "texture": "#saddlemain", "uv": [ 9.0, 9.5, 10.0, 10.0 ], "autoUv": false, "windMode": [-1,-1,-1,-1], "windData": [1,1,1,1] }
											}
										},
										{
											"name": "RainExtra23",
											"from": [ 1.547, -0.819, -0.091 ],
											"to": [ 2.457, 0.546, 0.364 ],
											"rotationOrigin": [ 1.547, 0.546, 0.091 ],
											"faces": {
												"north": { "texture": "#saddlemain", "uv": [ 9.5, 7.0, 10.5, 8.5 ], "autoUv": false, "windMode": [-1,-1,-1,-1], "windData": [1,1,1,1] },
												"east": { "texture": "#saddlemain", "uv": [ 4.0, 4.0, 4.5, 5.5 ], "autoUv": false, "windMode": [-1,-1,-1,-1], "windData": [1,1,1,1] },
												"south": { "texture": "#saddlemain", "uv": [ 10.0, 11.0, 11.0, 12.5 ], "autoUv": false },
												"west": { "texture": "#saddlemain", "uv": [ 6.0, 6.5, 6.5, 8.0 ], "autoUv": false, "windMode": [-1,-1,-1,-1], "windData": [1,1,1,1] },
												"up": { "texture": "#saddlemain", "uv": [ 4.5, 5.5, 5.5, 6.0 ], "autoUv": false, "windMode": [-1,-1,-1,-1], "windData": [1,1,1,1] },
												"down": { "texture": "#saddlemain", "uv": [ 9.0, 9.5, 10.0, 10.0 ], "autoUv": false, "windMode": [-1,-1,-1,-1], "windData": [1,1,1,1] }
											}
										},
										{
											"name": "RainExtra24",
											"from": [ 2.912, -0.819, -0.091 ],
											"to": [ 3.822, 0.546, 0.364 ],
											"rotationOrigin": [ 2.912, 0.546, 0.091 ],
											"faces": {
												"north": { "texture": "#saddlemain", "uv": [ 9.5, 7.0, 10.5, 8.5 ], "autoUv": false, "windMode": [-1,-1,-1,-1], "windData": [1,1,1,1] },
												"east": { "texture": "#saddlemain", "uv": [ 4.0, 4.0, 4.5, 5.5 ], "autoUv": false, "windMode": [-1,-1,-1,-1], "windData": [1,1,1,1] },
												"south": { "texture": "#saddlemain", "uv": [ 10.0, 11.0, 11.0, 12.5 ], "autoUv": false },
												"west": { "texture": "#saddlemain", "uv": [ 6.0, 6.5, 6.5, 8.0 ], "autoUv": false, "windMode": [-1,-1,-1,-1], "windData": [1,1,1,1] },
												"up": { "texture": "#saddlemain", "uv": [ 4.5, 5.5, 5.5, 6.0 ], "autoUv": false, "windMode": [-1,-1,-1,-1], "windData": [1,1,1,1] },
												"down": { "texture": "#saddlemain", "uv": [ 9.0, 9.5, 10.0, 10.0 ], "autoUv": false, "windMode": [-1,-1,-1,-1], "windData": [1,1,1,1] }
											}
										},
										{
											"name": "RainExtra25",
											"from": [ 4.277, -0.819, -0.091 ],
											"to": [ 5.187, 0.546, 0.364 ],
											"rotationOrigin": [ 4.277, 0.546, 0.091 ],
											"faces": {
												"north": { "texture": "#saddlemain", "uv": [ 9.5, 7.0, 10.5, 8.5 ], "autoUv": false, "windMode": [-1,-1,-1,-1], "windData": [1,1,1,1] },
												"east": { "texture": "#saddlemain", "uv": [ 4.0, 4.0, 4.5, 5.5 ], "autoUv": false, "windMode": [-1,-1,-1,-1], "windData": [1,1,1,1] },
												"south": { "texture": "#saddlemain", "uv": [ 10.0, 11.0, 11.0, 12.5 ], "autoUv": false },
												"west": { "texture": "#saddlemain", "uv": [ 6.0, 6.5, 6.5, 8.0 ], "autoUv": false, "windMode": [-1,-1,-1,-1], "windData": [1,1,1,1] },
												"up": { "texture": "#saddlemain", "uv": [ 4.5, 5.5, 5.5, 6.0 ], "autoUv": false, "windMode": [-1,-1,-1,-1], "windData": [1,1,1,1] },
												"down": { "texture": "#saddlemain", "uv": [ 9.0, 9.5, 10.0, 10.0 ], "autoUv": false, "windMode": [-1,-1,-1,-1], "windData": [1,1,1,1] }
											}
										},
										{
											"name": "RainExtra26",
											"from": [ 5.642, -0.819, -0.091 ],
											"to": [ 6.552, 0.546, 0.364 ],
											"rotationOrigin": [ 5.642, 0.546, 0.091 ],
											"rotationZ": 4.0,
											"faces": {
												"north": { "texture": "#saddlemain", "uv": [ 9.5, 7.0, 10.5, 8.5 ], "autoUv": false, "windMode": [-1,-1,-1,-1], "windData": [1,1,1,1] },
												"east": { "texture": "#saddlemain", "uv": [ 4.0, 4.0, 4.5, 5.5 ], "autoUv": false, "windMode": [-1,-1,-1,-1], "windData": [1,1,1,1] },
												"south": { "texture": "#saddlemain", "uv": [ 10.0, 11.0, 11.0, 12.5 ], "autoUv": false },
												"west": { "texture": "#saddlemain", "uv": [ 6.0, 6.5, 6.5, 8.0 ], "autoUv": false, "windMode": [-1,-1,-1,-1], "windData": [1,1,1,1] },
												"up": { "texture": "#saddlemain", "uv": [ 4.5, 5.5, 5.5, 6.0 ], "autoUv": false, "windMode": [-1,-1,-1,-1], "windData": [1,1,1,1] },
												"down": { "texture": "#saddlemain", "uv": [ 9.0, 9.5, 10.0, 10.0 ], "autoUv": false, "windMode": [-1,-1,-1,-1], "windData": [1,1,1,1] }
											}
										}
									]
								}
							]
						}
					]
				},
				{
					"name": "Noseband5",
					"from": [ -4.914, -2.2932, -1.8018 ],
					"to": [ -2.2386, -1.8018, 1.6835 ],
					"rotationOrigin": [ -4.9154, -2.2925, -1.8018 ],
					"rotationZ": -31.0,
					"faces": {
						"north": { "texture": "#bridlemain", "uv": [ 0.0, 0.0, 2.75, 0.5 ], "autoUv": false, "windMode": [-1,-1,-1,-1], "windData": [1,1,1,1] },
						"east": { "texture": "#bridlemain", "uv": [ 0.0, 0.0, 3.75, 0.5 ], "autoUv": false, "windMode": [-1,-1,-1,-1], "windData": [1,1,1,1] },
						"south": { "texture": "#bridlemain", "uv": [ 0.0, 0.0, 2.75, 0.5 ], "autoUv": false },
						"west": { "texture": "#bridlemain", "uv": [ 0.0, 0.0, 3.75, 0.5 ], "autoUv": false, "windMode": [-1,-1,-1,-1], "windData": [1,1,1,1] },
						"up": { "texture": "#bridlemain", "uv": [ 0.0, 0.0, 2.75, 3.75 ], "autoUv": false, "windMode": [-1,-1,-1,-1], "windData": [1,1,1,1] },
						"down": { "texture": "#bridlemain", "uv": [ 0.0, 0.0, 2.75, 3.75 ], "autoUv": false, "windMode": [-1,-1,-1,-1], "windData": [1,1,1,1] }
					},
					"children": [
						{
							"name": "Noseband11",
							"from": [ 0.091, -0.1547, 0.091 ],
							"to": [ 2.6754, 0.7007, 3.3943 ],
							"rotationOrigin": [ 0.1163, -0.1546, 0.091 ],
							"faces": {
								"north": { "texture": "#saddlemain", "uv": [ 0.0, 0.0, 2.5, 0.5 ], "autoUv": false, "windMode": [-1,-1,-1,-1], "windData": [1,1,1,1] },
								"east": { "texture": "#saddlemain", "uv": [ 0.0, 0.0, 3.5, 0.5 ], "autoUv": false, "windMode": [-1,-1,-1,-1], "windData": [1,1,1,1] },
								"south": { "texture": "#saddlemain", "uv": [ 0.0, 0.0, 2.5, 0.5 ], "autoUv": false },
								"west": { "texture": "#saddlemain", "uv": [ 0.0, 0.0, 3.5, 0.5 ], "autoUv": false, "windMode": [-1,-1,-1,-1], "windData": [1,1,1,1] },
								"up": { "texture": "#saddlemain", "uv": [ 0.0, 0.0, 2.5, 3.5 ], "autoUv": false, "windMode": [-1,-1,-1,-1], "windData": [1,1,1,1] },
								"down": { "texture": "#saddlemain", "uv": [ 0.0, 0.0, 2.5, 3.5 ], "autoUv": false, "windMode": [-1,-1,-1,-1], "windData": [1,1,1,1] }
							}
						},
						{
							"name": "Noseband6",
							"from": [ 2.4661, -0.0364, 0.0 ],
							"to": [ 4.1678, 0.455, 0.2093 ],
							"rotationOrigin": [ 2.4605, -0.0341, 0.0 ],
							"rotationX": -14.9634,
							"rotationY": 3.6834,
							"rotationZ": 80.4839,
							"faces": {
								"north": { "texture": "#bridlemain", "uv": [ 0.0, 0.0, 1.75, 0.5 ], "autoUv": false, "windMode": [-1,-1,-1,-1], "windData": [1,1,1,1] },
								"east": { "texture": "#bridlemain", "uv": [ 0.0, 0.0, 0.25, 0.5 ], "autoUv": false, "windMode": [-1,-1,-1,-1], "windData": [1,1,1,1] },
								"south": { "texture": "#bridlemain", "uv": [ 0.0, 0.0, 1.75, 0.5 ], "autoUv": false },
								"west": { "texture": "#bridlemain", "uv": [ 0.0, 0.0, 0.25, 0.5 ], "autoUv": false, "windMode": [-1,-1,-1,-1], "windData": [1,1,1,1] },
								"up": { "texture": "#bridlemain", "uv": [ 0.0, 0.0, 1.75, 0.25 ], "autoUv": false, "windMode": [-1,-1,-1,-1], "windData": [1,1,1,1] },
								"down": { "texture": "#bridlemain", "uv": [ 0.0, 0.0, 1.75, 0.25 ], "autoUv": false, "windMode": [-1,-1,-1,-1], "windData": [1,1,1,1] }
							},
							"children": [
								{
									"name": "Noseband12",
									"from": [ -0.8099, 0.0031, 3.0632 ],
									"to": [ 0.8918, 0.4945, 3.2725 ],
									"rotationOrigin": [ -0.8153, 0.0031, 3.2725 ],
									"rotationY": -30.8,
									"rotationZ": -4.0,
									"faces": {
										"north": { "texture": "#bridlemain", "uv": [ 0.0, 0.0, 1.75, 0.5 ], "autoUv": false, "windMode": [-1,-1,-1,-1], "windData": [1,1,1,1] },
										"east": { "texture": "#bridlemain", "uv": [ 0.0, 0.0, 0.25, 0.5 ], "autoUv": false, "windMode": [-1,-1,-1,-1], "windData": [1,1,1,1] },
										"south": { "texture": "#bridlemain", "uv": [ 0.0, 0.0, 1.75, 0.5 ], "autoUv": false },
										"west": { "texture": "#bridlemain", "uv": [ 0.0, 0.0, 0.25, 0.5 ], "autoUv": false, "windMode": [-1,-1,-1,-1], "windData": [1,1,1,1] },
										"up": { "texture": "#bridlemain", "uv": [ 0.0, 0.0, 1.75, 0.25 ], "autoUv": false, "windMode": [-1,-1,-1,-1], "windData": [1,1,1,1] },
										"down": { "texture": "#bridlemain", "uv": [ 0.0, 0.0, 1.75, 0.25 ], "autoUv": false, "windMode": [-1,-1,-1,-1], "windData": [1,1,1,1] }
									},
									"children": [
										{
											"name": "Noseband13",
											"from": [ 1.6339, 9.0E-4, 0.012 ],
											"to": [ 4.5823, 0.4923, 0.2213 ],
											"rotationOrigin": [ 1.6325, 9.0E-4, 0.012 ],
											"rotationY": 15.4,
											"rotationZ": 12.0,
											"faces": {
												"north": { "texture": "#bridlemain", "uv": [ 0.0, 0.0, 3.0, 0.5 ], "autoUv": false, "windMode": [-1,-1,-1,-1], "windData": [1,1,1,1] },
												"east": { "texture": "#bridlemain", "uv": [ 0.0, 0.0, 0.25, 0.5 ], "autoUv": false, "windMode": [-1,-1,-1,-1], "windData": [1,1,1,1] },
												"south": { "texture": "#bridlemain", "uv": [ 0.0, 0.0, 3.0, 0.5 ], "autoUv": false },
												"west": { "texture": "#bridlemain", "uv": [ 0.0, 0.0, 0.25, 0.5 ], "autoUv": false, "windMode": [-1,-1,-1,-1], "windData": [1,1,1,1] },
												"up": { "texture": "#bridlemain", "uv": [ 0.0, 0.0, 3.0, 0.25 ], "autoUv": false, "windMode": [-1,-1,-1,-1], "windData": [1,1,1,1] },
												"down": { "texture": "#bridlemain", "uv": [ 0.0, 0.0, 3.0, 0.25 ], "autoUv": false, "windMode": [-1,-1,-1,-1], "windData": [1,1,1,1] }
											},
											"children": [
												{
													"name": "Noseband8",
													"from": [ 3.094, 0.0, -4.095 ],
													"to": [ 5.9514, 0.4914, 0.2093 ],
													"rotationOrigin": [ 3.0926, 0.0, -4.095 ],
													"rotationZ": 20.7,
													"faces": {
														"north": { "texture": "#bridlemain", "uv": [ 0.0, 0.0, 3.0, 0.5 ], "autoUv": false, "windMode": [-1,-1,-1,-1], "windData": [1,1,1,1] },
														"east": { "texture": "#bridlemain", "uv": [ 0.0, 0.0, 4.5, 0.5 ], "autoUv": false, "windMode": [-1,-1,-1,-1], "windData": [1,1,1,1] },
														"south": { "texture": "#bridlemain", "uv": [ 0.0, 0.0, 3.0, 0.5 ], "autoUv": false },
														"west": { "texture": "#bridlemain", "uv": [ 0.0, 0.0, 4.5, 0.5 ], "autoUv": false, "windMode": [-1,-1,-1,-1], "windData": [1,1,1,1] },
														"up": { "texture": "#bridlemain", "uv": [ 0.0, 0.0, 3.0, 4.5 ], "autoUv": false, "windMode": [-1,-1,-1,-1], "windData": [1,1,1,1] },
														"down": { "texture": "#bridlemain", "uv": [ 0.0, 0.0, 3.0, 4.5 ], "autoUv": false, "windMode": [-1,-1,-1,-1], "windData": [1,1,1,1] }
													}
												}
											]
										}
									]
								},
								{
									"name": "Noseband7",
									"from": [ 1.6937, 0.004, -0.0043 ],
									"to": [ 4.6421, 0.4954, 0.205 ],
									"rotationOrigin": [ 1.6923, 0.004, -0.0043 ],
									"rotationY": -15.4,
									"rotationZ": 4.0,
									"faces": {
										"north": { "texture": "#bridlemain", "uv": [ 0.0, 0.0, 3.0, 0.5 ], "autoUv": false, "windMode": [-1,-1,-1,-1], "windData": [1,1,1,1] },
										"east": { "texture": "#bridlemain", "uv": [ 0.0, 0.0, 0.25, 0.5 ], "autoUv": false, "windMode": [-1,-1,-1,-1], "windData": [1,1,1,1] },
										"south": { "texture": "#bridlemain", "uv": [ 0.0, 0.0, 3.0, 0.5 ], "autoUv": false },
										"west": { "texture": "#bridlemain", "uv": [ 0.0, 0.0, 0.25, 0.5 ], "autoUv": false, "windMode": [-1,-1,-1,-1], "windData": [1,1,1,1] },
										"up": { "texture": "#bridlemain", "uv": [ 0.0, 0.0, 3.0, 0.25 ], "autoUv": false, "windMode": [-1,-1,-1,-1], "windData": [1,1,1,1] },
										"down": { "texture": "#bridlemain", "uv": [ 0.0, 0.0, 3.0, 0.25 ], "autoUv": false, "windMode": [-1,-1,-1,-1], "windData": [1,1,1,1] }
									},
									"children": [
										{
											"name": "Noseband10",
											"from": [ 4.55, 0.182, -0.091 ],
											"to": [ 6.4064, 0.4914, 4.3953 ],
											"rotationOrigin": [ 4.55, 0.637, -0.091 ],
											"rotationZ": 129.0,
											"faces": {
												"north": { "texture": "#bridlemain", "uv": [ 0.0, 0.0, 2.0, 0.25 ], "autoUv": false, "windMode": [-1,-1,-1,-1], "windData": [1,1,1,1] },
												"east": { "texture": "#bridlemain", "uv": [ 0.0, 0.0, 4.75, 0.25 ], "autoUv": false, "windMode": [-1,-1,-1,-1], "windData": [1,1,1,1] },
												"south": { "texture": "#bridlemain", "uv": [ 0.0, 0.0, 2.0, 0.25 ], "autoUv": false },
												"west": { "texture": "#bridlemain", "uv": [ 0.0, 0.0, 4.75, 0.25 ], "autoUv": false, "windMode": [-1,-1,-1,-1], "windData": [1,1,1,1] },
												"up": { "texture": "#bridlemain", "uv": [ 0.0, 0.0, 2.0, 4.75 ], "autoUv": false, "windMode": [-1,-1,-1,-1], "windData": [1,1,1,1] },
												"down": { "texture": "#bridlemain", "uv": [ 0.0, 0.0, 2.0, 4.75 ], "autoUv": false, "windMode": [-1,-1,-1,-1], "windData": [1,1,1,1] }
											},
											"children": [
												{
													"name": "Noseband14",
													"from": [ 1.82, 0.0, 0.91 ],
													"to": [ 2.2204, 0.3094, 3.5763 ],
													"rotationOrigin": [ 1.82, 0.455, 0.91 ],
													"faces": {
														"north": { "texture": "#bridlemain", "uv": [ 0.0, 0.0, 0.25, 0.25 ], "autoUv": false, "windMode": [-1,-1,-1,-1], "windData": [1,1,1,1] },
														"east": { "texture": "#bridlemain", "uv": [ 0.0, 0.0, 2.75, 0.25 ], "autoUv": false, "windMode": [-1,-1,-1,-1], "windData": [1,1,1,1] },
														"south": { "texture": "#bridlemain", "uv": [ 0.0, 0.0, 0.25, 0.25 ], "autoUv": false },
														"west": { "texture": "#bridlemain", "uv": [ 0.0, 0.0, 2.75, 0.25 ], "autoUv": false, "windMode": [-1,-1,-1,-1], "windData": [1,1,1,1] },
														"up": { "texture": "#bridlemain", "uv": [ 0.0, 0.0, 0.25, 2.75 ], "autoUv": false, "windMode": [-1,-1,-1,-1], "windData": [1,1,1,1] },
														"down": { "texture": "#bridlemain", "uv": [ 0.0, 0.0, 0.25, 2.75 ], "autoUv": false, "windMode": [-1,-1,-1,-1], "windData": [1,1,1,1] }
													}
												}
											]
										},
										{
											"name": "Noseband15",
											"from": [ 2.821, 0.364, 0.0 ],
											"to": [ 6.7704, 0.8554, 4.3043 ],
											"rotationOrigin": [ 2.8196, 0.364, 0.0 ],
											"rotationZ": -133.0,
											"faces": {
												"north": { "texture": "#bridlemain", "uv": [ 0.0, 0.0, 4.25, 0.5 ], "autoUv": false, "windMode": [-1,-1,-1,-1], "windData": [1,1,1,1] },
												"east": { "texture": "#bridlemain", "uv": [ 0.0, 0.0, 4.5, 0.5 ], "autoUv": false, "windMode": [-1,-1,-1,-1], "windData": [1,1,1,1] },
												"south": { "texture": "#bridlemain", "uv": [ 0.0, 0.0, 4.25, 0.5 ], "autoUv": false },
												"west": { "texture": "#bridlemain", "uv": [ 0.0, 0.0, 4.5, 0.5 ], "autoUv": false, "windMode": [-1,-1,-1,-1], "windData": [1,1,1,1] },
												"up": { "texture": "#bridlemain", "uv": [ 0.0, 0.0, 4.25, 4.5 ], "autoUv": false, "windMode": [-1,-1,-1,-1], "windData": [1,1,1,1] },
												"down": { "texture": "#bridlemain", "uv": [ 0.0, 0.0, 4.25, 4.5 ], "autoUv": false, "windMode": [-1,-1,-1,-1], "windData": [1,1,1,1] }
											}
										}
									]
								}
							]
						},
						{
							"name": "Noseband18",
							"from": [ 2.6936, -0.1274, 3.367 ],
							"to": [ 2.8301, 0.6006, 3.458 ],
							"rotationOrigin": [ 2.6968, -0.1799, 3.367 ],
							"rotationX": 2.63,
							"rotationY": -3.12,
							"rotationZ": 88.35,
							"faces": {
								"north": { "texture": "#bridlemetal", "uv": [ 0.0, 0.0, 0.5, 0.5 ], "autoUv": false, "windMode": [-1,-1,-1,-1], "windData": [1,1,1,1] },
								"east": { "texture": "#bridlemetal", "uv": [ 0.0, 0.0, 0.5, 0.5 ], "autoUv": false, "windMode": [-1,-1,-1,-1], "windData": [1,1,1,1] },
								"south": { "texture": "#bridlemetal", "uv": [ 0.0, 0.0, 0.5, 0.5 ], "autoUv": false },
								"west": { "texture": "#bridlemetal", "uv": [ 0.0, 0.0, 0.5, 0.5 ], "autoUv": false, "windMode": [-1,-1,-1,-1], "windData": [1,1,1,1] },
								"up": { "texture": "#bridlemetal", "uv": [ 0.0, 0.0, 0.5, 0.5 ], "autoUv": false, "windMode": [-1,-1,-1,-1], "windData": [1,1,1,1] },
								"down": { "texture": "#bridlemetal", "uv": [ 0.0, 0.0, 0.5, 0.5 ], "autoUv": false, "windMode": [-1,-1,-1,-1], "windData": [1,1,1,1] }
							},
							"children": [
								{
									"name": "Noseband19",
									"from": [ -0.7735, 0.0, 0.0 ],
									"to": [ -0.637, 0.728, 0.091 ],
									"rotationOrigin": [ -0.819, 0.0, 0.0 ],
									"faces": {
										"north": { "texture": "#bridlemetal", "uv": [ 0.0, 0.0, 0.5, 0.5 ], "autoUv": false, "windMode": [-1,-1,-1,-1], "windData": [1,1,1,1] },
										"east": { "texture": "#bridlemetal", "uv": [ 0.0, 0.0, 0.5, 0.5 ], "autoUv": false, "windMode": [-1,-1,-1,-1], "windData": [1,1,1,1] },
										"south": { "texture": "#bridlemetal", "uv": [ 0.0, 0.0, 0.5, 0.5 ], "autoUv": false },
										"west": { "texture": "#bridlemetal", "uv": [ 0.0, 0.0, 0.5, 0.5 ], "autoUv": false, "windMode": [-1,-1,-1,-1], "windData": [1,1,1,1] },
										"up": { "texture": "#bridlemetal", "uv": [ 0.0, 0.0, 0.5, 0.5 ], "autoUv": false, "windMode": [-1,-1,-1,-1], "windData": [1,1,1,1] },
										"down": { "texture": "#bridlemetal", "uv": [ 0.0, 0.0, 0.5, 0.5 ], "autoUv": false, "windMode": [-1,-1,-1,-1], "windData": [1,1,1,1] }
									},
									"children": [
										{
											"name": "Noseband21",
											"from": [ 0.182, 0.819, 0.0 ],
											"to": [ 0.3185, 1.365, 0.091 ],
											"rotationOrigin": [ 0.182, 0.819, 0.0 ],
											"rotationZ": -90.0,
											"faces": {
												"north": { "texture": "#bridlemetal", "uv": [ 0.0, 0.0, 0.5, 0.5 ], "autoUv": false, "windMode": [-1,-1,-1,-1], "windData": [1,1,1,1] },
												"east": { "texture": "#bridlemetal", "uv": [ 0.0, 0.0, 0.5, 0.5 ], "autoUv": false, "windMode": [-1,-1,-1,-1], "windData": [1,1,1,1] },
												"south": { "texture": "#bridlemetal", "uv": [ 0.0, 0.0, 0.5, 0.5 ], "autoUv": false },
												"west": { "texture": "#bridlemetal", "uv": [ 0.0, 0.0, 0.5, 0.5 ], "autoUv": false, "windMode": [-1,-1,-1,-1], "windData": [1,1,1,1] },
												"up": { "texture": "#bridlemetal", "uv": [ 0.0, 0.0, 0.5, 0.5 ], "autoUv": false, "windMode": [-1,-1,-1,-1], "windData": [1,1,1,1] },
												"down": { "texture": "#bridlemetal", "uv": [ 0.0, 0.0, 0.5, 0.5 ], "autoUv": false, "windMode": [-1,-1,-1,-1], "windData": [1,1,1,1] }
											},
											"children": [
												{
													"name": "Noseband26",
													"from": [ 0.0, 0.546, 0.0 ],
													"to": [ 0.1365, 0.7462, 0.091 ],
													"rotationOrigin": [ 0.0, 0.546, 0.0 ],
													"rotationZ": -25.0,
													"faces": {
														"north": { "texture": "#bridlemetal", "uv": [ 0.0, 0.0, 0.5, 0.5 ], "autoUv": false, "windMode": [-1,-1,-1,-1], "windData": [1,1,1,1] },
														"east": { "texture": "#bridlemetal", "uv": [ 0.0, 0.0, 0.5, 0.5 ], "autoUv": false, "windMode": [-1,-1,-1,-1], "windData": [1,1,1,1] },
														"south": { "texture": "#bridlemetal", "uv": [ 0.0, 0.0, 0.5, 0.5 ], "autoUv": false },
														"west": { "texture": "#bridlemetal", "uv": [ 0.0, 0.0, 0.5, 0.5 ], "autoUv": false, "windMode": [-1,-1,-1,-1], "windData": [1,1,1,1] },
														"up": { "texture": "#bridlemetal", "uv": [ 0.0, 0.0, 0.5, 0.5 ], "autoUv": false, "windMode": [-1,-1,-1,-1], "windData": [1,1,1,1] },
														"down": { "texture": "#bridlemetal", "uv": [ 0.0, 0.0, 0.5, 0.5 ], "autoUv": false, "windMode": [-1,-1,-1,-1], "windData": [1,1,1,1] }
													}
												},
												{
													"name": "Noseband32",
													"from": [ -0.1365, 0.0, 0.0 ],
													"to": [ 0.0, 0.2002, 0.091 ],
													"rotationOrigin": [ 0.0, 0.0, 0.0 ],
													"rotationZ": -155.0,
													"faces": {
														"north": { "texture": "#bridlemetal", "uv": [ 0.0, 0.0, 0.5, 0.5 ], "autoUv": false, "windMode": [-1,-1,-1,-1], "windData": [1,1,1,1] },
														"east": { "texture": "#bridlemetal", "uv": [ 0.0, 0.0, 0.5, 0.5 ], "autoUv": false, "windMode": [-1,-1,-1,-1], "windData": [1,1,1,1] },
														"south": { "texture": "#bridlemetal", "uv": [ 0.0, 0.0, 0.5, 0.5 ], "autoUv": false },
														"west": { "texture": "#bridlemetal", "uv": [ 0.0, 0.0, 0.5, 0.5 ], "autoUv": false, "windMode": [-1,-1,-1,-1], "windData": [1,1,1,1] },
														"up": { "texture": "#bridlemetal", "uv": [ 0.0, 0.0, 0.5, 0.5 ], "autoUv": false, "windMode": [-1,-1,-1,-1], "windData": [1,1,1,1] },
														"down": { "texture": "#bridlemetal", "uv": [ 0.0, 0.0, 0.5, 0.5 ], "autoUv": false, "windMode": [-1,-1,-1,-1], "windData": [1,1,1,1] }
													}
												}
											]
										},
										{
											"name": "Noseband33",
											"from": [ 0.728, -0.091, 0.0 ],
											"to": [ 0.8645, 0.455, 0.091 ],
											"rotationOrigin": [ 0.728, -0.091, 0.0 ],
											"rotationZ": 90.0,
											"faces": {
												"north": { "texture": "#bridlemetal", "uv": [ 0.0, 0.0, 0.5, 0.5 ], "autoUv": false, "windMode": [-1,-1,-1,-1], "windData": [1,1,1,1] },
												"east": { "texture": "#bridlemetal", "uv": [ 0.0, 0.0, 0.5, 0.5 ], "autoUv": false, "windMode": [-1,-1,-1,-1], "windData": [1,1,1,1] },
												"south": { "texture": "#bridlemetal", "uv": [ 0.0, 0.0, 0.5, 0.5 ], "autoUv": false },
												"west": { "texture": "#bridlemetal", "uv": [ 0.0, 0.0, 0.5, 0.5 ], "autoUv": false, "windMode": [-1,-1,-1,-1], "windData": [1,1,1,1] },
												"up": { "texture": "#bridlemetal", "uv": [ 0.0, 0.0, 0.5, 0.5 ], "autoUv": false, "windMode": [-1,-1,-1,-1], "windData": [1,1,1,1] },
												"down": { "texture": "#bridlemetal", "uv": [ 0.0, 0.0, 0.5, 0.5 ], "autoUv": false, "windMode": [-1,-1,-1,-1], "windData": [1,1,1,1] }
											},
											"children": [
												{
													"name": "Noseband34",
													"from": [ 0.0, 0.546, 0.0 ],
													"to": [ 0.1365, 0.7462, 0.091 ],
													"rotationOrigin": [ 0.0, 0.546, 0.0 ],
													"rotationZ": -25.0,
													"faces": {
														"north": { "texture": "#bridlemetal", "uv": [ 0.0, 0.0, 0.5, 0.5 ], "autoUv": false, "windMode": [-1,-1,-1,-1], "windData": [1,1,1,1] },
														"east": { "texture": "#bridlemetal", "uv": [ 0.0, 0.0, 0.5, 0.5 ], "autoUv": false, "windMode": [-1,-1,-1,-1], "windData": [1,1,1,1] },
														"south": { "texture": "#bridlemetal", "uv": [ 0.0, 0.0, 0.5, 0.5 ], "autoUv": false },
														"west": { "texture": "#bridlemetal", "uv": [ 0.0, 0.0, 0.5, 0.5 ], "autoUv": false, "windMode": [-1,-1,-1,-1], "windData": [1,1,1,1] },
														"up": { "texture": "#bridlemetal", "uv": [ 0.0, 0.0, 0.5, 0.5 ], "autoUv": false, "windMode": [-1,-1,-1,-1], "windData": [1,1,1,1] },
														"down": { "texture": "#bridlemetal", "uv": [ 0.0, 0.0, 0.5, 0.5 ], "autoUv": false, "windMode": [-1,-1,-1,-1], "windData": [1,1,1,1] }
													}
												},
												{
													"name": "Noseband35",
													"from": [ -0.1365, 0.0, 0.0 ],
													"to": [ 0.0, 0.2002, 0.091 ],
													"rotationOrigin": [ 0.0, 0.0, 0.0 ],
													"rotationZ": -155.0,
													"faces": {
														"north": { "texture": "#bridlemetal", "uv": [ 0.0, 0.0, 0.5, 0.5 ], "autoUv": false, "windMode": [-1,-1,-1,-1], "windData": [1,1,1,1] },
														"east": { "texture": "#bridlemetal", "uv": [ 0.0, 0.0, 0.5, 0.5 ], "autoUv": false, "windMode": [-1,-1,-1,-1], "windData": [1,1,1,1] },
														"south": { "texture": "#bridlemetal", "uv": [ 0.0, 0.0, 0.5, 0.5 ], "autoUv": false },
														"west": { "texture": "#bridlemetal", "uv": [ 0.0, 0.0, 0.5, 0.5 ], "autoUv": false, "windMode": [-1,-1,-1,-1], "windData": [1,1,1,1] },
														"up": { "texture": "#bridlemetal", "uv": [ 0.0, 0.0, 0.5, 0.5 ], "autoUv": false, "windMode": [-1,-1,-1,-1], "windData": [1,1,1,1] },
														"down": { "texture": "#bridlemetal", "uv": [ 0.0, 0.0, 0.5, 0.5 ], "autoUv": false, "windMode": [-1,-1,-1,-1], "windData": [1,1,1,1] }
													}
												}
											]
										}
									]
								}
							]
						},
						{
							"name": "Noseband17",
							"from": [ 2.5571, 0.0364, 0.0 ],
							"to": [ 4.5045, 0.3458, 3.367 ],
							"rotationOrigin": [ 2.5462, 0.046, -0.0273 ],
							"rotationZ": 7.0,
							"faces": {
								"north": { "texture": "#bridlemain", "uv": [ 0.0, 0.0, 2.0, 0.25 ], "autoUv": false, "windMode": [-1,-1,-1,-1], "windData": [1,1,1,1] },
								"east": { "texture": "#bridlemain", "uv": [ 0.0, 0.0, 3.5, 0.25 ], "autoUv": false, "windMode": [-1,-1,-1,-1], "windData": [1,1,1,1] },
								"south": { "texture": "#bridlemain", "uv": [ 0.0, 0.0, 2.0, 0.25 ], "autoUv": false },
								"west": { "texture": "#bridlemain", "uv": [ 0.0, 0.0, 3.5, 0.25 ], "autoUv": false, "windMode": [-1,-1,-1,-1], "windData": [1,1,1,1] },
								"up": { "texture": "#bridlemain", "uv": [ 0.0, 0.0, 2.0, 3.5 ], "autoUv": false, "windMode": [-1,-1,-1,-1], "windData": [1,1,1,1] },
								"down": { "texture": "#bridlemain", "uv": [ 0.0, 0.0, 2.0, 3.5 ], "autoUv": false, "windMode": [-1,-1,-1,-1], "windData": [1,1,1,1] }
							}
						},
						{
							"name": "Noseband22",
							"from": [ 2.0202, -0.2002, -0.091 ],
							"to": [ 2.1567, 0.2912, 3.5763 ],
							"rotationOrigin": [ 2.0797, -0.232, -0.091 ],
							"rotationZ": -5.0,
							"faces": {
								"north": { "texture": "#bridlemain", "uv": [ 0.0, 0.0, 0.25, 0.5 ], "autoUv": false, "windMode": [-1,-1,-1,-1], "windData": [1,1,1,1] },
								"east": { "texture": "#bridlemain", "uv": [ 0.0, 0.0, 4.0, 0.5 ], "autoUv": false, "windMode": [-1,-1,-1,-1], "windData": [1,1,1,1] },
								"south": { "texture": "#bridlemain", "uv": [ 0.0, 0.0, 0.25, 0.5 ], "autoUv": false },
								"west": { "texture": "#bridlemain", "uv": [ 0.0, 0.0, 4.0, 0.5 ], "autoUv": false, "windMode": [-1,-1,-1,-1], "windData": [1,1,1,1] },
								"up": { "texture": "#bridlemain", "uv": [ 0.0, 0.0, 0.25, 4.0 ], "autoUv": false, "windMode": [-1,-1,-1,-1], "windData": [1,1,1,1] },
								"down": { "texture": "#bridlemain", "uv": [ 0.0, 0.0, 0.25, 4.0 ], "autoUv": false, "windMode": [-1,-1,-1,-1], "windData": [1,1,1,1] }
							},
							"children": [
								{
									"name": "Noseband23",
									"from": [ 0.1815, 0.0052, 0.0 ],
									"to": [ 0.318, 0.4966, 3.6673 ],
									"rotationOrigin": [ 0.3166, -0.076, 0.0 ],
									"faces": {
										"north": { "texture": "#bridlemain", "uv": [ 0.0, 0.0, 0.25, 0.5 ], "autoUv": false, "windMode": [-1,-1,-1,-1], "windData": [1,1,1,1] },
										"east": { "texture": "#bridlemain", "uv": [ 0.0, 0.0, 4.0, 0.5 ], "autoUv": false, "windMode": [-1,-1,-1,-1], "windData": [1,1,1,1] },
										"south": { "texture": "#bridlemain", "uv": [ 0.0, 0.0, 0.25, 0.5 ], "autoUv": false },
										"west": { "texture": "#bridlemain", "uv": [ 0.0, 0.0, 4.0, 0.5 ], "autoUv": false, "windMode": [-1,-1,-1,-1], "windData": [1,1,1,1] },
										"up": { "texture": "#bridlemain", "uv": [ 0.0, 0.0, 0.25, 4.0 ], "autoUv": false, "windMode": [-1,-1,-1,-1], "windData": [1,1,1,1] },
										"down": { "texture": "#bridlemain", "uv": [ 0.0, 0.0, 0.25, 4.0 ], "autoUv": false, "windMode": [-1,-1,-1,-1], "windData": [1,1,1,1] }
									}
								},
								{
									"name": "Noseband24",
									"from": [ 0.3726, 0.0052, 0.0 ],
									"to": [ 0.5091, 0.4966, 3.6673 ],
									"rotationOrigin": [ 0.3166, -0.076, 0.0 ],
									"faces": {
										"north": { "texture": "#bridlemain", "uv": [ 0.0, 0.0, 0.25, 0.5 ], "autoUv": false, "windMode": [-1,-1,-1,-1], "windData": [1,1,1,1] },
										"east": { "texture": "#bridlemain", "uv": [ 0.0, 0.0, 4.0, 0.5 ], "autoUv": false, "windMode": [-1,-1,-1,-1], "windData": [1,1,1,1] },
										"south": { "texture": "#bridlemain", "uv": [ 0.0, 0.0, 0.25, 0.5 ], "autoUv": false },
										"west": { "texture": "#bridlemain", "uv": [ 0.0, 0.0, 4.0, 0.5 ], "autoUv": false, "windMode": [-1,-1,-1,-1], "windData": [1,1,1,1] },
										"up": { "texture": "#bridlemain", "uv": [ 0.0, 0.0, 0.25, 4.0 ], "autoUv": false, "windMode": [-1,-1,-1,-1], "windData": [1,1,1,1] },
										"down": { "texture": "#bridlemain", "uv": [ 0.0, 0.0, 0.25, 4.0 ], "autoUv": false, "windMode": [-1,-1,-1,-1], "windData": [1,1,1,1] }
									}
								},
								{
									"name": "Noseband27",
									"from": [ 0.5551, -0.5187, 0.091 ],
									"to": [ 0.8736, -0.0273, 3.4853 ],
									"rotationOrigin": [ 0.4986, -0.622, 0.091 ],
									"rotationZ": 4.0,
									"faces": {
										"north": { "texture": "#bridlemain", "uv": [ 0.0, 0.0, 0.25, 0.5 ], "autoUv": false, "windMode": [-1,-1,-1,-1], "windData": [1,1,1,1] },
										"east": { "texture": "#bridlemain", "uv": [ 0.0, 0.0, 3.5, 0.5 ], "autoUv": false, "windMode": [-1,-1,-1,-1], "windData": [1,1,1,1] },
										"south": { "texture": "#bridlemain", "uv": [ 0.0, 0.0, 0.25, 0.5 ], "autoUv": false },
										"west": { "texture": "#bridlemain", "uv": [ 0.0, 0.0, 3.5, 0.5 ], "autoUv": false, "windMode": [-1,-1,-1,-1], "windData": [1,1,1,1] },
										"up": { "texture": "#bridlemain", "uv": [ 0.0, 0.0, 0.25, 3.5 ], "autoUv": false, "windMode": [-1,-1,-1,-1], "windData": [1,1,1,1] },
										"down": { "texture": "#bridlemain", "uv": [ 0.0, 0.0, 0.25, 3.5 ], "autoUv": false, "windMode": [-1,-1,-1,-1], "windData": [1,1,1,1] }
									}
								}
							]
						},
						{
							"name": "Noseband16",
							"from": [ 3.4216, 4.368, -0.546 ],
							"to": [ 4.277, 5.2234, 3.9403 ],
							"rotationOrigin": [ 3.4164, 4.4142, -0.546 ],
							"rotationZ": 119.0,
							"faces": {
								"north": { "texture": "#saddlemain", "uv": [ 0.0, 0.0, 0.5, 0.5 ], "autoUv": false, "windMode": [-1,-1,-1,-1], "windData": [1,1,1,1] },
								"east": { "texture": "#saddlemain", "uv": [ 0.0, 0.0, 4.5, 0.5 ], "autoUv": false, "windMode": [-1,-1,-1,-1], "windData": [1,1,1,1] },
								"south": { "texture": "#saddlemain", "uv": [ 0.0, 0.0, 0.5, 0.5 ], "autoUv": false },
								"west": { "texture": "#saddlemain", "uv": [ 0.0, 0.0, 4.5, 0.5 ], "autoUv": false, "windMode": [-1,-1,-1,-1], "windData": [1,1,1,1] },
								"up": { "texture": "#saddlemain", "uv": [ 0.0, 0.0, 0.5, 4.5 ], "autoUv": false, "windMode": [-1,-1,-1,-1], "windData": [1,1,1,1] },
								"down": { "texture": "#saddlemain", "uv": [ 0.0, 0.0, 0.5, 4.5 ], "autoUv": false, "windMode": [-1,-1,-1,-1], "windData": [1,1,1,1] }
							}
						},
						{
							"name": "Noseband20",
							"from": [ 2.6936, -0.1274, 0.0 ],
							"to": [ 2.8301, 0.6006, 0.091 ],
							"rotationOrigin": [ 2.6968, -0.1799, 0.0 ],
							"rotationX": 1.63,
							"rotationY": -3.12,
							"rotationZ": 88.35,
							"faces": {
								"north": { "texture": "#bridlemetal", "uv": [ 0.0, 0.0, 0.5, 0.5 ], "autoUv": false, "windMode": [-1,-1,-1,-1], "windData": [1,1,1,1] },
								"east": { "texture": "#bridlemetal", "uv": [ 0.0, 0.0, 0.5, 0.5 ], "autoUv": false, "windMode": [-1,-1,-1,-1], "windData": [1,1,1,1] },
								"south": { "texture": "#bridlemetal", "uv": [ 0.0, 0.0, 0.5, 0.5 ], "autoUv": false },
								"west": { "texture": "#bridlemetal", "uv": [ 0.0, 0.0, 0.5, 0.5 ], "autoUv": false, "windMode": [-1,-1,-1,-1], "windData": [1,1,1,1] },
								"up": { "texture": "#bridlemetal", "uv": [ 0.0, 0.0, 0.5, 0.5 ], "autoUv": false, "windMode": [-1,-1,-1,-1], "windData": [1,1,1,1] },
								"down": { "texture": "#bridlemetal", "uv": [ 0.0, 0.0, 0.5, 0.5 ], "autoUv": false, "windMode": [-1,-1,-1,-1], "windData": [1,1,1,1] }
							},
							"children": [
								{
									"name": "Noseband36",
									"from": [ -0.7735, 0.0, 0.0 ],
									"to": [ -0.637, 0.728, 0.091 ],
									"rotationOrigin": [ -0.819, 0.0, 0.0 ],
									"faces": {
										"north": { "texture": "#bridlemetal", "uv": [ 0.0, 0.0, 0.5, 0.5 ], "autoUv": false, "windMode": [-1,-1,-1,-1], "windData": [1,1,1,1] },
										"east": { "texture": "#bridlemetal", "uv": [ 0.0, 0.0, 0.5, 0.5 ], "autoUv": false, "windMode": [-1,-1,-1,-1], "windData": [1,1,1,1] },
										"south": { "texture": "#bridlemetal", "uv": [ 0.0, 0.0, 0.5, 0.5 ], "autoUv": false },
										"west": { "texture": "#bridlemetal", "uv": [ 0.0, 0.0, 0.5, 0.5 ], "autoUv": false, "windMode": [-1,-1,-1,-1], "windData": [1,1,1,1] },
										"up": { "texture": "#bridlemetal", "uv": [ 0.0, 0.0, 0.5, 0.5 ], "autoUv": false, "windMode": [-1,-1,-1,-1], "windData": [1,1,1,1] },
										"down": { "texture": "#bridlemetal", "uv": [ 0.0, 0.0, 0.5, 0.5 ], "autoUv": false, "windMode": [-1,-1,-1,-1], "windData": [1,1,1,1] }
									},
									"children": [
										{
											"name": "Noseband37",
											"from": [ 0.182, 0.819, 0.0 ],
											"to": [ 0.3185, 1.365, 0.091 ],
											"rotationOrigin": [ 0.182, 0.819, 0.0 ],
											"rotationZ": -90.0,
											"faces": {
												"north": { "texture": "#bridlemetal", "uv": [ 0.0, 0.0, 0.5, 0.5 ], "autoUv": false, "windMode": [-1,-1,-1,-1], "windData": [1,1,1,1] },
												"east": { "texture": "#bridlemetal", "uv": [ 0.0, 0.0, 0.5, 0.5 ], "autoUv": false, "windMode": [-1,-1,-1,-1], "windData": [1,1,1,1] },
												"south": { "texture": "#bridlemetal", "uv": [ 0.0, 0.0, 0.5, 0.5 ], "autoUv": false },
												"west": { "texture": "#bridlemetal", "uv": [ 0.0, 0.0, 0.5, 0.5 ], "autoUv": false, "windMode": [-1,-1,-1,-1], "windData": [1,1,1,1] },
												"up": { "texture": "#bridlemetal", "uv": [ 0.0, 0.0, 0.5, 0.5 ], "autoUv": false, "windMode": [-1,-1,-1,-1], "windData": [1,1,1,1] },
												"down": { "texture": "#bridlemetal", "uv": [ 0.0, 0.0, 0.5, 0.5 ], "autoUv": false, "windMode": [-1,-1,-1,-1], "windData": [1,1,1,1] }
											},
											"children": [
												{
													"name": "Noseband38",
													"from": [ 0.0, 0.546, 0.0 ],
													"to": [ 0.1365, 0.7462, 0.091 ],
													"rotationOrigin": [ 0.0, 0.546, 0.0 ],
													"rotationZ": -25.0,
													"faces": {
														"north": { "texture": "#bridlemetal", "uv": [ 0.0, 0.0, 0.5, 0.5 ], "autoUv": false, "windMode": [-1,-1,-1,-1], "windData": [1,1,1,1] },
														"east": { "texture": "#bridlemetal", "uv": [ 0.0, 0.0, 0.5, 0.5 ], "autoUv": false, "windMode": [-1,-1,-1,-1], "windData": [1,1,1,1] },
														"south": { "texture": "#bridlemetal", "uv": [ 0.0, 0.0, 0.5, 0.5 ], "autoUv": false },
														"west": { "texture": "#bridlemetal", "uv": [ 0.0, 0.0, 0.5, 0.5 ], "autoUv": false, "windMode": [-1,-1,-1,-1], "windData": [1,1,1,1] },
														"up": { "texture": "#bridlemetal", "uv": [ 0.0, 0.0, 0.5, 0.5 ], "autoUv": false, "windMode": [-1,-1,-1,-1], "windData": [1,1,1,1] },
														"down": { "texture": "#bridlemetal", "uv": [ 0.0, 0.0, 0.5, 0.5 ], "autoUv": false, "windMode": [-1,-1,-1,-1], "windData": [1,1,1,1] }
													}
												},
												{
													"name": "Noseband39",
													"from": [ -0.1365, 0.0, 0.0 ],
													"to": [ 0.0, 0.2002, 0.091 ],
													"rotationOrigin": [ 0.0, 0.0, 0.0 ],
													"rotationZ": -155.0,
													"faces": {
														"north": { "texture": "#bridlemetal", "uv": [ 0.0, 0.0, 0.5, 0.5 ], "autoUv": false, "windMode": [-1,-1,-1,-1], "windData": [1,1,1,1] },
														"east": { "texture": "#bridlemetal", "uv": [ 0.0, 0.0, 0.5, 0.5 ], "autoUv": false, "windMode": [-1,-1,-1,-1], "windData": [1,1,1,1] },
														"south": { "texture": "#bridlemetal", "uv": [ 0.0, 0.0, 0.5, 0.5 ], "autoUv": false },
														"west": { "texture": "#bridlemetal", "uv": [ 0.0, 0.0, 0.5, 0.5 ], "autoUv": false, "windMode": [-1,-1,-1,-1], "windData": [1,1,1,1] },
														"up": { "texture": "#bridlemetal", "uv": [ 0.0, 0.0, 0.5, 0.5 ], "autoUv": false, "windMode": [-1,-1,-1,-1], "windData": [1,1,1,1] },
														"down": { "texture": "#bridlemetal", "uv": [ 0.0, 0.0, 0.5, 0.5 ], "autoUv": false, "windMode": [-1,-1,-1,-1], "windData": [1,1,1,1] }
													}
												}
											]
										},
										{
											"name": "Noseband40",
											"from": [ 0.728, -0.091, 0.0 ],
											"to": [ 0.8645, 0.455, 0.091 ],
											"rotationOrigin": [ 0.728, -0.091, 0.0 ],
											"rotationZ": 90.0,
											"faces": {
												"north": { "texture": "#bridlemetal", "uv": [ 0.0, 0.0, 0.5, 0.5 ], "autoUv": false, "windMode": [-1,-1,-1,-1], "windData": [1,1,1,1] },
												"east": { "texture": "#bridlemetal", "uv": [ 0.0, 0.0, 0.5, 0.5 ], "autoUv": false, "windMode": [-1,-1,-1,-1], "windData": [1,1,1,1] },
												"south": { "texture": "#bridlemetal", "uv": [ 0.0, 0.0, 0.5, 0.5 ], "autoUv": false },
												"west": { "texture": "#bridlemetal", "uv": [ 0.0, 0.0, 0.5, 0.5 ], "autoUv": false, "windMode": [-1,-1,-1,-1], "windData": [1,1,1,1] },
												"up": { "texture": "#bridlemetal", "uv": [ 0.0, 0.0, 0.5, 0.5 ], "autoUv": false, "windMode": [-1,-1,-1,-1], "windData": [1,1,1,1] },
												"down": { "texture": "#bridlemetal", "uv": [ 0.0, 0.0, 0.5, 0.5 ], "autoUv": false, "windMode": [-1,-1,-1,-1], "windData": [1,1,1,1] }
											},
											"children": [
												{
													"name": "Noseband41",
													"from": [ 0.0, 0.546, 0.0 ],
													"to": [ 0.1365, 0.7462, 0.091 ],
													"rotationOrigin": [ 0.0, 0.546, 0.0 ],
													"rotationZ": -25.0,
													"faces": {
														"north": { "texture": "#bridlemetal", "uv": [ 0.0, 0.0, 0.5, 0.5 ], "autoUv": false, "windMode": [-1,-1,-1,-1], "windData": [1,1,1,1] },
														"east": { "texture": "#bridlemetal", "uv": [ 0.0, 0.0, 0.5, 0.5 ], "autoUv": false, "windMode": [-1,-1,-1,-1], "windData": [1,1,1,1] },
														"south": { "texture": "#bridlemetal", "uv": [ 0.0, 0.0, 0.5, 0.5 ], "autoUv": false },
														"west": { "texture": "#bridlemetal", "uv": [ 0.0, 0.0, 0.5, 0.5 ], "autoUv": false, "windMode": [-1,-1,-1,-1], "windData": [1,1,1,1] },
														"up": { "texture": "#bridlemetal", "uv": [ 0.0, 0.0, 0.5, 0.5 ], "autoUv": false, "windMode": [-1,-1,-1,-1], "windData": [1,1,1,1] },
														"down": { "texture": "#bridlemetal", "uv": [ 0.0, 0.0, 0.5, 0.5 ], "autoUv": false, "windMode": [-1,-1,-1,-1], "windData": [1,1,1,1] }
													}
												},
												{
													"name": "Noseband42",
													"from": [ -0.1365, 0.0, 0.0 ],
													"to": [ 0.0, 0.2002, 0.091 ],
													"rotationOrigin": [ 0.0, 0.0, 0.0 ],
													"rotationZ": -155.0,
													"faces": {
														"north": { "texture": "#bridlemetal", "uv": [ 0.0, 0.0, 0.5, 0.5 ], "autoUv": false, "windMode": [-1,-1,-1,-1], "windData": [1,1,1,1] },
														"east": { "texture": "#bridlemetal", "uv": [ 0.0, 0.0, 0.5, 0.5 ], "autoUv": false, "windMode": [-1,-1,-1,-1], "windData": [1,1,1,1] },
														"south": { "texture": "#bridlemetal", "uv": [ 0.0, 0.0, 0.5, 0.5 ], "autoUv": false },
														"west": { "texture": "#bridlemetal", "uv": [ 0.0, 0.0, 0.5, 0.5 ], "autoUv": false, "windMode": [-1,-1,-1,-1], "windData": [1,1,1,1] },
														"up": { "texture": "#bridlemetal", "uv": [ 0.0, 0.0, 0.5, 0.5 ], "autoUv": false, "windMode": [-1,-1,-1,-1], "windData": [1,1,1,1] },
														"down": { "texture": "#bridlemetal", "uv": [ 0.0, 0.0, 0.5, 0.5 ], "autoUv": false, "windMode": [-1,-1,-1,-1], "windData": [1,1,1,1] }
													}
												}
											]
										}
									]
								}
							]
						},
						{
							"name": "Noseband29",
							"from": [ 3.4216, 4.823, -0.5551 ],
							"to": [ 4.277, 5.6784, 3.9312 ],
							"rotationOrigin": [ 3.4164, 4.8692, -0.546 ],
							"rotationZ": 162.0,
							"faces": {
								"north": { "texture": "#saddlemain", "uv": [ 0.0, 0.0, 0.5, 0.5 ], "autoUv": false, "windMode": [-1,-1,-1,-1], "windData": [1,1,1,1] },
								"east": { "texture": "#saddlemain", "uv": [ 0.0, 0.0, 4.5, 0.5 ], "autoUv": false, "windMode": [-1,-1,-1,-1], "windData": [1,1,1,1] },
								"south": { "texture": "#saddlemain", "uv": [ 0.0, 0.0, 0.5, 0.5 ], "autoUv": false },
								"west": { "texture": "#saddlemain", "uv": [ 0.0, 0.0, 4.5, 0.5 ], "autoUv": false, "windMode": [-1,-1,-1,-1], "windData": [1,1,1,1] },
								"up": { "texture": "#saddlemain", "uv": [ 0.0, 0.0, 0.5, 4.5 ], "autoUv": false, "windMode": [-1,-1,-1,-1], "windData": [1,1,1,1] },
								"down": { "texture": "#saddlemain", "uv": [ 0.0, 0.0, 0.5, 4.5 ], "autoUv": false, "windMode": [-1,-1,-1,-1], "windData": [1,1,1,1] }
							}
						}
					]
				},
				{
					"name": "Noseband31",
					"from": [ -3.7856, -4.5955, -2.0748 ],
					"to": [ -3.5126, -4.2861, 1.7472 ],
					"rotationOrigin": [ -3.7289, -4.5873, -2.1021 ],
					"rotationZ": -30.0,
					"faces": {
						"north": { "texture": "#bridlemetal", "uv": [ 0.0, 0.0, 0.5, 0.5 ], "autoUv": false, "windMode": [-1,-1,-1,-1], "windData": [1,1,1,1] },
						"east": { "texture": "#bridlemetal", "uv": [ 0.0, 0.0, 4.0, 0.5 ], "autoUv": false, "windMode": [-1,-1,-1,-1], "windData": [1,1,1,1] },
						"south": { "texture": "#bridlemetal", "uv": [ 0.0, 0.0, 0.5, 0.5 ], "autoUv": false },
						"west": { "texture": "#bridlemetal", "uv": [ 0.0, 0.0, 4.0, 0.5 ], "autoUv": false, "windMode": [-1,-1,-1,-1], "windData": [1,1,1,1] },
						"up": { "texture": "#bridlemetal", "uv": [ 0.0, 0.0, 0.5, 4.0 ], "autoUv": false, "windMode": [-1,-1,-1,-1], "windData": [1,1,1,1] },
						"down": { "texture": "#bridlemetal", "uv": [ 0.0, 0.0, 0.5, 4.0 ], "autoUv": false, "windMode": [-1,-1,-1,-1], "windData": [1,1,1,1] }
					},
					"children": [
						{
							"name": "Noseband25",
							"from": [ 0.0656, 0.176, 0.2093 ],
							"to": [ 0.2021, 0.5764, 3.7174 ],
							"rotationOrigin": [ 0.1723, 0.0742, 0.182 ],
							"rotationZ": 2.0,
							"faces": {
								"north": { "texture": "#bridlemetal", "uv": [ 0.0, 0.0, 0.25, 0.25 ], "autoUv": false, "windMode": [-1,-1,-1,-1], "windData": [1,1,1,1] },
								"east": { "texture": "#bridlemetal", "uv": [ 0.0, 0.0, 3.75, 0.25 ], "autoUv": false, "windMode": [-1,-1,-1,-1], "windData": [1,1,1,1] },
								"south": { "texture": "#bridlemetal", "uv": [ 0.0, 0.0, 0.25, 0.25 ], "autoUv": false },
								"west": { "texture": "#bridlemetal", "uv": [ 0.0, 0.0, 3.75, 0.25 ], "autoUv": false, "windMode": [-1,-1,-1,-1], "windData": [1,1,1,1] },
								"up": { "texture": "#bridlemetal", "uv": [ 0.0, 0.0, 0.25, 3.75 ], "autoUv": false, "windMode": [-1,-1,-1,-1], "windData": [1,1,1,1] },
								"down": { "texture": "#bridlemetal", "uv": [ 0.0, 0.0, 0.25, 3.75 ], "autoUv": false, "windMode": [-1,-1,-1,-1], "windData": [1,1,1,1] }
							}
						}
					]
				}
			]
		}
	],
	"animations": [
		{
			"name": "Eat",
			"code": "eat",
			"quantityframes": 44,
			"onActivityStopped": "Rewind",
			"onAnimationEnd": "Repeat",
			"keyframes": [
				{
					"frame": 0,
					"elements": {
						"reinsOrigin": { "rotationX": 0.0, "rotationY": 0.0, "rotationZ": 27.0 }
					}
				},
				{
					"frame": 15,
					"elements": {
						"reinsOrigin": { "rotationX": 0.0, "rotationY": 0.0, "rotationZ": 42.0 }
					}
				},
				{
					"frame": 23,
					"elements": {
						"reinsOrigin": { "rotationX": 0.0, "rotationY": 0.0, "rotationZ": 36.0 }
					}
				},
				{
					"frame": 32,
					"elements": {
						"reinsOrigin": { "rotationX": 0.0, "rotationY": 0.0, "rotationZ": 25.0 }
					}
				}
			]
		},

		{
			"name": "Turn-left",
			"code": "turn-left",
			"quantityframes": 1,
			"onActivityStopped": "Rewind",
			"onAnimationEnd": "Repeat",
			"keyframes": [
				{
					"frame": 0,
					"elements": {
						"reinsOrigin": { "rotationX": 0.0, "rotationY": -6.0, "rotationZ": 0.0 }
					}
				}
			]
		},

		{
			"name": "Turn-right",
			"code": "turn-right",
			"quantityframes": 1,
			"onActivityStopped": "Rewind",
			"onAnimationEnd": "Repeat",
			"keyframes": [
				{
					"frame": 0,
					"elements": {
						"reinsOrigin": { "rotationX": 0.0, "rotationY": 6.0, "rotationZ": 0.0 }
					}
				}
			]
		},

		{
			"name": "Gallop",
			"code": "gallop",
			"quantityframes": 49,
			"onActivityStopped": "Rewind",
			"onAnimationEnd": "Repeat",
			"keyframes": [
				{
					"frame": 24,
					"elements": {
						"reinsOrigin": { "rotationX": 0.0, "rotationY": 0.0, "rotationZ": 5.0 }
					}
				}
			]
		}
	]
}