{
	"editor": {
		"backDropShape": "D:/VSModding/Entitybackdrops/caledonius-adult",
		"collapsedPaths": ",Root/ORIGINbridle/Bit,Root/ORIGINbridle/ReinsN,Root/reinsOrigin,Root/ORIGINbridle/ReinsN4,Root/ORIGINbridle/Bit/BitArmN/BitSArmUp2,Root/ORIGINbridle/Bit/BitArmN,Root/ORIGINbridle/Bit/BitArmS,Root/StrapMainN,Root/ORIGINbridle/StrapMainN,Root/Bit,Root/ORIGINbridle/reinsOrigin",
		"allAngles": true,
		"entityTextureMode": false
	},
	"textureWidth": 16,
	"textureHeight": 16,
	"textureSizes": {
	},
	"textures": {
		"bridlemetal": "game:block/metal/sheet-plain/gold3",
		"saddlemain": "game:item/tool/shield/leather/black",
		"bridlemain": "game:item/tool/shield/leather/brown"
	},
	"elements": [
		{
			"name": "ORIGINbridle",
			"stepParentName": "Head",
			"from": [ 2.81, 3.29, 2.33 ],
			"to": [ 3.91, 4.39, 3.43 ],
			"rotationOrigin": [ 2.81, 3.29, 2.33 ],
			"rotationZ": -45.0,
			"faces": {
			},
			"children": [
				{
					"name": "Bridle",
					"from": [ 0.0, 0.0, -0.33 ],
					"to": [ 0.0, 0.0, -0.33 ],
					"rotationOrigin": [ 0.0, 0.0, -0.33 ],
					"faces": {
						"north": { "texture": "#bridlemain", "uv": [ 0.0, 0.0, 0.5, 0.5 ], "autoUv": false },
						"east": { "texture": "#bridlemain", "uv": [ 0.0, 0.0, 0.5, 0.5 ], "autoUv": false },
						"south": { "texture": "#bridlemain", "uv": [ 0.0, 0.0, 0.5, 0.5 ], "autoUv": false },
						"west": { "texture": "#bridlemain", "uv": [ 0.0, 0.0, 0.5, 0.5 ], "autoUv": false },
						"up": { "texture": "#bridlemain", "uv": [ 0.0, 0.0, 0.5, 0.5 ], "autoUv": false },
						"down": { "texture": "#bridlemain", "uv": [ 0.0, 0.0, 0.5, 0.5 ], "autoUv": false }
					},
					"children": [
						{
							"name": "reinsOrigin",
							"from": [ -1.2, -3.28, -2.31 ],
							"to": [ -1.2, -3.28, -2.31 ],
							"rotationOrigin": [ -3.12, -4.63, 0.11 ],
							"rotationZ": -11.0,
							"faces": {
								"north": { "texture": "#bridlemain", "uv": [ 0.0, 0.0, 0.5, 0.5 ], "autoUv": false },
								"east": { "texture": "#bridlemain", "uv": [ 0.0, 0.0, 0.5, 0.5 ], "autoUv": false },
								"south": { "texture": "#bridlemain", "uv": [ 0.0, 0.0, 0.5, 0.5 ], "autoUv": false },
								"west": { "texture": "#bridlemain", "uv": [ 0.0, 0.0, 0.5, 0.5 ], "autoUv": false },
								"up": { "texture": "#bridlemain", "uv": [ 0.0, 0.0, 0.5, 0.5 ], "autoUv": false },
								"down": { "texture": "#bridlemain", "uv": [ 0.0, 0.0, 0.5, 0.5 ], "autoUv": false }
							},
							"children": [
								{
									"name": "ReinsN1",
									"from": [ -0.1, -2.05, 4.15 ],
									"to": [ 6.9, -1.55, 4.45 ],
									"rotationOrigin": [ -0.1, -2.05, 4.48 ],
									"rotationX": 8.0,
									"rotationY": -5.0,
									"rotationZ": 20.0,
									"faces": {
										"north": { "texture": "#bridlemain", "uv": [ 3.5, 8.0, 10.5, 8.5 ] },
										"east": { "texture": "#bridlemain", "uv": [ 7.0, 3.5, 7.5, 4.0 ] },
										"south": { "texture": "#bridlemain", "uv": [ 2.5, 5.0, 9.5, 5.5 ] },
										"west": { "texture": "#bridlemain", "uv": [ 5.5, 7.0, 6.0, 7.5 ] },
										"up": { "texture": "#bridlemain", "uv": [ 2.0, 4.5, 9.0, 5.0 ] },
										"down": { "texture": "#bridlemain", "uv": [ 4.0, 5.5, 11.0, 6.0 ] }
									},
									"children": [
										{
											"name": "ReinsN2",
											"from": [ 7.0, 0.0, 0.001 ],
											"to": [ 12.0, 0.5, 0.301 ],
											"rotationOrigin": [ 7.0, 0.0, 0.33 ],
											"rotationZ": 12.0,
											"faces": {
												"north": { "texture": "#bridlemain", "uv": [ 8.5, 7.0, 13.5, 7.5 ] },
												"east": { "texture": "#bridlemain", "uv": [ 4.0, 3.5, 4.5, 4.0 ] },
												"south": { "texture": "#bridlemain", "uv": [ 8.0, 7.5, 13.0, 8.0 ] },
												"west": { "texture": "#bridlemain", "uv": [ 5.5, 7.0, 6.0, 7.5 ] },
												"up": { "texture": "#bridlemain", "uv": [ 6.5, 5.5, 11.5, 6.0 ] },
												"down": { "texture": "#bridlemain", "uv": [ 6.0, 5.5, 11.0, 6.0 ] }
											},
											"children": [
												{
													"name": "ReinsN3",
													"from": [ 5.0, 0.0, 0.001 ],
													"to": [ 8.0, 0.5, 0.301 ],
													"rotationOrigin": [ 5.0, 0.0, 0.33 ],
													"rotationZ": 15.0,
													"faces": {
														"north": { "texture": "#bridlemain", "uv": [ 8.0, 7.0, 11.0, 7.5 ] },
														"east": { "texture": "#bridlemain", "uv": [ 6.0, 4.5, 6.5, 5.0 ] },
														"south": { "texture": "#bridlemain", "uv": [ 5.0, 5.0, 8.0, 5.5 ] },
														"west": { "texture": "#bridlemain", "uv": [ 5.5, 7.0, 6.0, 7.5 ] },
														"up": { "texture": "#bridlemain", "uv": [ 6.0, 5.5, 9.0, 6.0 ] },
														"down": { "texture": "#bridlemain", "uv": [ 5.0, 5.0, 8.0, 5.5 ] }
													},
													"children": [
														{
															"name": "ReinsN4",
															"from": [ 3.0, 0.0, 0.0 ],
															"to": [ 6.0, 0.5, 0.3 ],
															"rotationOrigin": [ 3.0, 0.0, 0.33 ],
															"rotationZ": 20.0,
															"faces": {
																"north": { "texture": "#bridlemain", "uv": [ 6.5, 8.0, 9.5, 8.5 ] },
																"east": { "texture": "#bridlemain", "uv": [ 8.5, 5.0, 9.0, 5.5 ] },
																"south": { "texture": "#bridlemain", "uv": [ 8.5, 7.0, 11.5, 7.5 ] },
																"west": { "texture": "#bridlemain", "uv": [ 6.0, 7.0, 6.5, 7.5 ] },
																"up": { "texture": "#bridlemain", "uv": [ 4.0, 8.0, 7.0, 8.5 ] },
																"down": { "texture": "#bridlemain", "uv": [ 4.5, 6.0, 7.5, 6.5 ] }
															},
															"children": [
																{
																	"name": "Reinscrossed",
																	"from": [ 3.3, 0.0, 0.0 ],
																	"to": [ 8.0, 0.5, 0.3 ],
																	"rotationOrigin": [ 3.3, 0.0, 0.33 ],
																	"rotationY": 90.0,
																	"faces": {
																		"north": { "texture": "#bridlemain", "uv": [ 4.0, 9.5, 8.5, 10.0 ] },
																		"east": { "texture": "#bridlemain", "uv": [ 4.0, 3.5, 4.5, 4.0 ] },
																		"south": { "texture": "#bridlemain", "uv": [ 6.0, 6.0, 10.5, 6.5 ] },
																		"west": { "texture": "#bridlemain", "uv": [ 5.5, 7.0, 6.0, 7.5 ] },
																		"up": { "texture": "#bridlemain", "uv": [ 4.0, 5.5, 8.5, 6.0 ] },
																		"down": { "texture": "#bridlemain", "uv": [ 3.0, 5.0, 7.5, 5.5 ] }
																	},
																	"children": [
																		{
																			"name": "Reinscrossed2",
																			"from": [ 8.9703, 0.2354, -1.82 ],
																			"to": [ 13.6703, 0.7354, -1.52 ],
																			"rotationOrigin": [ 8.9703, 0.2354, -1.49 ],
																			"rotationX": 179.5094,
																			"rotationY": -18.6203,
																			"rotationZ": 177.0084,
																			"faces": {
																				"north": { "texture": "#bridlemain", "uv": [ 8.5, 8.5, 13.0, 9.0 ] },
																				"east": { "texture": "#bridlemain", "uv": [ 4.0, 3.5, 4.5, 4.0 ] },
																				"south": { "texture": "#bridlemain", "uv": [ 6.0, 7.5, 10.5, 8.0 ] },
																				"west": { "texture": "#bridlemain", "uv": [ 5.5, 7.0, 6.0, 7.5 ] },
																				"up": { "texture": "#bridlemain", "uv": [ 5.5, 6.5, 10.0, 7.0 ] },
																				"down": { "texture": "#bridlemain", "uv": [ 5.5, 6.5, 10.0, 7.0 ] }
																			},
																			"children": [
																				{
																					"name": "Reinscrossed3",
																					"from": [ 4.4, -0.1, -0.1 ],
																					"to": [ 5.0, 0.6, 0.4 ],
																					"rotationOrigin": [ 4.7, -0.1, 0.23 ],
																					"rotationY": -9.0,
																					"faces": {
																						"north": { "texture": "#bridlemain", "uv": [ 7.0, 5.5, 7.5, 6.0 ] },
																						"east": { "texture": "#bridlemain", "uv": [ 4.0, 3.5, 4.5, 4.0 ] },
																						"south": { "texture": "#bridlemain", "uv": [ 5.5, 5.5, 6.0, 6.0 ] },
																						"west": { "texture": "#bridlemain", "uv": [ 5.5, 7.0, 6.0, 7.5 ] },
																						"up": { "texture": "#bridlemain", "uv": [ 5.0, 7.0, 5.5, 7.5 ] },
																						"down": { "texture": "#bridlemain", "uv": [ 4.0, 6.0, 4.5, 6.5 ] }
																					}
																				}
																			]
																		}
																	]
																},
																{
																	"name": "RainExtra12",
																	"from": [ 0.26, -0.89, -0.102 ],
																	"to": [ 1.26, 0.61, 0.398 ],
																	"rotationOrigin": [ 1.06, 0.4675, 0.098 ],
																	"faces": {
																		"north": { "texture": "#saddlemain", "uv": [ 9.5, 7.0, 10.5, 8.5 ], "windMode": [-1,-1,-1,-1], "windData": [1,1,1,1] },
																		"east": { "texture": "#saddlemain", "uv": [ 4.0, 4.0, 4.5, 5.5 ], "windMode": [-1,-1,-1,-1], "windData": [1,1,1,1] },
																		"south": { "texture": "#saddlemain", "uv": [ 10.0, 11.0, 11.0, 12.5 ] },
																		"west": { "texture": "#saddlemain", "uv": [ 6.0, 6.5, 6.5, 8.0 ], "windMode": [-1,-1,-1,-1], "windData": [1,1,1,1] },
																		"up": { "texture": "#saddlemain", "uv": [ 4.5, 5.5, 5.5, 6.0 ], "windMode": [-1,-1,-1,-1], "windData": [1,1,1,1] },
																		"down": { "texture": "#saddlemain", "uv": [ 9.0, 9.5, 10.0, 10.0 ], "windMode": [-1,-1,-1,-1], "windData": [1,1,1,1] }
																	}
																},
																{
																	"name": "RainExtra13",
																	"from": [ 1.76, -0.89, -0.102 ],
																	"to": [ 2.76, 0.61, 0.398 ],
																	"rotationOrigin": [ 2.56, 0.4675, 0.098 ],
																	"faces": {
																		"north": { "texture": "#saddlemain", "uv": [ 9.5, 7.0, 10.5, 8.5 ], "windMode": [-1,-1,-1,-1], "windData": [1,1,1,1] },
																		"east": { "texture": "#saddlemain", "uv": [ 4.0, 4.0, 4.5, 5.5 ], "windMode": [-1,-1,-1,-1], "windData": [1,1,1,1] },
																		"south": { "texture": "#saddlemain", "uv": [ 10.0, 11.0, 11.0, 12.5 ] },
																		"west": { "texture": "#saddlemain", "uv": [ 6.0, 6.5, 6.5, 8.0 ], "windMode": [-1,-1,-1,-1], "windData": [1,1,1,1] },
																		"up": { "texture": "#saddlemain", "uv": [ 4.5, 5.5, 5.5, 6.0 ], "windMode": [-1,-1,-1,-1], "windData": [1,1,1,1] },
																		"down": { "texture": "#saddlemain", "uv": [ 9.0, 9.5, 10.0, 10.0 ], "windMode": [-1,-1,-1,-1], "windData": [1,1,1,1] }
																	}
																}
															]
														},
														{
															"name": "RainExtra10",
															"from": [ 0.23, -0.9, -0.102 ],
															"to": [ 1.23, 0.6, 0.398 ],
															"rotationOrigin": [ 0.2274, 0.46, 0.098 ],
															"faces": {
																"north": { "texture": "#saddlemain", "uv": [ 9.5, 7.0, 10.5, 8.5 ], "windMode": [-1,-1,-1,-1], "windData": [1,1,1,1] },
																"east": { "texture": "#saddlemain", "uv": [ 4.0, 4.0, 4.5, 5.5 ], "windMode": [-1,-1,-1,-1], "windData": [1,1,1,1] },
																"south": { "texture": "#saddlemain", "uv": [ 10.0, 11.0, 11.0, 12.5 ] },
																"west": { "texture": "#saddlemain", "uv": [ 6.0, 6.5, 6.5, 8.0 ], "windMode": [-1,-1,-1,-1], "windData": [1,1,1,1] },
																"up": { "texture": "#saddlemain", "uv": [ 4.5, 5.5, 5.5, 6.0 ], "windMode": [-1,-1,-1,-1], "windData": [1,1,1,1] },
																"down": { "texture": "#saddlemain", "uv": [ 9.0, 9.5, 10.0, 10.0 ], "windMode": [-1,-1,-1,-1], "windData": [1,1,1,1] }
															}
														},
														{
															"name": "RainExtra11",
															"from": [ 1.73, -0.9, -0.102 ],
															"to": [ 2.73, 0.6, 0.398 ],
															"rotationOrigin": [ 1.7274, 0.46, 0.098 ],
															"rotationZ": 5.0,
															"faces": {
																"north": { "texture": "#saddlemain", "uv": [ 9.5, 7.0, 10.5, 8.5 ], "windMode": [-1,-1,-1,-1], "windData": [1,1,1,1] },
																"east": { "texture": "#saddlemain", "uv": [ 4.0, 4.0, 4.5, 5.5 ], "windMode": [-1,-1,-1,-1], "windData": [1,1,1,1] },
																"south": { "texture": "#saddlemain", "uv": [ 10.0, 11.0, 11.0, 12.5 ] },
																"west": { "texture": "#saddlemain", "uv": [ 6.0, 6.5, 6.5, 8.0 ], "windMode": [-1,-1,-1,-1], "windData": [1,1,1,1] },
																"up": { "texture": "#saddlemain", "uv": [ 4.5, 5.5, 5.5, 6.0 ], "windMode": [-1,-1,-1,-1], "windData": [1,1,1,1] },
																"down": { "texture": "#saddlemain", "uv": [ 9.0, 9.5, 10.0, 10.0 ], "windMode": [-1,-1,-1,-1], "windData": [1,1,1,1] }
															}
														}
													]
												},
												{
													"name": "RainExtra5",
													"from": [ 0.74, -0.9, -0.101 ],
													"to": [ 1.74, 0.6, 0.399 ],
													"rotationOrigin": [ 0.7422, 0.55, 0.099 ],
													"rotationZ": -1.0,
													"faces": {
														"north": { "texture": "#saddlemain", "uv": [ 9.5, 7.0, 10.5, 8.5 ], "windMode": [-1,-1,-1,-1], "windData": [1,1,1,1] },
														"east": { "texture": "#saddlemain", "uv": [ 4.0, 4.0, 4.5, 5.5 ], "windMode": [-1,-1,-1,-1], "windData": [1,1,1,1] },
														"south": { "texture": "#saddlemain", "uv": [ 10.0, 11.0, 11.0, 12.5 ] },
														"west": { "texture": "#saddlemain", "uv": [ 6.0, 6.5, 6.5, 8.0 ], "windMode": [-1,-1,-1,-1], "windData": [1,1,1,1] },
														"up": { "texture": "#saddlemain", "uv": [ 4.5, 5.5, 5.5, 6.0 ], "windMode": [-1,-1,-1,-1], "windData": [1,1,1,1] },
														"down": { "texture": "#saddlemain", "uv": [ 9.0, 9.5, 10.0, 10.0 ], "windMode": [-1,-1,-1,-1], "windData": [1,1,1,1] }
													}
												},
												{
													"name": "RainExtra8",
													"from": [ 2.24, -0.9, -0.101 ],
													"to": [ 3.24, 0.6, 0.399 ],
													"rotationOrigin": [ 2.2422, 0.55, 0.099 ],
													"faces": {
														"north": { "texture": "#saddlemain", "uv": [ 9.5, 7.0, 10.5, 8.5 ], "windMode": [-1,-1,-1,-1], "windData": [1,1,1,1] },
														"east": { "texture": "#saddlemain", "uv": [ 4.0, 4.0, 4.5, 5.5 ], "windMode": [-1,-1,-1,-1], "windData": [1,1,1,1] },
														"south": { "texture": "#saddlemain", "uv": [ 10.0, 11.0, 11.0, 12.5 ] },
														"west": { "texture": "#saddlemain", "uv": [ 6.0, 6.5, 6.5, 8.0 ], "windMode": [-1,-1,-1,-1], "windData": [1,1,1,1] },
														"up": { "texture": "#saddlemain", "uv": [ 4.5, 5.5, 5.5, 6.0 ], "windMode": [-1,-1,-1,-1], "windData": [1,1,1,1] },
														"down": { "texture": "#saddlemain", "uv": [ 9.0, 9.5, 10.0, 10.0 ], "windMode": [-1,-1,-1,-1], "windData": [1,1,1,1] }
													}
												},
												{
													"name": "RainExtra9",
													"from": [ 3.74, -0.9, -0.101 ],
													"to": [ 4.74, 0.6, 0.399 ],
													"rotationOrigin": [ 3.7422, 0.55, 0.099 ],
													"faces": {
														"north": { "texture": "#saddlemain", "uv": [ 9.5, 7.0, 10.5, 8.5 ], "windMode": [-1,-1,-1,-1], "windData": [1,1,1,1] },
														"east": { "texture": "#saddlemain", "uv": [ 4.0, 4.0, 4.5, 5.5 ], "windMode": [-1,-1,-1,-1], "windData": [1,1,1,1] },
														"south": { "texture": "#saddlemain", "uv": [ 10.0, 11.0, 11.0, 12.5 ] },
														"west": { "texture": "#saddlemain", "uv": [ 6.0, 6.5, 6.5, 8.0 ], "windMode": [-1,-1,-1,-1], "windData": [1,1,1,1] },
														"up": { "texture": "#saddlemain", "uv": [ 4.5, 5.5, 5.5, 6.0 ], "windMode": [-1,-1,-1,-1], "windData": [1,1,1,1] },
														"down": { "texture": "#saddlemain", "uv": [ 9.0, 9.5, 10.0, 10.0 ], "windMode": [-1,-1,-1,-1], "windData": [1,1,1,1] }
													}
												}
											]
										},
										{
											"name": "ReinsN9",
											"from": [ 0.0, 0.0, 0.501 ],
											"to": [ 2.0, 0.5, 0.801 ],
											"rotationOrigin": [ 0.0, 0.0, 0.4 ],
											"rotationY": 180.0,
											"rotationZ": 35.0,
											"faces": {
												"north": { "texture": "#bridlemain", "uv": [ 7.5, 7.5, 9.5, 8.0 ] },
												"east": { "texture": "#bridlemain", "uv": [ 4.0, 3.5, 4.5, 4.0 ] },
												"south": { "texture": "#bridlemain", "uv": [ 8.5, 6.0, 10.5, 6.5 ] },
												"west": { "texture": "#bridlemain", "uv": [ 5.5, 7.0, 6.0, 7.5 ] },
												"up": { "texture": "#bridlemain", "uv": [ 4.5, 4.5, 6.5, 5.0 ] },
												"down": { "texture": "#bridlemain", "uv": [ 5.0, 7.0, 7.0, 7.5 ] }
											},
											"children": [
												{
													"name": "RainExtra6",
													"from": [ 0.6, -0.8, -0.1 ],
													"to": [ 1.6, 0.7, 0.4 ],
													"rotationOrigin": [ 0.6, 0.7, 0.099 ],
													"rotationZ": -10.0,
													"faces": {
														"north": { "texture": "#saddlemain", "uv": [ 9.5, 7.0, 10.5, 8.5 ], "windMode": [-1,-1,-1,-1], "windData": [1,1,1,1] },
														"east": { "texture": "#saddlemain", "uv": [ 4.0, 4.0, 4.5, 5.5 ], "windMode": [-1,-1,-1,-1], "windData": [1,1,1,1] },
														"south": { "texture": "#saddlemain", "uv": [ 10.0, 11.0, 11.0, 12.5 ] },
														"west": { "texture": "#saddlemain", "uv": [ 6.0, 6.5, 6.5, 8.0 ], "windMode": [-1,-1,-1,-1], "windData": [1,1,1,1] },
														"up": { "texture": "#saddlemain", "uv": [ 4.5, 5.5, 5.5, 6.0 ], "windMode": [-1,-1,-1,-1], "windData": [1,1,1,1] },
														"down": { "texture": "#saddlemain", "uv": [ 9.0, 9.5, 10.0, 10.0 ], "windMode": [-1,-1,-1,-1], "windData": [1,1,1,1] }
													}
												}
											]
										},
										{
											"name": "RainExtra",
											"from": [ 0.2, -0.9, -0.1 ],
											"to": [ 1.2, 0.6, 0.4 ],
											"rotationOrigin": [ 0.2, 0.6, 0.1 ],
											"rotationZ": -4.0,
											"faces": {
												"north": { "texture": "#saddlemain", "uv": [ 9.5, 7.0, 10.5, 8.5 ], "windMode": [-1,-1,-1,-1], "windData": [1,1,1,1] },
												"east": { "texture": "#saddlemain", "uv": [ 4.0, 4.0, 4.5, 5.5 ], "windMode": [-1,-1,-1,-1], "windData": [1,1,1,1] },
												"south": { "texture": "#saddlemain", "uv": [ 10.0, 11.0, 11.0, 12.5 ] },
												"west": { "texture": "#saddlemain", "uv": [ 6.0, 6.5, 6.5, 8.0 ], "windMode": [-1,-1,-1,-1], "windData": [1,1,1,1] },
												"up": { "texture": "#saddlemain", "uv": [ 4.5, 5.5, 5.5, 6.0 ], "windMode": [-1,-1,-1,-1], "windData": [1,1,1,1] },
												"down": { "texture": "#saddlemain", "uv": [ 9.0, 9.5, 10.0, 10.0 ], "windMode": [-1,-1,-1,-1], "windData": [1,1,1,1] }
											}
										},
										{
											"name": "RainExtra2",
											"from": [ 1.7, -0.9, -0.1 ],
											"to": [ 2.7, 0.6, 0.4 ],
											"rotationOrigin": [ 1.7, 0.6, 0.1 ],
											"faces": {
												"north": { "texture": "#saddlemain", "uv": [ 9.5, 7.0, 10.5, 8.5 ], "windMode": [-1,-1,-1,-1], "windData": [1,1,1,1] },
												"east": { "texture": "#saddlemain", "uv": [ 4.0, 4.0, 4.5, 5.5 ], "windMode": [-1,-1,-1,-1], "windData": [1,1,1,1] },
												"south": { "texture": "#saddlemain", "uv": [ 10.0, 11.0, 11.0, 12.5 ] },
												"west": { "texture": "#saddlemain", "uv": [ 6.0, 6.5, 6.5, 8.0 ], "windMode": [-1,-1,-1,-1], "windData": [1,1,1,1] },
												"up": { "texture": "#saddlemain", "uv": [ 4.5, 5.5, 5.5, 6.0 ], "windMode": [-1,-1,-1,-1], "windData": [1,1,1,1] },
												"down": { "texture": "#saddlemain", "uv": [ 9.0, 9.5, 10.0, 10.0 ], "windMode": [-1,-1,-1,-1], "windData": [1,1,1,1] }
											}
										},
										{
											"name": "RainExtra3",
											"from": [ 3.2, -0.9, -0.1 ],
											"to": [ 4.2, 0.6, 0.4 ],
											"rotationOrigin": [ 3.2, 0.6, 0.1 ],
											"faces": {
												"north": { "texture": "#saddlemain", "uv": [ 9.5, 7.0, 10.5, 8.5 ], "windMode": [-1,-1,-1,-1], "windData": [1,1,1,1] },
												"east": { "texture": "#saddlemain", "uv": [ 4.0, 4.0, 4.5, 5.5 ], "windMode": [-1,-1,-1,-1], "windData": [1,1,1,1] },
												"south": { "texture": "#saddlemain", "uv": [ 10.0, 11.0, 11.0, 12.5 ] },
												"west": { "texture": "#saddlemain", "uv": [ 6.0, 6.5, 6.5, 8.0 ], "windMode": [-1,-1,-1,-1], "windData": [1,1,1,1] },
												"up": { "texture": "#saddlemain", "uv": [ 4.5, 5.5, 5.5, 6.0 ], "windMode": [-1,-1,-1,-1], "windData": [1,1,1,1] },
												"down": { "texture": "#saddlemain", "uv": [ 9.0, 9.5, 10.0, 10.0 ], "windMode": [-1,-1,-1,-1], "windData": [1,1,1,1] }
											}
										},
										{
											"name": "RainExtra4",
											"from": [ 4.7, -0.9, -0.1 ],
											"to": [ 5.7, 0.6, 0.4 ],
											"rotationOrigin": [ 4.7, 0.6, 0.1 ],
											"faces": {
												"north": { "texture": "#saddlemain", "uv": [ 9.5, 7.0, 10.5, 8.5 ], "windMode": [-1,-1,-1,-1], "windData": [1,1,1,1] },
												"east": { "texture": "#saddlemain", "uv": [ 4.0, 4.0, 4.5, 5.5 ], "windMode": [-1,-1,-1,-1], "windData": [1,1,1,1] },
												"south": { "texture": "#saddlemain", "uv": [ 10.0, 11.0, 11.0, 12.5 ] },
												"west": { "texture": "#saddlemain", "uv": [ 6.0, 6.5, 6.5, 8.0 ], "windMode": [-1,-1,-1,-1], "windData": [1,1,1,1] },
												"up": { "texture": "#saddlemain", "uv": [ 4.5, 5.5, 5.5, 6.0 ], "windMode": [-1,-1,-1,-1], "windData": [1,1,1,1] },
												"down": { "texture": "#saddlemain", "uv": [ 9.0, 9.5, 10.0, 10.0 ], "windMode": [-1,-1,-1,-1], "windData": [1,1,1,1] }
											}
										},
										{
											"name": "RainExtra7",
											"from": [ 6.2, -0.9, -0.1 ],
											"to": [ 7.2, 0.6, 0.4 ],
											"rotationOrigin": [ 6.2, 0.6, 0.1 ],
											"rotationZ": 4.0,
											"faces": {
												"north": { "texture": "#saddlemain", "uv": [ 9.5, 7.0, 10.5, 8.5 ], "windMode": [-1,-1,-1,-1], "windData": [1,1,1,1] },
												"east": { "texture": "#saddlemain", "uv": [ 4.0, 4.0, 4.5, 5.5 ], "windMode": [-1,-1,-1,-1], "windData": [1,1,1,1] },
												"south": { "texture": "#saddlemain", "uv": [ 10.0, 11.0, 11.0, 12.5 ] },
												"west": { "texture": "#saddlemain", "uv": [ 6.0, 6.5, 6.5, 8.0 ], "windMode": [-1,-1,-1,-1], "windData": [1,1,1,1] },
												"up": { "texture": "#saddlemain", "uv": [ 4.5, 5.5, 5.5, 6.0 ], "windMode": [-1,-1,-1,-1], "windData": [1,1,1,1] },
												"down": { "texture": "#saddlemain", "uv": [ 9.0, 9.5, 10.0, 10.0 ], "windMode": [-1,-1,-1,-1], "windData": [1,1,1,1] }
											}
										}
									]
								},
								{
									"name": "Noseband28",
									"from": [ -1.78, -1.49, 0.56 ],
									"to": [ -1.43, -1.15, 4.49 ],
									"rotationOrigin": [ -1.8413, -1.5817, 0.56 ],
									"rotationZ": 69.0,
									"faces": {
										"north": { "texture": "#bridlemain", "uv": [ 0.0, 0.0, 0.25, 0.25 ], "windMode": [-1,-1,-1,-1], "windData": [1,1,1,1] },
										"east": { "texture": "#bridlemain", "uv": [ 0.0, 0.0, 3.75, 0.25 ], "windMode": [-1,-1,-1,-1], "windData": [1,1,1,1] },
										"south": { "texture": "#bridlemain", "uv": [ 0.0, 0.0, 0.25, 0.25 ] },
										"west": { "texture": "#bridlemain", "uv": [ 0.0, 0.0, 3.75, 0.25 ], "windMode": [-1,-1,-1,-1], "windData": [1,1,1,1] },
										"up": { "texture": "#bridlemain", "uv": [ 0.0, 0.0, 0.25, 3.75 ], "windMode": [-1,-1,-1,-1], "windData": [1,1,1,1] },
										"down": { "texture": "#bridlemain", "uv": [ 0.0, 0.0, 0.25, 3.75 ], "windMode": [-1,-1,-1,-1], "windData": [1,1,1,1] }
									}
								},
								{
									"name": "ReinsN11",
									"from": [ -0.1, -2.05, 0.55 ],
									"to": [ 6.9, -1.55, 0.85 ],
									"rotationOrigin": [ -0.1, -2.05, 0.88 ],
									"rotationX": -8.0,
									"rotationY": 5.0,
									"rotationZ": 20.0,
									"faces": {
										"north": { "texture": "#bridlemain", "uv": [ 3.5, 8.0, 10.5, 8.5 ] },
										"east": { "texture": "#bridlemain", "uv": [ 7.0, 3.5, 7.5, 4.0 ] },
										"south": { "texture": "#bridlemain", "uv": [ 2.5, 5.0, 9.5, 5.5 ] },
										"west": { "texture": "#bridlemain", "uv": [ 5.5, 7.0, 6.0, 7.5 ] },
										"up": { "texture": "#bridlemain", "uv": [ 2.0, 4.5, 9.0, 5.0 ] },
										"down": { "texture": "#bridlemain", "uv": [ 4.0, 5.5, 11.0, 6.0 ] }
									},
									"children": [
										{
											"name": "ReinsN12",
											"from": [ 7.0, 0.0, 0.001 ],
											"to": [ 12.0, 0.5, 0.301 ],
											"rotationOrigin": [ 7.0, 0.0, 0.33 ],
											"rotationZ": 12.0,
											"faces": {
												"north": { "texture": "#bridlemain", "uv": [ 8.5, 7.0, 13.5, 7.5 ] },
												"east": { "texture": "#bridlemain", "uv": [ 4.0, 3.5, 4.5, 4.0 ] },
												"south": { "texture": "#bridlemain", "uv": [ 8.0, 7.5, 13.0, 8.0 ] },
												"west": { "texture": "#bridlemain", "uv": [ 5.5, 7.0, 6.0, 7.5 ] },
												"up": { "texture": "#bridlemain", "uv": [ 6.5, 5.5, 11.5, 6.0 ] },
												"down": { "texture": "#bridlemain", "uv": [ 6.0, 5.5, 11.0, 6.0 ] }
											},
											"children": [
												{
													"name": "ReinsN13",
													"from": [ 5.0, 0.0, 0.001 ],
													"to": [ 8.0, 0.5, 0.301 ],
													"rotationOrigin": [ 5.0, 0.0, 0.33 ],
													"rotationZ": 15.0,
													"faces": {
														"north": { "texture": "#bridlemain", "uv": [ 8.0, 7.0, 11.0, 7.5 ] },
														"east": { "texture": "#bridlemain", "uv": [ 6.0, 4.5, 6.5, 5.0 ] },
														"south": { "texture": "#bridlemain", "uv": [ 5.0, 5.0, 8.0, 5.5 ] },
														"west": { "texture": "#bridlemain", "uv": [ 5.5, 7.0, 6.0, 7.5 ] },
														"up": { "texture": "#bridlemain", "uv": [ 6.0, 5.5, 9.0, 6.0 ] },
														"down": { "texture": "#bridlemain", "uv": [ 5.0, 5.0, 8.0, 5.5 ] }
													},
													"children": [
														{
															"name": "ReinsN14",
															"from": [ 3.0, 0.0, 0.0 ],
															"to": [ 6.0, 0.5, 0.3 ],
															"rotationOrigin": [ 3.0, 0.0, 0.33 ],
															"rotationZ": 20.0,
															"faces": {
																"north": { "texture": "#bridlemain", "uv": [ 6.5, 8.0, 9.5, 8.5 ] },
																"east": { "texture": "#bridlemain", "uv": [ 8.5, 5.0, 9.0, 5.5 ] },
																"south": { "texture": "#bridlemain", "uv": [ 8.5, 7.0, 11.5, 7.5 ] },
																"west": { "texture": "#bridlemain", "uv": [ 6.0, 7.0, 6.5, 7.5 ] },
																"up": { "texture": "#bridlemain", "uv": [ 4.0, 8.0, 7.0, 8.5 ] },
																"down": { "texture": "#bridlemain", "uv": [ 4.5, 6.0, 7.5, 6.5 ] }
															},
															"children": [
																{
																	"name": "RainExtra14",
																	"from": [ 0.26, -0.89, -0.102 ],
																	"to": [ 1.26, 0.61, 0.398 ],
																	"rotationOrigin": [ 1.06, 0.4675, 0.098 ],
																	"faces": {
																		"north": { "texture": "#saddlemain", "uv": [ 9.5, 7.0, 10.5, 8.5 ], "windMode": [-1,-1,-1,-1], "windData": [1,1,1,1] },
																		"east": { "texture": "#saddlemain", "uv": [ 4.0, 4.0, 4.5, 5.5 ], "windMode": [-1,-1,-1,-1], "windData": [1,1,1,1] },
																		"south": { "texture": "#saddlemain", "uv": [ 10.0, 11.0, 11.0, 12.5 ] },
																		"west": { "texture": "#saddlemain", "uv": [ 6.0, 6.5, 6.5, 8.0 ], "windMode": [-1,-1,-1,-1], "windData": [1,1,1,1] },
																		"up": { "texture": "#saddlemain", "uv": [ 4.5, 5.5, 5.5, 6.0 ], "windMode": [-1,-1,-1,-1], "windData": [1,1,1,1] },
																		"down": { "texture": "#saddlemain", "uv": [ 9.0, 9.5, 10.0, 10.0 ], "windMode": [-1,-1,-1,-1], "windData": [1,1,1,1] }
																	}
																},
																{
																	"name": "RainExtra15",
																	"from": [ 1.76, -0.89, -0.102 ],
																	"to": [ 2.76, 0.61, 0.398 ],
																	"rotationOrigin": [ 2.56, 0.4675, 0.098 ],
																	"faces": {
																		"north": { "texture": "#saddlemain", "uv": [ 9.5, 7.0, 10.5, 8.5 ], "windMode": [-1,-1,-1,-1], "windData": [1,1,1,1] },
																		"east": { "texture": "#saddlemain", "uv": [ 4.0, 4.0, 4.5, 5.5 ], "windMode": [-1,-1,-1,-1], "windData": [1,1,1,1] },
																		"south": { "texture": "#saddlemain", "uv": [ 10.0, 11.0, 11.0, 12.5 ] },
																		"west": { "texture": "#saddlemain", "uv": [ 6.0, 6.5, 6.5, 8.0 ], "windMode": [-1,-1,-1,-1], "windData": [1,1,1,1] },
																		"up": { "texture": "#saddlemain", "uv": [ 4.5, 5.5, 5.5, 6.0 ], "windMode": [-1,-1,-1,-1], "windData": [1,1,1,1] },
																		"down": { "texture": "#saddlemain", "uv": [ 9.0, 9.5, 10.0, 10.0 ], "windMode": [-1,-1,-1,-1], "windData": [1,1,1,1] }
																	}
																}
															]
														},
														{
															"name": "RainExtra16",
															"from": [ 0.23, -0.9, -0.102 ],
															"to": [ 1.23, 0.6, 0.398 ],
															"rotationOrigin": [ 0.2274, 0.46, 0.098 ],
															"faces": {
																"north": { "texture": "#saddlemain", "uv": [ 9.5, 7.0, 10.5, 8.5 ], "windMode": [-1,-1,-1,-1], "windData": [1,1,1,1] },
																"east": { "texture": "#saddlemain", "uv": [ 4.0, 4.0, 4.5, 5.5 ], "windMode": [-1,-1,-1,-1], "windData": [1,1,1,1] },
																"south": { "texture": "#saddlemain", "uv": [ 10.0, 11.0, 11.0, 12.5 ] },
																"west": { "texture": "#saddlemain", "uv": [ 6.0, 6.5, 6.5, 8.0 ], "windMode": [-1,-1,-1,-1], "windData": [1,1,1,1] },
																"up": { "texture": "#saddlemain", "uv": [ 4.5, 5.5, 5.5, 6.0 ], "windMode": [-1,-1,-1,-1], "windData": [1,1,1,1] },
																"down": { "texture": "#saddlemain", "uv": [ 9.0, 9.5, 10.0, 10.0 ], "windMode": [-1,-1,-1,-1], "windData": [1,1,1,1] }
															}
														},
														{
															"name": "RainExtra17",
															"from": [ 1.73, -0.9, -0.102 ],
															"to": [ 2.73, 0.6, 0.398 ],
															"rotationOrigin": [ 1.7274, 0.46, 0.098 ],
															"rotationZ": 5.0,
															"faces": {
																"north": { "texture": "#saddlemain", "uv": [ 9.5, 7.0, 10.5, 8.5 ], "windMode": [-1,-1,-1,-1], "windData": [1,1,1,1] },
																"east": { "texture": "#saddlemain", "uv": [ 4.0, 4.0, 4.5, 5.5 ], "windMode": [-1,-1,-1,-1], "windData": [1,1,1,1] },
																"south": { "texture": "#saddlemain", "uv": [ 10.0, 11.0, 11.0, 12.5 ] },
																"west": { "texture": "#saddlemain", "uv": [ 6.0, 6.5, 6.5, 8.0 ], "windMode": [-1,-1,-1,-1], "windData": [1,1,1,1] },
																"up": { "texture": "#saddlemain", "uv": [ 4.5, 5.5, 5.5, 6.0 ], "windMode": [-1,-1,-1,-1], "windData": [1,1,1,1] },
																"down": { "texture": "#saddlemain", "uv": [ 9.0, 9.5, 10.0, 10.0 ], "windMode": [-1,-1,-1,-1], "windData": [1,1,1,1] }
															}
														}
													]
												},
												{
													"name": "RainExtra18",
													"from": [ 0.74, -0.9, -0.101 ],
													"to": [ 1.74, 0.6, 0.399 ],
													"rotationOrigin": [ 0.7422, 0.55, 0.099 ],
													"rotationZ": -1.0,
													"faces": {
														"north": { "texture": "#saddlemain", "uv": [ 9.5, 7.0, 10.5, 8.5 ], "windMode": [-1,-1,-1,-1], "windData": [1,1,1,1] },
														"east": { "texture": "#saddlemain", "uv": [ 4.0, 4.0, 4.5, 5.5 ], "windMode": [-1,-1,-1,-1], "windData": [1,1,1,1] },
														"south": { "texture": "#saddlemain", "uv": [ 10.0, 11.0, 11.0, 12.5 ] },
														"west": { "texture": "#saddlemain", "uv": [ 6.0, 6.5, 6.5, 8.0 ], "windMode": [-1,-1,-1,-1], "windData": [1,1,1,1] },
														"up": { "texture": "#saddlemain", "uv": [ 4.5, 5.5, 5.5, 6.0 ], "windMode": [-1,-1,-1,-1], "windData": [1,1,1,1] },
														"down": { "texture": "#saddlemain", "uv": [ 9.0, 9.5, 10.0, 10.0 ], "windMode": [-1,-1,-1,-1], "windData": [1,1,1,1] }
													}
												},
												{
													"name": "RainExtra19",
													"from": [ 2.24, -0.9, -0.101 ],
													"to": [ 3.24, 0.6, 0.399 ],
													"rotationOrigin": [ 2.2422, 0.55, 0.099 ],
													"faces": {
														"north": { "texture": "#saddlemain", "uv": [ 9.5, 7.0, 10.5, 8.5 ], "windMode": [-1,-1,-1,-1], "windData": [1,1,1,1] },
														"east": { "texture": "#saddlemain", "uv": [ 4.0, 4.0, 4.5, 5.5 ], "windMode": [-1,-1,-1,-1], "windData": [1,1,1,1] },
														"south": { "texture": "#saddlemain", "uv": [ 10.0, 11.0, 11.0, 12.5 ] },
														"west": { "texture": "#saddlemain", "uv": [ 6.0, 6.5, 6.5, 8.0 ], "windMode": [-1,-1,-1,-1], "windData": [1,1,1,1] },
														"up": { "texture": "#saddlemain", "uv": [ 4.5, 5.5, 5.5, 6.0 ], "windMode": [-1,-1,-1,-1], "windData": [1,1,1,1] },
														"down": { "texture": "#saddlemain", "uv": [ 9.0, 9.5, 10.0, 10.0 ], "windMode": [-1,-1,-1,-1], "windData": [1,1,1,1] }
													}
												},
												{
													"name": "RainExtra20",
													"from": [ 3.74, -0.9, -0.101 ],
													"to": [ 4.74, 0.6, 0.399 ],
													"rotationOrigin": [ 3.7422, 0.55, 0.099 ],
													"faces": {
														"north": { "texture": "#saddlemain", "uv": [ 9.5, 7.0, 10.5, 8.5 ], "windMode": [-1,-1,-1,-1], "windData": [1,1,1,1] },
														"east": { "texture": "#saddlemain", "uv": [ 4.0, 4.0, 4.5, 5.5 ], "windMode": [-1,-1,-1,-1], "windData": [1,1,1,1] },
														"south": { "texture": "#saddlemain", "uv": [ 10.0, 11.0, 11.0, 12.5 ] },
														"west": { "texture": "#saddlemain", "uv": [ 6.0, 6.5, 6.5, 8.0 ], "windMode": [-1,-1,-1,-1], "windData": [1,1,1,1] },
														"up": { "texture": "#saddlemain", "uv": [ 4.5, 5.5, 5.5, 6.0 ], "windMode": [-1,-1,-1,-1], "windData": [1,1,1,1] },
														"down": { "texture": "#saddlemain", "uv": [ 9.0, 9.5, 10.0, 10.0 ], "windMode": [-1,-1,-1,-1], "windData": [1,1,1,1] }
													}
												}
											]
										},
										{
											"name": "ReinsN15",
											"from": [ 0.0, 0.0, 0.5 ],
											"to": [ 2.0, 0.5, 0.8 ],
											"rotationOrigin": [ 0.0, 0.0, 0.4 ],
											"rotationY": 180.0,
											"rotationZ": 35.0,
											"faces": {
												"north": { "texture": "#bridlemain", "uv": [ 7.5, 7.5, 9.5, 8.0 ] },
												"east": { "texture": "#bridlemain", "uv": [ 4.0, 3.5, 4.5, 4.0 ] },
												"south": { "texture": "#bridlemain", "uv": [ 8.5, 6.0, 10.5, 6.5 ] },
												"west": { "texture": "#bridlemain", "uv": [ 5.5, 7.0, 6.0, 7.5 ] },
												"up": { "texture": "#bridlemain", "uv": [ 4.5, 4.5, 6.5, 5.0 ] },
												"down": { "texture": "#bridlemain", "uv": [ 5.0, 7.0, 7.0, 7.5 ] }
											},
											"children": [
												{
													"name": "RainExtra21",
													"from": [ 0.6, -0.8, -0.1 ],
													"to": [ 1.6, 0.7, 0.4 ],
													"rotationOrigin": [ 0.6, 0.7, 0.099 ],
													"rotationZ": -10.0,
													"faces": {
														"north": { "texture": "#saddlemain", "uv": [ 9.5, 7.0, 10.5, 8.5 ], "windMode": [-1,-1,-1,-1], "windData": [1,1,1,1] },
														"east": { "texture": "#saddlemain", "uv": [ 4.0, 4.0, 4.5, 5.5 ], "windMode": [-1,-1,-1,-1], "windData": [1,1,1,1] },
														"south": { "texture": "#saddlemain", "uv": [ 10.0, 11.0, 11.0, 12.5 ] },
														"west": { "texture": "#saddlemain", "uv": [ 6.0, 6.5, 6.5, 8.0 ], "windMode": [-1,-1,-1,-1], "windData": [1,1,1,1] },
														"up": { "texture": "#saddlemain", "uv": [ 4.5, 5.5, 5.5, 6.0 ], "windMode": [-1,-1,-1,-1], "windData": [1,1,1,1] },
														"down": { "texture": "#saddlemain", "uv": [ 9.0, 9.5, 10.0, 10.0 ], "windMode": [-1,-1,-1,-1], "windData": [1,1,1,1] }
													}
												}
											]
										},
										{
											"name": "RainExtra22",
											"from": [ 0.2, -0.9, -0.1 ],
											"to": [ 1.2, 0.6, 0.4 ],
											"rotationOrigin": [ 0.2, 0.6, 0.1 ],
											"rotationZ": -4.0,
											"faces": {
												"north": { "texture": "#saddlemain", "uv": [ 9.5, 7.0, 10.5, 8.5 ], "windMode": [-1,-1,-1,-1], "windData": [1,1,1,1] },
												"east": { "texture": "#saddlemain", "uv": [ 4.0, 4.0, 4.5, 5.5 ], "windMode": [-1,-1,-1,-1], "windData": [1,1,1,1] },
												"south": { "texture": "#saddlemain", "uv": [ 10.0, 11.0, 11.0, 12.5 ] },
												"west": { "texture": "#saddlemain", "uv": [ 6.0, 6.5, 6.5, 8.0 ], "windMode": [-1,-1,-1,-1], "windData": [1,1,1,1] },
												"up": { "texture": "#saddlemain", "uv": [ 4.5, 5.5, 5.5, 6.0 ], "windMode": [-1,-1,-1,-1], "windData": [1,1,1,1] },
												"down": { "texture": "#saddlemain", "uv": [ 9.0, 9.5, 10.0, 10.0 ], "windMode": [-1,-1,-1,-1], "windData": [1,1,1,1] }
											}
										},
										{
											"name": "RainExtra23",
											"from": [ 1.7, -0.9, -0.1 ],
											"to": [ 2.7, 0.6, 0.4 ],
											"rotationOrigin": [ 1.7, 0.6, 0.1 ],
											"faces": {
												"north": { "texture": "#saddlemain", "uv": [ 9.5, 7.0, 10.5, 8.5 ], "windMode": [-1,-1,-1,-1], "windData": [1,1,1,1] },
												"east": { "texture": "#saddlemain", "uv": [ 4.0, 4.0, 4.5, 5.5 ], "windMode": [-1,-1,-1,-1], "windData": [1,1,1,1] },
												"south": { "texture": "#saddlemain", "uv": [ 10.0, 11.0, 11.0, 12.5 ] },
												"west": { "texture": "#saddlemain", "uv": [ 6.0, 6.5, 6.5, 8.0 ], "windMode": [-1,-1,-1,-1], "windData": [1,1,1,1] },
												"up": { "texture": "#saddlemain", "uv": [ 4.5, 5.5, 5.5, 6.0 ], "windMode": [-1,-1,-1,-1], "windData": [1,1,1,1] },
												"down": { "texture": "#saddlemain", "uv": [ 9.0, 9.5, 10.0, 10.0 ], "windMode": [-1,-1,-1,-1], "windData": [1,1,1,1] }
											}
										},
										{
											"name": "RainExtra24",
											"from": [ 3.2, -0.9, -0.1 ],
											"to": [ 4.2, 0.6, 0.4 ],
											"rotationOrigin": [ 3.2, 0.6, 0.1 ],
											"faces": {
												"north": { "texture": "#saddlemain", "uv": [ 9.5, 7.0, 10.5, 8.5 ], "windMode": [-1,-1,-1,-1], "windData": [1,1,1,1] },
												"east": { "texture": "#saddlemain", "uv": [ 4.0, 4.0, 4.5, 5.5 ], "windMode": [-1,-1,-1,-1], "windData": [1,1,1,1] },
												"south": { "texture": "#saddlemain", "uv": [ 10.0, 11.0, 11.0, 12.5 ] },
												"west": { "texture": "#saddlemain", "uv": [ 6.0, 6.5, 6.5, 8.0 ], "windMode": [-1,-1,-1,-1], "windData": [1,1,1,1] },
												"up": { "texture": "#saddlemain", "uv": [ 4.5, 5.5, 5.5, 6.0 ], "windMode": [-1,-1,-1,-1], "windData": [1,1,1,1] },
												"down": { "texture": "#saddlemain", "uv": [ 9.0, 9.5, 10.0, 10.0 ], "windMode": [-1,-1,-1,-1], "windData": [1,1,1,1] }
											}
										},
										{
											"name": "RainExtra25",
											"from": [ 4.7, -0.9, -0.1 ],
											"to": [ 5.7, 0.6, 0.4 ],
											"rotationOrigin": [ 4.7, 0.6, 0.1 ],
											"faces": {
												"north": { "texture": "#saddlemain", "uv": [ 9.5, 7.0, 10.5, 8.5 ], "windMode": [-1,-1,-1,-1], "windData": [1,1,1,1] },
												"east": { "texture": "#saddlemain", "uv": [ 4.0, 4.0, 4.5, 5.5 ], "windMode": [-1,-1,-1,-1], "windData": [1,1,1,1] },
												"south": { "texture": "#saddlemain", "uv": [ 10.0, 11.0, 11.0, 12.5 ] },
												"west": { "texture": "#saddlemain", "uv": [ 6.0, 6.5, 6.5, 8.0 ], "windMode": [-1,-1,-1,-1], "windData": [1,1,1,1] },
												"up": { "texture": "#saddlemain", "uv": [ 4.5, 5.5, 5.5, 6.0 ], "windMode": [-1,-1,-1,-1], "windData": [1,1,1,1] },
												"down": { "texture": "#saddlemain", "uv": [ 9.0, 9.5, 10.0, 10.0 ], "windMode": [-1,-1,-1,-1], "windData": [1,1,1,1] }
											}
										},
										{
											"name": "RainExtra26",
											"from": [ 6.2, -0.9, -0.1 ],
											"to": [ 7.2, 0.6, 0.4 ],
											"rotationOrigin": [ 6.2, 0.6, 0.1 ],
											"rotationZ": 4.0,
											"faces": {
												"north": { "texture": "#saddlemain", "uv": [ 9.5, 7.0, 10.5, 8.5 ], "windMode": [-1,-1,-1,-1], "windData": [1,1,1,1] },
												"east": { "texture": "#saddlemain", "uv": [ 4.0, 4.0, 4.5, 5.5 ], "windMode": [-1,-1,-1,-1], "windData": [1,1,1,1] },
												"south": { "texture": "#saddlemain", "uv": [ 10.0, 11.0, 11.0, 12.5 ] },
												"west": { "texture": "#saddlemain", "uv": [ 6.0, 6.5, 6.5, 8.0 ], "windMode": [-1,-1,-1,-1], "windData": [1,1,1,1] },
												"up": { "texture": "#saddlemain", "uv": [ 4.5, 5.5, 5.5, 6.0 ], "windMode": [-1,-1,-1,-1], "windData": [1,1,1,1] },
												"down": { "texture": "#saddlemain", "uv": [ 9.0, 9.5, 10.0, 10.0 ], "windMode": [-1,-1,-1,-1], "windData": [1,1,1,1] }
											}
										}
									]
								}
							]
						}
					]
				},
				{
					"name": "Noseband5",
					"from": [ -5.4, -2.52, -1.98 ],
					"to": [ -2.46, -1.98, 1.85 ],
					"rotationOrigin": [ -5.4015, -2.5192, -1.98 ],
					"rotationZ": -31.0,
					"faces": {
						"north": { "texture": "#bridlemain", "uv": [ 0.0, 0.0, 2.75, 0.5 ], "windMode": [-1,-1,-1,-1], "windData": [1,1,1,1] },
						"east": { "texture": "#bridlemain", "uv": [ 0.0, 0.0, 3.75, 0.5 ], "windMode": [-1,-1,-1,-1], "windData": [1,1,1,1] },
						"south": { "texture": "#bridlemain", "uv": [ 0.0, 0.0, 2.75, 0.5 ] },
						"west": { "texture": "#bridlemain", "uv": [ 0.0, 0.0, 3.75, 0.5 ], "windMode": [-1,-1,-1,-1], "windData": [1,1,1,1] },
						"up": { "texture": "#bridlemain", "uv": [ 0.0, 0.0, 2.75, 3.75 ], "windMode": [-1,-1,-1,-1], "windData": [1,1,1,1] },
						"down": { "texture": "#bridlemain", "uv": [ 0.0, 0.0, 2.75, 3.75 ], "windMode": [-1,-1,-1,-1], "windData": [1,1,1,1] }
					},
					"children": [
						{
							"name": "Noseband11",
							"from": [ 0.1, -0.17, 0.1 ],
							"to": [ 2.94, 0.77, 3.73 ],
							"rotationOrigin": [ 0.1278, -0.1699, 0.1 ],
							"faces": {
								"north": { "texture": "#saddlemain", "uv": [ 0.0, 0.0, 2.5, 0.5 ], "windMode": [-1,-1,-1,-1], "windData": [1,1,1,1] },
								"east": { "texture": "#saddlemain", "uv": [ 0.0, 0.0, 3.5, 0.5 ], "windMode": [-1,-1,-1,-1], "windData": [1,1,1,1] },
								"south": { "texture": "#saddlemain", "uv": [ 0.0, 0.0, 2.5, 0.5 ] },
								"west": { "texture": "#saddlemain", "uv": [ 0.0, 0.0, 3.5, 0.5 ], "windMode": [-1,-1,-1,-1], "windData": [1,1,1,1] },
								"up": { "texture": "#saddlemain", "uv": [ 0.0, 0.0, 2.5, 3.5 ], "windMode": [-1,-1,-1,-1], "windData": [1,1,1,1] },
								"down": { "texture": "#saddlemain", "uv": [ 0.0, 0.0, 2.5, 3.5 ], "windMode": [-1,-1,-1,-1], "windData": [1,1,1,1] }
							}
						},
						{
							"name": "Noseband6",
							"from": [ 2.71, -0.04, 0.0 ],
							"to": [ 4.58, 0.5, 0.23 ],
							"rotationOrigin": [ 2.7039, -0.0375, 0.0 ],
							"rotationX": -14.9634,
							"rotationY": 3.6834,
							"rotationZ": 80.4839,
							"faces": {
								"north": { "texture": "#bridlemain", "uv": [ 0.0, 0.0, 1.75, 0.5 ], "windMode": [-1,-1,-1,-1], "windData": [1,1,1,1] },
								"east": { "texture": "#bridlemain", "uv": [ 0.0, 0.0, 0.25, 0.5 ], "windMode": [-1,-1,-1,-1], "windData": [1,1,1,1] },
								"south": { "texture": "#bridlemain", "uv": [ 0.0, 0.0, 1.75, 0.5 ] },
								"west": { "texture": "#bridlemain", "uv": [ 0.0, 0.0, 0.25, 0.5 ], "windMode": [-1,-1,-1,-1], "windData": [1,1,1,1] },
								"up": { "texture": "#bridlemain", "uv": [ 0.0, 0.0, 1.75, 0.25 ], "windMode": [-1,-1,-1,-1], "windData": [1,1,1,1] },
								"down": { "texture": "#bridlemain", "uv": [ 0.0, 0.0, 1.75, 0.25 ], "windMode": [-1,-1,-1,-1], "windData": [1,1,1,1] }
							},
							"children": [
								{
									"name": "Noseband12",
									"from": [ -0.89, 0.0034, 3.3662 ],
									"to": [ 0.98, 0.5434, 3.5962 ],
									"rotationOrigin": [ -0.8959, 0.0034, 3.5962 ],
									"rotationY": -30.8,
									"rotationZ": -4.0,
									"faces": {
										"north": { "texture": "#bridlemain", "uv": [ 0.0, 0.0, 1.75, 0.5 ], "windMode": [-1,-1,-1,-1], "windData": [1,1,1,1] },
										"east": { "texture": "#bridlemain", "uv": [ 0.0, 0.0, 0.25, 0.5 ], "windMode": [-1,-1,-1,-1], "windData": [1,1,1,1] },
										"south": { "texture": "#bridlemain", "uv": [ 0.0, 0.0, 1.75, 0.5 ] },
										"west": { "texture": "#bridlemain", "uv": [ 0.0, 0.0, 0.25, 0.5 ], "windMode": [-1,-1,-1,-1], "windData": [1,1,1,1] },
										"up": { "texture": "#bridlemain", "uv": [ 0.0, 0.0, 1.75, 0.25 ], "windMode": [-1,-1,-1,-1], "windData": [1,1,1,1] },
										"down": { "texture": "#bridlemain", "uv": [ 0.0, 0.0, 1.75, 0.25 ], "windMode": [-1,-1,-1,-1], "windData": [1,1,1,1] }
									},
									"children": [
										{
											"name": "Noseband13",
											"from": [ 1.7955, 0.001, 0.0132 ],
											"to": [ 5.0355, 0.541, 0.2432 ],
											"rotationOrigin": [ 1.794, 0.001, 0.0132 ],
											"rotationY": 15.4,
											"rotationZ": 12.0,
											"faces": {
												"north": { "texture": "#bridlemain", "uv": [ 0.0, 0.0, 3.0, 0.5 ], "windMode": [-1,-1,-1,-1], "windData": [1,1,1,1] },
												"east": { "texture": "#bridlemain", "uv": [ 0.0, 0.0, 0.25, 0.5 ], "windMode": [-1,-1,-1,-1], "windData": [1,1,1,1] },
												"south": { "texture": "#bridlemain", "uv": [ 0.0, 0.0, 3.0, 0.5 ] },
												"west": { "texture": "#bridlemain", "uv": [ 0.0, 0.0, 0.25, 0.5 ], "windMode": [-1,-1,-1,-1], "windData": [1,1,1,1] },
												"up": { "texture": "#bridlemain", "uv": [ 0.0, 0.0, 3.0, 0.25 ], "windMode": [-1,-1,-1,-1], "windData": [1,1,1,1] },
												"down": { "texture": "#bridlemain", "uv": [ 0.0, 0.0, 3.0, 0.25 ], "windMode": [-1,-1,-1,-1], "windData": [1,1,1,1] }
											},
											"children": [
												{
													"name": "Noseband8",
													"from": [ 3.4, 0.0, -4.5 ],
													"to": [ 6.54, 0.54, 0.23 ],
													"rotationOrigin": [ 3.3985, 0.0, -4.5 ],
													"rotationZ": 20.7,
													"faces": {
														"north": { "texture": "#bridlemain", "uv": [ 0.0, 0.0, 3.0, 0.5 ], "windMode": [-1,-1,-1,-1], "windData": [1,1,1,1] },
														"east": { "texture": "#bridlemain", "uv": [ 0.0, 0.0, 4.5, 0.5 ], "windMode": [-1,-1,-1,-1], "windData": [1,1,1,1] },
														"south": { "texture": "#bridlemain", "uv": [ 0.0, 0.0, 3.0, 0.5 ] },
														"west": { "texture": "#bridlemain", "uv": [ 0.0, 0.0, 4.5, 0.5 ], "windMode": [-1,-1,-1,-1], "windData": [1,1,1,1] },
														"up": { "texture": "#bridlemain", "uv": [ 0.0, 0.0, 3.0, 4.5 ], "windMode": [-1,-1,-1,-1], "windData": [1,1,1,1] },
														"down": { "texture": "#bridlemain", "uv": [ 0.0, 0.0, 3.0, 4.5 ], "windMode": [-1,-1,-1,-1], "windData": [1,1,1,1] }
													}
												}
											]
										}
									]
								},
								{
									"name": "Noseband7",
									"from": [ 1.8612, 0.0044, -0.0047 ],
									"to": [ 5.1012, 0.5444, 0.2253 ],
									"rotationOrigin": [ 1.8597, 0.0044, -0.0047 ],
									"rotationY": -15.4,
									"rotationZ": 4.0,
									"faces": {
										"north": { "texture": "#bridlemain", "uv": [ 0.0, 0.0, 3.0, 0.5 ], "windMode": [-1,-1,-1,-1], "windData": [1,1,1,1] },
										"east": { "texture": "#bridlemain", "uv": [ 0.0, 0.0, 0.25, 0.5 ], "windMode": [-1,-1,-1,-1], "windData": [1,1,1,1] },
										"south": { "texture": "#bridlemain", "uv": [ 0.0, 0.0, 3.0, 0.5 ] },
										"west": { "texture": "#bridlemain", "uv": [ 0.0, 0.0, 0.25, 0.5 ], "windMode": [-1,-1,-1,-1], "windData": [1,1,1,1] },
										"up": { "texture": "#bridlemain", "uv": [ 0.0, 0.0, 3.0, 0.25 ], "windMode": [-1,-1,-1,-1], "windData": [1,1,1,1] },
										"down": { "texture": "#bridlemain", "uv": [ 0.0, 0.0, 3.0, 0.25 ], "windMode": [-1,-1,-1,-1], "windData": [1,1,1,1] }
									},
									"children": [
										{
											"name": "Noseband10",
											"from": [ 5.0, 0.2, -0.1 ],
											"to": [ 7.04, 0.54, 4.83 ],
											"rotationOrigin": [ 5.0, 0.7, -0.1 ],
											"rotationZ": 129.0,
											"faces": {
												"north": { "texture": "#bridlemain", "uv": [ 0.0, 0.0, 2.0, 0.25 ], "windMode": [-1,-1,-1,-1], "windData": [1,1,1,1] },
												"east": { "texture": "#bridlemain", "uv": [ 0.0, 0.0, 4.75, 0.25 ], "windMode": [-1,-1,-1,-1], "windData": [1,1,1,1] },
												"south": { "texture": "#bridlemain", "uv": [ 0.0, 0.0, 2.0, 0.25 ] },
												"west": { "texture": "#bridlemain", "uv": [ 0.0, 0.0, 4.75, 0.25 ], "windMode": [-1,-1,-1,-1], "windData": [1,1,1,1] },
												"up": { "texture": "#bridlemain", "uv": [ 0.0, 0.0, 2.0, 4.75 ], "windMode": [-1,-1,-1,-1], "windData": [1,1,1,1] },
												"down": { "texture": "#bridlemain", "uv": [ 0.0, 0.0, 2.0, 4.75 ], "windMode": [-1,-1,-1,-1], "windData": [1,1,1,1] }
											},
											"children": [
												{
													"name": "Noseband14",
													"from": [ 2.0, 0.0, 1.0 ],
													"to": [ 2.44, 0.34, 3.93 ],
													"rotationOrigin": [ 2.0, 0.5, 1.0 ],
													"faces": {
														"north": { "texture": "#bridlemain", "uv": [ 0.0, 0.0, 0.25, 0.25 ], "windMode": [-1,-1,-1,-1], "windData": [1,1,1,1] },
														"east": { "texture": "#bridlemain", "uv": [ 0.0, 0.0, 2.75, 0.25 ], "windMode": [-1,-1,-1,-1], "windData": [1,1,1,1] },
														"south": { "texture": "#bridlemain", "uv": [ 0.0, 0.0, 0.25, 0.25 ] },
														"west": { "texture": "#bridlemain", "uv": [ 0.0, 0.0, 2.75, 0.25 ], "windMode": [-1,-1,-1,-1], "windData": [1,1,1,1] },
														"up": { "texture": "#bridlemain", "uv": [ 0.0, 0.0, 0.25, 2.75 ], "windMode": [-1,-1,-1,-1], "windData": [1,1,1,1] },
														"down": { "texture": "#bridlemain", "uv": [ 0.0, 0.0, 0.25, 2.75 ], "windMode": [-1,-1,-1,-1], "windData": [1,1,1,1] }
													}
												}
											]
										},
										{
											"name": "Noseband15",
											"from": [ 3.1, 0.4, 0.0 ],
											"to": [ 7.44, 0.94, 4.73 ],
											"rotationOrigin": [ 3.0985, 0.4, 0.0 ],
											"rotationZ": -133.0,
											"faces": {
												"north": { "texture": "#bridlemain", "uv": [ 0.0, 0.0, 4.25, 0.5 ], "windMode": [-1,-1,-1,-1], "windData": [1,1,1,1] },
												"east": { "texture": "#bridlemain", "uv": [ 0.0, 0.0, 4.5, 0.5 ], "windMode": [-1,-1,-1,-1], "windData": [1,1,1,1] },
												"south": { "texture": "#bridlemain", "uv": [ 0.0, 0.0, 4.25, 0.5 ] },
												"west": { "texture": "#bridlemain", "uv": [ 0.0, 0.0, 4.5, 0.5 ], "windMode": [-1,-1,-1,-1], "windData": [1,1,1,1] },
												"up": { "texture": "#bridlemain", "uv": [ 0.0, 0.0, 4.25, 4.5 ], "windMode": [-1,-1,-1,-1], "windData": [1,1,1,1] },
												"down": { "texture": "#bridlemain", "uv": [ 0.0, 0.0, 4.25, 4.5 ], "windMode": [-1,-1,-1,-1], "windData": [1,1,1,1] }
											}
										}
									]
								}
							]
						},
						{
							"name": "Noseband18",
							"from": [ 2.96, -0.14, 3.7 ],
							"to": [ 3.11, 0.66, 3.8 ],
							"rotationOrigin": [ 2.9635, -0.1977, 3.7 ],
							"rotationX": 2.63,
							"rotationY": -3.12,
							"rotationZ": 88.35,
							"faces": {
								"north": { "texture": "#bridlemetal", "uv": [ 0.0, 0.0, 0.5, 0.5 ], "windMode": [-1,-1,-1,-1], "windData": [1,1,1,1] },
								"east": { "texture": "#bridlemetal", "uv": [ 0.0, 0.0, 0.5, 0.5 ], "windMode": [-1,-1,-1,-1], "windData": [1,1,1,1] },
								"south": { "texture": "#bridlemetal", "uv": [ 0.0, 0.0, 0.5, 0.5 ] },
								"west": { "texture": "#bridlemetal", "uv": [ 0.0, 0.0, 0.5, 0.5 ], "windMode": [-1,-1,-1,-1], "windData": [1,1,1,1] },
								"up": { "texture": "#bridlemetal", "uv": [ 0.0, 0.0, 0.5, 0.5 ], "windMode": [-1,-1,-1,-1], "windData": [1,1,1,1] },
								"down": { "texture": "#bridlemetal", "uv": [ 0.0, 0.0, 0.5, 0.5 ], "windMode": [-1,-1,-1,-1], "windData": [1,1,1,1] }
							},
							"children": [
								{
									"name": "Noseband19",
									"from": [ -0.85, 0.0, 0.0 ],
									"to": [ -0.7, 0.8, 0.1 ],
									"rotationOrigin": [ -0.9, 0.0, 0.0 ],
									"faces": {
										"north": { "texture": "#bridlemetal", "uv": [ 0.0, 0.0, 0.5, 0.5 ], "windMode": [-1,-1,-1,-1], "windData": [1,1,1,1] },
										"east": { "texture": "#bridlemetal", "uv": [ 0.0, 0.0, 0.5, 0.5 ], "windMode": [-1,-1,-1,-1], "windData": [1,1,1,1] },
										"south": { "texture": "#bridlemetal", "uv": [ 0.0, 0.0, 0.5, 0.5 ] },
										"west": { "texture": "#bridlemetal", "uv": [ 0.0, 0.0, 0.5, 0.5 ], "windMode": [-1,-1,-1,-1], "windData": [1,1,1,1] },
										"up": { "texture": "#bridlemetal", "uv": [ 0.0, 0.0, 0.5, 0.5 ], "windMode": [-1,-1,-1,-1], "windData": [1,1,1,1] },
										"down": { "texture": "#bridlemetal", "uv": [ 0.0, 0.0, 0.5, 0.5 ], "windMode": [-1,-1,-1,-1], "windData": [1,1,1,1] }
									},
									"children": [
										{
											"name": "Noseband21",
											"from": [ 0.2, 0.9, 0.0 ],
											"to": [ 0.35, 1.5, 0.1 ],
											"rotationOrigin": [ 0.2, 0.9, 0.0 ],
											"rotationZ": -90.0,
											"faces": {
												"north": { "texture": "#bridlemetal", "uv": [ 0.0, 0.0, 0.5, 0.5 ], "windMode": [-1,-1,-1,-1], "windData": [1,1,1,1] },
												"east": { "texture": "#bridlemetal", "uv": [ 0.0, 0.0, 0.5, 0.5 ], "windMode": [-1,-1,-1,-1], "windData": [1,1,1,1] },
												"south": { "texture": "#bridlemetal", "uv": [ 0.0, 0.0, 0.5, 0.5 ] },
												"west": { "texture": "#bridlemetal", "uv": [ 0.0, 0.0, 0.5, 0.5 ], "windMode": [-1,-1,-1,-1], "windData": [1,1,1,1] },
												"up": { "texture": "#bridlemetal", "uv": [ 0.0, 0.0, 0.5, 0.5 ], "windMode": [-1,-1,-1,-1], "windData": [1,1,1,1] },
												"down": { "texture": "#bridlemetal", "uv": [ 0.0, 0.0, 0.5, 0.5 ], "windMode": [-1,-1,-1,-1], "windData": [1,1,1,1] }
											},
											"children": [
												{
													"name": "Noseband26",
													"from": [ 0.0, 0.6, 0.0 ],
													"to": [ 0.15, 0.82, 0.1 ],
													"rotationOrigin": [ 0.0, 0.6, 0.0 ],
													"rotationZ": -25.0,
													"faces": {
														"north": { "texture": "#bridlemetal", "uv": [ 0.0, 0.0, 0.5, 0.5 ], "windMode": [-1,-1,-1,-1], "windData": [1,1,1,1] },
														"east": { "texture": "#bridlemetal", "uv": [ 0.0, 0.0, 0.5, 0.5 ], "windMode": [-1,-1,-1,-1], "windData": [1,1,1,1] },
														"south": { "texture": "#bridlemetal", "uv": [ 0.0, 0.0, 0.5, 0.5 ] },
														"west": { "texture": "#bridlemetal", "uv": [ 0.0, 0.0, 0.5, 0.5 ], "windMode": [-1,-1,-1,-1], "windData": [1,1,1,1] },
														"up": { "texture": "#bridlemetal", "uv": [ 0.0, 0.0, 0.5, 0.5 ], "windMode": [-1,-1,-1,-1], "windData": [1,1,1,1] },
														"down": { "texture": "#bridlemetal", "uv": [ 0.0, 0.0, 0.5, 0.5 ], "windMode": [-1,-1,-1,-1], "windData": [1,1,1,1] }
													}
												},
												{
													"name": "Noseband32",
													"from": [ -0.15, 0.0, 0.0 ],
													"to": [ 0.0, 0.22, 0.1 ],
													"rotationOrigin": [ 0.0, 0.0, 0.0 ],
													"rotationZ": -155.0,
													"faces": {
														"north": { "texture": "#bridlemetal", "uv": [ 0.0, 0.0, 0.5, 0.5 ], "windMode": [-1,-1,-1,-1], "windData": [1,1,1,1] },
														"east": { "texture": "#bridlemetal", "uv": [ 0.0, 0.0, 0.5, 0.5 ], "windMode": [-1,-1,-1,-1], "windData": [1,1,1,1] },
														"south": { "texture": "#bridlemetal", "uv": [ 0.0, 0.0, 0.5, 0.5 ] },
														"west": { "texture": "#bridlemetal", "uv": [ 0.0, 0.0, 0.5, 0.5 ], "windMode": [-1,-1,-1,-1], "windData": [1,1,1,1] },
														"up": { "texture": "#bridlemetal", "uv": [ 0.0, 0.0, 0.5, 0.5 ], "windMode": [-1,-1,-1,-1], "windData": [1,1,1,1] },
														"down": { "texture": "#bridlemetal", "uv": [ 0.0, 0.0, 0.5, 0.5 ], "windMode": [-1,-1,-1,-1], "windData": [1,1,1,1] }
													}
												}
											]
										},
										{
											"name": "Noseband33",
											"from": [ 0.8, -0.1, 0.0 ],
											"to": [ 0.95, 0.5, 0.1 ],
											"rotationOrigin": [ 0.8, -0.1, 0.0 ],
											"rotationZ": 90.0,
											"faces": {
												"north": { "texture": "#bridlemetal", "uv": [ 0.0, 0.0, 0.5, 0.5 ], "windMode": [-1,-1,-1,-1], "windData": [1,1,1,1] },
												"east": { "texture": "#bridlemetal", "uv": [ 0.0, 0.0, 0.5, 0.5 ], "windMode": [-1,-1,-1,-1], "windData": [1,1,1,1] },
												"south": { "texture": "#bridlemetal", "uv": [ 0.0, 0.0, 0.5, 0.5 ] },
												"west": { "texture": "#bridlemetal", "uv": [ 0.0, 0.0, 0.5, 0.5 ], "windMode": [-1,-1,-1,-1], "windData": [1,1,1,1] },
												"up": { "texture": "#bridlemetal", "uv": [ 0.0, 0.0, 0.5, 0.5 ], "windMode": [-1,-1,-1,-1], "windData": [1,1,1,1] },
												"down": { "texture": "#bridlemetal", "uv": [ 0.0, 0.0, 0.5, 0.5 ], "windMode": [-1,-1,-1,-1], "windData": [1,1,1,1] }
											},
											"children": [
												{
													"name": "Noseband34",
													"from": [ 0.0, 0.6, 0.0 ],
													"to": [ 0.15, 0.82, 0.1 ],
													"rotationOrigin": [ 0.0, 0.6, 0.0 ],
													"rotationZ": -25.0,
													"faces": {
														"north": { "texture": "#bridlemetal", "uv": [ 0.0, 0.0, 0.5, 0.5 ], "windMode": [-1,-1,-1,-1], "windData": [1,1,1,1] },
														"east": { "texture": "#bridlemetal", "uv": [ 0.0, 0.0, 0.5, 0.5 ], "windMode": [-1,-1,-1,-1], "windData": [1,1,1,1] },
														"south": { "texture": "#bridlemetal", "uv": [ 0.0, 0.0, 0.5, 0.5 ] },
														"west": { "texture": "#bridlemetal", "uv": [ 0.0, 0.0, 0.5, 0.5 ], "windMode": [-1,-1,-1,-1], "windData": [1,1,1,1] },
														"up": { "texture": "#bridlemetal", "uv": [ 0.0, 0.0, 0.5, 0.5 ], "windMode": [-1,-1,-1,-1], "windData": [1,1,1,1] },
														"down": { "texture": "#bridlemetal", "uv": [ 0.0, 0.0, 0.5, 0.5 ], "windMode": [-1,-1,-1,-1], "windData": [1,1,1,1] }
													}
												},
												{
													"name": "Noseband35",
													"from": [ -0.15, 0.0, 0.0 ],
													"to": [ 0.0, 0.22, 0.1 ],
													"rotationOrigin": [ 0.0, 0.0, 0.0 ],
													"rotationZ": -155.0,
													"faces": {
														"north": { "texture": "#bridlemetal", "uv": [ 0.0, 0.0, 0.5, 0.5 ], "windMode": [-1,-1,-1,-1], "windData": [1,1,1,1] },
														"east": { "texture": "#bridlemetal", "uv": [ 0.0, 0.0, 0.5, 0.5 ], "windMode": [-1,-1,-1,-1], "windData": [1,1,1,1] },
														"south": { "texture": "#bridlemetal", "uv": [ 0.0, 0.0, 0.5, 0.5 ] },
														"west": { "texture": "#bridlemetal", "uv": [ 0.0, 0.0, 0.5, 0.5 ], "windMode": [-1,-1,-1,-1], "windData": [1,1,1,1] },
														"up": { "texture": "#bridlemetal", "uv": [ 0.0, 0.0, 0.5, 0.5 ], "windMode": [-1,-1,-1,-1], "windData": [1,1,1,1] },
														"down": { "texture": "#bridlemetal", "uv": [ 0.0, 0.0, 0.5, 0.5 ], "windMode": [-1,-1,-1,-1], "windData": [1,1,1,1] }
													}
												}
											]
										}
									]
								}
							]
						},
						{
							"name": "Noseband17",
							"from": [ 2.81, 0.04, 0.0 ],
							"to": [ 4.95, 0.38, 3.7 ],
							"rotationOrigin": [ 2.798, 0.0506, -0.03 ],
							"rotationZ": 7.0,
							"faces": {
								"north": { "texture": "#bridlemain", "uv": [ 0.0, 0.0, 2.0, 0.25 ], "windMode": [-1,-1,-1,-1], "windData": [1,1,1,1] },
								"east": { "texture": "#bridlemain", "uv": [ 0.0, 0.0, 3.5, 0.25 ], "windMode": [-1,-1,-1,-1], "windData": [1,1,1,1] },
								"south": { "texture": "#bridlemain", "uv": [ 0.0, 0.0, 2.0, 0.25 ] },
								"west": { "texture": "#bridlemain", "uv": [ 0.0, 0.0, 3.5, 0.25 ], "windMode": [-1,-1,-1,-1], "windData": [1,1,1,1] },
								"up": { "texture": "#bridlemain", "uv": [ 0.0, 0.0, 2.0, 3.5 ], "windMode": [-1,-1,-1,-1], "windData": [1,1,1,1] },
								"down": { "texture": "#bridlemain", "uv": [ 0.0, 0.0, 2.0, 3.5 ], "windMode": [-1,-1,-1,-1], "windData": [1,1,1,1] }
							}
						},
						{
							"name": "Noseband22",
							"from": [ 2.22, -0.22, -0.1 ],
							"to": [ 2.37, 0.32, 3.93 ],
							"rotationOrigin": [ 2.2854, -0.2549, -0.1 ],
							"rotationZ": -5.0,
							"faces": {
								"north": { "texture": "#bridlemain", "uv": [ 0.0, 0.0, 0.25, 0.5 ], "windMode": [-1,-1,-1,-1], "windData": [1,1,1,1] },
								"east": { "texture": "#bridlemain", "uv": [ 0.0, 0.0, 4.0, 0.5 ], "windMode": [-1,-1,-1,-1], "windData": [1,1,1,1] },
								"south": { "texture": "#bridlemain", "uv": [ 0.0, 0.0, 0.25, 0.5 ] },
								"west": { "texture": "#bridlemain", "uv": [ 0.0, 0.0, 4.0, 0.5 ], "windMode": [-1,-1,-1,-1], "windData": [1,1,1,1] },
								"up": { "texture": "#bridlemain", "uv": [ 0.0, 0.0, 0.25, 4.0 ], "windMode": [-1,-1,-1,-1], "windData": [1,1,1,1] },
								"down": { "texture": "#bridlemain", "uv": [ 0.0, 0.0, 0.25, 4.0 ], "windMode": [-1,-1,-1,-1], "windData": [1,1,1,1] }
							},
							"children": [
								{
									"name": "Noseband23",
									"from": [ 0.1994, 0.0057, 0.0 ],
									"to": [ 0.3494, 0.5457, 4.03 ],
									"rotationOrigin": [ 0.3479, -0.0835, 0.0 ],
									"faces": {
										"north": { "texture": "#bridlemain", "uv": [ 0.0, 0.0, 0.25, 0.5 ], "windMode": [-1,-1,-1,-1], "windData": [1,1,1,1] },
										"east": { "texture": "#bridlemain", "uv": [ 0.0, 0.0, 4.0, 0.5 ], "windMode": [-1,-1,-1,-1], "windData": [1,1,1,1] },
										"south": { "texture": "#bridlemain", "uv": [ 0.0, 0.0, 0.25, 0.5 ] },
										"west": { "texture": "#bridlemain", "uv": [ 0.0, 0.0, 4.0, 0.5 ], "windMode": [-1,-1,-1,-1], "windData": [1,1,1,1] },
										"up": { "texture": "#bridlemain", "uv": [ 0.0, 0.0, 0.25, 4.0 ], "windMode": [-1,-1,-1,-1], "windData": [1,1,1,1] },
										"down": { "texture": "#bridlemain", "uv": [ 0.0, 0.0, 0.25, 4.0 ], "windMode": [-1,-1,-1,-1], "windData": [1,1,1,1] }
									}
								},
								{
									"name": "Noseband24",
									"from": [ 0.4094, 0.0057, 0.0 ],
									"to": [ 0.5594, 0.5457, 4.03 ],
									"rotationOrigin": [ 0.3479, -0.0835, 0.0 ],
									"faces": {
										"north": { "texture": "#bridlemain", "uv": [ 0.0, 0.0, 0.25, 0.5 ], "windMode": [-1,-1,-1,-1], "windData": [1,1,1,1] },
										"east": { "texture": "#bridlemain", "uv": [ 0.0, 0.0, 4.0, 0.5 ], "windMode": [-1,-1,-1,-1], "windData": [1,1,1,1] },
										"south": { "texture": "#bridlemain", "uv": [ 0.0, 0.0, 0.25, 0.5 ] },
										"west": { "texture": "#bridlemain", "uv": [ 0.0, 0.0, 4.0, 0.5 ], "windMode": [-1,-1,-1,-1], "windData": [1,1,1,1] },
										"up": { "texture": "#bridlemain", "uv": [ 0.0, 0.0, 0.25, 4.0 ], "windMode": [-1,-1,-1,-1], "windData": [1,1,1,1] },
										"down": { "texture": "#bridlemain", "uv": [ 0.0, 0.0, 0.25, 4.0 ], "windMode": [-1,-1,-1,-1], "windData": [1,1,1,1] }
									}
								},
								{
									"name": "Noseband27",
									"from": [ 0.61, -0.57, 0.1 ],
									"to": [ 0.96, -0.03, 3.83 ],
									"rotationOrigin": [ 0.5479, -0.6835, 0.1 ],
									"rotationZ": 4.0,
									"faces": {
										"north": { "texture": "#bridlemain", "uv": [ 0.0, 0.0, 0.25, 0.5 ], "windMode": [-1,-1,-1,-1], "windData": [1,1,1,1] },
										"east": { "texture": "#bridlemain", "uv": [ 0.0, 0.0, 3.5, 0.5 ], "windMode": [-1,-1,-1,-1], "windData": [1,1,1,1] },
										"south": { "texture": "#bridlemain", "uv": [ 0.0, 0.0, 0.25, 0.5 ] },
										"west": { "texture": "#bridlemain", "uv": [ 0.0, 0.0, 3.5, 0.5 ], "windMode": [-1,-1,-1,-1], "windData": [1,1,1,1] },
										"up": { "texture": "#bridlemain", "uv": [ 0.0, 0.0, 0.25, 3.5 ], "windMode": [-1,-1,-1,-1], "windData": [1,1,1,1] },
										"down": { "texture": "#bridlemain", "uv": [ 0.0, 0.0, 0.25, 3.5 ], "windMode": [-1,-1,-1,-1], "windData": [1,1,1,1] }
									}
								}
							]
						},
						{
							"name": "Noseband16",
							"from": [ 3.76, 4.8, -0.6 ],
							"to": [ 4.7, 5.74, 4.33 ],
							"rotationOrigin": [ 3.7543, 4.8508, -0.6 ],
							"rotationZ": 119.0,
							"faces": {
								"north": { "texture": "#saddlemain", "uv": [ 0.0, 0.0, 0.5, 0.5 ], "windMode": [-1,-1,-1,-1], "windData": [1,1,1,1] },
								"east": { "texture": "#saddlemain", "uv": [ 0.0, 0.0, 4.5, 0.5 ], "windMode": [-1,-1,-1,-1], "windData": [1,1,1,1] },
								"south": { "texture": "#saddlemain", "uv": [ 0.0, 0.0, 0.5, 0.5 ] },
								"west": { "texture": "#saddlemain", "uv": [ 0.0, 0.0, 4.5, 0.5 ], "windMode": [-1,-1,-1,-1], "windData": [1,1,1,1] },
								"up": { "texture": "#saddlemain", "uv": [ 0.0, 0.0, 0.5, 4.5 ], "windMode": [-1,-1,-1,-1], "windData": [1,1,1,1] },
								"down": { "texture": "#saddlemain", "uv": [ 0.0, 0.0, 0.5, 4.5 ], "windMode": [-1,-1,-1,-1], "windData": [1,1,1,1] }
							}
						},
						{
							"name": "Noseband20",
							"from": [ 2.96, -0.14, 0.0 ],
							"to": [ 3.11, 0.66, 0.1 ],
							"rotationOrigin": [ 2.9635, -0.1977, 0.0 ],
							"rotationX": 1.63,
							"rotationY": -3.12,
							"rotationZ": 88.35,
							"faces": {
								"north": { "texture": "#bridlemetal", "uv": [ 0.0, 0.0, 0.5, 0.5 ], "windMode": [-1,-1,-1,-1], "windData": [1,1,1,1] },
								"east": { "texture": "#bridlemetal", "uv": [ 0.0, 0.0, 0.5, 0.5 ], "windMode": [-1,-1,-1,-1], "windData": [1,1,1,1] },
								"south": { "texture": "#bridlemetal", "uv": [ 0.0, 0.0, 0.5, 0.5 ] },
								"west": { "texture": "#bridlemetal", "uv": [ 0.0, 0.0, 0.5, 0.5 ], "windMode": [-1,-1,-1,-1], "windData": [1,1,1,1] },
								"up": { "texture": "#bridlemetal", "uv": [ 0.0, 0.0, 0.5, 0.5 ], "windMode": [-1,-1,-1,-1], "windData": [1,1,1,1] },
								"down": { "texture": "#bridlemetal", "uv": [ 0.0, 0.0, 0.5, 0.5 ], "windMode": [-1,-1,-1,-1], "windData": [1,1,1,1] }
							},
							"children": [
								{
									"name": "Noseband36",
									"from": [ -0.85, 0.0, 0.0 ],
									"to": [ -0.7, 0.8, 0.1 ],
									"rotationOrigin": [ -0.9, 0.0, 0.0 ],
									"faces": {
										"north": { "texture": "#bridlemetal", "uv": [ 0.0, 0.0, 0.5, 0.5 ], "windMode": [-1,-1,-1,-1], "windData": [1,1,1,1] },
										"east": { "texture": "#bridlemetal", "uv": [ 0.0, 0.0, 0.5, 0.5 ], "windMode": [-1,-1,-1,-1], "windData": [1,1,1,1] },
										"south": { "texture": "#bridlemetal", "uv": [ 0.0, 0.0, 0.5, 0.5 ] },
										"west": { "texture": "#bridlemetal", "uv": [ 0.0, 0.0, 0.5, 0.5 ], "windMode": [-1,-1,-1,-1], "windData": [1,1,1,1] },
										"up": { "texture": "#bridlemetal", "uv": [ 0.0, 0.0, 0.5, 0.5 ], "windMode": [-1,-1,-1,-1], "windData": [1,1,1,1] },
										"down": { "texture": "#bridlemetal", "uv": [ 0.0, 0.0, 0.5, 0.5 ], "windMode": [-1,-1,-1,-1], "windData": [1,1,1,1] }
									},
									"children": [
										{
											"name": "Noseband37",
											"from": [ 0.2, 0.9, 0.0 ],
											"to": [ 0.35, 1.5, 0.1 ],
											"rotationOrigin": [ 0.2, 0.9, 0.0 ],
											"rotationZ": -90.0,
											"faces": {
												"north": { "texture": "#bridlemetal", "uv": [ 0.0, 0.0, 0.5, 0.5 ], "windMode": [-1,-1,-1,-1], "windData": [1,1,1,1] },
												"east": { "texture": "#bridlemetal", "uv": [ 0.0, 0.0, 0.5, 0.5 ], "windMode": [-1,-1,-1,-1], "windData": [1,1,1,1] },
												"south": { "texture": "#bridlemetal", "uv": [ 0.0, 0.0, 0.5, 0.5 ] },
												"west": { "texture": "#bridlemetal", "uv": [ 0.0, 0.0, 0.5, 0.5 ], "windMode": [-1,-1,-1,-1], "windData": [1,1,1,1] },
												"up": { "texture": "#bridlemetal", "uv": [ 0.0, 0.0, 0.5, 0.5 ], "windMode": [-1,-1,-1,-1], "windData": [1,1,1,1] },
												"down": { "texture": "#bridlemetal", "uv": [ 0.0, 0.0, 0.5, 0.5 ], "windMode": [-1,-1,-1,-1], "windData": [1,1,1,1] }
											},
											"children": [
												{
													"name": "Noseband38",
													"from": [ 0.0, 0.6, 0.0 ],
													"to": [ 0.15, 0.82, 0.1 ],
													"rotationOrigin": [ 0.0, 0.6, 0.0 ],
													"rotationZ": -25.0,
													"faces": {
														"north": { "texture": "#bridlemetal", "uv": [ 0.0, 0.0, 0.5, 0.5 ], "windMode": [-1,-1,-1,-1], "windData": [1,1,1,1] },
														"east": { "texture": "#bridlemetal", "uv": [ 0.0, 0.0, 0.5, 0.5 ], "windMode": [-1,-1,-1,-1], "windData": [1,1,1,1] },
														"south": { "texture": "#bridlemetal", "uv": [ 0.0, 0.0, 0.5, 0.5 ] },
														"west": { "texture": "#bridlemetal", "uv": [ 0.0, 0.0, 0.5, 0.5 ], "windMode": [-1,-1,-1,-1], "windData": [1,1,1,1] },
														"up": { "texture": "#bridlemetal", "uv": [ 0.0, 0.0, 0.5, 0.5 ], "windMode": [-1,-1,-1,-1], "windData": [1,1,1,1] },
														"down": { "texture": "#bridlemetal", "uv": [ 0.0, 0.0, 0.5, 0.5 ], "windMode": [-1,-1,-1,-1], "windData": [1,1,1,1] }
													}
												},
												{
													"name": "Noseband39",
													"from": [ -0.15, 0.0, 0.0 ],
													"to": [ 0.0, 0.22, 0.1 ],
													"rotationOrigin": [ 0.0, 0.0, 0.0 ],
													"rotationZ": -155.0,
													"faces": {
														"north": { "texture": "#bridlemetal", "uv": [ 0.0, 0.0, 0.5, 0.5 ], "windMode": [-1,-1,-1,-1], "windData": [1,1,1,1] },
														"east": { "texture": "#bridlemetal", "uv": [ 0.0, 0.0, 0.5, 0.5 ], "windMode": [-1,-1,-1,-1], "windData": [1,1,1,1] },
														"south": { "texture": "#bridlemetal", "uv": [ 0.0, 0.0, 0.5, 0.5 ] },
														"west": { "texture": "#bridlemetal", "uv": [ 0.0, 0.0, 0.5, 0.5 ], "windMode": [-1,-1,-1,-1], "windData": [1,1,1,1] },
														"up": { "texture": "#bridlemetal", "uv": [ 0.0, 0.0, 0.5, 0.5 ], "windMode": [-1,-1,-1,-1], "windData": [1,1,1,1] },
														"down": { "texture": "#bridlemetal", "uv": [ 0.0, 0.0, 0.5, 0.5 ], "windMode": [-1,-1,-1,-1], "windData": [1,1,1,1] }
													}
												}
											]
										},
										{
											"name": "Noseband40",
											"from": [ 0.8, -0.1, 0.0 ],
											"to": [ 0.95, 0.5, 0.1 ],
											"rotationOrigin": [ 0.8, -0.1, 0.0 ],
											"rotationZ": 90.0,
											"faces": {
												"north": { "texture": "#bridlemetal", "uv": [ 0.0, 0.0, 0.5, 0.5 ], "windMode": [-1,-1,-1,-1], "windData": [1,1,1,1] },
												"east": { "texture": "#bridlemetal", "uv": [ 0.0, 0.0, 0.5, 0.5 ], "windMode": [-1,-1,-1,-1], "windData": [1,1,1,1] },
												"south": { "texture": "#bridlemetal", "uv": [ 0.0, 0.0, 0.5, 0.5 ] },
												"west": { "texture": "#bridlemetal", "uv": [ 0.0, 0.0, 0.5, 0.5 ], "windMode": [-1,-1,-1,-1], "windData": [1,1,1,1] },
												"up": { "texture": "#bridlemetal", "uv": [ 0.0, 0.0, 0.5, 0.5 ], "windMode": [-1,-1,-1,-1], "windData": [1,1,1,1] },
												"down": { "texture": "#bridlemetal", "uv": [ 0.0, 0.0, 0.5, 0.5 ], "windMode": [-1,-1,-1,-1], "windData": [1,1,1,1] }
											},
											"children": [
												{
													"name": "Noseband41",
													"from": [ 0.0, 0.6, 0.0 ],
													"to": [ 0.15, 0.82, 0.1 ],
													"rotationOrigin": [ 0.0, 0.6, 0.0 ],
													"rotationZ": -25.0,
													"faces": {
														"north": { "texture": "#bridlemetal", "uv": [ 0.0, 0.0, 0.5, 0.5 ], "windMode": [-1,-1,-1,-1], "windData": [1,1,1,1] },
														"east": { "texture": "#bridlemetal", "uv": [ 0.0, 0.0, 0.5, 0.5 ], "windMode": [-1,-1,-1,-1], "windData": [1,1,1,1] },
														"south": { "texture": "#bridlemetal", "uv": [ 0.0, 0.0, 0.5, 0.5 ] },
														"west": { "texture": "#bridlemetal", "uv": [ 0.0, 0.0, 0.5, 0.5 ], "windMode": [-1,-1,-1,-1], "windData": [1,1,1,1] },
														"up": { "texture": "#bridlemetal", "uv": [ 0.0, 0.0, 0.5, 0.5 ], "windMode": [-1,-1,-1,-1], "windData": [1,1,1,1] },
														"down": { "texture": "#bridlemetal", "uv": [ 0.0, 0.0, 0.5, 0.5 ], "windMode": [-1,-1,-1,-1], "windData": [1,1,1,1] }
													}
												},
												{
													"name": "Noseband42",
													"from": [ -0.15, 0.0, 0.0 ],
													"to": [ 0.0, 0.22, 0.1 ],
													"rotationOrigin": [ 0.0, 0.0, 0.0 ],
													"rotationZ": -155.0,
													"faces": {
														"north": { "texture": "#bridlemetal", "uv": [ 0.0, 0.0, 0.5, 0.5 ], "windMode": [-1,-1,-1,-1], "windData": [1,1,1,1] },
														"east": { "texture": "#bridlemetal", "uv": [ 0.0, 0.0, 0.5, 0.5 ], "windMode": [-1,-1,-1,-1], "windData": [1,1,1,1] },
														"south": { "texture": "#bridlemetal", "uv": [ 0.0, 0.0, 0.5, 0.5 ] },
														"west": { "texture": "#bridlemetal", "uv": [ 0.0, 0.0, 0.5, 0.5 ], "windMode": [-1,-1,-1,-1], "windData": [1,1,1,1] },
														"up": { "texture": "#bridlemetal", "uv": [ 0.0, 0.0, 0.5, 0.5 ], "windMode": [-1,-1,-1,-1], "windData": [1,1,1,1] },
														"down": { "texture": "#bridlemetal", "uv": [ 0.0, 0.0, 0.5, 0.5 ], "windMode": [-1,-1,-1,-1], "windData": [1,1,1,1] }
													}
												}
											]
										}
									]
								}
							]
						},
						{
							"name": "Noseband29",
							"from": [ 3.76, 5.3, -0.61 ],
							"to": [ 4.7, 6.24, 4.32 ],
							"rotationOrigin": [ 3.7543, 5.3508, -0.6 ],
							"rotationZ": 162.0,
							"faces": {
								"north": { "texture": "#saddlemain", "uv": [ 0.0, 0.0, 0.5, 0.5 ], "windMode": [-1,-1,-1,-1], "windData": [1,1,1,1] },
								"east": { "texture": "#saddlemain", "uv": [ 0.0, 0.0, 4.5, 0.5 ], "windMode": [-1,-1,-1,-1], "windData": [1,1,1,1] },
								"south": { "texture": "#saddlemain", "uv": [ 0.0, 0.0, 0.5, 0.5 ] },
								"west": { "texture": "#saddlemain", "uv": [ 0.0, 0.0, 4.5, 0.5 ], "windMode": [-1,-1,-1,-1], "windData": [1,1,1,1] },
								"up": { "texture": "#saddlemain", "uv": [ 0.0, 0.0, 0.5, 4.5 ], "windMode": [-1,-1,-1,-1], "windData": [1,1,1,1] },
								"down": { "texture": "#saddlemain", "uv": [ 0.0, 0.0, 0.5, 4.5 ], "windMode": [-1,-1,-1,-1], "windData": [1,1,1,1] }
							}
						}
					]
				},
				{
					"name": "Noseband31",
					"from": [ -4.16, -5.05, -2.28 ],
					"to": [ -3.86, -4.71, 1.92 ],
					"rotationOrigin": [ -4.0977, -5.041, -2.31 ],
					"rotationZ": -30.0,
					"faces": {
						"north": { "texture": "#bridlemetal", "uv": [ 0.0, 0.0, 0.5, 0.5 ], "windMode": [-1,-1,-1,-1], "windData": [1,1,1,1] },
						"east": { "texture": "#bridlemetal", "uv": [ 0.0, 0.0, 4.0, 0.5 ], "windMode": [-1,-1,-1,-1], "windData": [1,1,1,1] },
						"south": { "texture": "#bridlemetal", "uv": [ 0.0, 0.0, 0.5, 0.5 ] },
						"west": { "texture": "#bridlemetal", "uv": [ 0.0, 0.0, 4.0, 0.5 ], "windMode": [-1,-1,-1,-1], "windData": [1,1,1,1] },
						"up": { "texture": "#bridlemetal", "uv": [ 0.0, 0.0, 0.5, 4.0 ], "windMode": [-1,-1,-1,-1], "windData": [1,1,1,1] },
						"down": { "texture": "#bridlemetal", "uv": [ 0.0, 0.0, 0.5, 4.0 ], "windMode": [-1,-1,-1,-1], "windData": [1,1,1,1] }
					},
					"children": [
						{
							"name": "Noseband25",
							"from": [ 0.0721, 0.1934, 0.23 ],
							"to": [ 0.2221, 0.6334, 4.085 ],
							"rotationOrigin": [ 0.1893, 0.0815, 0.2 ],
							"rotationZ": 2.0,
							"faces": {
								"north": { "texture": "#bridlemetal", "uv": [ 0.0, 0.0, 0.25, 0.25 ], "windMode": [-1,-1,-1,-1], "windData": [1,1,1,1] },
								"east": { "texture": "#bridlemetal", "uv": [ 0.0, 0.0, 3.75, 0.25 ], "windMode": [-1,-1,-1,-1], "windData": [1,1,1,1] },
								"south": { "texture": "#bridlemetal", "uv": [ 0.0, 0.0, 0.25, 0.25 ] },
								"west": { "texture": "#bridlemetal", "uv": [ 0.0, 0.0, 3.75, 0.25 ], "windMode": [-1,-1,-1,-1], "windData": [1,1,1,1] },
								"up": { "texture": "#bridlemetal", "uv": [ 0.0, 0.0, 0.25, 3.75 ], "windMode": [-1,-1,-1,-1], "windData": [1,1,1,1] },
								"down": { "texture": "#bridlemetal", "uv": [ 0.0, 0.0, 0.25, 3.75 ], "windMode": [-1,-1,-1,-1], "windData": [1,1,1,1] }
							}
						}
					]
				}
			]
		}
	],
	"animations": [
		{
			"name": "Eat",
			"code": "eat",
			"quantityframes": 44,
			"onActivityStopped": "Rewind",
			"onAnimationEnd": "Repeat",
			"keyframes": [
				{
					"frame": 0,
					"elements": {
						"reinsOrigin": { "rotationX": 0.0, "rotationY": 0.0, "rotationZ": 27.0 }
					}
				},
				{
					"frame": 15,
					"elements": {
						"reinsOrigin": { "rotationX": 0.0, "rotationY": 0.0, "rotationZ": 42.0 }
					}
				},
				{
					"frame": 23,
					"elements": {
						"reinsOrigin": { "rotationX": 0.0, "rotationY": 0.0, "rotationZ": 36.0 }
					}
				},
				{
					"frame": 32,
					"elements": {
						"reinsOrigin": { "rotationX": 0.0, "rotationY": 0.0, "rotationZ": 25.0 }
					}
				}
			]
		},

		{
			"name": "Turn-left",
			"code": "turn-left",
			"quantityframes": 1,
			"onActivityStopped": "Rewind",
			"onAnimationEnd": "Repeat",
			"keyframes": [
				{
					"frame": 0,
					"elements": {
						"reinsOrigin": { "rotationX": 0.0, "rotationY": -6.0, "rotationZ": 0.0 }
					}
				}
			]
		},

		{
			"name": "Turn-right",
			"code": "turn-right",
			"quantityframes": 1,
			"onActivityStopped": "Rewind",
			"onAnimationEnd": "Repeat",
			"keyframes": [
				{
					"frame": 0,
					"elements": {
						"reinsOrigin": { "rotationX": 0.0, "rotationY": 6.0, "rotationZ": 0.0 }
					}
				}
			]
		},

		{
			"name": "Gallop",
			"code": "gallop",
			"quantityframes": 49,
			"onActivityStopped": "Rewind",
			"onAnimationEnd": "Repeat",
			"keyframes": [
				{
					"frame": 24,
					"elements": {
						"reinsOrigin": { "rotationX": 0.0, "rotationY": 0.0, "rotationZ": 5.0 }
					}
				}
			]
		}
	]
}