{
	"editor": {
		"collapsedPaths": "Root/ORIGINbridle/BitN/StrapBack1",
		"allAngles": true,
		"entityTextureMode": false
	},
	"textureWidth": 16,
	"textureHeight": 16,
	"textureSizes": {
		"bridlerope": [16,16]
	},
	"textures": {
		"bridlerope": "game:entity/lore/erel/pristine/rope"
	},
	"elements": [
		{
			"name": "ORIGINbridle",
			"stepParentName": "Head",
			"from": [ 3.0, 0.0, 2.0 ],
			"to": [ 4.0, 1.0, 3.0 ],
			"rotationOrigin": [ 3.0, 0.0, 2.0 ],
			"faces": {
			},
			"children": [
				{
					"name": "MedallionS",
					"from": [ 4.5136, 0.05, 3.9813 ],
					"to": [ 5.6136, 1.15, 4.4813 ],
					"rotationOrigin": [ 4.5136, 0.05, 3.9813 ],
					"rotationY": 7.5,
					"faces": {
						"north": { "texture": "#bridlerope", "uv": [ 0.0, 0.0, 0.5, 0.5 ], "autoUv": false },
						"east": { "texture": "#bridlerope", "uv": [ 0.0, 0.0, 0.25, 0.5 ], "autoUv": false },
						"south": { "texture": "#bridlerope", "uv": [ 0.0, 0.0, 0.5, 0.5 ], "autoUv": false },
						"west": { "texture": "#bridlerope", "uv": [ 0.0, 0.0, 0.25, 0.5 ], "autoUv": false },
						"up": { "texture": "#bridlerope", "uv": [ 0.0, 0.0, 0.5, 0.25 ], "autoUv": false },
						"down": { "texture": "#bridlerope", "uv": [ 0.0, 0.0, 0.5, 0.25 ], "autoUv": false }
					},
					"children": [
						{
							"name": "StrapTopS",
							"from": [ 0.3, 1.1, 0.1 ],
							"to": [ 0.8, 4.1, 0.4 ],
							"rotationOrigin": [ 0.3, 1.1, 0.4 ],
							"rotationX": -12.0,
							"faces": {
								"north": { "texture": "#bridlerope", "uv": [ 0.0, 0.0, 0.25, 1.5 ], "autoUv": false },
								"east": { "texture": "#bridlerope", "uv": [ 0.0, 0.0, 0.25, 1.5 ], "autoUv": false },
								"south": { "texture": "#bridlerope", "uv": [ 0.0, 0.0, 0.25, 1.5 ], "autoUv": false },
								"west": { "texture": "#bridlerope", "uv": [ 0.0, 0.0, 0.25, 1.5 ], "autoUv": false },
								"up": { "texture": "#bridlerope", "uv": [ 0.0, 0.0, 0.25, 0.25 ], "autoUv": false },
								"down": { "texture": "#bridlerope", "uv": [ 0.0, 0.0, 0.25, 0.25 ], "autoUv": false }
							}
						},
						{
							"name": "StrapMainS",
							"from": [ -4.3, 0.5, -0.1 ],
							"to": [ 0.2, 1.0, 0.2 ],
							"rotationOrigin": [ -4.3, 0.95, 0.2 ],
							"rotationY": -3.0,
							"faces": {
								"north": { "texture": "#bridlerope", "uv": [ 0.0, 0.0, 2.25, 0.25 ], "autoUv": false },
								"south": { "texture": "#bridlerope", "uv": [ 0.0, 0.0, 2.25, 0.25 ], "autoUv": false },
								"up": { "texture": "#bridlerope", "uv": [ 0.0, 0.0, 2.25, 0.25 ], "autoUv": false },
								"down": { "texture": "#bridlerope", "uv": [ 0.0, 0.0, 2.25, 0.25 ], "autoUv": false }
							}
						},
						{
							"name": "StrapMainE",
							"from": [ 1.0, 0.3, 0.1 ],
							"to": [ 6.0, 0.8, 0.4 ],
							"rotationOrigin": [ 1.0, 0.8, 0.1 ],
							"rotationZ": -4.0,
							"faces": {
								"north": { "texture": "#bridlerope", "uv": [ 0.0, 0.0, 2.5, 0.25 ], "autoUv": false },
								"east": { "texture": "#bridlerope", "uv": [ 0.0, 0.0, 0.25, 0.25 ], "autoUv": false },
								"south": { "texture": "#bridlerope", "uv": [ 0.0, 0.0, 2.5, 0.25 ], "autoUv": false },
								"west": { "texture": "#bridlerope", "uv": [ 0.0, 0.0, 0.25, 0.25 ], "autoUv": false },
								"up": { "texture": "#bridlerope", "uv": [ 0.0, 0.0, 2.5, 0.25 ], "autoUv": false },
								"down": { "texture": "#bridlerope", "uv": [ 0.0, 0.0, 2.5, 0.25 ], "autoUv": false }
							}
						},
						{
							"name": "StrapMainS3",
							"from": [ -4.2, 0.5, -0.3 ],
							"to": [ -2.2, 1.0, 0.0 ],
							"rotationOrigin": [ -4.2, 0.95, 0.0 ],
							"rotationX": -7.0,
							"rotationY": 11.0,
							"faces": {
								"north": { "texture": "#bridlerope", "uv": [ 0.0, 0.0, 1.0, 0.25 ], "autoUv": false },
								"south": { "texture": "#bridlerope", "uv": [ 0.0, 0.0, 1.0, 0.25 ], "autoUv": false },
								"up": { "texture": "#bridlerope", "uv": [ 0.0, 0.0, 1.0, 0.25 ], "autoUv": false },
								"down": { "texture": "#bridlerope", "uv": [ 0.0, 0.0, 1.0, 0.25 ], "autoUv": false }
							}
						},
						{
							"name": "StrapMainS4",
							"from": [ -3.8, 0.5, -5.0 ],
							"to": [ -1.8, 1.0, -4.7 ],
							"rotationOrigin": [ -3.8, 0.95, -4.7 ],
							"rotationX": 1.0,
							"rotationY": -28.0,
							"faces": {
								"north": { "texture": "#bridlerope", "uv": [ 0.0, 0.0, 1.0, 0.25 ], "autoUv": false },
								"south": { "texture": "#bridlerope", "uv": [ 0.0, 0.0, 1.0, 0.25 ], "autoUv": false },
								"up": { "texture": "#bridlerope", "uv": [ 0.0, 0.0, 1.0, 0.25 ], "autoUv": false },
								"down": { "texture": "#bridlerope", "uv": [ 0.0, 0.0, 1.0, 0.25 ], "autoUv": false }
							}
						}
					]
				},
				{
					"name": "MedallionN",
					"from": [ 4.5167, 0.05, -0.3394 ],
					"to": [ 5.6167, 1.15, 0.1606 ],
					"rotationOrigin": [ 4.5167, 0.05, -0.3394 ],
					"rotationY": -8.0,
					"faces": {
						"north": { "texture": "#bridlerope", "uv": [ 0.0, 0.0, 0.5, 0.5 ], "autoUv": false },
						"east": { "texture": "#bridlerope", "uv": [ 0.0, 0.0, 0.25, 0.5 ], "autoUv": false },
						"south": { "texture": "#bridlerope", "uv": [ 0.0, 0.0, 0.5, 0.5 ], "autoUv": false },
						"west": { "texture": "#bridlerope", "uv": [ 0.0, 0.0, 0.25, 0.5 ], "autoUv": false },
						"up": { "texture": "#bridlerope", "uv": [ 0.0, 0.0, 0.5, 0.25 ], "autoUv": false },
						"down": { "texture": "#bridlerope", "uv": [ 0.0, 0.0, 0.5, 0.25 ], "autoUv": false }
					},
					"children": [
						{
							"name": "StrapTop8",
							"from": [ 0.3, 1.1, 0.1 ],
							"to": [ 0.8, 4.1, 0.4 ],
							"rotationOrigin": [ 0.3, 1.1, 0.1 ],
							"rotationX": 13.0,
							"faces": {
								"north": { "texture": "#bridlerope", "uv": [ 0.0, 0.0, 0.25, 1.5 ], "autoUv": false },
								"east": { "texture": "#bridlerope", "uv": [ 0.0, 0.0, 0.25, 1.5 ], "autoUv": false },
								"south": { "texture": "#bridlerope", "uv": [ 0.0, 0.0, 0.25, 1.5 ], "autoUv": false },
								"west": { "texture": "#bridlerope", "uv": [ 0.0, 0.0, 0.25, 1.5 ], "autoUv": false },
								"up": { "texture": "#bridlerope", "uv": [ 0.0, 0.0, 0.25, 0.25 ], "autoUv": false }
							},
							"children": [
								{
									"name": "StrapTop9",
									"from": [ 0.0, 3.0, 0.0 ],
									"to": [ 0.5, 6.0, 0.3 ],
									"rotationOrigin": [ 0.5, 3.0, 0.0 ],
									"rotationX": 77.0,
									"rotationZ": -10.0,
									"faces": {
										"north": { "texture": "#bridlerope", "uv": [ 0.0, 0.0, 0.25, 1.5 ], "autoUv": false },
										"east": { "texture": "#bridlerope", "uv": [ 0.0, 0.0, 0.25, 1.5 ], "autoUv": false },
										"south": { "texture": "#bridlerope", "uv": [ 0.0, 0.0, 0.25, 1.5 ], "autoUv": false },
										"west": { "texture": "#bridlerope", "uv": [ 0.0, 0.0, 0.25, 1.5 ], "autoUv": false },
										"up": { "texture": "#bridlerope", "uv": [ 0.0, 0.0, 0.25, 0.25 ], "autoUv": false }
									}
								}
							]
						},
						{
							"name": "StrapBottom",
							"from": [ -3.7, 0.1, 0.1 ],
							"to": [ 0.3, 0.6, 0.4 ],
							"rotationOrigin": [ 0.3, 0.1, 0.1 ],
							"rotationY": 17.0,
							"faces": {
								"north": { "texture": "#bridlerope", "uv": [ 0.0, 0.0, 2.0, 0.25 ], "autoUv": false },
								"east": { "texture": "#bridlerope", "uv": [ 0.0, 0.0, 0.25, 0.25 ], "autoUv": false },
								"south": { "texture": "#bridlerope", "uv": [ 0.0, 0.0, 2.0, 0.25 ], "autoUv": false },
								"west": { "texture": "#bridlerope", "uv": [ 0.0, 0.0, 0.25, 0.25 ], "autoUv": false },
								"up": { "texture": "#bridlerope", "uv": [ 0.0, 0.0, 2.0, 0.25 ], "autoUv": false }
							},
							"children": [
								{
									"name": "StrapBottom3",
									"from": [ 0.2, 0.0, 0.0 ],
									"to": [ 3.2, 0.5, 0.3 ],
									"rotationOrigin": [ 0.2, 0.0, 0.0 ],
									"rotationX": 0.1,
									"rotationY": -99.0,
									"faces": {
										"north": { "texture": "#bridlerope", "uv": [ 0.0, 0.0, 1.5, 0.25 ], "autoUv": false },
										"east": { "texture": "#bridlerope", "uv": [ 0.0, 0.0, 0.25, 0.25 ], "autoUv": false },
										"south": { "texture": "#bridlerope", "uv": [ 0.0, 0.0, 1.5, 0.25 ], "autoUv": false },
										"west": { "texture": "#bridlerope", "uv": [ 0.0, 0.0, 0.25, 0.25 ], "autoUv": false },
										"up": { "texture": "#bridlerope", "uv": [ 0.0, 0.0, 1.5, 0.25 ], "autoUv": false }
									}
								}
							]
						},
						{
							"name": "StrapBottom2",
							"from": [ -3.2, 0.1, 4.2 ],
							"to": [ 0.8, 0.6, 4.5 ],
							"rotationOrigin": [ 0.8, 0.1, 4.5 ],
							"rotationY": -4.0,
							"faces": {
								"north": { "texture": "#bridlerope", "uv": [ 0.0, 0.0, 2.0, 0.25 ], "autoUv": false },
								"east": { "texture": "#bridlerope", "uv": [ 0.0, 0.0, 0.25, 0.25 ], "autoUv": false },
								"south": { "texture": "#bridlerope", "uv": [ 0.0, 0.0, 2.0, 0.25 ], "autoUv": false },
								"west": { "texture": "#bridlerope", "uv": [ 0.0, 0.0, 0.25, 0.25 ], "autoUv": false },
								"up": { "texture": "#bridlerope", "uv": [ 0.0, 0.0, 2.0, 0.25 ], "autoUv": false }
							}
						},
						{
							"name": "StrapMainS2",
							"from": [ -4.2, 0.5, 0.3 ],
							"to": [ 0.3, 1.0, 0.6 ],
							"rotationOrigin": [ -4.2, 0.95, 0.6 ],
							"rotationY": 3.0,
							"faces": {
								"north": { "texture": "#bridlerope", "uv": [ 0.0, 0.0, 2.25, 0.25 ], "autoUv": false },
								"south": { "texture": "#bridlerope", "uv": [ 0.0, 0.0, 2.25, 0.25 ], "autoUv": false },
								"up": { "texture": "#bridlerope", "uv": [ 0.0, 0.0, 2.25, 0.25 ], "autoUv": false },
								"down": { "texture": "#bridlerope", "uv": [ 0.0, 0.0, 2.25, 0.25 ], "autoUv": false }
							}
						},
						{
							"name": "StrapMainE2",
							"from": [ 5.9878, -0.0488, 0.1 ],
							"to": [ 8.9878, 0.4512, 0.4 ],
							"rotationOrigin": [ 5.9878, 0.4512, 0.1 ],
							"rotationX": -21.584,
							"rotationY": -79.237,
							"rotationZ": -21.934,
							"faces": {
								"north": { "texture": "#bridlerope", "uv": [ 0.0, 0.0, 1.5, 0.25 ], "autoUv": false },
								"south": { "texture": "#bridlerope", "uv": [ 0.0, 0.0, 1.5, 0.25 ], "autoUv": false },
								"up": { "texture": "#bridlerope", "uv": [ 0.0, 0.0, 1.5, 0.25 ], "autoUv": false },
								"down": { "texture": "#bridlerope", "uv": [ 0.0, 0.0, 1.5, 0.25 ], "autoUv": false }
							}
						},
						{
							"name": "StrapE6",
							"from": [ 1.0, 0.3, 0.1 ],
							"to": [ 6.0, 0.8, 0.4 ],
							"rotationOrigin": [ 1.0, 0.8, 0.1 ],
							"rotationZ": -4.0,
							"faces": {
								"north": { "texture": "#bridlerope", "uv": [ 0.0, 0.0, 2.5, 0.25 ], "autoUv": false },
								"east": { "texture": "#bridlerope", "uv": [ 0.0, 0.0, 0.25, 0.25 ], "autoUv": false },
								"south": { "texture": "#bridlerope", "uv": [ 0.0, 0.0, 2.5, 0.25 ], "autoUv": false },
								"west": { "texture": "#bridlerope", "uv": [ 0.0, 0.0, 0.25, 0.25 ], "autoUv": false },
								"up": { "texture": "#bridlerope", "uv": [ 0.0, 0.0, 2.5, 0.25 ], "autoUv": false },
								"down": { "texture": "#bridlerope", "uv": [ 0.0, 0.0, 2.5, 0.25 ], "autoUv": false }
							}
						}
					]
				},
				{
					"name": "LeatherKnot2",
					"from": [ -0.0554, 0.5005, 4.5 ],
					"to": [ 0.4446, 1.1005, 5.0 ],
					"rotationOrigin": [ -0.0554, 0.5005, 4.499 ],
					"rotationX": -0.0757,
					"rotationY": 43.9999,
					"rotationZ": 0.1365,
					"faces": {
						"north": { "texture": "#bridlerope", "uv": [ 0.0, 0.0, 0.25, 0.25 ], "autoUv": false },
						"east": { "texture": "#bridlerope", "uv": [ 0.0, 0.0, 0.25, 0.25 ], "autoUv": false },
						"south": { "texture": "#bridlerope", "uv": [ 0.0, 0.0, 0.25, 0.25 ], "autoUv": false },
						"west": { "texture": "#bridlerope", "uv": [ 0.0, 0.0, 0.25, 0.25 ], "autoUv": false },
						"up": { "texture": "#bridlerope", "uv": [ 0.0, 0.0, 0.25, 0.25 ], "autoUv": false },
						"down": { "texture": "#bridlerope", "uv": [ 0.0, 0.0, 0.25, 0.25 ], "autoUv": false }
					}
				},
				{
					"name": "LeatherKnot4",
					"from": [ 0.2557, 0.5, -0.7517 ],
					"to": [ 0.7557, 1.1, -0.2517 ],
					"rotationOrigin": [ 0.2557, 0.5, -0.7517 ],
					"rotationY": -44.0,
					"faces": {
						"north": { "texture": "#bridlerope", "uv": [ 0.0, 0.0, 0.25, 0.25 ], "autoUv": false },
						"east": { "texture": "#bridlerope", "uv": [ 0.0, 0.0, 0.25, 0.25 ], "autoUv": false },
						"south": { "texture": "#bridlerope", "uv": [ 0.0, 0.0, 0.25, 0.25 ], "autoUv": false },
						"west": { "texture": "#bridlerope", "uv": [ 0.0, 0.0, 0.25, 0.25 ], "autoUv": false },
						"up": { "texture": "#bridlerope", "uv": [ 0.0, 0.0, 0.25, 0.25 ], "autoUv": false },
						"down": { "texture": "#bridlerope", "uv": [ 0.0, 0.0, 0.25, 0.25 ], "autoUv": false }
					}
				},
				{
					"name": "Leather2",
					"from": [ 0.281, 8.0E-4, 5.5661 ],
					"to": [ 0.581, 0.5008, 16.5661 ],
					"rotationOrigin": [ 0.281, 8.0E-4, 5.5661 ],
					"rotationX": -179.3611,
					"rotationY": 80.9994,
					"rotationZ": 179.3725,
					"faces": {
						"north": { "texture": "#bridlerope", "uv": [ 0.0, 0.0, 0.25, 0.25 ], "autoUv": false },
						"east": { "texture": "#bridlerope", "uv": [ 0.0, 0.0, 5.5, 0.25 ], "autoUv": false },
						"south": { "texture": "#bridlerope", "uv": [ 0.0, 0.0, 0.25, 0.25 ], "autoUv": false },
						"west": { "texture": "#bridlerope", "uv": [ 0.0, 0.0, 5.5, 0.25 ], "autoUv": false },
						"up": { "texture": "#bridlerope", "uv": [ 0.0, 0.0, 0.25, 5.5 ], "autoUv": false },
						"down": { "texture": "#bridlerope", "uv": [ 0.0, 0.0, 0.25, 5.5 ], "autoUv": false }
					},
					"children": [
						{
							"name": "Leather1",
							"from": [ 3.22, 0.0, 0.15 ],
							"to": [ 3.72, 0.3, 3.75 ],
							"rotationOrigin": [ 3.7155, 0.0, 0.1492 ],
							"rotationY": -81.0,
							"faces": {
								"north": { "texture": "#bridlerope", "uv": [ 0.0, 0.0, 0.25, 0.25 ], "autoUv": false },
								"east": { "texture": "#bridlerope", "uv": [ 0.0, 0.0, 1.75, 0.25 ], "autoUv": false },
								"south": { "texture": "#bridlerope", "uv": [ 0.0, 0.0, 0.25, 0.25 ], "autoUv": false },
								"west": { "texture": "#bridlerope", "uv": [ 0.0, 0.0, 1.75, 0.25 ], "autoUv": false },
								"up": { "texture": "#bridlerope", "uv": [ 0.0, 0.0, 0.25, 1.75 ], "autoUv": false },
								"down": { "texture": "#bridlerope", "uv": [ 0.0, 0.0, 0.25, 1.75 ], "autoUv": false }
							},
							"children": [
								{
									"name": "LeatherStrap4",
									"from": [ 0.39, 0.0, 0.2 ],
									"to": [ 0.89, 0.3, 3.6 ],
									"rotationOrigin": [ 0.42, -0.1, 0.22 ],
									"rotationX": 179.9451,
									"rotationY": 32.0,
									"rotationZ": -179.8807,
									"faces": {
										"north": { "texture": "#bridlerope", "uv": [ 0.0, 0.0, 0.25, 0.25 ], "autoUv": false },
										"east": { "texture": "#bridlerope", "uv": [ 0.0, 0.0, 1.5, 0.25 ], "autoUv": false },
										"south": { "texture": "#bridlerope", "uv": [ 0.0, 0.0, 0.25, 0.25 ], "autoUv": false },
										"west": { "texture": "#bridlerope", "uv": [ 0.0, 0.0, 1.5, 0.25 ], "autoUv": false },
										"up": { "texture": "#bridlerope", "uv": [ 0.0, 0.0, 0.25, 1.5 ], "autoUv": false },
										"down": { "texture": "#bridlerope", "uv": [ 0.0, 0.0, 0.25, 1.5 ], "autoUv": false }
									}
								}
							]
						},
						{
							"name": "LeatherStrap5",
							"from": [ 6.584, -0.0029, 0.9818 ],
							"to": [ 6.884, 0.4971, 11.9818 ],
							"rotationOrigin": [ 6.884, -0.0029, 0.9818 ],
							"rotationX": 0.0988,
							"rotationY": -18.0,
							"rotationZ": -0.0036,
							"faces": {
								"north": { "texture": "#bridlerope", "uv": [ 0.0, 0.0, 0.25, 0.25 ], "autoUv": false },
								"east": { "texture": "#bridlerope", "uv": [ 0.0, 0.0, 5.5, 0.25 ], "autoUv": false },
								"south": { "texture": "#bridlerope", "uv": [ 0.0, 0.0, 0.25, 0.25 ], "autoUv": false },
								"west": { "texture": "#bridlerope", "uv": [ 0.0, 0.0, 5.5, 0.25 ], "autoUv": false },
								"up": { "texture": "#bridlerope", "uv": [ 0.0, 0.0, 0.25, 5.5 ], "autoUv": false },
								"down": { "texture": "#bridlerope", "uv": [ 0.0, 0.0, 0.25, 5.5 ], "autoUv": false }
							},
							"children": [
								{
									"name": "LeatherStrap6",
									"from": [ 0.0, 0.0, 11.0 ],
									"to": [ 0.3, 0.5, 14.5 ],
									"rotationOrigin": [ 0.3, 0.0, 11.0 ],
									"rotationY": -80.0,
									"rotationZ": 0.1,
									"faces": {
										"north": { "texture": "#bridlerope", "uv": [ 0.0, 0.0, 0.25, 0.25 ], "autoUv": false },
										"east": { "texture": "#bridlerope", "uv": [ 0.0, 0.0, 1.75, 0.25 ], "autoUv": false },
										"south": { "texture": "#bridlerope", "uv": [ 0.0, 0.0, 0.25, 0.25 ], "autoUv": false },
										"west": { "texture": "#bridlerope", "uv": [ 0.0, 0.0, 1.75, 0.25 ], "autoUv": false },
										"up": { "texture": "#bridlerope", "uv": [ 0.0, 0.0, 0.25, 1.75 ], "autoUv": false },
										"down": { "texture": "#bridlerope", "uv": [ 0.0, 0.0, 0.25, 1.75 ], "autoUv": false }
									}
								}
							]
						}
					]
				},
				{
					"name": "ORIGINbridle2",
					"from": [ 4.61, -3.21, 2.13 ],
					"to": [ 5.71, -2.11, 3.23 ],
					"rotationOrigin": [ 4.61, -3.21, 2.13 ],
					"rotationZ": -127.0,
					"faces": {
					},
					"children": [
						{
							"name": "Bridle",
							"from": [ 0.0, 0.0, -0.33 ],
							"to": [ 0.0, 0.0, -0.33 ],
							"rotationOrigin": [ 0.0, 0.0, -0.33 ],
							"faces": {
								"north": { "texture": "#bridlerope", "uv": [ 0.0, 0.0, 0.25, 0.25 ], "autoUv": false },
								"east": { "texture": "#bridlerope", "uv": [ 0.0, 0.0, 0.25, 0.25 ], "autoUv": false },
								"south": { "texture": "#bridlerope", "uv": [ 0.0, 0.0, 0.25, 0.25 ], "autoUv": false },
								"west": { "texture": "#bridlerope", "uv": [ 0.0, 0.0, 0.25, 0.25 ], "autoUv": false },
								"up": { "texture": "#bridlerope", "uv": [ 0.0, 0.0, 0.25, 0.25 ], "autoUv": false },
								"down": { "texture": "#bridlerope", "uv": [ 0.0, 0.0, 0.25, 0.25 ], "autoUv": false }
							}
						},
						{
							"name": "Noseband11",
							"from": [ -4.9, -1.72, -1.98 ],
							"to": [ -4.46, -1.18, 1.85 ],
							"rotationOrigin": [ -4.9015, -1.7192, -1.98 ],
							"rotationZ": -45.0,
							"faces": {
								"north": { "texture": "#bridlerope", "uv": [ 2.0, 2.0, 2.25, 2.25 ], "autoUv": false, "windMode": [-1,-1,-1,-1], "windData": [1,1,1,1] },
								"east": { "texture": "#bridlerope", "uv": [ 2.0, 3.0, 3.75, 3.25 ], "autoUv": false, "windMode": [-1,-1,-1,-1], "windData": [1,1,1,1] },
								"south": { "texture": "#bridlerope", "uv": [ 2.0, 1.5, 2.25, 1.75 ], "autoUv": false },
								"west": { "texture": "#bridlerope", "uv": [ 1.5, 1.5, 3.25, 1.75 ], "autoUv": false, "windMode": [-1,-1,-1,-1], "windData": [1,1,1,1] },
								"up": { "texture": "#bridlerope", "uv": [ 2.0, 1.5, 2.25, 3.25 ], "autoUv": false, "windMode": [-1,-1,-1,-1], "windData": [1,1,1,1] },
								"down": { "texture": "#bridlerope", "uv": [ 2.5, 1.5, 2.75, 3.25 ], "autoUv": false, "windMode": [-1,-1,-1,-1], "windData": [1,1,1,1] }
							},
							"children": [
								{
									"name": "Noseband17",
									"from": [ 4.54, -0.01, -0.04 ],
									"to": [ 7.28, 0.53, 0.49 ],
									"rotationOrigin": [ 4.4985, 8.0E-4, 0.0 ],
									"rotationY": -35.0,
									"faces": {
										"north": { "texture": "#bridlerope", "uv": [ 0.0, 0.0, 1.25, 0.25 ], "autoUv": false, "windMode": [-1,-1,-1,-1], "windData": [1,1,1,1] },
										"east": { "texture": "#bridlerope", "uv": [ 0.0, 0.0, 0.25, 0.25 ], "autoUv": false, "windMode": [-1,-1,-1,-1], "windData": [1,1,1,1] },
										"south": { "texture": "#bridlerope", "uv": [ 0.0, 0.0, 1.25, 0.25 ], "autoUv": false },
										"west": { "texture": "#bridlerope", "uv": [ 0.0, 0.0, 0.25, 0.25 ], "autoUv": false, "windMode": [-1,-1,-1,-1], "windData": [1,1,1,1] },
										"up": { "texture": "#bridlerope", "uv": [ 0.0, 0.0, 1.25, 0.25 ], "autoUv": false, "windMode": [-1,-1,-1,-1], "windData": [1,1,1,1] },
										"down": { "texture": "#bridlerope", "uv": [ 0.0, 0.0, 1.25, 0.25 ], "autoUv": false, "windMode": [-1,-1,-1,-1], "windData": [1,1,1,1] }
									}
								},
								{
									"name": "Noseband18",
									"from": [ 4.54, -0.001, 3.14 ],
									"to": [ 7.28, 0.539, 3.67 ],
									"rotationOrigin": [ 4.4985, 0.0, 3.84 ],
									"rotationY": 39.2,
									"faces": {
										"north": { "texture": "#bridlerope", "uv": [ 0.0, 0.0, 1.25, 0.25 ], "autoUv": false, "windMode": [-1,-1,-1,-1], "windData": [1,1,1,1] },
										"east": { "texture": "#bridlerope", "uv": [ 0.0, 0.0, 0.25, 0.25 ], "autoUv": false, "windMode": [-1,-1,-1,-1], "windData": [1,1,1,1] },
										"south": { "texture": "#bridlerope", "uv": [ 0.0, 0.0, 1.25, 0.25 ], "autoUv": false },
										"west": { "texture": "#bridlerope", "uv": [ 0.0, 0.0, 0.25, 0.25 ], "autoUv": false, "windMode": [-1,-1,-1,-1], "windData": [1,1,1,1] },
										"up": { "texture": "#bridlerope", "uv": [ 0.0, 0.0, 1.25, 0.25 ], "autoUv": false, "windMode": [-1,-1,-1,-1], "windData": [1,1,1,1] },
										"down": { "texture": "#bridlerope", "uv": [ 0.0, 0.0, 1.25, 0.25 ], "autoUv": false, "windMode": [-1,-1,-1,-1], "windData": [1,1,1,1] }
									}
								},
								{
									"name": "Noseband15",
									"from": [ 3.9, 0.0, 0.0 ],
									"to": [ 4.54, 0.54, 0.43 ],
									"rotationOrigin": [ 3.8985, 8.0E-4, 0.0 ],
									"faces": {
										"north": { "texture": "#bridlerope", "uv": [ 2.0, 2.0, 2.25, 2.25 ], "autoUv": false, "windMode": [-1,-1,-1,-1], "windData": [1,1,1,1] },
										"east": { "texture": "#bridlerope", "uv": [ 2.0, 3.0, 2.25, 3.25 ], "autoUv": false, "windMode": [-1,-1,-1,-1], "windData": [1,1,1,1] },
										"south": { "texture": "#bridlerope", "uv": [ 2.0, 1.5, 2.25, 1.75 ], "autoUv": false },
										"west": { "texture": "#bridlerope", "uv": [ 1.5, 1.5, 1.75, 1.75 ], "autoUv": false, "windMode": [-1,-1,-1,-1], "windData": [1,1,1,1] },
										"up": { "texture": "#bridlerope", "uv": [ 2.0, 1.5, 2.25, 1.75 ], "autoUv": false, "windMode": [-1,-1,-1,-1], "windData": [1,1,1,1] },
										"down": { "texture": "#bridlerope", "uv": [ 2.5, 1.5, 2.75, 1.75 ], "autoUv": false, "windMode": [-1,-1,-1,-1], "windData": [1,1,1,1] }
									}
								},
								{
									"name": "Noseband21",
									"from": [ 3.9, 0.0, 0.0 ],
									"to": [ 4.34, 0.54, 3.46 ],
									"rotationOrigin": [ 3.8985, 8.0E-4, 0.0 ],
									"rotationY": -90.0,
									"faces": {
										"north": { "texture": "#bridlerope", "uv": [ 2.0, 2.0, 2.25, 2.25 ], "autoUv": false, "windMode": [-1,-1,-1,-1], "windData": [1,1,1,1] },
										"east": { "texture": "#bridlerope", "uv": [ 2.0, 3.0, 3.5, 3.25 ], "autoUv": false, "windMode": [-1,-1,-1,-1], "windData": [1,1,1,1] },
										"south": { "texture": "#bridlerope", "uv": [ 2.0, 1.5, 2.25, 1.75 ], "autoUv": false },
										"west": { "texture": "#bridlerope", "uv": [ 1.5, 1.5, 3.0, 1.75 ], "autoUv": false, "windMode": [-1,-1,-1,-1], "windData": [1,1,1,1] },
										"up": { "texture": "#bridlerope", "uv": [ 2.0, 1.5, 2.25, 3.0 ], "autoUv": false, "windMode": [-1,-1,-1,-1], "windData": [1,1,1,1] },
										"down": { "texture": "#bridlerope", "uv": [ 2.5, 1.5, 2.75, 3.0 ], "autoUv": false, "windMode": [-1,-1,-1,-1], "windData": [1,1,1,1] }
									}
								},
								{
									"name": "Noseband22",
									"from": [ 3.9, 0.0, 3.2 ],
									"to": [ 4.34, 0.54, 6.66 ],
									"rotationOrigin": [ 3.8985, 8.0E-4, 3.2 ],
									"rotationY": -90.0,
									"faces": {
										"north": { "texture": "#bridlerope", "uv": [ 2.0, 2.0, 2.25, 2.25 ], "autoUv": false, "windMode": [-1,-1,-1,-1], "windData": [1,1,1,1] },
										"east": { "texture": "#bridlerope", "uv": [ 2.0, 3.0, 3.5, 3.25 ], "autoUv": false, "windMode": [-1,-1,-1,-1], "windData": [1,1,1,1] },
										"south": { "texture": "#bridlerope", "uv": [ 2.0, 1.5, 2.25, 1.75 ], "autoUv": false },
										"west": { "texture": "#bridlerope", "uv": [ 1.5, 1.5, 3.0, 1.75 ], "autoUv": false, "windMode": [-1,-1,-1,-1], "windData": [1,1,1,1] },
										"up": { "texture": "#bridlerope", "uv": [ 2.0, 1.5, 2.25, 3.0 ], "autoUv": false, "windMode": [-1,-1,-1,-1], "windData": [1,1,1,1] },
										"down": { "texture": "#bridlerope", "uv": [ 2.5, 1.5, 2.75, 3.0 ], "autoUv": false, "windMode": [-1,-1,-1,-1], "windData": [1,1,1,1] }
									}
								},
								{
									"name": "Noseband23",
									"from": [ 3.9, 0.0, 3.2 ],
									"to": [ 4.54, 0.54, 3.63 ],
									"rotationOrigin": [ 3.8985, 8.0E-4, 3.2 ],
									"faces": {
										"north": { "texture": "#bridlerope", "uv": [ 2.0, 2.0, 2.25, 2.25 ], "autoUv": false, "windMode": [-1,-1,-1,-1], "windData": [1,1,1,1] },
										"east": { "texture": "#bridlerope", "uv": [ 2.0, 3.0, 2.25, 3.25 ], "autoUv": false, "windMode": [-1,-1,-1,-1], "windData": [1,1,1,1] },
										"south": { "texture": "#bridlerope", "uv": [ 2.0, 1.5, 2.25, 1.75 ], "autoUv": false },
										"west": { "texture": "#bridlerope", "uv": [ 1.5, 1.5, 1.75, 1.75 ], "autoUv": false, "windMode": [-1,-1,-1,-1], "windData": [1,1,1,1] },
										"up": { "texture": "#bridlerope", "uv": [ 2.0, 1.5, 2.25, 1.75 ], "autoUv": false, "windMode": [-1,-1,-1,-1], "windData": [1,1,1,1] },
										"down": { "texture": "#bridlerope", "uv": [ 2.5, 1.5, 2.75, 1.75 ], "autoUv": false, "windMode": [-1,-1,-1,-1], "windData": [1,1,1,1] }
									}
								}
							]
						},
						{
							"name": "Noseband6",
							"from": [ -2.5, -4.32, -2.08 ],
							"to": [ -1.76, -3.38, -1.25 ],
							"rotationOrigin": [ -2.5015, -4.3192, -2.08 ],
							"rotationZ": -45.0,
							"faces": {
								"north": { "texture": "#bridlerope", "uv": [ 0.0, 0.0, 0.25, 0.25 ], "autoUv": false, "windMode": [-1,-1,-1,-1], "windData": [1,1,1,1] },
								"east": { "texture": "#bridlerope", "uv": [ 0.0, 0.0, 0.25, 0.25 ], "autoUv": false, "windMode": [-1,-1,-1,-1], "windData": [1,1,1,1] },
								"south": { "texture": "#bridlerope", "uv": [ 0.0, 0.0, 0.25, 0.25 ], "autoUv": false },
								"west": { "texture": "#bridlerope", "uv": [ 0.0, 0.0, 0.25, 0.25 ], "autoUv": false, "windMode": [-1,-1,-1,-1], "windData": [1,1,1,1] },
								"up": { "texture": "#bridlerope", "uv": [ 0.0, 0.0, 0.25, 0.25 ], "autoUv": false, "windMode": [-1,-1,-1,-1], "windData": [1,1,1,1] },
								"down": { "texture": "#bridlerope", "uv": [ 0.0, 0.0, 0.25, 0.25 ], "autoUv": false, "windMode": [-1,-1,-1,-1], "windData": [1,1,1,1] }
							}
						},
						{
							"name": "Noseband7",
							"from": [ -2.5, -4.32, 1.12 ],
							"to": [ -1.76, -3.38, 1.95 ],
							"rotationOrigin": [ -2.5015, -4.3192, 1.12 ],
							"rotationZ": -45.0,
							"faces": {
								"north": { "texture": "#bridlerope", "uv": [ 0.0, 0.0, 0.25, 0.25 ], "autoUv": false, "windMode": [-1,-1,-1,-1], "windData": [1,1,1,1] },
								"east": { "texture": "#bridlerope", "uv": [ 0.0, 0.0, 0.25, 0.25 ], "autoUv": false, "windMode": [-1,-1,-1,-1], "windData": [1,1,1,1] },
								"south": { "texture": "#bridlerope", "uv": [ 0.0, 0.0, 0.25, 0.25 ], "autoUv": false },
								"west": { "texture": "#bridlerope", "uv": [ 0.0, 0.0, 0.25, 0.25 ], "autoUv": false, "windMode": [-1,-1,-1,-1], "windData": [1,1,1,1] },
								"up": { "texture": "#bridlerope", "uv": [ 0.0, 0.0, 0.25, 0.25 ], "autoUv": false, "windMode": [-1,-1,-1,-1], "windData": [1,1,1,1] },
								"down": { "texture": "#bridlerope", "uv": [ 0.0, 0.0, 0.25, 0.25 ], "autoUv": false, "windMode": [-1,-1,-1,-1], "windData": [1,1,1,1] }
							}
						}
					]
				}
			]
		}
	]}