{
	"editor": {
		"backDropShape": "D:/VSModding/Entitybackdrops/indicus-adult",
		"collapsedPaths": ",Root/ORIGINbridle/ReinsN4,Root/ORIGINbridle/Bit/BitArmN/BitSArmUp2,Root/ORIGINbridle/Bit/BitArmN,Root/Bit,Root/ORIGINbridle/Bit/BitArmS,Root/StrapMainN,Root/ORIGINbridle/Bit,Root/ORIGINbridle/reinsOrigin,Root/ORIGINbridle/ReinsN,Root/reinsOrigin,Root/ORIGINbridle/StrapMainN",
		"allAngles": true,
		"entityTextureMode": false
	},
	"textureWidth": 16,
	"textureHeight": 16,
	"textureSizes": {
		"bridlerope": [16,16]
	},
	"textures": {
		"bridlerope": "game:entity/lore/erel/pristine/rope"
	},
	"elements": [
		{
			"name": "ORIGINbridle",
			"stepParentName": "Head",
			"from": [ 2.5571, 2.9939, 2.1203 ],
			"to": [ 3.5581, 3.9949, 3.1213 ],
			"rotationOrigin": [ 2.5571, 2.9939, 2.1203 ],
			"rotationZ": -45.0,
			"faces": {
			},
			"children": [
				{
					"name": "Bridle",
					"from": [ 0.0, 0.0, -0.3003 ],
					"to": [ 0.0, 0.0, -0.3003 ],
					"rotationOrigin": [ 0.0, 0.0, -0.3003 ],
					"faces": {
						"north": { "texture": "#bridlerope", "uv": [ 0.0, 0.0, 0.5, 0.5 ], "autoUv": false },
						"east": { "texture": "#bridlerope", "uv": [ 0.0, 0.0, 0.5, 0.5 ], "autoUv": false },
						"south": { "texture": "#bridlerope", "uv": [ 0.0, 0.0, 0.5, 0.5 ], "autoUv": false },
						"west": { "texture": "#bridlerope", "uv": [ 0.0, 0.0, 0.5, 0.5 ], "autoUv": false },
						"up": { "texture": "#bridlerope", "uv": [ 0.0, 0.0, 0.5, 0.5 ], "autoUv": false },
						"down": { "texture": "#bridlerope", "uv": [ 0.0, 0.0, 0.5, 0.5 ], "autoUv": false }
					},
					"children": [
						{
							"name": "reinsOrigin",
							"from": [ -2.002, -1.8018, -2.1021 ],
							"to": [ -2.002, -1.8018, -2.1021 ],
							"rotationOrigin": [ -2.2022, -3.3033, 0.1001 ],
							"rotationZ": -17.0,
							"faces": {
								"north": { "texture": "#bridlerope", "uv": [ 0.0, 0.0, 0.5, 0.5 ], "autoUv": false },
								"east": { "texture": "#bridlerope", "uv": [ 0.0, 0.0, 0.5, 0.5 ], "autoUv": false },
								"south": { "texture": "#bridlerope", "uv": [ 0.0, 0.0, 0.5, 0.5 ], "autoUv": false },
								"west": { "texture": "#bridlerope", "uv": [ 0.0, 0.0, 0.5, 0.5 ], "autoUv": false },
								"up": { "texture": "#bridlerope", "uv": [ 0.0, 0.0, 0.5, 0.5 ], "autoUv": false },
								"down": { "texture": "#bridlerope", "uv": [ 0.0, 0.0, 0.5, 0.5 ], "autoUv": false }
							},
							"children": [
								{
									"name": "ReinsN1",
									"from": [ -0.091, -1.8655, 3.7765 ],
									"to": [ 6.279, -1.4105, 4.0495 ],
									"rotationOrigin": [ -0.091, -1.8655, 4.0768 ],
									"rotationX": 8.0,
									"rotationY": -5.0,
									"rotationZ": 20.0,
									"faces": {
										"north": { "texture": "#bridlerope", "uv": [ 0.0, 7.0, 6.25, 7.25 ] },
										"east": { "texture": "#bridlerope", "uv": [ 4.0, 3.25, 4.25, 3.5 ] },
										"south": { "texture": "#bridlerope", "uv": [ 0.0, 4.0, 3.75, 3.75 ], "autoUv": false },
										"west": { "texture": "#bridlerope", "uv": [ 5.5, 7.0, 5.75, 7.25 ] },
										"up": { "texture": "#bridlerope", "uv": [ 0.0, 3.75, 3.75, 4.0 ], "autoUv": false },
										"down": { "texture": "#bridlerope", "uv": [ 0.25, 5.0, 0.5, 11.25 ], "rotation": 90 }
									},
									"children": [
										{
											"name": "ReinsN2",
											"from": [ 6.37, 0.0, 0.001 ],
											"to": [ 10.92, 0.455, 0.274 ],
											"rotationOrigin": [ 6.37, 0.0, 0.3003 ],
											"rotationZ": 12.0,
											"faces": {
												"north": { "texture": "#bridlerope", "uv": [ 0.0, 7.0, 4.5, 7.25 ] },
												"east": { "texture": "#bridlerope", "uv": [ 4.0, 3.25, 4.25, 3.5 ] },
												"south": { "texture": "#bridlerope", "uv": [ 0.5, 0.25, 3.25, 0.5 ], "autoUv": false },
												"west": { "texture": "#bridlerope", "uv": [ 5.5, 7.0, 5.75, 7.25 ] },
												"up": { "texture": "#bridlerope", "uv": [ 1.25, 3.0, 4.0, 3.25 ], "autoUv": false },
												"down": { "texture": "#bridlerope", "uv": [ 0.25, 5.0, 4.75, 5.25 ] }
											},
											"children": [
												{
													"name": "ReinsN3",
													"from": [ 4.55, 0.0, 0.001 ],
													"to": [ 7.28, 0.455, 0.274 ],
													"rotationOrigin": [ 4.55, 0.0, 0.3003 ],
													"rotationZ": 15.0,
													"faces": {
														"north": { "texture": "#bridlerope", "uv": [ 0.0, 7.0, 2.5, 7.25 ] },
														"east": { "texture": "#bridlerope", "uv": [ 4.0, 3.25, 4.25, 3.5 ] },
														"south": { "texture": "#bridlerope", "uv": [ 0.0, 4.0, 1.5, 4.25 ], "autoUv": false },
														"west": { "texture": "#bridlerope", "uv": [ 5.5, 7.0, 5.75, 7.25 ] },
														"up": { "texture": "#bridlerope", "uv": [ 0.0, 3.75, 1.5, 4.0 ], "autoUv": false },
														"down": { "texture": "#bridlerope", "uv": [ 0.25, 5.0, 2.75, 5.25 ] }
													},
													"children": [
														{
															"name": "ReinsN4",
															"from": [ 2.73, 0.0, 0.001 ],
															"to": [ 5.46, 0.455, 0.274 ],
															"rotationOrigin": [ 2.73, 0.0, 0.3003 ],
															"rotationZ": 20.0,
															"faces": {
																"north": { "texture": "#bridlerope", "uv": [ 0.0, 7.0, 2.5, 7.25 ] },
																"east": { "texture": "#bridlerope", "uv": [ 4.0, 3.25, 4.25, 3.5 ] },
																"south": { "texture": "#bridlerope", "uv": [ 0.0, 4.0, 1.25, 4.25 ], "autoUv": false },
																"west": { "texture": "#bridlerope", "uv": [ 5.5, 7.0, 5.75, 7.25 ] },
																"up": { "texture": "#bridlerope", "uv": [ 0.0, 3.75, 1.25, 4.0 ], "autoUv": false },
																"down": { "texture": "#bridlerope", "uv": [ 0.25, 5.0, 2.75, 5.25 ] }
															},
															"children": [
																{
																	"name": "Reinscrossed",
																	"from": [ 3.003, 0.0, 0.0 ],
																	"to": [ 7.28, 0.455, 0.273 ],
																	"rotationOrigin": [ 3.003, 0.0, 0.3003 ],
																	"rotationY": 90.0,
																	"faces": {
																		"north": { "texture": "#bridlerope", "uv": [ 0.0, 7.0, 2.25, 7.25 ], "autoUv": false },
																		"east": { "texture": "#bridlerope", "uv": [ 4.0, 3.25, 4.25, 3.5 ] },
																		"south": { "texture": "#bridlerope", "uv": [ 0.0, 4.0, 2.0, 4.25 ], "autoUv": false },
																		"west": { "texture": "#bridlerope", "uv": [ 5.5, 7.0, 5.75, 7.25 ] },
																		"up": { "texture": "#bridlerope", "uv": [ 0.0, 3.75, 2.25, 3.75 ], "autoUv": false },
																		"down": { "texture": "#bridlerope", "uv": [ 0.25, 5.0, 2.25, 5.25 ], "autoUv": false }
																	}
																}
															]
														}
													]
												}
											]
										}
									]
								},
								{
									"name": "ReinsN5",
									"from": [ -0.091, -1.8655, 0.5005 ],
									"to": [ 6.279, -1.4105, 0.7735 ],
									"rotationOrigin": [ -0.091, -1.8655, 0.8008 ],
									"rotationX": -8.0,
									"rotationY": 5.0,
									"rotationZ": 20.0,
									"faces": {
										"north": { "texture": "#bridlerope", "uv": [ 0.0, 7.0, 2.75, 7.0 ], "autoUv": false },
										"east": { "texture": "#bridlerope", "uv": [ 4.0, 3.25, 4.25, 3.5 ] },
										"south": { "texture": "#bridlerope", "uv": [ 0.0, 4.0, 6.25, 4.25 ] },
										"west": { "texture": "#bridlerope", "uv": [ 5.5, 7.0, 5.75, 7.25 ] },
										"up": { "texture": "#bridlerope", "uv": [ 68.5, -6.25, 71.25, -6.25 ], "autoUv": false },
										"down": { "texture": "#bridlerope", "uv": [ 0.25, 5.0, 6.5, 5.25 ] }
									},
									"children": [
										{
											"name": "ReinsN6",
											"from": [ 6.37, 0.0, 0.001 ],
											"to": [ 10.92, 0.455, 0.274 ],
											"rotationOrigin": [ 6.37, 0.0, 0.3003 ],
											"rotationZ": 12.0,
											"faces": {
												"north": { "texture": "#bridlerope", "uv": [ 0.0, 7.0, 2.75, 7.25 ], "autoUv": false },
												"east": { "texture": "#bridlerope", "uv": [ 4.0, 3.25, 4.25, 3.5 ] },
												"south": { "texture": "#bridlerope", "uv": [ 0.0, 4.0, 4.5, 4.25 ] },
												"west": { "texture": "#bridlerope", "uv": [ 5.5, 7.0, 5.75, 7.25 ] },
												"up": { "texture": "#bridlerope", "uv": [ 0.0, 3.75, 2.75, 4.0 ], "autoUv": false },
												"down": { "texture": "#bridlerope", "uv": [ 0.25, 5.0, 4.75, 5.25 ] }
											},
											"children": [
												{
													"name": "ReinsN7",
													"from": [ 4.55, 0.0, 0.001 ],
													"to": [ 7.28, 0.455, 0.274 ],
													"rotationOrigin": [ 4.55, 0.0, 0.3003 ],
													"rotationZ": 15.0,
													"faces": {
														"north": { "texture": "#bridlerope", "uv": [ 0.0, 7.0, 1.5, 7.25 ], "autoUv": false },
														"east": { "texture": "#bridlerope", "uv": [ 4.0, 3.25, 4.25, 3.5 ] },
														"south": { "texture": "#bridlerope", "uv": [ 0.0, 4.0, 2.5, 4.25 ] },
														"west": { "texture": "#bridlerope", "uv": [ 5.5, 7.0, 5.75, 7.25 ] },
														"up": { "texture": "#bridlerope", "uv": [ 0.0, 3.75, 1.5, 3.5 ], "autoUv": false },
														"down": { "texture": "#bridlerope", "uv": [ 0.25, 5.0, 2.75, 5.25 ] }
													},
													"children": [
														{
															"name": "ReinsN8",
															"from": [ 2.73, 0.0, 0.001 ],
															"to": [ 5.46, 0.455, 0.274 ],
															"rotationOrigin": [ 2.73, 0.0, 0.3003 ],
															"rotationZ": 20.0,
															"faces": {
																"north": { "texture": "#bridlerope", "uv": [ 0.0, 7.0, 1.75, 7.0 ], "autoUv": false },
																"east": { "texture": "#bridlerope", "uv": [ 4.0, 3.25, 4.25, 3.5 ] },
																"south": { "texture": "#bridlerope", "uv": [ 0.0, 4.0, 2.5, 4.25 ] },
																"west": { "texture": "#bridlerope", "uv": [ 5.5, 7.0, 5.75, 7.25 ] },
																"up": { "texture": "#bridlerope", "uv": [ 0.0, 3.75, 1.75, 4.0 ], "autoUv": false },
																"down": { "texture": "#bridlerope", "uv": [ 0.25, 5.0, 2.75, 5.25 ] }
															},
															"children": [
																{
																	"name": "Reinscrossed2",
																	"from": [ 2.73, 0.0, -0.273 ],
																	"to": [ 7.007, 0.455, 0.0 ],
																	"rotationOrigin": [ 2.73, 0.0, 0.0 ],
																	"rotationY": -90.0,
																	"faces": {
																		"north": { "texture": "#bridlerope", "uv": [ 0.0, 7.0, 2.5, 7.25 ], "autoUv": false },
																		"east": { "texture": "#bridlerope", "uv": [ 4.0, 3.25, 4.25, 3.5 ] },
																		"south": { "texture": "#bridlerope", "uv": [ 0.0, 4.0, 2.5, 4.25 ], "autoUv": false },
																		"west": { "texture": "#bridlerope", "uv": [ 5.5, 7.0, 5.75, 7.25 ] },
																		"up": { "texture": "#bridlerope", "uv": [ 0.0, 3.75, 2.5, 3.5 ], "autoUv": false },
																		"down": { "texture": "#bridlerope", "uv": [ 0.25, 5.0, 4.5, 5.25 ] }
																	},
																	"children": [
																		{
																			"name": "Reinscrossed3",
																			"from": [ 4.004, -0.091, -0.091 ],
																			"to": [ 4.55, 0.546, 0.364 ],
																			"rotationOrigin": [ 4.277, -0.091, 0.2093 ],
																			"rotationY": -9.0,
																			"faces": {
																				"north": { "texture": "#bridlerope", "uv": [ 0.0, 7.0, 0.5, 7.5 ] },
																				"east": { "texture": "#bridlerope", "uv": [ 4.0, 3.25, 4.25, 3.75 ] },
																				"south": { "texture": "#bridlerope", "uv": [ 0.0, 4.0, 0.5, 4.5 ] },
																				"west": { "texture": "#bridlerope", "uv": [ 5.5, 7.0, 5.75, 7.5 ] },
																				"up": { "texture": "#bridlerope", "uv": [ 0.0, 3.75, 0.5, 4.0 ] },
																				"down": { "texture": "#bridlerope", "uv": [ 0.25, 5.0, 0.75, 5.25 ] }
																			}
																		}
																	]
																}
															]
														}
													]
												}
											]
										}
									]
								}
							]
						}
					]
				},
				{
					"name": "Noseband5",
					"from": [ -4.641, -1.7472, -1.7108 ],
					"to": [ -1.6926, -1.2558, 1.5925 ],
					"rotationOrigin": [ -4.6424, -1.7465, -1.7108 ],
					"rotationZ": -37.0,
					"faces": {
						"north": { "texture": "#bridlerope", "uv": [ 0.0, 0.0, 1.5, 0.25 ], "autoUv": false, "windMode": [-1,-1,-1,-1], "windData": [1,1,1,1] },
						"east": { "texture": "#bridlerope", "uv": [ 0.0, 0.0, 3.25, 0.25 ], "windMode": [-1,-1,-1,-1], "windData": [1,1,1,1] },
						"south": { "texture": "#bridlerope", "uv": [ 0.0, 0.0, 1.75, 0.25 ], "autoUv": false },
						"west": { "texture": "#bridlerope", "uv": [ 0.0, 0.0, 3.25, 0.25 ], "windMode": [-1,-1,-1,-1], "windData": [1,1,1,1] },
						"up": { "texture": "#bridlerope", "uv": [ 0.0, 0.0, 2.75, 3.25 ], "windMode": [-1,-1,-1,-1], "windData": [1,1,1,1] },
						"down": { "texture": "#bridlerope", "uv": [ 0.0, 0.0, 2.75, 3.25 ], "windMode": [-1,-1,-1,-1], "windData": [1,1,1,1] }
					},
					"children": [
						{
							"name": "Noseband11",
							"from": [ -0.0643, -0.0643, -0.091 ],
							"to": [ 0.6091, 0.6091, 3.3943 ],
							"rotationOrigin": [ -0.0657, -0.0636, -0.091 ],
							"faces": {
								"north": { "texture": "#bridlerope", "uv": [ 0.0, 0.0, 0.5, 0.5 ], "windMode": [-1,-1,-1,-1], "windData": [1,1,1,1] },
								"east": { "texture": "#bridlerope", "uv": [ 0.0, 0.0, 3.25, 0.5 ], "windMode": [-1,-1,-1,-1], "windData": [1,1,1,1] },
								"south": { "texture": "#bridlerope", "uv": [ 0.0, 0.0, 0.5, 0.5 ] },
								"west": { "texture": "#bridlerope", "uv": [ 0.0, 0.0, 3.25, 0.5 ], "windMode": [-1,-1,-1,-1], "windData": [1,1,1,1] },
								"up": { "texture": "#bridlerope", "uv": [ 0.0, 0.0, 0.5, 3.25 ], "windMode": [-1,-1,-1,-1], "windData": [1,1,1,1] },
								"down": { "texture": "#bridlerope", "uv": [ 0.0, 0.0, 0.5, 3.25 ], "windMode": [-1,-1,-1,-1], "windData": [1,1,1,1] }
							}
						}
					]
				},
				{
					"name": "Noseband9",
					"from": [ -2.275, -3.6582, -1.9838 ],
					"to": [ -1.6016, -2.9848, 1.7745 ],
					"rotationOrigin": [ -2.2764, -3.6575, -1.9838 ],
					"rotationZ": 45.0,
					"faces": {
						"north": { "texture": "#bridlerope", "uv": [ 0.0, 0.0, 0.5, 0.5 ], "windMode": [-1,-1,-1,-1], "windData": [1,1,1,1] },
						"east": { "texture": "#bridlerope", "uv": [ 0.0, 0.0, 3.75, 0.5 ], "windMode": [-1,-1,-1,-1], "windData": [1,1,1,1] },
						"south": { "texture": "#bridlerope", "uv": [ 0.0, 0.0, 0.5, 0.5 ] },
						"west": { "texture": "#bridlerope", "uv": [ 0.0, 0.0, 3.75, 0.5 ], "windMode": [-1,-1,-1,-1], "windData": [1,1,1,1] },
						"up": { "texture": "#bridlerope", "uv": [ 0.0, 0.0, 0.5, 3.75 ], "windMode": [-1,-1,-1,-1], "windData": [1,1,1,1] },
						"down": { "texture": "#bridlerope", "uv": [ 0.0, 0.0, 0.5, 3.75 ], "windMode": [-1,-1,-1,-1], "windData": [1,1,1,1] }
					},
					"children": [
						{
							"name": "Noseband7",
							"from": [ 1.6357, 0.043, -0.273 ],
							"to": [ 4.0381, 0.5344, -0.0637 ],
							"rotationOrigin": [ 1.6344, 0.043, -0.273 ],
							"rotationZ": 9.0,
							"faces": {
								"north": { "texture": "#bridlerope", "uv": [ 0.0, 0.0, 1.25, 0.25 ], "autoUv": false, "windMode": [-1,-1,-1,-1], "windData": [1,1,1,1] },
								"east": { "texture": "#bridlerope", "uv": [ 0.0, 0.0, 0.25, 0.25 ], "windMode": [-1,-1,-1,-1], "windData": [1,1,1,1] },
								"south": { "texture": "#bridlerope", "uv": [ 0.0, 0.0, 2.25, 0.25 ] },
								"west": { "texture": "#bridlerope", "uv": [ 0.0, 0.0, 0.25, 0.25 ], "windMode": [-1,-1,-1,-1], "windData": [1,1,1,1] },
								"up": { "texture": "#bridlerope", "uv": [ 0.0, 0.0, 2.25, 0.25 ], "windMode": [-1,-1,-1,-1], "windData": [1,1,1,1] },
								"down": { "texture": "#bridlerope", "uv": [ 0.0, 0.0, 2.25, 0.25 ], "windMode": [-1,-1,-1,-1], "windData": [1,1,1,1] }
							},
							"children": [
								{
									"name": "Noseband8",
									"from": [ 2.366, 0.0, 0.0 ],
									"to": [ 6.0424, 0.4914, 4.3043 ],
									"rotationOrigin": [ 2.3646, 0.0, 0.0 ],
									"rotationZ": 27.7,
									"faces": {
										"north": { "texture": "#bridlerope", "uv": [ 0.0, 0.0, 2.25, 0.25 ], "autoUv": false, "windMode": [-1,-1,-1,-1], "windData": [1,1,1,1] },
										"east": { "texture": "#bridlerope", "uv": [ 0.0, 0.0, 4.25, 0.25 ], "windMode": [-1,-1,-1,-1], "windData": [1,1,1,1] },
										"south": { "texture": "#bridlerope", "uv": [ 0.0, 0.0, 2.25, 0.25 ], "autoUv": false },
										"west": { "texture": "#bridlerope", "uv": [ 0.0, 0.0, 4.25, 0.25 ], "windMode": [-1,-1,-1,-1], "windData": [1,1,1,1] },
										"up": { "texture": "#bridlerope", "uv": [ 0.0, 0.0, 3.5, 4.25 ], "windMode": [-1,-1,-1,-1], "windData": [1,1,1,1] },
										"down": { "texture": "#bridlerope", "uv": [ 0.0, 0.0, 3.5, 4.25 ], "windMode": [-1,-1,-1,-1], "windData": [1,1,1,1] }
									}
								},
								{
									"name": "Noseband10",
									"from": [ 4.186, 0.455, -0.091 ],
									"to": [ 5.7694, 0.9464, 4.3953 ],
									"rotationOrigin": [ 4.186, 0.91, -0.091 ],
									"rotationZ": 116.0,
									"faces": {
										"north": { "texture": "#bridlerope", "uv": [ 0.0, 0.0, 1.0, 0.25 ], "autoUv": false, "windMode": [-1,-1,-1,-1], "windData": [1,1,1,1] },
										"east": { "texture": "#bridlerope", "uv": [ 0.0, 0.0, 4.25, 0.25 ], "windMode": [-1,-1,-1,-1], "windData": [1,1,1,1] },
										"south": { "texture": "#bridlerope", "uv": [ 0.0, 0.0, 1.0, 0.25 ], "autoUv": false },
										"west": { "texture": "#bridlerope", "uv": [ 0.0, 0.0, 4.25, 0.25 ], "windMode": [-1,-1,-1,-1], "windData": [1,1,1,1] },
										"up": { "texture": "#bridlerope", "uv": [ 0.0, 0.0, 1.5, 4.25 ], "windMode": [-1,-1,-1,-1], "windData": [1,1,1,1] },
										"down": { "texture": "#bridlerope", "uv": [ 0.0, 0.0, 1.5, 4.25 ], "windMode": [-1,-1,-1,-1], "windData": [1,1,1,1] }
									},
									"children": [
										{
											"name": "Noseband14",
											"from": [ 1.547, 0.0, 0.91 ],
											"to": [ 1.9474, 0.4914, 3.5763 ],
											"rotationOrigin": [ 1.547, 0.455, 0.91 ],
											"faces": {
												"north": { "texture": "#bridlerope", "uv": [ 0.0, 0.0, 0.25, 0.25 ], "windMode": [-1,-1,-1,-1], "windData": [1,1,1,1] },
												"east": { "texture": "#bridlerope", "uv": [ 0.0, 0.0, 2.5, 0.25 ], "windMode": [-1,-1,-1,-1], "windData": [1,1,1,1] },
												"south": { "texture": "#bridlerope", "uv": [ 0.0, 0.0, 0.25, 0.25 ] },
												"west": { "texture": "#bridlerope", "uv": [ 0.0, 0.0, 2.5, 0.25 ], "windMode": [-1,-1,-1,-1], "windData": [1,1,1,1] },
												"up": { "texture": "#bridlerope", "uv": [ 0.0, 0.0, 0.25, 2.5 ], "windMode": [-1,-1,-1,-1], "windData": [1,1,1,1] },
												"down": { "texture": "#bridlerope", "uv": [ 0.0, 0.0, 0.25, 2.5 ], "windMode": [-1,-1,-1,-1], "windData": [1,1,1,1] }
											}
										}
									]
								},
								{
									"name": "Noseband15",
									"from": [ 2.093, 0.455, 0.0 ],
									"to": [ 5.3144, 0.9464, 4.3043 ],
									"rotationOrigin": [ 2.0916, 0.455, 0.0 ],
									"rotationZ": -125.0,
									"faces": {
										"north": { "texture": "#bridlerope", "uv": [ 0.0, 0.0, 2.0, 0.25 ], "autoUv": false, "windMode": [-1,-1,-1,-1], "windData": [1,1,1,1] },
										"east": { "texture": "#bridlerope", "uv": [ 0.0, 0.0, 4.25, 0.25 ], "windMode": [-1,-1,-1,-1], "windData": [1,1,1,1] },
										"south": { "texture": "#bridlerope", "uv": [ 0.0, 0.0, 2.0, 0.25 ], "autoUv": false },
										"west": { "texture": "#bridlerope", "uv": [ 0.0, 0.0, 4.25, 0.25 ], "windMode": [-1,-1,-1,-1], "windData": [1,1,1,1] },
										"up": { "texture": "#bridlerope", "uv": [ 0.0, 0.0, 3.0, 4.25 ], "windMode": [-1,-1,-1,-1], "windData": [1,1,1,1] },
										"down": { "texture": "#bridlerope", "uv": [ 0.0, 0.0, 3.0, 4.25 ], "windMode": [-1,-1,-1,-1], "windData": [1,1,1,1] }
									}
								}
							]
						},
						{
							"name": "Noseband6",
							"from": [ 0.0041, 0.039, 0.182 ],
							"to": [ 1.7058, 0.5304, 0.3913 ],
							"rotationOrigin": [ -0.0014, 0.0385, 0.182 ],
							"rotationY": 15.4,
							"faces": {
								"north": { "texture": "#bridlerope", "uv": [ 0.0, 0.0, 0.75, 0.25 ], "autoUv": false, "windMode": [-1,-1,-1,-1], "windData": [1,1,1,1] },
								"east": { "texture": "#bridlerope", "uv": [ 0.0, 0.0, 0.25, 0.25 ], "windMode": [-1,-1,-1,-1], "windData": [1,1,1,1] },
								"south": { "texture": "#bridlerope", "uv": [ 0.0, 0.0, 1.5, 0.25 ] },
								"west": { "texture": "#bridlerope", "uv": [ 0.0, 0.0, 0.25, 0.25 ], "windMode": [-1,-1,-1,-1], "windData": [1,1,1,1] },
								"up": { "texture": "#bridlerope", "uv": [ 0.0, 0.0, 1.5, 0.25 ], "windMode": [-1,-1,-1,-1], "windData": [1,1,1,1] },
								"down": { "texture": "#bridlerope", "uv": [ 0.0, 0.0, 1.5, 0.25 ], "windMode": [-1,-1,-1,-1], "windData": [1,1,1,1] }
							},
							"children": [
								{
									"name": "Noseband12",
									"from": [ -0.8972, 0.0031, 3.0632 ],
									"to": [ 0.8045, 0.4945, 3.2725 ],
									"rotationOrigin": [ -0.9063, 0.0031, 3.2725 ],
									"rotationY": -30.8,
									"faces": {
										"north": { "texture": "#bridlerope", "uv": [ 0.0, 0.0, 1.5, 0.25 ], "windMode": [-1,-1,-1,-1], "windData": [1,1,1,1] },
										"east": { "texture": "#bridlerope", "uv": [ 0.0, 0.0, 0.25, 0.25 ], "windMode": [-1,-1,-1,-1], "windData": [1,1,1,1] },
										"south": { "texture": "#bridlerope", "uv": [ 0.0, 0.0, 1.25, 0.25 ], "autoUv": false },
										"west": { "texture": "#bridlerope", "uv": [ 0.0, 0.0, 0.25, 0.25 ], "windMode": [-1,-1,-1,-1], "windData": [1,1,1,1] },
										"up": { "texture": "#bridlerope", "uv": [ 0.0, 0.0, 1.5, 0.25 ], "windMode": [-1,-1,-1,-1], "windData": [1,1,1,1] },
										"down": { "texture": "#bridlerope", "uv": [ 0.0, 0.0, 1.5, 0.25 ], "windMode": [-1,-1,-1,-1], "windData": [1,1,1,1] }
									}
								},
								{
									"name": "Noseband13",
									"from": [ 0.6062, 0.004, 3.9437 ],
									"to": [ 3.0086, 0.4954, 4.153 ],
									"rotationOrigin": [ 0.6049, 0.004, 3.9437 ],
									"rotationY": -15.4,
									"rotationZ": 9.0,
									"faces": {
										"north": { "texture": "#bridlerope", "uv": [ 0.0, 0.0, 2.25, 0.25 ], "windMode": [-1,-1,-1,-1], "windData": [1,1,1,1] },
										"east": { "texture": "#bridlerope", "uv": [ 0.0, 0.0, 0.25, 0.25 ], "windMode": [-1,-1,-1,-1], "windData": [1,1,1,1] },
										"south": { "texture": "#bridlerope", "uv": [ 0.0, 0.0, 1.25, 0.25 ], "autoUv": false },
										"west": { "texture": "#bridlerope", "uv": [ 0.0, 0.0, 0.25, 0.25 ], "windMode": [-1,-1,-1,-1], "windData": [1,1,1,1] },
										"up": { "texture": "#bridlerope", "uv": [ 0.0, 0.0, 2.25, 0.25 ], "windMode": [-1,-1,-1,-1], "windData": [1,1,1,1] },
										"down": { "texture": "#bridlerope", "uv": [ 0.0, 0.0, 2.25, 0.25 ], "windMode": [-1,-1,-1,-1], "windData": [1,1,1,1] }
									}
								},
								{
									"name": "Noseband17",
									"from": [ 0.0364, 0.273, 0.1048 ],
									"to": [ 1.6198, 0.7644, 3.4081 ],
									"rotationOrigin": [ 0.0324, 0.2781, 0.1048 ],
									"rotationY": -15.4,
									"rotationZ": -101.5,
									"faces": {
										"north": { "texture": "#bridlerope", "uv": [ 0.0, 0.0, 1.0, 0.25 ], "autoUv": false, "windMode": [-1,-1,-1,-1], "windData": [1,1,1,1] },
										"east": { "texture": "#bridlerope", "uv": [ 0.0, 0.0, 3.25, 0.25 ], "windMode": [-1,-1,-1,-1], "windData": [1,1,1,1] },
										"south": { "texture": "#bridlerope", "uv": [ 0.0, 0.0, 1.0, 0.25 ], "autoUv": false },
										"west": { "texture": "#bridlerope", "uv": [ 0.0, 0.0, 3.25, 0.25 ], "windMode": [-1,-1,-1,-1], "windData": [1,1,1,1] },
										"up": { "texture": "#bridlerope", "uv": [ 0.0, 0.0, 1.5, 3.25 ], "windMode": [-1,-1,-1,-1], "windData": [1,1,1,1] },
										"down": { "texture": "#bridlerope", "uv": [ 0.0, 0.0, 1.5, 3.25 ], "windMode": [-1,-1,-1,-1], "windData": [1,1,1,1] }
									}
								}
							]
						}
					]
				},
				{
					"name": "Noseband16",
					"from": [ 0.273, -1.0647, -2.36 ],
					"to": [ 0.9464, -0.3913, 2.1353 ],
					"rotationOrigin": [ 0.2716, -1.0185, -2.3568 ],
					"rotationZ": 88.0,
					"faces": {
						"north": { "texture": "#bridlerope", "uv": [ 0.0, 0.0, 0.5, 0.5 ], "autoUv": false, "windMode": [-1,-1,-1,-1], "windData": [1,1,1,1] },
						"east": { "texture": "#bridlerope", "uv": [ 0.0, 0.0, 4.75, 0.5 ], "autoUv": false, "windMode": [-1,-1,-1,-1], "windData": [1,1,1,1] },
						"south": { "texture": "#bridlerope", "uv": [ 0.0, 0.0, 0.5, 0.5 ], "autoUv": false },
						"west": { "texture": "#bridlerope", "uv": [ 0.0, 0.0, 4.75, 0.5 ], "autoUv": false, "windMode": [-1,-1,-1,-1], "windData": [1,1,1,1] },
						"up": { "texture": "#bridlerope", "uv": [ 0.0, 0.0, 0.5, 4.75 ], "autoUv": false, "windMode": [-1,-1,-1,-1], "windData": [1,1,1,1] },
						"down": { "texture": "#bridlerope", "uv": [ 0.0, 0.0, 0.5, 4.75 ], "autoUv": false, "windMode": [-1,-1,-1,-1], "windData": [1,1,1,1] }
					}
				}
			]
		}
	],
	"animations": [
		{
			"name": "Eat",
			"code": "eat",
			"quantityframes": 44,
			"onActivityStopped": "Rewind",
			"onAnimationEnd": "Repeat",
			"keyframes": [
				{
					"frame": 0,
					"elements": {
						"reinsOrigin": { "rotationX": 0.0, "rotationY": 0.0, "rotationZ": 33.0 }
					}
				},
				{
					"frame": 15,
					"elements": {
						"reinsOrigin": { "rotationX": 0.0, "rotationY": 0.0, "rotationZ": 42.0 }
					}
				},
				{
					"frame": 23,
					"elements": {
						"reinsOrigin": { "rotationX": 0.0, "rotationY": 0.0, "rotationZ": 36.0 }
					}
				},
				{
					"frame": 32,
					"elements": {
						"reinsOrigin": { "rotationX": 0.0, "rotationY": 0.0, "rotationZ": 25.0 }
					}
				}
			]
		},

		{
			"name": "Turn-left",
			"code": "turn-left",
			"quantityframes": 1,
			"onActivityStopped": "Rewind",
			"onAnimationEnd": "Repeat",
			"keyframes": [
				{
					"frame": 0,
					"elements": {
						"reinsOrigin": { "rotationX": 0.0, "rotationY": -6.0, "rotationZ": 0.0 }
					}
				}
			]
		},

		{
			"name": "Turn-right",
			"code": "turn-right",
			"quantityframes": 1,
			"onActivityStopped": "Rewind",
			"onAnimationEnd": "Repeat",
			"keyframes": [
				{
					"frame": 0,
					"elements": {
						"reinsOrigin": { "rotationX": 0.0, "rotationY": 6.0, "rotationZ": 0.0 }
					}
				}
			]
		},

		{
			"name": "Gallop",
			"code": "gallop",
			"quantityframes": 49,
			"onActivityStopped": "Rewind",
			"onAnimationEnd": "Repeat",
			"keyframes": [
				{
					"frame": 24,
					"elements": {
						"reinsOrigin": { "rotationX": 0.0, "rotationY": 0.0, "rotationZ": 5.0 }
					}
				}
			]
		}
	]
}