{
	"editor": {
		"backDropShape": "D:/VSModding/Entitybackdrops/caledonius-adult",
		"collapsedPaths": ",Root/ORIGINbridle/ReinsN4,Root/ORIGINbridle/Bit/BitArmN/BitSArmUp2,Root/ORIGINbridle/Bit/BitArmN,Root/Bit,Root/ORIGINbridle/Bit/BitArmS,Root/StrapMainN,Root/ORIGINbridle/Bit,Root/ORIGINbridle/reinsOrigin,Root/ORIGINbridle/ReinsN,Root/reinsOrigin,Root/ORIGINbridle/StrapMainN",
		"allAngles": true,
		"entityTextureMode": false
	},
	"textureWidth": 16,
	"textureHeight": 16,
	"textureSizes": {
		"bridlerope": [16,16]
	},
	"textures": {
		"bridlerope": "game:entity/lore/erel/pristine/rope"
	},
	"elements": [
		{
			"name": "ORIGINbridle",
			"stepParentName": "Head",
			"from": [ 2.8128, 3.2933, 2.3323 ],
			"to": [ 3.9139, 4.3944, 3.4334 ],
			"rotationOrigin": [ 2.8128, 3.2933, 2.3323 ],
			"rotationZ": -45.0,
			"faces": {
			},
			"children": [
				{
					"name": "Bridle",
					"from": [ 0.0, 0.0, -0.3303 ],
					"to": [ 0.0, 0.0, -0.3303 ],
					"rotationOrigin": [ 0.0, 0.0, -0.3303 ],
					"faces": {
						"north": { "texture": "#bridlerope", "uv": [ 0.0, 0.0, 0.5, 0.5 ], "autoUv": false },
						"east": { "texture": "#bridlerope", "uv": [ 0.0, 0.0, 0.5, 0.5 ], "autoUv": false },
						"south": { "texture": "#bridlerope", "uv": [ 0.0, 0.0, 0.5, 0.5 ], "autoUv": false },
						"west": { "texture": "#bridlerope", "uv": [ 0.0, 0.0, 0.5, 0.5 ], "autoUv": false },
						"up": { "texture": "#bridlerope", "uv": [ 0.0, 0.0, 0.5, 0.5 ], "autoUv": false },
						"down": { "texture": "#bridlerope", "uv": [ 0.0, 0.0, 0.5, 0.5 ], "autoUv": false }
					},
					"children": [
						{
							"name": "reinsOrigin",
							"from": [ -2.2022, -1.982, -2.3123 ],
							"to": [ -2.2022, -1.982, -2.3123 ],
							"rotationOrigin": [ -2.4224, -3.6336, 0.1101 ],
							"rotationZ": -17.0,
							"faces": {
								"north": { "texture": "#bridlerope", "uv": [ 0.0, 0.0, 0.5, 0.5 ], "autoUv": false },
								"east": { "texture": "#bridlerope", "uv": [ 0.0, 0.0, 0.5, 0.5 ], "autoUv": false },
								"south": { "texture": "#bridlerope", "uv": [ 0.0, 0.0, 0.5, 0.5 ], "autoUv": false },
								"west": { "texture": "#bridlerope", "uv": [ 0.0, 0.0, 0.5, 0.5 ], "autoUv": false },
								"up": { "texture": "#bridlerope", "uv": [ 0.0, 0.0, 0.5, 0.5 ], "autoUv": false },
								"down": { "texture": "#bridlerope", "uv": [ 0.0, 0.0, 0.5, 0.5 ], "autoUv": false }
							},
							"children": [
								{
									"name": "ReinsN1",
									"from": [ -0.1001, -2.0521, 4.1542 ],
									"to": [ 6.9069, -1.5516, 4.4545 ],
									"rotationOrigin": [ -0.1001, -2.0521, 4.4845 ],
									"rotationX": 8.0,
									"rotationY": -5.0,
									"rotationZ": 20.0,
									"faces": {
										"north": { "texture": "#bridlerope", "uv": [ 0.0, 7.0, 6.25, 7.25 ], "autoUv": false },
										"east": { "texture": "#bridlerope", "uv": [ 4.0, 3.25, 4.25, 3.5 ], "autoUv": false },
										"south": { "texture": "#bridlerope", "uv": [ 0.0, 4.0, 3.75, 3.75 ], "autoUv": false },
										"west": { "texture": "#bridlerope", "uv": [ 5.5, 7.0, 5.75, 7.25 ], "autoUv": false },
										"up": { "texture": "#bridlerope", "uv": [ 0.0, 3.75, 3.75, 4.0 ], "autoUv": false },
										"down": { "texture": "#bridlerope", "uv": [ 0.25, 5.0, 0.5, 11.25 ], "rotation": 90, "autoUv": false }
									},
									"children": [
										{
											"name": "ReinsN2",
											"from": [ 7.007, 0.0, 0.0011 ],
											"to": [ 12.012, 0.5005, 0.3014 ],
											"rotationOrigin": [ 7.007, 0.0, 0.3303 ],
											"rotationZ": 12.0,
											"faces": {
												"north": { "texture": "#bridlerope", "uv": [ 0.0, 7.0, 4.5, 7.25 ], "autoUv": false },
												"east": { "texture": "#bridlerope", "uv": [ 4.0, 3.25, 4.25, 3.5 ], "autoUv": false },
												"south": { "texture": "#bridlerope", "uv": [ 0.5, 0.25, 3.25, 0.5 ], "autoUv": false },
												"west": { "texture": "#bridlerope", "uv": [ 5.5, 7.0, 5.75, 7.25 ], "autoUv": false },
												"up": { "texture": "#bridlerope", "uv": [ 1.25, 3.0, 4.0, 3.25 ], "autoUv": false },
												"down": { "texture": "#bridlerope", "uv": [ 0.25, 5.0, 4.75, 5.25 ], "autoUv": false }
											},
											"children": [
												{
													"name": "ReinsN3",
													"from": [ 5.005, 0.0, 0.0011 ],
													"to": [ 8.008, 0.5005, 0.3014 ],
													"rotationOrigin": [ 5.005, 0.0, 0.3303 ],
													"rotationZ": 15.0,
													"faces": {
														"north": { "texture": "#bridlerope", "uv": [ 0.0, 7.0, 2.5, 7.25 ], "autoUv": false },
														"east": { "texture": "#bridlerope", "uv": [ 4.0, 3.25, 4.25, 3.5 ], "autoUv": false },
														"south": { "texture": "#bridlerope", "uv": [ 0.0, 4.0, 1.5, 4.25 ], "autoUv": false },
														"west": { "texture": "#bridlerope", "uv": [ 5.5, 7.0, 5.75, 7.25 ], "autoUv": false },
														"up": { "texture": "#bridlerope", "uv": [ 0.0, 3.75, 1.5, 4.0 ], "autoUv": false },
														"down": { "texture": "#bridlerope", "uv": [ 0.25, 5.0, 2.75, 5.25 ], "autoUv": false }
													},
													"children": [
														{
															"name": "ReinsN4",
															"from": [ 3.003, 0.0, 0.0011 ],
															"to": [ 6.006, 0.5005, 0.3014 ],
															"rotationOrigin": [ 3.003, 0.0, 0.3303 ],
															"rotationZ": 20.0,
															"faces": {
																"north": { "texture": "#bridlerope", "uv": [ 0.0, 7.0, 2.5, 7.25 ], "autoUv": false },
																"east": { "texture": "#bridlerope", "uv": [ 4.0, 3.25, 4.25, 3.5 ], "autoUv": false },
																"south": { "texture": "#bridlerope", "uv": [ 0.0, 4.0, 1.25, 4.25 ], "autoUv": false },
																"west": { "texture": "#bridlerope", "uv": [ 5.5, 7.0, 5.75, 7.25 ], "autoUv": false },
																"up": { "texture": "#bridlerope", "uv": [ 0.0, 3.75, 1.25, 4.0 ], "autoUv": false },
																"down": { "texture": "#bridlerope", "uv": [ 0.25, 5.0, 2.75, 5.25 ], "autoUv": false }
															},
															"children": [
																{
																	"name": "Reinscrossed",
																	"from": [ 3.3033, 0.0, 0.0 ],
																	"to": [ 8.008, 0.5005, 0.3003 ],
																	"rotationOrigin": [ 3.3033, 0.0, 0.3303 ],
																	"rotationY": 90.0,
																	"faces": {
																		"north": { "texture": "#bridlerope", "uv": [ 0.0, 7.0, 2.25, 7.25 ], "autoUv": false },
																		"east": { "texture": "#bridlerope", "uv": [ 4.0, 3.25, 4.25, 3.5 ], "autoUv": false },
																		"south": { "texture": "#bridlerope", "uv": [ 0.0, 4.0, 2.0, 4.25 ], "autoUv": false },
																		"west": { "texture": "#bridlerope", "uv": [ 5.5, 7.0, 5.75, 7.25 ], "autoUv": false },
																		"up": { "texture": "#bridlerope", "uv": [ 0.0, 3.75, 2.25, 3.75 ], "autoUv": false },
																		"down": { "texture": "#bridlerope", "uv": [ 0.25, 5.0, 2.25, 5.25 ], "autoUv": false }
																	}
																}
															]
														}
													]
												}
											]
										}
									]
								},
								{
									"name": "ReinsN5",
									"from": [ -0.1001, -2.0521, 0.5506 ],
									"to": [ 6.9069, -1.5516, 0.8509 ],
									"rotationOrigin": [ -0.1001, -2.0521, 0.8809 ],
									"rotationX": -8.0,
									"rotationY": 5.0,
									"rotationZ": 20.0,
									"faces": {
										"north": { "texture": "#bridlerope", "uv": [ 0.0, 7.0, 2.75, 7.0 ], "autoUv": false },
										"east": { "texture": "#bridlerope", "uv": [ 4.0, 3.25, 4.25, 3.5 ], "autoUv": false },
										"south": { "texture": "#bridlerope", "uv": [ 0.0, 4.0, 6.25, 4.25 ], "autoUv": false },
										"west": { "texture": "#bridlerope", "uv": [ 5.5, 7.0, 5.75, 7.25 ], "autoUv": false },
										"up": { "texture": "#bridlerope", "uv": [ 4.25, 5.0, 7.0, 5.0 ], "autoUv": false },
										"down": { "texture": "#bridlerope", "uv": [ 0.25, 5.0, 6.5, 5.25 ], "autoUv": false }
									},
									"children": [
										{
											"name": "ReinsN6",
											"from": [ 7.007, 0.0, 0.0011 ],
											"to": [ 12.012, 0.5005, 0.3014 ],
											"rotationOrigin": [ 7.007, 0.0, 0.3303 ],
											"rotationZ": 12.0,
											"faces": {
												"north": { "texture": "#bridlerope", "uv": [ 0.0, 7.0, 2.75, 7.25 ], "autoUv": false },
												"east": { "texture": "#bridlerope", "uv": [ 4.0, 3.25, 4.25, 3.5 ], "autoUv": false },
												"south": { "texture": "#bridlerope", "uv": [ 0.0, 4.0, 4.5, 4.25 ], "autoUv": false },
												"west": { "texture": "#bridlerope", "uv": [ 5.5, 7.0, 5.75, 7.25 ], "autoUv": false },
												"up": { "texture": "#bridlerope", "uv": [ 0.0, 3.75, 2.75, 4.0 ], "autoUv": false },
												"down": { "texture": "#bridlerope", "uv": [ 0.25, 5.0, 4.75, 5.25 ], "autoUv": false }
											},
											"children": [
												{
													"name": "ReinsN7",
													"from": [ 5.005, 0.0, 0.0011 ],
													"to": [ 8.008, 0.5005, 0.3014 ],
													"rotationOrigin": [ 5.005, 0.0, 0.3303 ],
													"rotationZ": 15.0,
													"faces": {
														"north": { "texture": "#bridlerope", "uv": [ 0.0, 7.0, 1.5, 7.25 ], "autoUv": false },
														"east": { "texture": "#bridlerope", "uv": [ 4.0, 3.25, 4.25, 3.5 ], "autoUv": false },
														"south": { "texture": "#bridlerope", "uv": [ 0.0, 4.0, 2.5, 4.25 ], "autoUv": false },
														"west": { "texture": "#bridlerope", "uv": [ 5.5, 7.0, 5.75, 7.25 ], "autoUv": false },
														"up": { "texture": "#bridlerope", "uv": [ 0.0, 3.75, 1.5, 3.5 ], "autoUv": false },
														"down": { "texture": "#bridlerope", "uv": [ 0.25, 5.0, 2.75, 5.25 ], "autoUv": false }
													},
													"children": [
														{
															"name": "ReinsN8",
															"from": [ 3.003, 0.0, 0.0011 ],
															"to": [ 6.006, 0.5005, 0.3014 ],
															"rotationOrigin": [ 3.003, 0.0, 0.3303 ],
															"rotationZ": 20.0,
															"faces": {
																"north": { "texture": "#bridlerope", "uv": [ 0.0, 7.0, 1.75, 7.0 ], "autoUv": false },
																"east": { "texture": "#bridlerope", "uv": [ 4.0, 3.25, 4.25, 3.5 ], "autoUv": false },
																"south": { "texture": "#bridlerope", "uv": [ 0.0, 4.0, 2.5, 4.25 ], "autoUv": false },
																"west": { "texture": "#bridlerope", "uv": [ 5.5, 7.0, 5.75, 7.25 ], "autoUv": false },
																"up": { "texture": "#bridlerope", "uv": [ 0.0, 3.75, 1.75, 4.0 ], "autoUv": false },
																"down": { "texture": "#bridlerope", "uv": [ 0.25, 5.0, 2.75, 5.25 ], "autoUv": false }
															},
															"children": [
																{
																	"name": "Reinscrossed2",
																	"from": [ 3.003, 0.0, -0.3003 ],
																	"to": [ 7.7077, 0.5005, 0.0 ],
																	"rotationOrigin": [ 3.003, 0.0, 0.0 ],
																	"rotationY": -90.0,
																	"faces": {
																		"north": { "texture": "#bridlerope", "uv": [ 0.0, 7.0, 2.5, 7.25 ], "autoUv": false },
																		"east": { "texture": "#bridlerope", "uv": [ 4.0, 3.25, 4.25, 3.5 ], "autoUv": false },
																		"south": { "texture": "#bridlerope", "uv": [ 0.0, 4.0, 2.5, 4.25 ], "autoUv": false },
																		"west": { "texture": "#bridlerope", "uv": [ 5.5, 7.0, 5.75, 7.25 ], "autoUv": false },
																		"up": { "texture": "#bridlerope", "uv": [ 0.0, 3.75, 2.5, 3.5 ], "autoUv": false },
																		"down": { "texture": "#bridlerope", "uv": [ 0.25, 5.0, 4.5, 5.25 ], "autoUv": false }
																	},
																	"children": [
																		{
																			"name": "Reinscrossed3",
																			"from": [ 4.4044, -0.1001, -0.1001 ],
																			"to": [ 5.005, 0.6006, 0.4004 ],
																			"rotationOrigin": [ 4.7047, -0.1001, 0.2302 ],
																			"rotationY": -9.0,
																			"faces": {
																				"north": { "texture": "#bridlerope", "uv": [ 0.0, 7.0, 0.5, 7.5 ], "autoUv": false },
																				"east": { "texture": "#bridlerope", "uv": [ 4.0, 3.25, 4.25, 3.75 ], "autoUv": false },
																				"south": { "texture": "#bridlerope", "uv": [ 0.0, 4.0, 0.5, 4.5 ], "autoUv": false },
																				"west": { "texture": "#bridlerope", "uv": [ 5.5, 7.0, 5.75, 7.5 ], "autoUv": false },
																				"up": { "texture": "#bridlerope", "uv": [ 0.0, 3.75, 0.5, 4.0 ], "autoUv": false },
																				"down": { "texture": "#bridlerope", "uv": [ 0.25, 5.0, 0.75, 5.25 ], "autoUv": false }
																			}
																		}
																	]
																}
															]
														}
													]
												}
											]
										}
									]
								}
							]
						}
					]
				},
				{
					"name": "Noseband5",
					"from": [ -5.1051, -1.9219, -1.8819 ],
					"to": [ -1.8619, -1.3814, 1.7518 ],
					"rotationOrigin": [ -5.1066, -1.9212, -1.8819 ],
					"rotationZ": -37.0,
					"faces": {
						"north": { "texture": "#bridlerope", "uv": [ 0.0, 0.0, 1.5, 0.25 ], "autoUv": false, "windMode": [-1,-1,-1,-1], "windData": [1,1,1,1] },
						"east": { "texture": "#bridlerope", "uv": [ 0.0, 0.0, 3.25, 0.25 ], "autoUv": false, "windMode": [-1,-1,-1,-1], "windData": [1,1,1,1] },
						"south": { "texture": "#bridlerope", "uv": [ 0.0, 0.0, 1.75, 0.25 ], "autoUv": false },
						"west": { "texture": "#bridlerope", "uv": [ 0.0, 0.0, 3.25, 0.25 ], "autoUv": false, "windMode": [-1,-1,-1,-1], "windData": [1,1,1,1] },
						"up": { "texture": "#bridlerope", "uv": [ 0.0, 0.0, 2.75, 3.25 ], "autoUv": false, "windMode": [-1,-1,-1,-1], "windData": [1,1,1,1] },
						"down": { "texture": "#bridlerope", "uv": [ 0.0, 0.0, 2.75, 3.25 ], "autoUv": false, "windMode": [-1,-1,-1,-1], "windData": [1,1,1,1] }
					},
					"children": [
						{
							"name": "Noseband11",
							"from": [ -0.0707, -0.0707, -0.1001 ],
							"to": [ 0.67, 0.67, 3.7337 ],
							"rotationOrigin": [ -0.0723, -0.07, -0.1001 ],
							"faces": {
								"north": { "texture": "#bridlerope", "uv": [ 0.0, 0.0, 0.5, 0.5 ], "autoUv": false, "windMode": [-1,-1,-1,-1], "windData": [1,1,1,1] },
								"east": { "texture": "#bridlerope", "uv": [ 0.0, 0.0, 3.25, 0.5 ], "autoUv": false, "windMode": [-1,-1,-1,-1], "windData": [1,1,1,1] },
								"south": { "texture": "#bridlerope", "uv": [ 0.0, 0.0, 0.5, 0.5 ], "autoUv": false },
								"west": { "texture": "#bridlerope", "uv": [ 0.0, 0.0, 3.25, 0.5 ], "autoUv": false, "windMode": [-1,-1,-1,-1], "windData": [1,1,1,1] },
								"up": { "texture": "#bridlerope", "uv": [ 0.0, 0.0, 0.5, 3.25 ], "autoUv": false, "windMode": [-1,-1,-1,-1], "windData": [1,1,1,1] },
								"down": { "texture": "#bridlerope", "uv": [ 0.0, 0.0, 0.5, 3.25 ], "autoUv": false, "windMode": [-1,-1,-1,-1], "windData": [1,1,1,1] }
							}
						}
					]
				},
				{
					"name": "Noseband9",
					"from": [ -2.5025, -4.024, -2.1822 ],
					"to": [ -1.7618, -3.2833, 1.952 ],
					"rotationOrigin": [ -2.504, -4.0233, -2.1822 ],
					"rotationZ": 45.0,
					"faces": {
						"north": { "texture": "#bridlerope", "uv": [ 0.0, 0.0, 0.5, 0.5 ], "autoUv": false, "windMode": [-1,-1,-1,-1], "windData": [1,1,1,1] },
						"east": { "texture": "#bridlerope", "uv": [ 0.0, 0.0, 3.75, 0.5 ], "autoUv": false, "windMode": [-1,-1,-1,-1], "windData": [1,1,1,1] },
						"south": { "texture": "#bridlerope", "uv": [ 0.0, 0.0, 0.5, 0.5 ], "autoUv": false },
						"west": { "texture": "#bridlerope", "uv": [ 0.0, 0.0, 3.75, 0.5 ], "autoUv": false, "windMode": [-1,-1,-1,-1], "windData": [1,1,1,1] },
						"up": { "texture": "#bridlerope", "uv": [ 0.0, 0.0, 0.5, 3.75 ], "autoUv": false, "windMode": [-1,-1,-1,-1], "windData": [1,1,1,1] },
						"down": { "texture": "#bridlerope", "uv": [ 0.0, 0.0, 0.5, 3.75 ], "autoUv": false, "windMode": [-1,-1,-1,-1], "windData": [1,1,1,1] }
					},
					"children": [
						{
							"name": "Noseband7",
							"from": [ 1.7993, 0.0473, -0.3003 ],
							"to": [ 4.4419, 0.5878, -0.0701 ],
							"rotationOrigin": [ 1.7978, 0.0473, -0.3003 ],
							"rotationZ": 9.0,
							"faces": {
								"north": { "texture": "#bridlerope", "uv": [ 0.0, 0.0, 1.25, 0.25 ], "autoUv": false, "windMode": [-1,-1,-1,-1], "windData": [1,1,1,1] },
								"east": { "texture": "#bridlerope", "uv": [ 0.0, 0.0, 0.25, 0.25 ], "autoUv": false, "windMode": [-1,-1,-1,-1], "windData": [1,1,1,1] },
								"south": { "texture": "#bridlerope", "uv": [ 0.0, 0.0, 2.25, 0.25 ], "autoUv": false },
								"west": { "texture": "#bridlerope", "uv": [ 0.0, 0.0, 0.25, 0.25 ], "autoUv": false, "windMode": [-1,-1,-1,-1], "windData": [1,1,1,1] },
								"up": { "texture": "#bridlerope", "uv": [ 0.0, 0.0, 2.25, 0.25 ], "autoUv": false, "windMode": [-1,-1,-1,-1], "windData": [1,1,1,1] },
								"down": { "texture": "#bridlerope", "uv": [ 0.0, 0.0, 2.25, 0.25 ], "autoUv": false, "windMode": [-1,-1,-1,-1], "windData": [1,1,1,1] }
							},
							"children": [
								{
									"name": "Noseband8",
									"from": [ 2.6026, 0.0, 0.0 ],
									"to": [ 6.6466, 0.5405, 4.7347 ],
									"rotationOrigin": [ 2.6011, 0.0, 0.0 ],
									"rotationZ": 27.7,
									"faces": {
										"north": { "texture": "#bridlerope", "uv": [ 0.0, 0.0, 2.25, 0.25 ], "autoUv": false, "windMode": [-1,-1,-1,-1], "windData": [1,1,1,1] },
										"east": { "texture": "#bridlerope", "uv": [ 0.0, 0.0, 4.25, 0.25 ], "autoUv": false, "windMode": [-1,-1,-1,-1], "windData": [1,1,1,1] },
										"south": { "texture": "#bridlerope", "uv": [ 0.0, 0.0, 2.25, 0.25 ], "autoUv": false },
										"west": { "texture": "#bridlerope", "uv": [ 0.0, 0.0, 4.25, 0.25 ], "autoUv": false, "windMode": [-1,-1,-1,-1], "windData": [1,1,1,1] },
										"up": { "texture": "#bridlerope", "uv": [ 0.0, 0.0, 3.5, 4.25 ], "autoUv": false, "windMode": [-1,-1,-1,-1], "windData": [1,1,1,1] },
										"down": { "texture": "#bridlerope", "uv": [ 0.0, 0.0, 3.5, 4.25 ], "autoUv": false, "windMode": [-1,-1,-1,-1], "windData": [1,1,1,1] }
									}
								},
								{
									"name": "Noseband10",
									"from": [ 4.6046, 0.5005, -0.1001 ],
									"to": [ 6.3463, 1.041, 4.8348 ],
									"rotationOrigin": [ 4.6046, 1.001, -0.1001 ],
									"rotationZ": 116.0,
									"faces": {
										"north": { "texture": "#bridlerope", "uv": [ 0.0, 0.0, 1.0, 0.25 ], "autoUv": false, "windMode": [-1,-1,-1,-1], "windData": [1,1,1,1] },
										"east": { "texture": "#bridlerope", "uv": [ 0.0, 0.0, 4.25, 0.25 ], "autoUv": false, "windMode": [-1,-1,-1,-1], "windData": [1,1,1,1] },
										"south": { "texture": "#bridlerope", "uv": [ 0.0, 0.0, 1.0, 0.25 ], "autoUv": false },
										"west": { "texture": "#bridlerope", "uv": [ 0.0, 0.0, 4.25, 0.25 ], "autoUv": false, "windMode": [-1,-1,-1,-1], "windData": [1,1,1,1] },
										"up": { "texture": "#bridlerope", "uv": [ 0.0, 0.0, 1.5, 4.25 ], "autoUv": false, "windMode": [-1,-1,-1,-1], "windData": [1,1,1,1] },
										"down": { "texture": "#bridlerope", "uv": [ 0.0, 0.0, 1.5, 4.25 ], "autoUv": false, "windMode": [-1,-1,-1,-1], "windData": [1,1,1,1] }
									},
									"children": [
										{
											"name": "Noseband14",
											"from": [ 1.7017, 0.0, 1.001 ],
											"to": [ 2.1421, 0.5405, 3.9339 ],
											"rotationOrigin": [ 1.7017, 0.5005, 1.001 ],
											"faces": {
												"north": { "texture": "#bridlerope", "uv": [ 0.0, 0.0, 0.25, 0.25 ], "autoUv": false, "windMode": [-1,-1,-1,-1], "windData": [1,1,1,1] },
												"east": { "texture": "#bridlerope", "uv": [ 0.0, 0.0, 2.5, 0.25 ], "autoUv": false, "windMode": [-1,-1,-1,-1], "windData": [1,1,1,1] },
												"south": { "texture": "#bridlerope", "uv": [ 0.0, 0.0, 0.25, 0.25 ], "autoUv": false },
												"west": { "texture": "#bridlerope", "uv": [ 0.0, 0.0, 2.5, 0.25 ], "autoUv": false, "windMode": [-1,-1,-1,-1], "windData": [1,1,1,1] },
												"up": { "texture": "#bridlerope", "uv": [ 0.0, 0.0, 0.25, 2.5 ], "autoUv": false, "windMode": [-1,-1,-1,-1], "windData": [1,1,1,1] },
												"down": { "texture": "#bridlerope", "uv": [ 0.0, 0.0, 0.25, 2.5 ], "autoUv": false, "windMode": [-1,-1,-1,-1], "windData": [1,1,1,1] }
											}
										}
									]
								},
								{
									"name": "Noseband15",
									"from": [ 2.3023, 0.5005, 0.0 ],
									"to": [ 5.8458, 1.041, 4.7347 ],
									"rotationOrigin": [ 2.3008, 0.5005, 0.0 ],
									"rotationZ": -125.0,
									"faces": {
										"north": { "texture": "#bridlerope", "uv": [ 0.0, 0.0, 2.0, 0.25 ], "autoUv": false, "windMode": [-1,-1,-1,-1], "windData": [1,1,1,1] },
										"east": { "texture": "#bridlerope", "uv": [ 0.0, 0.0, 4.25, 0.25 ], "autoUv": false, "windMode": [-1,-1,-1,-1], "windData": [1,1,1,1] },
										"south": { "texture": "#bridlerope", "uv": [ 0.0, 0.0, 2.0, 0.25 ], "autoUv": false },
										"west": { "texture": "#bridlerope", "uv": [ 0.0, 0.0, 4.25, 0.25 ], "autoUv": false, "windMode": [-1,-1,-1,-1], "windData": [1,1,1,1] },
										"up": { "texture": "#bridlerope", "uv": [ 0.0, 0.0, 3.0, 4.25 ], "autoUv": false, "windMode": [-1,-1,-1,-1], "windData": [1,1,1,1] },
										"down": { "texture": "#bridlerope", "uv": [ 0.0, 0.0, 3.0, 4.25 ], "autoUv": false, "windMode": [-1,-1,-1,-1], "windData": [1,1,1,1] }
									}
								}
							]
						},
						{
							"name": "Noseband6",
							"from": [ 0.0045, 0.0429, 0.2002 ],
							"to": [ 1.8764, 0.5834, 0.4304 ],
							"rotationOrigin": [ -0.0015, 0.0424, 0.2002 ],
							"rotationY": 15.4,
							"faces": {
								"north": { "texture": "#bridlerope", "uv": [ 0.0, 0.0, 0.75, 0.25 ], "autoUv": false, "windMode": [-1,-1,-1,-1], "windData": [1,1,1,1] },
								"east": { "texture": "#bridlerope", "uv": [ 0.0, 0.0, 0.25, 0.25 ], "autoUv": false, "windMode": [-1,-1,-1,-1], "windData": [1,1,1,1] },
								"south": { "texture": "#bridlerope", "uv": [ 0.0, 0.0, 1.5, 0.25 ], "autoUv": false },
								"west": { "texture": "#bridlerope", "uv": [ 0.0, 0.0, 0.25, 0.25 ], "autoUv": false, "windMode": [-1,-1,-1,-1], "windData": [1,1,1,1] },
								"up": { "texture": "#bridlerope", "uv": [ 0.0, 0.0, 1.5, 0.25 ], "autoUv": false, "windMode": [-1,-1,-1,-1], "windData": [1,1,1,1] },
								"down": { "texture": "#bridlerope", "uv": [ 0.0, 0.0, 1.5, 0.25 ], "autoUv": false, "windMode": [-1,-1,-1,-1], "windData": [1,1,1,1] }
							},
							"children": [
								{
									"name": "Noseband12",
									"from": [ -0.9869, 0.0034, 3.3695 ],
									"to": [ 0.885, 0.544, 3.5998 ],
									"rotationOrigin": [ -0.9969, 0.0034, 3.5998 ],
									"rotationY": -30.8,
									"faces": {
										"north": { "texture": "#bridlerope", "uv": [ 0.0, 0.0, 1.5, 0.25 ], "autoUv": false, "windMode": [-1,-1,-1,-1], "windData": [1,1,1,1] },
										"east": { "texture": "#bridlerope", "uv": [ 0.0, 0.0, 0.25, 0.25 ], "autoUv": false, "windMode": [-1,-1,-1,-1], "windData": [1,1,1,1] },
										"south": { "texture": "#bridlerope", "uv": [ 0.0, 0.0, 1.25, 0.25 ], "autoUv": false },
										"west": { "texture": "#bridlerope", "uv": [ 0.0, 0.0, 0.25, 0.25 ], "autoUv": false, "windMode": [-1,-1,-1,-1], "windData": [1,1,1,1] },
										"up": { "texture": "#bridlerope", "uv": [ 0.0, 0.0, 1.5, 0.25 ], "autoUv": false, "windMode": [-1,-1,-1,-1], "windData": [1,1,1,1] },
										"down": { "texture": "#bridlerope", "uv": [ 0.0, 0.0, 1.5, 0.25 ], "autoUv": false, "windMode": [-1,-1,-1,-1], "windData": [1,1,1,1] }
									}
								},
								{
									"name": "Noseband13",
									"from": [ 0.6668, 0.0044, 4.3381 ],
									"to": [ 3.3095, 0.5449, 4.5683 ],
									"rotationOrigin": [ 0.6654, 0.0044, 4.3381 ],
									"rotationY": -15.4,
									"rotationZ": 9.0,
									"faces": {
										"north": { "texture": "#bridlerope", "uv": [ 0.0, 0.0, 2.25, 0.25 ], "autoUv": false, "windMode": [-1,-1,-1,-1], "windData": [1,1,1,1] },
										"east": { "texture": "#bridlerope", "uv": [ 0.0, 0.0, 0.25, 0.25 ], "autoUv": false, "windMode": [-1,-1,-1,-1], "windData": [1,1,1,1] },
										"south": { "texture": "#bridlerope", "uv": [ 0.0, 0.0, 1.25, 0.25 ], "autoUv": false },
										"west": { "texture": "#bridlerope", "uv": [ 0.0, 0.0, 0.25, 0.25 ], "autoUv": false, "windMode": [-1,-1,-1,-1], "windData": [1,1,1,1] },
										"up": { "texture": "#bridlerope", "uv": [ 0.0, 0.0, 2.25, 0.25 ], "autoUv": false, "windMode": [-1,-1,-1,-1], "windData": [1,1,1,1] },
										"down": { "texture": "#bridlerope", "uv": [ 0.0, 0.0, 2.25, 0.25 ], "autoUv": false, "windMode": [-1,-1,-1,-1], "windData": [1,1,1,1] }
									}
								},
								{
									"name": "Noseband17",
									"from": [ 0.04, 0.3003, 0.1153 ],
									"to": [ 1.7818, 0.8408, 3.7489 ],
									"rotationOrigin": [ 0.0356, 0.3059, 0.1153 ],
									"rotationY": -15.4,
									"rotationZ": -101.5,
									"faces": {
										"north": { "texture": "#bridlerope", "uv": [ 0.0, 0.0, 1.0, 0.25 ], "autoUv": false, "windMode": [-1,-1,-1,-1], "windData": [1,1,1,1] },
										"east": { "texture": "#bridlerope", "uv": [ 0.0, 0.0, 3.25, 0.25 ], "autoUv": false, "windMode": [-1,-1,-1,-1], "windData": [1,1,1,1] },
										"south": { "texture": "#bridlerope", "uv": [ 0.0, 0.0, 1.0, 0.25 ], "autoUv": false },
										"west": { "texture": "#bridlerope", "uv": [ 0.0, 0.0, 3.25, 0.25 ], "autoUv": false, "windMode": [-1,-1,-1,-1], "windData": [1,1,1,1] },
										"up": { "texture": "#bridlerope", "uv": [ 0.0, 0.0, 1.5, 3.25 ], "autoUv": false, "windMode": [-1,-1,-1,-1], "windData": [1,1,1,1] },
										"down": { "texture": "#bridlerope", "uv": [ 0.0, 0.0, 1.5, 3.25 ], "autoUv": false, "windMode": [-1,-1,-1,-1], "windData": [1,1,1,1] }
									}
								}
							]
						}
					]
				},
				{
					"name": "Noseband16",
					"from": [ 0.3003, -1.1712, -2.596 ],
					"to": [ 1.041, -0.4304, 2.3488 ],
					"rotationOrigin": [ 0.2988, -1.1204, -2.5925 ],
					"rotationZ": 88.0,
					"faces": {
						"north": { "texture": "#bridlerope", "uv": [ 0.0, 0.0, 0.5, 0.5 ], "autoUv": false, "windMode": [-1,-1,-1,-1], "windData": [1,1,1,1] },
						"east": { "texture": "#bridlerope", "uv": [ 0.0, 0.0, 4.75, 0.5 ], "autoUv": false, "windMode": [-1,-1,-1,-1], "windData": [1,1,1,1] },
						"south": { "texture": "#bridlerope", "uv": [ 0.0, 0.0, 0.5, 0.5 ], "autoUv": false },
						"west": { "texture": "#bridlerope", "uv": [ 0.0, 0.0, 4.75, 0.5 ], "autoUv": false, "windMode": [-1,-1,-1,-1], "windData": [1,1,1,1] },
						"up": { "texture": "#bridlerope", "uv": [ 0.0, 0.0, 0.5, 4.75 ], "autoUv": false, "windMode": [-1,-1,-1,-1], "windData": [1,1,1,1] },
						"down": { "texture": "#bridlerope", "uv": [ 0.0, 0.0, 0.5, 4.75 ], "autoUv": false, "windMode": [-1,-1,-1,-1], "windData": [1,1,1,1] }
					}
				}
			]
		}
	],
	"animations": [
		{
			"name": "Eat",
			"code": "eat",
			"quantityframes": 44,
			"onActivityStopped": "Rewind",
			"onAnimationEnd": "Repeat",
			"keyframes": [
				{
					"frame": 0,
					"elements": {
						"reinsOrigin": { "rotationX": 0.0, "rotationY": 0.0, "rotationZ": 33.0 }
					}
				},
				{
					"frame": 15,
					"elements": {
						"reinsOrigin": { "rotationX": 0.0, "rotationY": 0.0, "rotationZ": 42.0 }
					}
				},
				{
					"frame": 23,
					"elements": {
						"reinsOrigin": { "rotationX": 0.0, "rotationY": 0.0, "rotationZ": 36.0 }
					}
				},
				{
					"frame": 32,
					"elements": {
						"reinsOrigin": { "rotationX": 0.0, "rotationY": 0.0, "rotationZ": 25.0 }
					}
				}
			]
		},

		{
			"name": "Turn-left",
			"code": "turn-left",
			"quantityframes": 1,
			"onActivityStopped": "Rewind",
			"onAnimationEnd": "Repeat",
			"keyframes": [
				{
					"frame": 0,
					"elements": {
						"reinsOrigin": { "rotationX": 0.0, "rotationY": -6.0, "rotationZ": 0.0 }
					}
				}
			]
		},

		{
			"name": "Turn-right",
			"code": "turn-right",
			"quantityframes": 1,
			"onActivityStopped": "Rewind",
			"onAnimationEnd": "Repeat",
			"keyframes": [
				{
					"frame": 0,
					"elements": {
						"reinsOrigin": { "rotationX": 0.0, "rotationY": 6.0, "rotationZ": 0.0 }
					}
				}
			]
		},

		{
			"name": "Gallop",
			"code": "gallop",
			"quantityframes": 49,
			"onActivityStopped": "Rewind",
			"onAnimationEnd": "Repeat",
			"keyframes": [
				{
					"frame": 24,
					"elements": {
						"reinsOrigin": { "rotationX": 0.0, "rotationY": 0.0, "rotationZ": 5.0 }
					}
				}
			]
		}
	]
}