{
	"editor": {
		"backDropShape": "D:/VSModding/Entitybackdrops/caledonius-adult",
		"collapsedPaths": ",Root/ORIGINbridle/ReinsN4,Root/ORIGINbridle/Bit/BitArmN/BitSArmUp2,Root/ORIGINbridle/Bit/BitArmN,Root/Bit,Root/ORIGINbridle/Bit/BitArmS,Root/StrapMainN,Root/ORIGINbridle/Bit,Root/ORIGINbridle/reinsOrigin,Root/ORIGINbridle/ReinsN,Root/reinsOrigin,Root/ORIGINbridle/StrapMainN",
		"allAngles": true,
		"entityTextureMode": false
	},
	"textureWidth": 16,
	"textureHeight": 16,
	"textureSizes": {
	},
	"textures": {
		"bridlemain": "game:block/cloth/wool/brown2",
		"bridleextra": "game:block/cloth/wool/white1"
	},
	"elements": [
		{
			"name": "ORIGINbridle",
			"stepParentName": "Head",
			"from": [ 2.81, 3.29, 2.33 ],
			"to": [ 3.91, 4.39, 3.43 ],
			"rotationOrigin": [ 2.81, 3.29, 2.33 ],
			"rotationZ": -45.0,
			"faces": {
			},
			"children": [
				{
					"name": "Bridle",
					"from": [ 0.0, 0.0, -0.33 ],
					"to": [ 0.0, 0.0, -0.33 ],
					"rotationOrigin": [ 0.0, 0.0, -0.33 ],
					"faces": {
						"north": { "texture": "#bridlemain", "uv": [ 0.0, 0.0, 0.5, 0.5 ], "autoUv": false },
						"east": { "texture": "#bridlemain", "uv": [ 0.0, 0.0, 0.5, 0.5 ], "autoUv": false },
						"south": { "texture": "#bridlemain", "uv": [ 0.0, 0.0, 0.5, 0.5 ], "autoUv": false },
						"west": { "texture": "#bridlemain", "uv": [ 0.0, 0.0, 0.5, 0.5 ], "autoUv": false },
						"up": { "texture": "#bridlemain", "uv": [ 0.0, 0.0, 0.5, 0.5 ], "autoUv": false },
						"down": { "texture": "#bridlemain", "uv": [ 0.0, 0.0, 0.5, 0.5 ], "autoUv": false }
					},
					"children": [
						{
							"name": "reinsOrigin",
							"from": [ -0.5, -4.58, -2.31 ],
							"to": [ -0.5, -4.58, -2.31 ],
							"rotationOrigin": [ -0.72, -6.23, 0.11 ],
							"rotationZ": -20.0,
							"faces": {
								"north": { "texture": "#bridlemain", "uv": [ 0.0, 0.0, 0.5, 0.5 ], "autoUv": false },
								"east": { "texture": "#bridlemain", "uv": [ 0.0, 0.0, 0.5, 0.5 ], "autoUv": false },
								"south": { "texture": "#bridlemain", "uv": [ 0.0, 0.0, 0.5, 0.5 ], "autoUv": false },
								"west": { "texture": "#bridlemain", "uv": [ 0.0, 0.0, 0.5, 0.5 ], "autoUv": false },
								"up": { "texture": "#bridlemain", "uv": [ 0.0, 0.0, 0.5, 0.5 ], "autoUv": false },
								"down": { "texture": "#bridlemain", "uv": [ 0.0, 0.0, 0.5, 0.5 ], "autoUv": false }
							},
							"children": [
								{
									"name": "ReinsN1",
									"from": [ -0.1, -2.05, 2.85 ],
									"to": [ 3.9, -1.55, 3.15 ],
									"rotationOrigin": [ -0.1, -2.05, 3.18 ],
									"rotationX": -30.0,
									"rotationY": -35.0,
									"rotationZ": -6.0,
									"faces": {
										"north": { "texture": "#bridlemain", "uv": [ 0.0, 7.0, 4.0, 7.5 ] },
										"east": { "texture": "#bridlemain", "uv": [ 4.0, 3.25, 4.25, 3.75 ] },
										"south": { "texture": "#bridlemain", "uv": [ 0.0, 4.0, 4.0, 4.5 ] },
										"west": { "texture": "#bridlemain", "uv": [ 5.5, 7.0, 5.75, 7.5 ] },
										"up": { "texture": "#bridlemain", "uv": [ 0.0, 3.75, 4.0, 4.0 ] },
										"down": { "texture": "#bridlemain", "uv": [ 0.25, 5.0, 4.25, 5.25 ] }
									},
									"children": [
										{
											"name": "ReinsN2",
											"from": [ 4.0, 0.0, 0.001 ],
											"to": [ 8.0, 0.5, 0.301 ],
											"rotationOrigin": [ 4.0, 0.0, 0.43 ],
											"rotationZ": 25.0,
											"faces": {
												"north": { "texture": "#bridlemain", "uv": [ 0.0, 7.0, 4.0, 7.5 ] },
												"east": { "texture": "#bridlemain", "uv": [ 4.0, 3.25, 4.25, 3.75 ] },
												"south": { "texture": "#bridlemain", "uv": [ 0.0, 4.0, 4.0, 4.5 ] },
												"west": { "texture": "#bridlemain", "uv": [ 5.5, 7.0, 5.75, 7.5 ] },
												"up": { "texture": "#bridlemain", "uv": [ 0.0, 3.75, 4.0, 4.0 ] },
												"down": { "texture": "#bridlemain", "uv": [ 0.25, 5.0, 4.25, 5.25 ] }
											},
											"children": [
												{
													"name": "ReinsN3",
													"from": [ 4.0, 0.0, 0.001 ],
													"to": [ 8.0, 0.5, 0.301 ],
													"rotationOrigin": [ 4.0, 0.0, 0.33 ],
													"rotationZ": 25.0,
													"faces": {
														"north": { "texture": "#bridlemain", "uv": [ 0.0, 7.0, 4.0, 7.5 ] },
														"east": { "texture": "#bridlemain", "uv": [ 4.0, 3.25, 4.25, 3.75 ] },
														"south": { "texture": "#bridlemain", "uv": [ 0.0, 4.0, 4.0, 4.5 ] },
														"west": { "texture": "#bridlemain", "uv": [ 5.5, 7.0, 5.75, 7.5 ] },
														"up": { "texture": "#bridlemain", "uv": [ 0.0, 3.75, 4.0, 4.0 ] },
														"down": { "texture": "#bridlemain", "uv": [ 0.25, 5.0, 4.25, 5.25 ] }
													},
													"children": [
														{
															"name": "ReinsN4",
															"from": [ 4.0, 0.0, 0.0 ],
															"to": [ 7.0, 0.5, 0.3 ],
															"rotationOrigin": [ 4.0, 0.0, 0.33 ],
															"rotationY": 15.0,
															"faces": {
																"north": { "texture": "#bridlemain", "uv": [ 0.0, 7.0, 3.0, 7.5 ] },
																"east": { "texture": "#bridlemain", "uv": [ 4.0, 3.25, 4.25, 3.75 ] },
																"south": { "texture": "#bridlemain", "uv": [ 0.0, 4.0, 3.0, 4.5 ] },
																"west": { "texture": "#bridlemain", "uv": [ 5.5, 7.0, 5.75, 7.5 ] },
																"up": { "texture": "#bridlemain", "uv": [ 0.0, 3.75, 3.0, 4.0 ] },
																"down": { "texture": "#bridlemain", "uv": [ 0.25, 5.0, 3.25, 5.25 ] }
															},
															"children": [
																{
																	"name": "ReinsN9",
																	"from": [ 3.0, 0.0, 0.0 ],
																	"to": [ 5.0, 0.5, 0.3 ],
																	"rotationOrigin": [ 3.0, 0.0, 0.33 ],
																	"rotationY": 15.0,
																	"faces": {
																		"north": { "texture": "#bridlemain", "uv": [ 0.0, 7.0, 2.0, 7.5 ] },
																		"east": { "texture": "#bridlemain", "uv": [ 4.0, 3.25, 4.25, 3.75 ] },
																		"south": { "texture": "#bridlemain", "uv": [ 0.0, 4.0, 2.0, 4.5 ] },
																		"west": { "texture": "#bridlemain", "uv": [ 5.5, 7.0, 5.75, 7.5 ] },
																		"up": { "texture": "#bridlemain", "uv": [ 0.0, 3.75, 2.0, 4.0 ] },
																		"down": { "texture": "#bridlemain", "uv": [ 0.25, 5.0, 2.25, 5.25 ] }
																	},
																	"children": [
																		{
																			"name": "ReinsN11",
																			"from": [ 2.0, 0.0, 0.0 ],
																			"to": [ 4.0, 0.5, 0.3 ],
																			"rotationOrigin": [ 2.0, 0.0, 0.33 ],
																			"rotationY": 15.0,
																			"faces": {
																				"north": { "texture": "#bridlemain", "uv": [ 0.0, 7.0, 2.0, 7.5 ] },
																				"east": { "texture": "#bridlemain", "uv": [ 4.0, 3.25, 4.25, 3.75 ] },
																				"south": { "texture": "#bridlemain", "uv": [ 0.0, 4.0, 2.0, 4.5 ] },
																				"west": { "texture": "#bridlemain", "uv": [ 5.5, 7.0, 5.75, 7.5 ] },
																				"up": { "texture": "#bridlemain", "uv": [ 0.0, 3.75, 2.0, 4.0 ] },
																				"down": { "texture": "#bridlemain", "uv": [ 0.25, 5.0, 2.25, 5.25 ] }
																			},
																			"children": [
																				{
																					"name": "Reinscrossed6",
																					"from": [ 2.0, 0.0, 0.001 ],
																					"to": [ 4.3, 0.5, 0.301 ],
																					"rotationOrigin": [ 2.0, 0.0, 0.33 ],
																					"rotationZ": 15.0,
																					"faces": {
																						"north": { "texture": "#bridlemain", "uv": [ 0.0, 7.0, 2.25, 7.5 ] },
																						"east": { "texture": "#bridlemain", "uv": [ 4.0, 3.25, 4.25, 3.75 ] },
																						"south": { "texture": "#bridlemain", "uv": [ 0.0, 4.0, 2.25, 4.5 ] },
																						"west": { "texture": "#bridlemain", "uv": [ 5.5, 7.0, 5.75, 7.5 ] },
																						"up": { "texture": "#bridlemain", "uv": [ 0.0, 3.75, 2.25, 4.0 ] },
																						"down": { "texture": "#bridlemain", "uv": [ 0.25, 5.0, 2.5, 5.25 ] }
																					}
																				}
																			]
																		}
																	]
																}
															]
														}
													]
												}
											]
										}
									]
								},
								{
									"name": "ReinsN5",
									"from": [ 0.1, -2.25, 1.85 ],
									"to": [ 4.1, -1.75, 2.15 ],
									"rotationOrigin": [ 0.1, -2.25, 2.18 ],
									"rotationX": 30.0,
									"rotationY": 35.0,
									"rotationZ": -6.0,
									"faces": {
										"north": { "texture": "#bridlemain", "uv": [ 0.0, 7.0, 4.0, 7.5 ] },
										"east": { "texture": "#bridlemain", "uv": [ 4.0, 3.25, 4.25, 3.75 ] },
										"south": { "texture": "#bridlemain", "uv": [ 0.0, 4.0, 4.0, 4.5 ] },
										"west": { "texture": "#bridlemain", "uv": [ 5.5, 7.0, 5.75, 7.5 ] },
										"up": { "texture": "#bridlemain", "uv": [ 0.0, 3.75, 4.0, 4.0 ] },
										"down": { "texture": "#bridlemain", "uv": [ 0.25, 5.0, 4.25, 5.25 ] }
									},
									"children": [
										{
											"name": "ReinsN6",
											"from": [ 4.0, 0.0, 0.001 ],
											"to": [ 8.0, 0.5, 0.301 ],
											"rotationOrigin": [ 4.0, 0.0, 0.33 ],
											"rotationZ": 25.0,
											"faces": {
												"north": { "texture": "#bridlemain", "uv": [ 0.0, 7.0, 4.0, 7.5 ] },
												"east": { "texture": "#bridlemain", "uv": [ 4.0, 3.25, 4.25, 3.75 ] },
												"south": { "texture": "#bridlemain", "uv": [ 0.0, 4.0, 4.0, 4.5 ] },
												"west": { "texture": "#bridlemain", "uv": [ 5.5, 7.0, 5.75, 7.5 ] },
												"up": { "texture": "#bridlemain", "uv": [ 0.0, 3.75, 4.0, 4.0 ] },
												"down": { "texture": "#bridlemain", "uv": [ 0.25, 5.0, 4.25, 5.25 ] }
											},
											"children": [
												{
													"name": "ReinsN7",
													"from": [ 4.0, 0.0, 0.001 ],
													"to": [ 8.0, 0.5, 0.301 ],
													"rotationOrigin": [ 4.0, 0.0, 0.33 ],
													"rotationZ": 25.0,
													"faces": {
														"north": { "texture": "#bridlemain", "uv": [ 0.0, 7.0, 4.0, 7.5 ] },
														"east": { "texture": "#bridlemain", "uv": [ 4.0, 3.25, 4.25, 3.75 ] },
														"south": { "texture": "#bridlemain", "uv": [ 0.0, 4.0, 4.0, 4.5 ] },
														"west": { "texture": "#bridlemain", "uv": [ 5.5, 7.0, 5.75, 7.5 ] },
														"up": { "texture": "#bridlemain", "uv": [ 0.0, 3.75, 4.0, 4.0 ] },
														"down": { "texture": "#bridlemain", "uv": [ 0.25, 5.0, 4.25, 5.25 ] }
													},
													"children": [
														{
															"name": "ReinsN8",
															"from": [ 4.0, 0.0, 0.001 ],
															"to": [ 7.0, 0.5, 0.301 ],
															"rotationOrigin": [ 4.0, 0.0, 0.0 ],
															"rotationY": -15.0,
															"faces": {
																"north": { "texture": "#bridlemain", "uv": [ 0.0, 7.0, 3.0, 7.5 ] },
																"east": { "texture": "#bridlemain", "uv": [ 4.0, 3.25, 4.25, 3.75 ] },
																"south": { "texture": "#bridlemain", "uv": [ 0.0, 4.0, 3.0, 4.5 ] },
																"west": { "texture": "#bridlemain", "uv": [ 5.5, 7.0, 5.75, 7.5 ] },
																"up": { "texture": "#bridlemain", "uv": [ 0.0, 3.75, 3.0, 4.0 ] },
																"down": { "texture": "#bridlemain", "uv": [ 0.25, 5.0, 3.25, 5.25 ] }
															},
															"children": [
																{
																	"name": "ReinsN10",
																	"from": [ 3.0, 0.0, 0.0 ],
																	"to": [ 5.0, 0.5, 0.3 ],
																	"rotationOrigin": [ 3.0, 0.0, 0.03 ],
																	"rotationY": -15.0,
																	"faces": {
																		"north": { "texture": "#bridlemain", "uv": [ 0.0, 7.0, 2.0, 7.5 ] },
																		"east": { "texture": "#bridlemain", "uv": [ 4.0, 3.25, 4.25, 3.75 ] },
																		"south": { "texture": "#bridlemain", "uv": [ 0.0, 4.0, 2.0, 4.5 ] },
																		"west": { "texture": "#bridlemain", "uv": [ 5.5, 7.0, 5.75, 7.5 ] },
																		"up": { "texture": "#bridlemain", "uv": [ 0.0, 3.75, 2.0, 4.0 ] },
																		"down": { "texture": "#bridlemain", "uv": [ 0.25, 5.0, 2.25, 5.25 ] }
																	},
																	"children": [
																		{
																			"name": "ReinsN12",
																			"from": [ 2.0, 0.0, 0.0 ],
																			"to": [ 4.0, 0.5, 0.3 ],
																			"rotationOrigin": [ 2.0, 0.0, 0.0 ],
																			"rotationY": -15.0,
																			"faces": {
																				"north": { "texture": "#bridlemain", "uv": [ 0.0, 7.0, 2.0, 7.5 ] },
																				"east": { "texture": "#bridlemain", "uv": [ 4.0, 3.25, 4.25, 3.75 ] },
																				"south": { "texture": "#bridlemain", "uv": [ 0.0, 4.0, 2.0, 4.5 ] },
																				"west": { "texture": "#bridlemain", "uv": [ 5.5, 7.0, 5.75, 7.5 ] },
																				"up": { "texture": "#bridlemain", "uv": [ 0.0, 3.75, 2.0, 4.0 ] },
																				"down": { "texture": "#bridlemain", "uv": [ 0.25, 5.0, 2.25, 5.25 ] }
																			},
																			"children": [
																				{
																					"name": "Reinscrossed7",
																					"from": [ 2.0, 0.0, 0.001 ],
																					"to": [ 4.3, 0.5, 0.301 ],
																					"rotationOrigin": [ 2.0, 0.0, 0.0 ],
																					"rotationZ": 15.0,
																					"faces": {
																						"north": { "texture": "#bridlemain", "uv": [ 0.0, 7.0, 2.25, 7.5 ] },
																						"east": { "texture": "#bridlemain", "uv": [ 4.0, 3.25, 4.25, 3.75 ] },
																						"south": { "texture": "#bridlemain", "uv": [ 0.0, 4.0, 2.25, 4.5 ] },
																						"west": { "texture": "#bridlemain", "uv": [ 5.5, 7.0, 5.75, 7.5 ] },
																						"up": { "texture": "#bridlemain", "uv": [ 0.0, 3.75, 2.25, 4.0 ] },
																						"down": { "texture": "#bridlemain", "uv": [ 0.25, 5.0, 2.5, 5.25 ] }
																					},
																					"children": [
																						{
																							"name": "Reinscrossed8",
																							"from": [ 2.4, -0.1, 0.0 ],
																							"to": [ 3.1, 0.6, 0.4 ],
																							"rotationOrigin": [ 2.4, -0.1, 0.0 ],
																							"rotationY": -38.0,
																							"rotationZ": 32.0,
																							"faces": {
																								"north": { "texture": "#bridlemain", "uv": [ 0.0, 7.0, 0.5, 7.5 ] },
																								"east": { "texture": "#bridlemain", "uv": [ 4.0, 3.25, 4.25, 3.75 ] },
																								"south": { "texture": "#bridlemain", "uv": [ 0.0, 4.0, 0.5, 4.5 ] },
																								"west": { "texture": "#bridlemain", "uv": [ 5.5, 7.0, 5.75, 7.5 ] },
																								"up": { "texture": "#bridlemain", "uv": [ 0.0, 3.75, 0.5, 4.0 ] },
																								"down": { "texture": "#bridlemain", "uv": [ 0.25, 5.0, 0.75, 5.25 ] }
																							}
																						}
																					]
																				}
																			]
																		}
																	]
																}
															]
														}
													]
												}
											]
										}
									]
								}
							]
						}
					]
				},
				{
					"name": "Noseband5",
					"from": [ -1.3, -6.72, -0.78 ],
					"to": [ -0.56, -5.78, 0.65 ],
					"rotationOrigin": [ -1.3015, -6.7192, -0.78 ],
					"rotationZ": -22.0,
					"faces": {
						"north": { "texture": "#bridlemain", "uv": [ 0.0, 0.0, 0.5, 0.5 ], "windMode": [-1,-1,-1,-1], "windData": [1,1,1,1] },
						"east": { "texture": "#bridlemain", "uv": [ 0.0, 0.0, 1.0, 0.5 ], "windMode": [-1,-1,-1,-1], "windData": [1,1,1,1] },
						"south": { "texture": "#bridlemain", "uv": [ 0.0, 0.0, 0.5, 0.5 ] },
						"west": { "texture": "#bridlemain", "uv": [ 0.0, 0.0, 1.0, 0.5 ], "windMode": [-1,-1,-1,-1], "windData": [1,1,1,1] },
						"up": { "texture": "#bridlemain", "uv": [ 0.0, 0.0, 0.5, 1.0 ], "windMode": [-1,-1,-1,-1], "windData": [1,1,1,1] },
						"down": { "texture": "#bridlemain", "uv": [ 0.0, 0.0, 0.5, 1.0 ], "windMode": [-1,-1,-1,-1], "windData": [1,1,1,1] }
					},
					"children": [
						{
							"name": "Noseband17",
							"from": [ -1.6825, 0.1414, -1.24 ],
							"to": [ 1.0575, 0.7814, -0.61 ],
							"rotationOrigin": [ -1.724, 0.1422, -1.2 ],
							"rotationX": 0.0,
							"rotationY": -35.0,
							"rotationZ": 0.0,
							"faces": {
								"north": { "texture": "#bridleextra", "uv": [ 4.5, 6.5, 7.0, 7.0 ], "windMode": [-1,-1,-1,-1], "windData": [1,1,1,1] },
								"east": { "texture": "#bridleextra", "uv": [ 5.5, 5.5, 6.0, 6.0 ], "windMode": [-1,-1,-1,-1], "windData": [1,1,1,1] },
								"south": { "texture": "#bridleextra", "uv": [ 4.0, 3.5, 6.5, 4.0 ] },
								"west": { "texture": "#bridleextra", "uv": [ 4.0, 5.0, 4.5, 5.5 ], "windMode": [-1,-1,-1,-1], "windData": [1,1,1,1] },
								"up": { "texture": "#bridleextra", "uv": [ 6.5, 3.5, 9.0, 4.0 ], "windMode": [-1,-1,-1,-1], "windData": [1,1,1,1] },
								"down": { "texture": "#bridleextra", "uv": [ 4.0, 4.5, 6.5, 5.0 ], "windMode": [-1,-1,-1,-1], "windData": [1,1,1,1] }
							},
							"children": [
								{
									"name": "Noseband18",
									"from": [ 2.2025, 0.0, 2.4855 ],
									"to": [ 4.9425, 0.64, 3.1155 ],
									"rotationOrigin": [ 2.161, 0.0, 3.1855 ],
									"rotationX": 0.0,
									"rotationY": 70.0,
									"rotationZ": 0.0,
									"faces": {
										"north": { "texture": "#bridleextra", "uv": [ 4.0, 2.5, 6.5, 3.0 ], "windMode": [-1,-1,-1,-1], "windData": [1,1,1,1] },
										"east": { "texture": "#bridleextra", "uv": [ 2.5, 3.0, 3.0, 3.5 ], "windMode": [-1,-1,-1,-1], "windData": [1,1,1,1] },
										"south": { "texture": "#bridleextra", "uv": [ 5.0, 3.0, 7.5, 3.5 ] },
										"west": { "texture": "#bridleextra", "uv": [ 4.0, 2.0, 4.5, 2.5 ], "windMode": [-1,-1,-1,-1], "windData": [1,1,1,1] },
										"up": { "texture": "#bridleextra", "uv": [ 3.5, 3.0, 6.0, 3.5 ], "windMode": [-1,-1,-1,-1], "windData": [1,1,1,1] },
										"down": { "texture": "#bridleextra", "uv": [ 5.0, 3.5, 7.5, 4.0 ], "windMode": [-1,-1,-1,-1], "windData": [1,1,1,1] }
									}
								}
							]
						},
						{
							"name": "Noseband11",
							"from": [ -3.22, 0.1414, -1.2 ],
							"to": [ -1.68, 0.7814, 2.53 ],
							"rotationOrigin": [ -3.224, 0.1422, -1.2 ],
							"rotationZ": 0.0,
							"faces": {
								"north": { "texture": "#bridleextra", "uv": [ 2.0, 2.0, 3.5, 2.5 ], "windMode": [-1,-1,-1,-1], "windData": [1,1,1,1] },
								"east": { "texture": "#bridleextra", "uv": [ 2.0, 3.0, 5.5, 3.5 ], "windMode": [-1,-1,-1,-1], "windData": [1,1,1,1] },
								"south": { "texture": "#bridleextra", "uv": [ 2.0, 1.5, 3.5, 2.0 ] },
								"west": { "texture": "#bridleextra", "uv": [ 1.5, 1.5, 5.0, 2.0 ], "windMode": [-1,-1,-1,-1], "windData": [1,1,1,1] },
								"up": { "texture": "#bridleextra", "uv": [ 2.0, 1.5, 3.5, 5.0 ], "windMode": [-1,-1,-1,-1], "windData": [1,1,1,1] },
								"down": { "texture": "#bridleextra", "uv": [ 2.5, 1.5, 4.0, 5.0 ], "windMode": [-1,-1,-1,-1], "windData": [1,1,1,1] }
							}
						},
						{
							"name": "Noseband6",
							"from": [ 0.7, 0.1, 0.2 ],
							"to": [ 1.24, 0.84, 1.23 ],
							"rotationOrigin": [ 0.6985, 0.1008, 0.2 ],
							"rotationZ": 0.0,
							"faces": {
								"north": { "texture": "#bridlemain", "uv": [ 0.0, 0.0, 0.5, 0.5 ], "windMode": [-1,-1,-1,-1], "windData": [1,1,1,1] },
								"east": { "texture": "#bridlemain", "uv": [ 0.0, 0.0, 1.0, 0.5 ], "windMode": [-1,-1,-1,-1], "windData": [1,1,1,1] },
								"south": { "texture": "#bridlemain", "uv": [ 0.0, 0.0, 0.5, 0.5 ] },
								"west": { "texture": "#bridlemain", "uv": [ 0.0, 0.0, 1.0, 0.5 ], "windMode": [-1,-1,-1,-1], "windData": [1,1,1,1] },
								"up": { "texture": "#bridlemain", "uv": [ 0.0, 0.0, 0.5, 1.0 ], "windMode": [-1,-1,-1,-1], "windData": [1,1,1,1] },
								"down": { "texture": "#bridlemain", "uv": [ 0.0, 0.0, 0.5, 1.0 ], "windMode": [-1,-1,-1,-1], "windData": [1,1,1,1] }
							}
						}
					]
				}
			]
		}
	],
	"animations": [
		{
			"name": "Eat",
			"code": "eat",
			"quantityframes": 44,
			"onActivityStopped": "Rewind",
			"onAnimationEnd": "Repeat",
			"keyframes": [
				{
					"frame": 0,
					"elements": {
						"reinsOrigin": { "rotationX": 0.0, "rotationY": 0.0, "rotationZ": 46.0 }
					}
				},
				{
					"frame": 15,
					"elements": {
						"reinsOrigin": { "rotationX": 0.0, "rotationY": 0.0, "rotationZ": 52.0 }
					}
				},
				{
					"frame": 23,
					"elements": {
						"reinsOrigin": { "rotationX": 0.0, "rotationY": 0.0, "rotationZ": 48.0 }
					}
				},
				{
					"frame": 32,
					"elements": {
						"reinsOrigin": { "rotationX": 0.0, "rotationY": 0.0, "rotationZ": 37.0 }
					}
				}
			]
		},

		{
			"name": "Turn-left",
			"code": "turn-left",
			"quantityframes": 1,
			"onActivityStopped": "Rewind",
			"onAnimationEnd": "Repeat",
			"keyframes": [
				{
					"frame": 0,
					"elements": {
						"reinsOrigin": { "rotationX": 0.0, "rotationY": -6.0, "rotationZ": 0.0 }
					}
				}
			]
		},

		{
			"name": "Turn-right",
			"code": "turn-right",
			"quantityframes": 1,
			"onActivityStopped": "Rewind",
			"onAnimationEnd": "Repeat",
			"keyframes": [
				{
					"frame": 0,
					"elements": {
						"reinsOrigin": { "rotationX": 0.0, "rotationY": 6.0, "rotationZ": 0.0 }
					}
				}
			]
		},

		{
			"name": "Gallop",
			"code": "gallop",
			"quantityframes": 49,
			"onActivityStopped": "Rewind",
			"onAnimationEnd": "Repeat",
			"keyframes": [
				{
					"frame": 0,
					"elements": {
						"reinsOrigin": { "rotationX": 0.0, "rotationY": 0.0, "rotationZ": 4.0 }
					}
				},
				{
					"frame": 24,
					"elements": {
						"reinsOrigin": { "rotationX": 0.0, "rotationY": 0.0, "rotationZ": 8.0 }
					}
				}
			]
		}
	]
}