{
    "ingredient": {
        "type": "item",
        "code": "game:ingot-*",
        "name": "metal",
        "allowedVariants": [
            "iron",
            "tinbronze",
            "copper"
        ]
    },
    "pattern": [
        [
            "__#####__",
            "_#######_",
            "#########",
            "#########",
            "#########",
            "#########",
            "_#######_",
            "_#######_",
            "_########",
            "__#####__"
        ],
        [
            "__#####__",
            "_##___##_",
            "##_____##",
            "#_______#",
            "#_______#",
            "##_____##",
            "_#_____#_",
            "_#_____#_",
            "_##___##_",
            "__#####__"
        ],
        [
            "_________",
            "_##___##_",
            "##_____##",
            "#_______#",
            "#_______#",
            "_________",
            "_________",
            "_________",
            "_________",
            "_________"
        ]
    ],
    "name": "Dog Armor",
    "output": {
        "type": "item",
        "code": "dogarmor-{metal}"
    }
}