{
	code: "superleatherbackpack-lantern",
	maxstacksize: 1,
	attributes: {
		wearableAttachment: true,
		attachableToEntity: {
			categoryCode: "backpack",
			attachedShape: { base: "item/bag/attached-superleatherbackpack-lantern" }
		},
		groundStorageTransform: {
			translation: { x: 0, y: -0.1, z: 0 }
		},
		backpack: {
			quantitySlots: 16,
			slotBgColor: "#d3fee9"
		}
	},
	behaviors: [
		{ name: "CollectibleBackpackBehavior", properties: { layout: "SingleCenter", collisionBox: { x1: 0.25, y1: 0, z1: 0.25, x2: 0.75, y2: 0.375, z2: 0.75 }}},
		{ name: "HeldBag" }
	],
	shape: { base: "item/superleather-lantern" },
	textures: {
		"straps": { base: "game:item/bag/backpack/straps" },
		"leather": { base: "game:item/bag/backpack/leather" },
		"linen": { base: "game:item/tool/material/linen" },
		"candle": { base: "game:block/candle"},
		"glass": { base: "game:block/glass/quartz"},
		"material": { base: "game:block/metal/lantern/copper"},
		"lining": { base: "game:block/metal/lantern/copper"},
		"material-deco": { base: "game:block/metal/lantern/copper-deco"},
	},
	lightHsv: [6, 2, 8],
	lightAbsorption: 12,
	storageFlags: 2,
	creativeinventory: { "general": ["*"], "items": ["*"], "ABCSR": ["*"] },
	guiTransform: {
		translation: { x: 0, y: 0, z: 0 },
		rotation: { x: -20, y: 21, z: 180 },
		origin: { x: 0.53, y: 0.35, z: 0.5 },
		scale: 2.3,
		rotate: true
	},
	fpHandTransform: {
		translation: { x: 0, y: 0, z: 0.2 },
		rotation: { x: 20, y: -73, z: 10 },
		scale: 2.5
	},
	tpHandTransform: {
		translation: { x: -0.66, y: -0.5, z: -0.45 },
		rotation: { x: -89, y: 67, z: -91 },
		scale: 0.86
	},
	groundTransform: {
		translation: { x: 0, y: 0, z: 0 },
		rotation: { x: 180, y: 33, z: -180 },
		origin: { x: 0.5, y: 0, z: 0.5 },
		scale: 4.5
	}
}