{
	code: "ultraleatherbackpack",
	maxstacksize: 1,
	attributes: {
		wearableAttachment: true,
		attachableToEntity: {
			categoryCode: "backpack",
			attachedShape: { base: "item/bag/attached-ultraleatherbackpack" }
		},
		groundStorageTransform: {
			translation: { x: 0, y: -0.1, z: 0 }
		},
		backpack: {
			quantitySlots: 20,
			slotBgColor: "#d5ecfe"
		}
	},
	behaviors: [{ name: "GroundStorable", properties: { layout: "SingleCenter", collisionBox: { x1: 0.25, y1: 0, z1: 0.25, x2: 0.75, y2: 0.375, z2: 0.75 }}},
		{ name: "HeldBag" }
	],
	shape: { base: "item/ultraleather" },
	textures: {
		"leather": { base: "game:item/bag/backpack/leather"},
		"straps": { base: "game:item/bag/backpack/straps"},		
		"linen": { base: "game:item/tool/material/linen"},		
		"quartz": { base: "game:item/resource/ungraded/clearquartz"},
		"lapislazuli": { base: "game:item/resource/ungraded/lapislazuli"},
		"emerald": { base: "game:block/stone/gem/emerald"},
		"diamond": { base: "game:block/stone/gem/diamond"}
	},
	storageFlags: 2,
	creativeinventory: { "general": ["*"], "items": ["*"], "ABCSR": ["*"] },
	guiTransform: {
		translation: { x: 0, y: 0, z: 0 },
		rotation: { x: -20, y: 21, z: 180 },
		origin: { x: 0.53, y: 0.35, z: 0.5 },
		scale: 2.3,
		rotate: true
	},
	fpHandTransform: {
		translation: { x: 0, y: 0, z: 0.2 },
		rotation: { x: 20, y: -73, z: 10 },
		scale: 2.5
	},
	tpHandTransform: {
		translation: { x: -0.66, y: -0.5, z: -0.45 },
		rotation: { x: -89, y: 67, z: -91 },
		scale: 0.86
	},
	groundTransform: {
		translation: { x: 0, y: 0, z: 0 },
		rotation: { x: 180, y: 33, z: -180 },
		origin: { x: 0.5, y: 0, z: 0.5 },
		scale: 4.5
	}
}