{
	"editor": {
		"collapsedPaths": ",Root/stemgroup2,Root/origin/mint7,Root/origin/mint6,Root/origin/mint9,Root/origin/mint8,Root/origin/mint3,Root/origin/mint2,Root/origin/mint5,Root/origin/mint4,Root/leafgroup2,Root/stemgroup,Root/origin/mint,Root/leafgroup",
		"allAngles": false,
		"entityTextureMode": false
	},
	"textureWidth": 16,
	"textureHeight": 16,
	"textureSizes": {
		"lavender": [16,16],
		"mint": [16,16]
	},
	"textures": {
	},
	"elements": [
		{
			"name": "origin",
			"from": [ 8.0, 0.0, 8.0 ],
			"to": [ 8.0, 0.0, 8.0 ],
			"rotationOrigin": [ 8.0, 0.0, 8.0 ],
			"faces": {
			},
			"children": [
				{
					"name": "mint5",
					"from": [ 3.94, 0.0, 3.94 ],
					"to": [ 3.94, 0.0, 3.94 ],
					"rotationOrigin": [ 4.0, 0.0, 4.0 ],
					"faces": {
					},
					"children": [
						{
							"name": "leafgroup9",
							"from": [ 0.0675, -0.9, 0.0 ],
							"to": [ 0.0675, -0.9, 0.0 ],
							"rotationOrigin": [ 0.063, -0.9, 0.063 ],
							"rotationY": 15.0,
							"faces": {
							},
							"children": [
								{
									"name": "leaf49",
									"from": [ 0.0, 2.7, -0.855 ],
									"to": [ 2.7, 2.7, 0.945 ],
									"rotationOrigin": [ 0.0, 2.7, 0.0675 ],
									"rotationZ": -10.0,
									"faces": {
										"up": { "texture": "#mint", "uv": [ 3.0, 8.5, 7.5, 16.0 ], "rotation": 90, "autoUv": false, "windMode": [1,1,4,4] }
									},
									"children": [
										{
											"name": "leaf50",
											"from": [ 0.0, 0.09, 0.0 ],
											"to": [ 2.7, 0.09, 1.8 ],
											"rotationOrigin": [ 0.0, 0.09, 0.9225 ],
											"rotationX": -180.0,
											"rotationZ": -200.0,
											"faces": {
												"up": { "texture": "#mint", "uv": [ 3.0, 8.5, 7.5, 16.0 ], "rotation": 90, "autoUv": false, "windMode": [1,1,4,4] }
											}
										}
									]
								},
								{
									"name": "leaf51",
									"from": [ 0.0, 2.97, -0.855 ],
									"to": [ 2.7, 2.97, 0.945 ],
									"rotationOrigin": [ 0.0, 2.97, 0.0675 ],
									"rotationY": 90.0,
									"rotationZ": -10.0,
									"faces": {
										"up": { "texture": "#mint", "uv": [ 3.0, 8.5, 7.5, 16.0 ], "rotation": 90, "autoUv": false, "windMode": [1,1,4,4] }
									},
									"children": [
										{
											"name": "leaf52",
											"from": [ 0.0, 0.09, 0.0 ],
											"to": [ 2.7, 0.09, 1.8 ],
											"rotationOrigin": [ 0.0, 0.09, 0.9225 ],
											"rotationX": -180.0,
											"rotationZ": -200.0,
											"faces": {
												"up": { "texture": "#mint", "uv": [ 3.0, 8.5, 7.5, 16.0 ], "rotation": 90, "autoUv": false, "windMode": [1,1,4,4] }
											}
										}
									]
								}
							]
						},
						{
							"name": "leafgroup10",
							"from": [ 0.0675, 0.0, 0.0 ],
							"to": [ 0.0675, 0.0, 0.0 ],
							"rotationOrigin": [ 0.063, 0.0, 0.063 ],
							"rotationY": 45.0,
							"faces": {
							},
							"children": [
								{
									"name": "leaf53",
									"from": [ 0.0, 2.7, -0.855 ],
									"to": [ 2.7, 2.7, 0.945 ],
									"rotationOrigin": [ 0.0, 2.7, 0.0675 ],
									"rotationZ": -10.0,
									"faces": {
										"up": { "texture": "#mint", "uv": [ 3.0, 8.5, 7.5, 16.0 ], "rotation": 90, "autoUv": false, "windMode": [1,1,4,4] }
									},
									"children": [
										{
											"name": "leaf54",
											"from": [ 0.0, 0.09, 0.0 ],
											"to": [ 2.7, 0.09, 1.8 ],
											"rotationOrigin": [ 0.0, 0.09, 0.9225 ],
											"rotationX": -180.0,
											"rotationZ": -200.0,
											"faces": {
												"up": { "texture": "#mint", "uv": [ 3.0, 8.5, 7.5, 16.0 ], "rotation": 90, "autoUv": false, "windMode": [1,1,4,4] }
											}
										}
									]
								},
								{
									"name": "leaf55",
									"from": [ 0.0, 2.97, -0.855 ],
									"to": [ 2.7, 2.97, 0.945 ],
									"rotationOrigin": [ 0.0, 2.97, 0.0675 ],
									"rotationY": 90.0,
									"rotationZ": -10.0,
									"faces": {
										"up": { "texture": "#mint", "uv": [ 3.0, 8.5, 7.5, 16.0 ], "rotation": 90, "autoUv": false, "windMode": [1,1,4,4] }
									},
									"children": [
										{
											"name": "leaf56",
											"from": [ 0.0, 0.09, 0.0 ],
											"to": [ 2.7, 0.09, 1.8 ],
											"rotationOrigin": [ 0.0, 0.09, 0.9225 ],
											"rotationX": -180.0,
											"rotationZ": -200.0,
											"faces": {
												"up": { "texture": "#mint", "uv": [ 3.0, 8.5, 7.5, 16.0 ], "rotation": 90, "autoUv": false, "windMode": [1,1,4,4] }
											}
										}
									]
								}
							]
						},
						{
							"name": "smallleafgroup5",
							"from": [ 0.063, 0.9, 0.0 ],
							"to": [ 0.063, 0.9, 0.0 ],
							"rotationOrigin": [ 0.063, 0.9, 0.063 ],
							"rotationY": 45.0,
							"faces": {
							},
							"children": [
								{
									"name": "leaf57",
									"from": [ 0.0, 2.61, -0.378 ],
									"to": [ 1.35, 2.61, 0.522 ],
									"rotationOrigin": [ 0.0, 2.7, 0.09 ],
									"rotationZ": 30.0,
									"faces": {
										"up": { "texture": "#mint", "uv": [ 3.0, 8.5, 7.5, 16.0 ], "rotation": 90, "autoUv": false, "windMode": [1,1,4,4] }
									},
									"children": [
										{
											"name": "leaf58",
											"from": [ 0.0, 0.0, 0.018 ],
											"to": [ 1.35, 0.0, 0.918 ],
											"rotationOrigin": [ 0.0, 0.0, 0.4612 ],
											"rotationX": -180.0,
											"rotationZ": -120.0,
											"faces": {
												"up": { "texture": "#mint", "uv": [ 3.0, 8.5, 7.5, 16.0 ], "rotation": 90, "autoUv": false, "windMode": [1,1,4,4] }
											}
										}
									]
								},
								{
									"name": "leaf59",
									"from": [ 0.0, 2.277, -0.5985 ],
									"to": [ 1.89, 2.277, 0.6615 ],
									"rotationOrigin": [ 0.0, 2.277, 0.0472 ],
									"rotationY": 90.0,
									"rotationZ": 50.0,
									"faces": {
										"up": { "texture": "#mint", "uv": [ 3.0, 8.5, 7.5, 16.0 ], "rotation": 90, "autoUv": false, "windMode": [1,1,4,4] }
									},
									"children": [
										{
											"name": "leaf60",
											"from": [ 0.0, 0.0, 0.0 ],
											"to": [ 1.89, 0.0, 1.26 ],
											"rotationOrigin": [ 0.0, 0.0, 0.6457 ],
											"rotationX": -180.0,
											"rotationZ": -80.0,
											"faces": {
												"up": { "texture": "#mint", "uv": [ 3.0, 8.5, 7.5, 16.0 ], "rotation": 90, "autoUv": false, "windMode": [1,1,4,4] }
											}
										}
									]
								}
							]
						},
						{
							"name": "stalk6",
							"from": [ 0.0, 0.0, 0.0 ],
							"to": [ 0.135, 3.6, 0.135 ],
							"faces": {
								"north": { "texture": "#mint", "uv": [ 0.0, 4.5, 0.5, 8.5 ], "autoUv": false, "windMode": [0,4,4,0] },
								"east": { "texture": "#mint", "uv": [ 0.0, 2.0, 0.5, 6.0 ], "autoUv": false, "windMode": [0,4,4,0] },
								"south": { "texture": "#mint", "uv": [ 0.5, 6.5, 1.0, 10.5 ], "autoUv": false, "windMode": [0,0,4,4] },
								"west": { "texture": "#mint", "uv": [ 0.0, 8.0, 0.5, 12.0 ], "autoUv": false, "windMode": [0,0,4,4] },
								"up": { "texture": "#mint", "uv": [ 0.0, 0.0, 0.5, 0.5 ], "autoUv": false, "windMode": [4,4,4,4] }
							}
						}
					]
				},
				{
					"name": "mint4",
					"from": [ -4.06, 0.0, 3.94 ],
					"to": [ -4.06, 0.0, 3.94 ],
					"rotationOrigin": [ -4.0, 0.0, 4.0 ],
					"faces": {
					},
					"children": [
						{
							"name": "leafgroup11",
							"from": [ 0.0675, -0.9, 0.0 ],
							"to": [ 0.0675, -0.9, 0.0 ],
							"rotationOrigin": [ 0.063, -0.9, 0.063 ],
							"rotationY": 15.0,
							"faces": {
							},
							"children": [
								{
									"name": "leaf61",
									"from": [ 0.0, 2.7, -0.855 ],
									"to": [ 2.7, 2.7, 0.945 ],
									"rotationOrigin": [ 0.0, 2.7, 0.0675 ],
									"rotationZ": -10.0,
									"faces": {
										"up": { "texture": "#mint", "uv": [ 3.0, 8.5, 7.5, 16.0 ], "rotation": 90, "autoUv": false, "windMode": [1,1,4,4] }
									},
									"children": [
										{
											"name": "leaf62",
											"from": [ 0.0, 0.09, 0.0 ],
											"to": [ 2.7, 0.09, 1.8 ],
											"rotationOrigin": [ 0.0, 0.09, 0.9225 ],
											"rotationX": -180.0,
											"rotationZ": -200.0,
											"faces": {
												"up": { "texture": "#mint", "uv": [ 3.0, 8.5, 7.5, 16.0 ], "rotation": 90, "autoUv": false, "windMode": [1,1,4,4] }
											}
										}
									]
								},
								{
									"name": "leaf63",
									"from": [ 0.0, 2.97, -0.855 ],
									"to": [ 2.7, 2.97, 0.945 ],
									"rotationOrigin": [ 0.0, 2.97, 0.0675 ],
									"rotationY": 90.0,
									"rotationZ": -10.0,
									"faces": {
										"up": { "texture": "#mint", "uv": [ 3.0, 8.5, 7.5, 16.0 ], "rotation": 90, "autoUv": false, "windMode": [1,1,4,4] }
									},
									"children": [
										{
											"name": "leaf64",
											"from": [ 0.0, 0.09, 0.0 ],
											"to": [ 2.7, 0.09, 1.8 ],
											"rotationOrigin": [ 0.0, 0.09, 0.9225 ],
											"rotationX": -180.0,
											"rotationZ": -200.0,
											"faces": {
												"up": { "texture": "#mint", "uv": [ 3.0, 8.5, 7.5, 16.0 ], "rotation": 90, "autoUv": false, "windMode": [1,1,4,4] }
											}
										}
									]
								}
							]
						},
						{
							"name": "leafgroup12",
							"from": [ 0.0675, 0.0, 0.0 ],
							"to": [ 0.0675, 0.0, 0.0 ],
							"rotationOrigin": [ 0.063, 0.0, 0.063 ],
							"rotationY": 45.0,
							"faces": {
							},
							"children": [
								{
									"name": "leaf65",
									"from": [ 0.0, 2.7, -0.855 ],
									"to": [ 2.7, 2.7, 0.945 ],
									"rotationOrigin": [ 0.0, 2.7, 0.0675 ],
									"rotationZ": -10.0,
									"faces": {
										"up": { "texture": "#mint", "uv": [ 3.0, 8.5, 7.5, 16.0 ], "rotation": 90, "autoUv": false, "windMode": [1,1,4,4] }
									},
									"children": [
										{
											"name": "leaf66",
											"from": [ 0.0, 0.09, 0.0 ],
											"to": [ 2.7, 0.09, 1.8 ],
											"rotationOrigin": [ 0.0, 0.09, 0.9225 ],
											"rotationX": -180.0,
											"rotationZ": -200.0,
											"faces": {
												"up": { "texture": "#mint", "uv": [ 3.0, 8.5, 7.5, 16.0 ], "rotation": 90, "autoUv": false, "windMode": [1,1,4,4] }
											}
										}
									]
								},
								{
									"name": "leaf67",
									"from": [ 0.0, 2.97, -0.855 ],
									"to": [ 2.7, 2.97, 0.945 ],
									"rotationOrigin": [ 0.0, 2.97, 0.0675 ],
									"rotationY": 90.0,
									"rotationZ": -10.0,
									"faces": {
										"up": { "texture": "#mint", "uv": [ 3.0, 8.5, 7.5, 16.0 ], "rotation": 90, "autoUv": false, "windMode": [1,1,4,4] }
									},
									"children": [
										{
											"name": "leaf68",
											"from": [ 0.0, 0.09, 0.0 ],
											"to": [ 2.7, 0.09, 1.8 ],
											"rotationOrigin": [ 0.0, 0.09, 0.9225 ],
											"rotationX": -180.0,
											"rotationZ": -200.0,
											"faces": {
												"up": { "texture": "#mint", "uv": [ 3.0, 8.5, 7.5, 16.0 ], "rotation": 90, "autoUv": false, "windMode": [1,1,4,4] }
											}
										}
									]
								}
							]
						},
						{
							"name": "smallleafgroup6",
							"from": [ 0.063, 0.9, 0.0 ],
							"to": [ 0.063, 0.9, 0.0 ],
							"rotationOrigin": [ 0.063, 0.9, 0.063 ],
							"rotationY": 45.0,
							"faces": {
							},
							"children": [
								{
									"name": "leaf69",
									"from": [ 0.0, 2.61, -0.378 ],
									"to": [ 1.35, 2.61, 0.522 ],
									"rotationOrigin": [ 0.0, 2.7, 0.09 ],
									"rotationZ": 30.0,
									"faces": {
										"up": { "texture": "#mint", "uv": [ 3.0, 8.5, 7.5, 16.0 ], "rotation": 90, "autoUv": false, "windMode": [1,1,4,4] }
									},
									"children": [
										{
											"name": "leaf70",
											"from": [ 0.0, 0.0, 0.018 ],
											"to": [ 1.35, 0.0, 0.918 ],
											"rotationOrigin": [ 0.0, 0.0, 0.4612 ],
											"rotationX": -180.0,
											"rotationZ": -120.0,
											"faces": {
												"up": { "texture": "#mint", "uv": [ 3.0, 8.5, 7.5, 16.0 ], "rotation": 90, "autoUv": false, "windMode": [1,1,4,4] }
											}
										}
									]
								},
								{
									"name": "leaf71",
									"from": [ 0.0, 2.277, -0.5985 ],
									"to": [ 1.89, 2.277, 0.6615 ],
									"rotationOrigin": [ 0.0, 2.277, 0.0472 ],
									"rotationY": 90.0,
									"rotationZ": 50.0,
									"faces": {
										"up": { "texture": "#mint", "uv": [ 3.0, 8.5, 7.5, 16.0 ], "rotation": 90, "autoUv": false, "windMode": [1,1,4,4] }
									},
									"children": [
										{
											"name": "leaf72",
											"from": [ 0.0, 0.0, 0.0 ],
											"to": [ 1.89, 0.0, 1.26 ],
											"rotationOrigin": [ 0.0, 0.0, 0.6457 ],
											"rotationX": -180.0,
											"rotationZ": -80.0,
											"faces": {
												"up": { "texture": "#mint", "uv": [ 3.0, 8.5, 7.5, 16.0 ], "rotation": 90, "autoUv": false, "windMode": [1,1,4,4] }
											}
										}
									]
								}
							]
						},
						{
							"name": "stalk7",
							"from": [ 0.0, 0.0, 0.0 ],
							"to": [ 0.135, 3.6, 0.135 ],
							"faces": {
								"north": { "texture": "#mint", "uv": [ 0.0, 4.5, 0.5, 8.5 ], "autoUv": false, "windMode": [0,4,4,0] },
								"east": { "texture": "#mint", "uv": [ 0.0, 2.0, 0.5, 6.0 ], "autoUv": false, "windMode": [0,4,4,0] },
								"south": { "texture": "#mint", "uv": [ 0.5, 6.5, 1.0, 10.5 ], "autoUv": false, "windMode": [0,0,4,4] },
								"west": { "texture": "#mint", "uv": [ 0.0, 8.0, 0.5, 12.0 ], "autoUv": false, "windMode": [0,0,4,4] },
								"up": { "texture": "#mint", "uv": [ 0.0, 0.0, 0.5, 0.5 ], "autoUv": false, "windMode": [4,4,4,4] }
							}
						}
					]
				},
				{
					"name": "mint3",
					"from": [ -0.063, 0.0, -0.063 ],
					"to": [ -0.063, 0.0, -0.063 ],
					"faces": {
					},
					"children": [
						{
							"name": "leafgroup13",
							"from": [ 0.0675, -0.9, 0.0 ],
							"to": [ 0.0675, -0.9, 0.0 ],
							"rotationOrigin": [ 0.063, -0.9, 0.063 ],
							"rotationY": 15.0,
							"faces": {
							},
							"children": [
								{
									"name": "leaf73",
									"from": [ 0.0, 2.7, -0.855 ],
									"to": [ 2.7, 2.7, 0.945 ],
									"rotationOrigin": [ 0.0, 2.7, 0.0675 ],
									"rotationZ": -10.0,
									"faces": {
										"up": { "texture": "#mint", "uv": [ 3.0, 8.5, 7.5, 16.0 ], "rotation": 90, "autoUv": false, "windMode": [1,1,4,4] }
									},
									"children": [
										{
											"name": "leaf74",
											"from": [ 0.0, 0.09, 0.0 ],
											"to": [ 2.7, 0.09, 1.8 ],
											"rotationOrigin": [ 0.0, 0.09, 0.9225 ],
											"rotationX": -180.0,
											"rotationZ": -200.0,
											"faces": {
												"up": { "texture": "#mint", "uv": [ 3.0, 8.5, 7.5, 16.0 ], "rotation": 90, "autoUv": false, "windMode": [1,1,4,4] }
											}
										}
									]
								},
								{
									"name": "leaf75",
									"from": [ 0.0, 2.97, -0.855 ],
									"to": [ 2.7, 2.97, 0.945 ],
									"rotationOrigin": [ 0.0, 2.97, 0.0675 ],
									"rotationY": 90.0,
									"rotationZ": -10.0,
									"faces": {
										"up": { "texture": "#mint", "uv": [ 3.0, 8.5, 7.5, 16.0 ], "rotation": 90, "autoUv": false, "windMode": [1,1,4,4] }
									},
									"children": [
										{
											"name": "leaf76",
											"from": [ 0.0, 0.09, 0.0 ],
											"to": [ 2.7, 0.09, 1.8 ],
											"rotationOrigin": [ 0.0, 0.09, 0.9225 ],
											"rotationX": -180.0,
											"rotationZ": -200.0,
											"faces": {
												"up": { "texture": "#mint", "uv": [ 3.0, 8.5, 7.5, 16.0 ], "rotation": 90, "autoUv": false, "windMode": [1,1,4,4] }
											}
										}
									]
								}
							]
						},
						{
							"name": "leafgroup14",
							"from": [ 0.0675, 0.0, 0.0 ],
							"to": [ 0.0675, 0.0, 0.0 ],
							"rotationOrigin": [ 0.063, 0.0, 0.063 ],
							"rotationY": 45.0,
							"faces": {
							},
							"children": [
								{
									"name": "leaf77",
									"from": [ 0.0, 2.7, -0.855 ],
									"to": [ 2.7, 2.7, 0.945 ],
									"rotationOrigin": [ 0.0, 2.7, 0.0675 ],
									"rotationZ": -10.0,
									"faces": {
										"up": { "texture": "#mint", "uv": [ 3.0, 8.5, 7.5, 16.0 ], "rotation": 90, "autoUv": false, "windMode": [1,1,4,4] }
									},
									"children": [
										{
											"name": "leaf78",
											"from": [ 0.0, 0.09, 0.0 ],
											"to": [ 2.7, 0.09, 1.8 ],
											"rotationOrigin": [ 0.0, 0.09, 0.9225 ],
											"rotationX": -180.0,
											"rotationZ": -200.0,
											"faces": {
												"up": { "texture": "#mint", "uv": [ 3.0, 8.5, 7.5, 16.0 ], "rotation": 90, "autoUv": false, "windMode": [1,1,4,4] }
											}
										}
									]
								},
								{
									"name": "leaf79",
									"from": [ 0.0, 2.97, -0.855 ],
									"to": [ 2.7, 2.97, 0.945 ],
									"rotationOrigin": [ 0.0, 2.97, 0.0675 ],
									"rotationY": 90.0,
									"rotationZ": -10.0,
									"faces": {
										"up": { "texture": "#mint", "uv": [ 3.0, 8.5, 7.5, 16.0 ], "rotation": 90, "autoUv": false, "windMode": [1,1,4,4] }
									},
									"children": [
										{
											"name": "leaf80",
											"from": [ 0.0, 0.09, 0.0 ],
											"to": [ 2.7, 0.09, 1.8 ],
											"rotationOrigin": [ 0.0, 0.09, 0.9225 ],
											"rotationX": -180.0,
											"rotationZ": -200.0,
											"faces": {
												"up": { "texture": "#mint", "uv": [ 3.0, 8.5, 7.5, 16.0 ], "rotation": 90, "autoUv": false, "windMode": [1,1,4,4] }
											}
										}
									]
								}
							]
						},
						{
							"name": "smallleafgroup7",
							"from": [ 0.063, 0.9, 0.0 ],
							"to": [ 0.063, 0.9, 0.0 ],
							"rotationOrigin": [ 0.063, 0.9, 0.063 ],
							"rotationY": 45.0,
							"faces": {
							},
							"children": [
								{
									"name": "leaf81",
									"from": [ 0.0, 2.61, -0.378 ],
									"to": [ 1.35, 2.61, 0.522 ],
									"rotationOrigin": [ 0.0, 2.7, 0.09 ],
									"rotationZ": 30.0,
									"faces": {
										"up": { "texture": "#mint", "uv": [ 3.0, 8.5, 7.5, 16.0 ], "rotation": 90, "autoUv": false, "windMode": [1,1,4,4] }
									},
									"children": [
										{
											"name": "leaf82",
											"from": [ 0.0, 0.0, 0.018 ],
											"to": [ 1.35, 0.0, 0.918 ],
											"rotationOrigin": [ 0.0, 0.0, 0.4612 ],
											"rotationX": -180.0,
											"rotationZ": -120.0,
											"faces": {
												"up": { "texture": "#mint", "uv": [ 3.0, 8.5, 7.5, 16.0 ], "rotation": 90, "autoUv": false, "windMode": [1,1,4,4] }
											}
										}
									]
								},
								{
									"name": "leaf83",
									"from": [ 0.0, 2.277, -0.5985 ],
									"to": [ 1.89, 2.277, 0.6615 ],
									"rotationOrigin": [ 0.0, 2.277, 0.0472 ],
									"rotationY": 90.0,
									"rotationZ": 50.0,
									"faces": {
										"up": { "texture": "#mint", "uv": [ 3.0, 8.5, 7.5, 16.0 ], "rotation": 90, "autoUv": false, "windMode": [1,1,4,4] }
									},
									"children": [
										{
											"name": "leaf84",
											"from": [ 0.0, 0.0, 0.0 ],
											"to": [ 1.89, 0.0, 1.26 ],
											"rotationOrigin": [ 0.0, 0.0, 0.6457 ],
											"rotationX": -180.0,
											"rotationZ": -80.0,
											"faces": {
												"up": { "texture": "#mint", "uv": [ 3.0, 8.5, 7.5, 16.0 ], "rotation": 90, "autoUv": false, "windMode": [1,1,4,4] }
											}
										}
									]
								}
							]
						},
						{
							"name": "stalk8",
							"from": [ 0.0, 0.0, 0.0 ],
							"to": [ 0.135, 3.6, 0.135 ],
							"faces": {
								"north": { "texture": "#mint", "uv": [ 0.0, 4.5, 0.5, 8.5 ], "autoUv": false, "windMode": [0,4,4,0] },
								"east": { "texture": "#mint", "uv": [ 0.0, 2.0, 0.5, 6.0 ], "autoUv": false, "windMode": [0,4,4,0] },
								"south": { "texture": "#mint", "uv": [ 0.5, 6.5, 1.0, 10.5 ], "autoUv": false, "windMode": [0,0,4,4] },
								"west": { "texture": "#mint", "uv": [ 0.0, 8.0, 0.5, 12.0 ], "autoUv": false, "windMode": [0,0,4,4] },
								"up": { "texture": "#mint", "uv": [ 0.0, 0.0, 0.5, 0.5 ], "autoUv": false, "windMode": [4,4,4,4] }
							}
						}
					]
				},
				{
					"name": "mint2",
					"from": [ 3.94, 0.0, -4.06 ],
					"to": [ 3.94, 0.0, -4.06 ],
					"rotationOrigin": [ 4.0, 0.0, -4.0 ],
					"faces": {
					},
					"children": [
						{
							"name": "leafgroup15",
							"from": [ 0.0675, -0.9, 0.0 ],
							"to": [ 0.0675, -0.9, 0.0 ],
							"rotationOrigin": [ 0.063, -0.9, 0.063 ],
							"rotationY": 15.0,
							"faces": {
							},
							"children": [
								{
									"name": "leaf85",
									"from": [ 0.0, 2.7, -0.855 ],
									"to": [ 2.7, 2.7, 0.945 ],
									"rotationOrigin": [ 0.0, 2.7, 0.0675 ],
									"rotationZ": -10.0,
									"faces": {
										"up": { "texture": "#mint", "uv": [ 3.0, 8.5, 7.5, 16.0 ], "rotation": 90, "autoUv": false, "windMode": [1,1,4,4] }
									},
									"children": [
										{
											"name": "leaf86",
											"from": [ 0.0, 0.09, 0.0 ],
											"to": [ 2.7, 0.09, 1.8 ],
											"rotationOrigin": [ 0.0, 0.09, 0.9225 ],
											"rotationX": -180.0,
											"rotationZ": -200.0,
											"faces": {
												"up": { "texture": "#mint", "uv": [ 3.0, 8.5, 7.5, 16.0 ], "rotation": 90, "autoUv": false, "windMode": [1,1,4,4] }
											}
										}
									]
								},
								{
									"name": "leaf87",
									"from": [ 0.0, 2.97, -0.855 ],
									"to": [ 2.7, 2.97, 0.945 ],
									"rotationOrigin": [ 0.0, 2.97, 0.0675 ],
									"rotationY": 90.0,
									"rotationZ": -10.0,
									"faces": {
										"up": { "texture": "#mint", "uv": [ 3.0, 8.5, 7.5, 16.0 ], "rotation": 90, "autoUv": false, "windMode": [1,1,4,4] }
									},
									"children": [
										{
											"name": "leaf88",
											"from": [ 0.0, 0.09, 0.0 ],
											"to": [ 2.7, 0.09, 1.8 ],
											"rotationOrigin": [ 0.0, 0.09, 0.9225 ],
											"rotationX": -180.0,
											"rotationZ": -200.0,
											"faces": {
												"up": { "texture": "#mint", "uv": [ 3.0, 8.5, 7.5, 16.0 ], "rotation": 90, "autoUv": false, "windMode": [1,1,4,4] }
											}
										}
									]
								}
							]
						},
						{
							"name": "leafgroup16",
							"from": [ 0.0675, 0.0, 0.0 ],
							"to": [ 0.0675, 0.0, 0.0 ],
							"rotationOrigin": [ 0.063, 0.0, 0.063 ],
							"rotationY": 45.0,
							"faces": {
							},
							"children": [
								{
									"name": "leaf89",
									"from": [ 0.0, 2.7, -0.855 ],
									"to": [ 2.7, 2.7, 0.945 ],
									"rotationOrigin": [ 0.0, 2.7, 0.0675 ],
									"rotationZ": -10.0,
									"faces": {
										"up": { "texture": "#mint", "uv": [ 3.0, 8.5, 7.5, 16.0 ], "rotation": 90, "autoUv": false, "windMode": [1,1,4,4] }
									},
									"children": [
										{
											"name": "leaf90",
											"from": [ 0.0, 0.09, 0.0 ],
											"to": [ 2.7, 0.09, 1.8 ],
											"rotationOrigin": [ 0.0, 0.09, 0.9225 ],
											"rotationX": -180.0,
											"rotationZ": -200.0,
											"faces": {
												"up": { "texture": "#mint", "uv": [ 3.0, 8.5, 7.5, 16.0 ], "rotation": 90, "autoUv": false, "windMode": [1,1,4,4] }
											}
										}
									]
								},
								{
									"name": "leaf91",
									"from": [ 0.0, 2.97, -0.855 ],
									"to": [ 2.7, 2.97, 0.945 ],
									"rotationOrigin": [ 0.0, 2.97, 0.0675 ],
									"rotationY": 90.0,
									"rotationZ": -10.0,
									"faces": {
										"up": { "texture": "#mint", "uv": [ 3.0, 8.5, 7.5, 16.0 ], "rotation": 90, "autoUv": false, "windMode": [1,1,4,4] }
									},
									"children": [
										{
											"name": "leaf92",
											"from": [ 0.0, 0.09, 0.0 ],
											"to": [ 2.7, 0.09, 1.8 ],
											"rotationOrigin": [ 0.0, 0.09, 0.9225 ],
											"rotationX": -180.0,
											"rotationZ": -200.0,
											"faces": {
												"up": { "texture": "#mint", "uv": [ 3.0, 8.5, 7.5, 16.0 ], "rotation": 90, "autoUv": false, "windMode": [1,1,4,4] }
											}
										}
									]
								}
							]
						},
						{
							"name": "smallleafgroup8",
							"from": [ 0.063, 0.9, 0.0 ],
							"to": [ 0.063, 0.9, 0.0 ],
							"rotationOrigin": [ 0.063, 0.9, 0.063 ],
							"rotationY": 45.0,
							"faces": {
							},
							"children": [
								{
									"name": "leaf93",
									"from": [ 0.0, 2.61, -0.378 ],
									"to": [ 1.35, 2.61, 0.522 ],
									"rotationOrigin": [ 0.0, 2.7, 0.09 ],
									"rotationZ": 30.0,
									"faces": {
										"up": { "texture": "#mint", "uv": [ 3.0, 8.5, 7.5, 16.0 ], "rotation": 90, "autoUv": false, "windMode": [1,1,4,4] }
									},
									"children": [
										{
											"name": "leaf94",
											"from": [ 0.0, 0.0, 0.018 ],
											"to": [ 1.35, 0.0, 0.918 ],
											"rotationOrigin": [ 0.0, 0.0, 0.4612 ],
											"rotationX": -180.0,
											"rotationZ": -120.0,
											"faces": {
												"up": { "texture": "#mint", "uv": [ 3.0, 8.5, 7.5, 16.0 ], "rotation": 90, "autoUv": false, "windMode": [1,1,4,4] }
											}
										}
									]
								},
								{
									"name": "leaf95",
									"from": [ 0.0, 2.277, -0.5985 ],
									"to": [ 1.89, 2.277, 0.6615 ],
									"rotationOrigin": [ 0.0, 2.277, 0.0472 ],
									"rotationY": 90.0,
									"rotationZ": 50.0,
									"faces": {
										"up": { "texture": "#mint", "uv": [ 3.0, 8.5, 7.5, 16.0 ], "rotation": 90, "autoUv": false, "windMode": [1,1,4,4] }
									},
									"children": [
										{
											"name": "leaf96",
											"from": [ 0.0, 0.0, 0.0 ],
											"to": [ 1.89, 0.0, 1.26 ],
											"rotationOrigin": [ 0.0, 0.0, 0.6457 ],
											"rotationX": -180.0,
											"rotationZ": -80.0,
											"faces": {
												"up": { "texture": "#mint", "uv": [ 3.0, 8.5, 7.5, 16.0 ], "rotation": 90, "autoUv": false, "windMode": [1,1,4,4] }
											}
										}
									]
								}
							]
						},
						{
							"name": "stalk9",
							"from": [ 0.0, 0.0, 0.0 ],
							"to": [ 0.135, 3.6, 0.135 ],
							"faces": {
								"north": { "texture": "#mint", "uv": [ 0.0, 4.5, 0.5, 8.5 ], "autoUv": false, "windMode": [0,4,4,0] },
								"east": { "texture": "#mint", "uv": [ 0.0, 2.0, 0.5, 6.0 ], "autoUv": false, "windMode": [0,4,4,0] },
								"south": { "texture": "#mint", "uv": [ 0.5, 6.5, 1.0, 10.5 ], "autoUv": false, "windMode": [0,0,4,4] },
								"west": { "texture": "#mint", "uv": [ 0.0, 8.0, 0.5, 12.0 ], "autoUv": false, "windMode": [0,0,4,4] },
								"up": { "texture": "#mint", "uv": [ 0.0, 0.0, 0.5, 0.5 ], "autoUv": false, "windMode": [4,4,4,4] }
							}
						}
					]
				},
				{
					"name": "mint",
					"from": [ -4.06, 0.0, -4.06 ],
					"to": [ -4.06, 0.0, -4.06 ],
					"rotationOrigin": [ -4.0, 0.0, -4.0 ],
					"faces": {
					},
					"children": [
						{
							"name": "leafgroup17",
							"from": [ 0.0675, -0.9, 0.0 ],
							"to": [ 0.0675, -0.9, 0.0 ],
							"rotationOrigin": [ 0.063, -0.9, 0.063 ],
							"rotationY": 15.0,
							"faces": {
							},
							"children": [
								{
									"name": "leaf97",
									"from": [ 0.0, 2.7, -0.855 ],
									"to": [ 2.7, 2.7, 0.945 ],
									"rotationOrigin": [ 0.0, 2.7, 0.0675 ],
									"rotationZ": -10.0,
									"faces": {
										"up": { "texture": "#mint", "uv": [ 3.0, 8.5, 7.5, 16.0 ], "rotation": 90, "autoUv": false, "windMode": [1,1,4,4] }
									},
									"children": [
										{
											"name": "leaf98",
											"from": [ 0.0, 0.09, 0.0 ],
											"to": [ 2.7, 0.09, 1.8 ],
											"rotationOrigin": [ 0.0, 0.09, 0.9225 ],
											"rotationX": -180.0,
											"rotationZ": -200.0,
											"faces": {
												"up": { "texture": "#mint", "uv": [ 3.0, 8.5, 7.5, 16.0 ], "rotation": 90, "autoUv": false, "windMode": [1,1,4,4] }
											}
										}
									]
								},
								{
									"name": "leaf99",
									"from": [ 0.0, 2.97, -0.855 ],
									"to": [ 2.7, 2.97, 0.945 ],
									"rotationOrigin": [ 0.0, 2.97, 0.0675 ],
									"rotationY": 90.0,
									"rotationZ": -10.0,
									"faces": {
										"up": { "texture": "#mint", "uv": [ 3.0, 8.5, 7.5, 16.0 ], "rotation": 90, "autoUv": false, "windMode": [1,1,4,4] }
									},
									"children": [
										{
											"name": "leaf100",
											"from": [ 0.0, 0.09, 0.0 ],
											"to": [ 2.7, 0.09, 1.8 ],
											"rotationOrigin": [ 0.0, 0.09, 0.9225 ],
											"rotationX": -180.0,
											"rotationZ": -200.0,
											"faces": {
												"up": { "texture": "#mint", "uv": [ 3.0, 8.5, 7.5, 16.0 ], "rotation": 90, "autoUv": false, "windMode": [1,1,4,4] }
											}
										}
									]
								}
							]
						},
						{
							"name": "leafgroup18",
							"from": [ 0.0675, 0.0, 0.0 ],
							"to": [ 0.0675, 0.0, 0.0 ],
							"rotationOrigin": [ 0.063, 0.0, 0.063 ],
							"rotationY": 45.0,
							"faces": {
							},
							"children": [
								{
									"name": "leaf101",
									"from": [ 0.0, 2.7, -0.855 ],
									"to": [ 2.7, 2.7, 0.945 ],
									"rotationOrigin": [ 0.0, 2.7, 0.0675 ],
									"rotationZ": -10.0,
									"faces": {
										"up": { "texture": "#mint", "uv": [ 3.0, 8.5, 7.5, 16.0 ], "rotation": 90, "autoUv": false, "windMode": [1,1,4,4] }
									},
									"children": [
										{
											"name": "leaf102",
											"from": [ 0.0, 0.09, 0.0 ],
											"to": [ 2.7, 0.09, 1.8 ],
											"rotationOrigin": [ 0.0, 0.09, 0.9225 ],
											"rotationX": -180.0,
											"rotationZ": -200.0,
											"faces": {
												"up": { "texture": "#mint", "uv": [ 3.0, 8.5, 7.5, 16.0 ], "rotation": 90, "autoUv": false, "windMode": [1,1,4,4] }
											}
										}
									]
								},
								{
									"name": "leaf103",
									"from": [ 0.0, 2.97, -0.855 ],
									"to": [ 2.7, 2.97, 0.945 ],
									"rotationOrigin": [ 0.0, 2.97, 0.0675 ],
									"rotationY": 90.0,
									"rotationZ": -10.0,
									"faces": {
										"up": { "texture": "#mint", "uv": [ 3.0, 8.5, 7.5, 16.0 ], "rotation": 90, "autoUv": false, "windMode": [1,1,4,4] }
									},
									"children": [
										{
											"name": "leaf104",
											"from": [ 0.0, 0.09, 0.0 ],
											"to": [ 2.7, 0.09, 1.8 ],
											"rotationOrigin": [ 0.0, 0.09, 0.9225 ],
											"rotationX": -180.0,
											"rotationZ": -200.0,
											"faces": {
												"up": { "texture": "#mint", "uv": [ 3.0, 8.5, 7.5, 16.0 ], "rotation": 90, "autoUv": false, "windMode": [1,1,4,4] }
											}
										}
									]
								}
							]
						},
						{
							"name": "smallleafgroup9",
							"from": [ 0.063, 0.9, 0.0 ],
							"to": [ 0.063, 0.9, 0.0 ],
							"rotationOrigin": [ 0.063, 0.9, 0.063 ],
							"rotationY": 45.0,
							"faces": {
							},
							"children": [
								{
									"name": "leaf105",
									"from": [ 0.0, 2.61, -0.378 ],
									"to": [ 1.35, 2.61, 0.522 ],
									"rotationOrigin": [ 0.0, 2.7, 0.09 ],
									"rotationZ": 30.0,
									"faces": {
										"up": { "texture": "#mint", "uv": [ 3.0, 8.5, 7.5, 16.0 ], "rotation": 90, "autoUv": false, "windMode": [1,1,4,4] }
									},
									"children": [
										{
											"name": "leaf106",
											"from": [ 0.0, 0.0, 0.018 ],
											"to": [ 1.35, 0.0, 0.918 ],
											"rotationOrigin": [ 0.0, 0.0, 0.4612 ],
											"rotationX": -180.0,
											"rotationZ": -120.0,
											"faces": {
												"up": { "texture": "#mint", "uv": [ 3.0, 8.5, 7.5, 16.0 ], "rotation": 90, "autoUv": false, "windMode": [1,1,4,4] }
											}
										}
									]
								},
								{
									"name": "leaf107",
									"from": [ 0.0, 2.277, -0.5985 ],
									"to": [ 1.89, 2.277, 0.6615 ],
									"rotationOrigin": [ 0.0, 2.277, 0.0472 ],
									"rotationY": 90.0,
									"rotationZ": 50.0,
									"faces": {
										"up": { "texture": "#mint", "uv": [ 3.0, 8.5, 7.5, 16.0 ], "rotation": 90, "autoUv": false, "windMode": [1,1,4,4] }
									},
									"children": [
										{
											"name": "leaf108",
											"from": [ 0.0, 0.0, 0.0 ],
											"to": [ 1.89, 0.0, 1.26 ],
											"rotationOrigin": [ 0.0, 0.0, 0.6457 ],
											"rotationX": -180.0,
											"rotationZ": -80.0,
											"faces": {
												"up": { "texture": "#mint", "uv": [ 3.0, 8.5, 7.5, 16.0 ], "rotation": 90, "autoUv": false, "windMode": [1,1,4,4] }
											}
										}
									]
								}
							]
						},
						{
							"name": "stalk10",
							"from": [ 0.0, 0.0, 0.0 ],
							"to": [ 0.135, 3.6, 0.135 ],
							"faces": {
								"north": { "texture": "#mint", "uv": [ 0.0, 4.5, 0.5, 8.5 ], "autoUv": false, "windMode": [0,4,4,0] },
								"east": { "texture": "#mint", "uv": [ 0.0, 2.0, 0.5, 6.0 ], "autoUv": false, "windMode": [0,4,4,0] },
								"south": { "texture": "#mint", "uv": [ 0.5, 6.5, 1.0, 10.5 ], "autoUv": false, "windMode": [0,0,4,4] },
								"west": { "texture": "#mint", "uv": [ 0.0, 8.0, 0.5, 12.0 ], "autoUv": false, "windMode": [0,0,4,4] },
								"up": { "texture": "#mint", "uv": [ 0.0, 0.0, 0.5, 0.5 ], "autoUv": false, "windMode": [4,4,4,4] }
							}
						}
					]
				}
			]
		}
	]}