{
	"editor": {
		"collapsedPaths": ",Root/stemgroup2,Root/origin/mint7,Root/origin/mint6,Root/origin/mint9,Root/origin/mint8,Root/origin/mint3,Root/origin/mint2,Root/origin/mint5,Root/origin/mint4,Root/origin/mint1,Root/leafgroup2,Root/stemgroup,Root/origin/mint,Root/leafgroup",
		"allAngles": false,
		"entityTextureMode": false
	},
	"textureWidth": 16,
	"textureHeight": 16,
	"textureSizes": {
		"lavender": [16,16],
		"mint": [16,16]
	},
	"textures": {
	},
	"elements": [
		{
			"name": "origin",
			"from": [ 8.0, 0.0, 8.0 ],
			"to": [ 8.0, 0.0, 8.0 ],
			"rotationOrigin": [ 8.0, 0.0, 8.0 ],
			"faces": {
			},
			"children": [
				{
					"name": "mint5",
					"from": [ 3.94, 0.0, 3.94 ],
					"to": [ 3.94, 0.0, 3.94 ],
					"rotationOrigin": [ 4.0, 0.0, 4.0 ],
					"faces": {
					},
					"children": [
						{
							"name": "leafgroup5",
							"from": [ 0.0675, 0.0, 0.0 ],
							"to": [ 0.0675, 0.0, 0.0 ],
							"rotationOrigin": [ 0.063, 0.0, 0.063 ],
							"rotationY": 15.0,
							"faces": {
							},
							"children": [
								{
									"name": "leaf17",
									"from": [ 0.0, 1.8, -0.855 ],
									"to": [ 2.7, 1.8, 0.945 ],
									"rotationOrigin": [ 0.0, 1.8, 0.0675 ],
									"rotationZ": -10.0,
									"faces": {
										"up": { "texture": "#mint", "uv": [ 3.0, 8.5, 7.5, 16.0 ], "rotation": 90, "autoUv": false, "windMode": [1,1,4,4] }
									},
									"children": [
										{
											"name": "leaf18",
											"from": [ 0.0, 0.09, 0.0 ],
											"to": [ 2.7, 0.09, 1.8 ],
											"rotationOrigin": [ 0.0, 0.09, 0.9225 ],
											"rotationX": -180.0,
											"rotationZ": -200.0,
											"faces": {
												"up": { "texture": "#mint", "uv": [ 3.0, 8.5, 7.5, 16.0 ], "rotation": 90, "autoUv": false, "windMode": [1,1,4,4] }
											}
										}
									]
								},
								{
									"name": "leaf19",
									"from": [ 0.0, 2.07, -0.855 ],
									"to": [ 2.7, 2.07, 0.945 ],
									"rotationOrigin": [ 0.0, 2.07, 0.0675 ],
									"rotationY": 90.0,
									"rotationZ": -10.0,
									"faces": {
										"up": { "texture": "#mint", "uv": [ 3.0, 8.5, 7.5, 16.0 ], "rotation": 90, "autoUv": false, "windMode": [1,1,4,4] }
									},
									"children": [
										{
											"name": "leaf20",
											"from": [ 0.0, 0.09, 0.0 ],
											"to": [ 2.7, 0.09, 1.8 ],
											"rotationOrigin": [ 0.0, 0.09, 0.9225 ],
											"rotationX": -180.0,
											"rotationZ": -200.0,
											"faces": {
												"up": { "texture": "#mint", "uv": [ 3.0, 8.5, 7.5, 16.0 ], "rotation": 90, "autoUv": false, "windMode": [1,1,4,4] }
											}
										}
									]
								}
							]
						},
						{
							"name": "smallleafgroup5",
							"from": [ 0.063, 0.9, 0.0 ],
							"to": [ 0.063, 0.9, 0.0 ],
							"rotationOrigin": [ 0.063, 0.9, 0.063 ],
							"rotationY": 45.0,
							"faces": {
							},
							"children": [
								{
									"name": "leaf37",
									"from": [ 0.0, 1.71, -0.378 ],
									"to": [ 1.35, 1.71, 0.522 ],
									"rotationOrigin": [ 0.0, 1.8, 0.09 ],
									"rotationZ": 30.0,
									"faces": {
										"up": { "texture": "#mint", "uv": [ 3.0, 8.5, 7.5, 16.0 ], "rotation": 90, "autoUv": false, "windMode": [1,1,4,4] }
									},
									"children": [
										{
											"name": "leaf38",
											"from": [ 0.0, 0.0, 0.018 ],
											"to": [ 1.35, 0.0, 0.918 ],
											"rotationOrigin": [ 0.0, 0.0, 0.4612 ],
											"rotationX": -180.0,
											"rotationZ": -120.0,
											"faces": {
												"up": { "texture": "#mint", "uv": [ 3.0, 8.5, 7.5, 16.0 ], "rotation": 90, "autoUv": false, "windMode": [1,1,4,4] }
											}
										}
									]
								},
								{
									"name": "leaf39",
									"from": [ 0.0, 1.377, -0.5985 ],
									"to": [ 1.89, 1.377, 0.6615 ],
									"rotationOrigin": [ 0.0, 1.377, 0.0472 ],
									"rotationY": 90.0,
									"rotationZ": 50.0,
									"faces": {
										"up": { "texture": "#mint", "uv": [ 3.0, 8.5, 7.5, 16.0 ], "rotation": 90, "autoUv": false, "windMode": [1,1,4,4] }
									},
									"children": [
										{
											"name": "leaf40",
											"from": [ 0.0, 0.0, 0.0 ],
											"to": [ 1.89, 0.0, 1.26 ],
											"rotationOrigin": [ 0.0, 0.0, 0.6457 ],
											"rotationX": -180.0,
											"rotationZ": -80.0,
											"faces": {
												"up": { "texture": "#mint", "uv": [ 3.0, 8.5, 7.5, 16.0 ], "rotation": 90, "autoUv": false, "windMode": [1,1,4,4] }
											}
										}
									]
								}
							]
						},
						{
							"name": "stalk6",
							"from": [ 0.0, 0.0, 0.0 ],
							"to": [ 0.135, 2.7, 0.135 ],
							"faces": {
								"north": { "texture": "#mint", "uv": [ 0.0, 4.5, 0.5, 7.5 ], "autoUv": false, "windMode": [0,4,4,0] },
								"east": { "texture": "#mint", "uv": [ 0.0, 2.0, 0.5, 6.0 ], "autoUv": false, "windMode": [0,4,4,0] },
								"south": { "texture": "#mint", "uv": [ 0.5, 6.5, 1.0, 9.5 ], "autoUv": false, "windMode": [0,0,4,4] },
								"west": { "texture": "#mint", "uv": [ 0.0, 8.0, 0.5, 11.0 ], "autoUv": false, "windMode": [0,0,4,4] },
								"up": { "texture": "#mint", "uv": [ 0.0, 0.0, 0.5, 0.5 ], "autoUv": false, "windMode": [4,4,4,4] }
							}
						}
					]
				},
				{
					"name": "mint4",
					"from": [ -4.06, 0.0, 3.94 ],
					"to": [ -4.06, 0.0, 3.94 ],
					"rotationOrigin": [ -4.0, 0.0, 4.0 ],
					"faces": {
					},
					"children": [
						{
							"name": "leafgroup6",
							"from": [ 0.0675, 0.0, 0.0 ],
							"to": [ 0.0675, 0.0, 0.0 ],
							"rotationOrigin": [ 0.063, 0.0, 0.063 ],
							"rotationY": 15.0,
							"faces": {
							},
							"children": [
								{
									"name": "leaf21",
									"from": [ 0.0, 1.8, -0.855 ],
									"to": [ 2.7, 1.8, 0.945 ],
									"rotationOrigin": [ 0.0, 1.8, 0.0675 ],
									"rotationZ": -10.0,
									"faces": {
										"up": { "texture": "#mint", "uv": [ 3.0, 8.5, 7.5, 16.0 ], "rotation": 90, "autoUv": false, "windMode": [1,1,4,4] }
									},
									"children": [
										{
											"name": "leaf22",
											"from": [ 0.0, 0.09, 0.0 ],
											"to": [ 2.7, 0.09, 1.8 ],
											"rotationOrigin": [ 0.0, 0.09, 0.9225 ],
											"rotationX": -180.0,
											"rotationZ": -200.0,
											"faces": {
												"up": { "texture": "#mint", "uv": [ 3.0, 8.5, 7.5, 16.0 ], "rotation": 90, "autoUv": false, "windMode": [1,1,4,4] }
											}
										}
									]
								},
								{
									"name": "leaf23",
									"from": [ 0.0, 2.07, -0.855 ],
									"to": [ 2.7, 2.07, 0.945 ],
									"rotationOrigin": [ 0.0, 2.07, 0.0675 ],
									"rotationY": 90.0,
									"rotationZ": -10.0,
									"faces": {
										"up": { "texture": "#mint", "uv": [ 3.0, 8.5, 7.5, 16.0 ], "rotation": 90, "autoUv": false, "windMode": [1,1,4,4] }
									},
									"children": [
										{
											"name": "leaf24",
											"from": [ 0.0, 0.09, 0.0 ],
											"to": [ 2.7, 0.09, 1.8 ],
											"rotationOrigin": [ 0.0, 0.09, 0.9225 ],
											"rotationX": -180.0,
											"rotationZ": -200.0,
											"faces": {
												"up": { "texture": "#mint", "uv": [ 3.0, 8.5, 7.5, 16.0 ], "rotation": 90, "autoUv": false, "windMode": [1,1,4,4] }
											}
										}
									]
								}
							]
						},
						{
							"name": "smallleafgroup6",
							"from": [ 0.063, 0.9, 0.0 ],
							"to": [ 0.063, 0.9, 0.0 ],
							"rotationOrigin": [ 0.063, 0.9, 0.063 ],
							"rotationY": 45.0,
							"faces": {
							},
							"children": [
								{
									"name": "leaf41",
									"from": [ 0.0, 1.71, -0.378 ],
									"to": [ 1.35, 1.71, 0.522 ],
									"rotationOrigin": [ 0.0, 1.8, 0.09 ],
									"rotationZ": 30.0,
									"faces": {
										"up": { "texture": "#mint", "uv": [ 3.0, 8.5, 7.5, 16.0 ], "rotation": 90, "autoUv": false, "windMode": [1,1,4,4] }
									},
									"children": [
										{
											"name": "leaf42",
											"from": [ 0.0, 0.0, 0.018 ],
											"to": [ 1.35, 0.0, 0.918 ],
											"rotationOrigin": [ 0.0, 0.0, 0.4612 ],
											"rotationX": -180.0,
											"rotationZ": -120.0,
											"faces": {
												"up": { "texture": "#mint", "uv": [ 3.0, 8.5, 7.5, 16.0 ], "rotation": 90, "autoUv": false, "windMode": [1,1,4,4] }
											}
										}
									]
								},
								{
									"name": "leaf43",
									"from": [ 0.0, 1.377, -0.5985 ],
									"to": [ 1.89, 1.377, 0.6615 ],
									"rotationOrigin": [ 0.0, 1.377, 0.0472 ],
									"rotationY": 90.0,
									"rotationZ": 50.0,
									"faces": {
										"up": { "texture": "#mint", "uv": [ 3.0, 8.5, 7.5, 16.0 ], "rotation": 90, "autoUv": false, "windMode": [1,1,4,4] }
									},
									"children": [
										{
											"name": "leaf44",
											"from": [ 0.0, 0.0, 0.0 ],
											"to": [ 1.89, 0.0, 1.26 ],
											"rotationOrigin": [ 0.0, 0.0, 0.6457 ],
											"rotationX": -180.0,
											"rotationZ": -80.0,
											"faces": {
												"up": { "texture": "#mint", "uv": [ 3.0, 8.5, 7.5, 16.0 ], "rotation": 90, "autoUv": false, "windMode": [1,1,4,4] }
											}
										}
									]
								}
							]
						},
						{
							"name": "stalk7",
							"from": [ 0.0, 0.0, 0.0 ],
							"to": [ 0.135, 2.7, 0.135 ],
							"faces": {
								"north": { "texture": "#mint", "uv": [ 0.0, 4.5, 0.5, 7.5 ], "autoUv": false, "windMode": [0,4,4,0] },
								"east": { "texture": "#mint", "uv": [ 0.0, 2.0, 0.5, 6.0 ], "autoUv": false, "windMode": [0,4,4,0] },
								"south": { "texture": "#mint", "uv": [ 0.5, 6.5, 1.0, 9.5 ], "autoUv": false, "windMode": [0,0,4,4] },
								"west": { "texture": "#mint", "uv": [ 0.0, 8.0, 0.5, 11.0 ], "autoUv": false, "windMode": [0,0,4,4] },
								"up": { "texture": "#mint", "uv": [ 0.0, 0.0, 0.5, 0.5 ], "autoUv": false, "windMode": [4,4,4,4] }
							}
						}
					]
				},
				{
					"name": "mint3",
					"from": [ -0.063, 0.0, -0.063 ],
					"to": [ -0.063, 0.0, -0.063 ],
					"faces": {
					},
					"children": [
						{
							"name": "leafgroup7",
							"from": [ 0.0675, 0.0, 0.0 ],
							"to": [ 0.0675, 0.0, 0.0 ],
							"rotationOrigin": [ 0.063, 0.0, 0.063 ],
							"rotationY": 15.0,
							"faces": {
							},
							"children": [
								{
									"name": "leaf25",
									"from": [ 0.0, 1.8, -0.855 ],
									"to": [ 2.7, 1.8, 0.945 ],
									"rotationOrigin": [ 0.0, 1.8, 0.0675 ],
									"rotationZ": -10.0,
									"faces": {
										"up": { "texture": "#mint", "uv": [ 3.0, 8.5, 7.5, 16.0 ], "rotation": 90, "autoUv": false, "windMode": [1,1,4,4] }
									},
									"children": [
										{
											"name": "leaf26",
											"from": [ 0.0, 0.09, 0.0 ],
											"to": [ 2.7, 0.09, 1.8 ],
											"rotationOrigin": [ 0.0, 0.09, 0.9225 ],
											"rotationX": -180.0,
											"rotationZ": -200.0,
											"faces": {
												"up": { "texture": "#mint", "uv": [ 3.0, 8.5, 7.5, 16.0 ], "rotation": 90, "autoUv": false, "windMode": [1,1,4,4] }
											}
										}
									]
								},
								{
									"name": "leaf27",
									"from": [ 0.0, 2.07, -0.855 ],
									"to": [ 2.7, 2.07, 0.945 ],
									"rotationOrigin": [ 0.0, 2.07, 0.0675 ],
									"rotationY": 90.0,
									"rotationZ": -10.0,
									"faces": {
										"up": { "texture": "#mint", "uv": [ 3.0, 8.5, 7.5, 16.0 ], "rotation": 90, "autoUv": false, "windMode": [1,1,4,4] }
									},
									"children": [
										{
											"name": "leaf28",
											"from": [ 0.0, 0.09, 0.0 ],
											"to": [ 2.7, 0.09, 1.8 ],
											"rotationOrigin": [ 0.0, 0.09, 0.9225 ],
											"rotationX": -180.0,
											"rotationZ": -200.0,
											"faces": {
												"up": { "texture": "#mint", "uv": [ 3.0, 8.5, 7.5, 16.0 ], "rotation": 90, "autoUv": false, "windMode": [1,1,4,4] }
											}
										}
									]
								}
							]
						},
						{
							"name": "smallleafgroup7",
							"from": [ 0.063, 0.9, 0.0 ],
							"to": [ 0.063, 0.9, 0.0 ],
							"rotationOrigin": [ 0.063, 0.9, 0.063 ],
							"rotationY": 45.0,
							"faces": {
							},
							"children": [
								{
									"name": "leaf45",
									"from": [ 0.0, 1.71, -0.378 ],
									"to": [ 1.35, 1.71, 0.522 ],
									"rotationOrigin": [ 0.0, 1.8, 0.09 ],
									"rotationZ": 30.0,
									"faces": {
										"up": { "texture": "#mint", "uv": [ 3.0, 8.5, 7.5, 16.0 ], "rotation": 90, "autoUv": false, "windMode": [1,1,4,4] }
									},
									"children": [
										{
											"name": "leaf46",
											"from": [ 0.0, 0.0, 0.018 ],
											"to": [ 1.35, 0.0, 0.918 ],
											"rotationOrigin": [ 0.0, 0.0, 0.4612 ],
											"rotationX": -180.0,
											"rotationZ": -120.0,
											"faces": {
												"up": { "texture": "#mint", "uv": [ 3.0, 8.5, 7.5, 16.0 ], "rotation": 90, "autoUv": false, "windMode": [1,1,4,4] }
											}
										}
									]
								},
								{
									"name": "leaf47",
									"from": [ 0.0, 1.377, -0.5985 ],
									"to": [ 1.89, 1.377, 0.6615 ],
									"rotationOrigin": [ 0.0, 1.377, 0.0472 ],
									"rotationY": 90.0,
									"rotationZ": 50.0,
									"faces": {
										"up": { "texture": "#mint", "uv": [ 3.0, 8.5, 7.5, 16.0 ], "rotation": 90, "autoUv": false, "windMode": [1,1,4,4] }
									},
									"children": [
										{
											"name": "leaf48",
											"from": [ 0.0, 0.0, 0.0 ],
											"to": [ 1.89, 0.0, 1.26 ],
											"rotationOrigin": [ 0.0, 0.0, 0.6457 ],
											"rotationX": -180.0,
											"rotationZ": -80.0,
											"faces": {
												"up": { "texture": "#mint", "uv": [ 3.0, 8.5, 7.5, 16.0 ], "rotation": 90, "autoUv": false, "windMode": [1,1,4,4] }
											}
										}
									]
								}
							]
						},
						{
							"name": "stalk8",
							"from": [ 0.0, 0.0, 0.0 ],
							"to": [ 0.135, 2.7, 0.135 ],
							"faces": {
								"north": { "texture": "#mint", "uv": [ 0.0, 4.5, 0.5, 7.5 ], "autoUv": false, "windMode": [0,4,4,0] },
								"east": { "texture": "#mint", "uv": [ 0.0, 2.0, 0.5, 6.0 ], "autoUv": false, "windMode": [0,4,4,0] },
								"south": { "texture": "#mint", "uv": [ 0.5, 6.5, 1.0, 9.5 ], "autoUv": false, "windMode": [0,0,4,4] },
								"west": { "texture": "#mint", "uv": [ 0.0, 8.0, 0.5, 11.0 ], "autoUv": false, "windMode": [0,0,4,4] },
								"up": { "texture": "#mint", "uv": [ 0.0, 0.0, 0.5, 0.5 ], "autoUv": false, "windMode": [4,4,4,4] }
							}
						}
					]
				},
				{
					"name": "mint2",
					"from": [ 3.94, 0.0, -4.06 ],
					"to": [ 3.94, 0.0, -4.06 ],
					"rotationOrigin": [ 4.0, 0.0, -4.0 ],
					"faces": {
					},
					"children": [
						{
							"name": "leafgroup8",
							"from": [ 0.0675, 0.0, 0.0 ],
							"to": [ 0.0675, 0.0, 0.0 ],
							"rotationOrigin": [ 0.063, 0.0, 0.063 ],
							"rotationY": 15.0,
							"faces": {
							},
							"children": [
								{
									"name": "leaf29",
									"from": [ 0.0, 1.8, -0.855 ],
									"to": [ 2.7, 1.8, 0.945 ],
									"rotationOrigin": [ 0.0, 1.8, 0.0675 ],
									"rotationZ": -10.0,
									"faces": {
										"up": { "texture": "#mint", "uv": [ 3.0, 8.5, 7.5, 16.0 ], "rotation": 90, "autoUv": false, "windMode": [1,1,4,4] }
									},
									"children": [
										{
											"name": "leaf30",
											"from": [ 0.0, 0.09, 0.0 ],
											"to": [ 2.7, 0.09, 1.8 ],
											"rotationOrigin": [ 0.0, 0.09, 0.9225 ],
											"rotationX": -180.0,
											"rotationZ": -200.0,
											"faces": {
												"up": { "texture": "#mint", "uv": [ 3.0, 8.5, 7.5, 16.0 ], "rotation": 90, "autoUv": false, "windMode": [1,1,4,4] }
											}
										}
									]
								},
								{
									"name": "leaf31",
									"from": [ 0.0, 2.07, -0.855 ],
									"to": [ 2.7, 2.07, 0.945 ],
									"rotationOrigin": [ 0.0, 2.07, 0.0675 ],
									"rotationY": 90.0,
									"rotationZ": -10.0,
									"faces": {
										"up": { "texture": "#mint", "uv": [ 3.0, 8.5, 7.5, 16.0 ], "rotation": 90, "autoUv": false, "windMode": [1,1,4,4] }
									},
									"children": [
										{
											"name": "leaf32",
											"from": [ 0.0, 0.09, 0.0 ],
											"to": [ 2.7, 0.09, 1.8 ],
											"rotationOrigin": [ 0.0, 0.09, 0.9225 ],
											"rotationX": -180.0,
											"rotationZ": -200.0,
											"faces": {
												"up": { "texture": "#mint", "uv": [ 3.0, 8.5, 7.5, 16.0 ], "rotation": 90, "autoUv": false, "windMode": [1,1,4,4] }
											}
										}
									]
								}
							]
						},
						{
							"name": "smallleafgroup8",
							"from": [ 0.063, 0.9, 0.0 ],
							"to": [ 0.063, 0.9, 0.0 ],
							"rotationOrigin": [ 0.063, 0.9, 0.063 ],
							"rotationY": 45.0,
							"faces": {
							},
							"children": [
								{
									"name": "leaf49",
									"from": [ 0.0, 1.71, -0.378 ],
									"to": [ 1.35, 1.71, 0.522 ],
									"rotationOrigin": [ 0.0, 1.8, 0.09 ],
									"rotationZ": 30.0,
									"faces": {
										"up": { "texture": "#mint", "uv": [ 3.0, 8.5, 7.5, 16.0 ], "rotation": 90, "autoUv": false, "windMode": [1,1,4,4] }
									},
									"children": [
										{
											"name": "leaf50",
											"from": [ 0.0, 0.0, 0.018 ],
											"to": [ 1.35, 0.0, 0.918 ],
											"rotationOrigin": [ 0.0, 0.0, 0.4612 ],
											"rotationX": -180.0,
											"rotationZ": -120.0,
											"faces": {
												"up": { "texture": "#mint", "uv": [ 3.0, 8.5, 7.5, 16.0 ], "rotation": 90, "autoUv": false, "windMode": [1,1,4,4] }
											}
										}
									]
								},
								{
									"name": "leaf51",
									"from": [ 0.0, 1.377, -0.5985 ],
									"to": [ 1.89, 1.377, 0.6615 ],
									"rotationOrigin": [ 0.0, 1.377, 0.0472 ],
									"rotationY": 90.0,
									"rotationZ": 50.0,
									"faces": {
										"up": { "texture": "#mint", "uv": [ 3.0, 8.5, 7.5, 16.0 ], "rotation": 90, "autoUv": false, "windMode": [1,1,4,4] }
									},
									"children": [
										{
											"name": "leaf52",
											"from": [ 0.0, 0.0, 0.0 ],
											"to": [ 1.89, 0.0, 1.26 ],
											"rotationOrigin": [ 0.0, 0.0, 0.6457 ],
											"rotationX": -180.0,
											"rotationZ": -80.0,
											"faces": {
												"up": { "texture": "#mint", "uv": [ 3.0, 8.5, 7.5, 16.0 ], "rotation": 90, "autoUv": false, "windMode": [1,1,4,4] }
											}
										}
									]
								}
							]
						},
						{
							"name": "stalk9",
							"from": [ 0.0, 0.0, 0.0 ],
							"to": [ 0.135, 2.7, 0.135 ],
							"faces": {
								"north": { "texture": "#mint", "uv": [ 0.0, 4.5, 0.5, 7.5 ], "autoUv": false, "windMode": [0,4,4,0] },
								"east": { "texture": "#mint", "uv": [ 0.0, 2.0, 0.5, 6.0 ], "autoUv": false, "windMode": [0,4,4,0] },
								"south": { "texture": "#mint", "uv": [ 0.5, 6.5, 1.0, 9.5 ], "autoUv": false, "windMode": [0,0,4,4] },
								"west": { "texture": "#mint", "uv": [ 0.0, 8.0, 0.5, 11.0 ], "autoUv": false, "windMode": [0,0,4,4] },
								"up": { "texture": "#mint", "uv": [ 0.0, 0.0, 0.5, 0.5 ], "autoUv": false, "windMode": [4,4,4,4] }
							}
						}
					]
				},
				{
					"name": "mint1",
					"from": [ -4.06, 0.0, -4.06 ],
					"to": [ -4.06, 0.0, -4.06 ],
					"rotationOrigin": [ -4.0, 0.0, -4.0 ],
					"faces": {
					},
					"children": [
						{
							"name": "leafgroup9",
							"from": [ 0.0675, 0.0, 0.0 ],
							"to": [ 0.0675, 0.0, 0.0 ],
							"rotationOrigin": [ 0.063, 0.0, 0.063 ],
							"rotationY": 15.0,
							"faces": {
							},
							"children": [
								{
									"name": "leaf33",
									"from": [ 0.0, 1.8, -0.855 ],
									"to": [ 2.7, 1.8, 0.945 ],
									"rotationOrigin": [ 0.0, 1.8, 0.0675 ],
									"rotationZ": -10.0,
									"faces": {
										"up": { "texture": "#mint", "uv": [ 3.0, 8.5, 7.5, 16.0 ], "rotation": 90, "autoUv": false, "windMode": [1,1,4,4] }
									},
									"children": [
										{
											"name": "leaf34",
											"from": [ 0.0, 0.09, 0.0 ],
											"to": [ 2.7, 0.09, 1.8 ],
											"rotationOrigin": [ 0.0, 0.09, 0.9225 ],
											"rotationX": -180.0,
											"rotationZ": -200.0,
											"faces": {
												"up": { "texture": "#mint", "uv": [ 3.0, 8.5, 7.5, 16.0 ], "rotation": 90, "autoUv": false, "windMode": [1,1,4,4] }
											}
										}
									]
								},
								{
									"name": "leaf35",
									"from": [ 0.0, 2.07, -0.855 ],
									"to": [ 2.7, 2.07, 0.945 ],
									"rotationOrigin": [ 0.0, 2.07, 0.0675 ],
									"rotationY": 90.0,
									"rotationZ": -10.0,
									"faces": {
										"up": { "texture": "#mint", "uv": [ 3.0, 8.5, 7.5, 16.0 ], "rotation": 90, "autoUv": false, "windMode": [1,1,4,4] }
									},
									"children": [
										{
											"name": "leaf36",
											"from": [ 0.0, 0.09, 0.0 ],
											"to": [ 2.7, 0.09, 1.8 ],
											"rotationOrigin": [ 0.0, 0.09, 0.9225 ],
											"rotationX": -180.0,
											"rotationZ": -200.0,
											"faces": {
												"up": { "texture": "#mint", "uv": [ 3.0, 8.5, 7.5, 16.0 ], "rotation": 90, "autoUv": false, "windMode": [1,1,4,4] }
											}
										}
									]
								}
							]
						},
						{
							"name": "smallleafgroup9",
							"from": [ 0.063, 0.9, 0.0 ],
							"to": [ 0.063, 0.9, 0.0 ],
							"rotationOrigin": [ 0.063, 0.9, 0.063 ],
							"rotationY": 45.0,
							"faces": {
							},
							"children": [
								{
									"name": "leaf53",
									"from": [ 0.0, 1.71, -0.378 ],
									"to": [ 1.35, 1.71, 0.522 ],
									"rotationOrigin": [ 0.0, 1.8, 0.09 ],
									"rotationZ": 30.0,
									"faces": {
										"up": { "texture": "#mint", "uv": [ 3.0, 8.5, 7.5, 16.0 ], "rotation": 90, "autoUv": false, "windMode": [1,1,4,4] }
									},
									"children": [
										{
											"name": "leaf54",
											"from": [ 0.0, 0.0, 0.018 ],
											"to": [ 1.35, 0.0, 0.918 ],
											"rotationOrigin": [ 0.0, 0.0, 0.4612 ],
											"rotationX": -180.0,
											"rotationZ": -120.0,
											"faces": {
												"up": { "texture": "#mint", "uv": [ 3.0, 8.5, 7.5, 16.0 ], "rotation": 90, "autoUv": false, "windMode": [1,1,4,4] }
											}
										}
									]
								},
								{
									"name": "leaf55",
									"from": [ 0.0, 1.377, -0.5985 ],
									"to": [ 1.89, 1.377, 0.6615 ],
									"rotationOrigin": [ 0.0, 1.377, 0.0472 ],
									"rotationY": 90.0,
									"rotationZ": 50.0,
									"faces": {
										"up": { "texture": "#mint", "uv": [ 3.0, 8.5, 7.5, 16.0 ], "rotation": 90, "autoUv": false, "windMode": [1,1,4,4] }
									},
									"children": [
										{
											"name": "leaf56",
											"from": [ 0.0, 0.0, 0.0 ],
											"to": [ 1.89, 0.0, 1.26 ],
											"rotationOrigin": [ 0.0, 0.0, 0.6457 ],
											"rotationX": -180.0,
											"rotationZ": -80.0,
											"faces": {
												"up": { "texture": "#mint", "uv": [ 3.0, 8.5, 7.5, 16.0 ], "rotation": 90, "autoUv": false, "windMode": [1,1,4,4] }
											}
										}
									]
								}
							]
						},
						{
							"name": "stalk10",
							"from": [ 0.0, 0.0, 0.0 ],
							"to": [ 0.135, 2.7, 0.135 ],
							"faces": {
								"north": { "texture": "#mint", "uv": [ 0.0, 4.5, 0.5, 7.5 ], "autoUv": false, "windMode": [0,4,4,0] },
								"east": { "texture": "#mint", "uv": [ 0.0, 2.0, 0.5, 6.0 ], "autoUv": false, "windMode": [0,4,4,0] },
								"south": { "texture": "#mint", "uv": [ 0.5, 6.5, 1.0, 9.5 ], "autoUv": false, "windMode": [0,0,4,4] },
								"west": { "texture": "#mint", "uv": [ 0.0, 8.0, 0.5, 11.0 ], "autoUv": false, "windMode": [0,0,4,4] },
								"up": { "texture": "#mint", "uv": [ 0.0, 0.0, 0.5, 0.5 ], "autoUv": false, "windMode": [4,4,4,4] }
							}
						}
					]
				}
			]
		}
	]}