{
	"editor": {
		"backDropShape": "S:/seraph-faceless",
		"collapsedPaths": "Root/bandN/toothR1,Root/bandN/toothL1",
		"allAngles": true,
		"entityTextureMode": true
	},
	"textureWidth": 16,
	"textureHeight": 16,
	"textureSizes": {
		"pendants2": [16,16]
	},
	"textures": {
		"pendants2": "entity/humanoid/seraphclothes/emblem/emblems1"
	},
	"elements": [
		{
			"name": "origin",
			"stepParentName": "UpperTorso",
			"from": [ 2.2, 4.6, 2.9 ],
			"to": [ 2.2, 4.6, 2.9 ],
			"uv": [ 999.0, 999.0 ],
			"rotationOrigin": [ 2.2, 4.6, 2.9 ],
			"faces": {
			},
			"children": [
				{
					"name": "pendant",
					"from": [ -3.9, -2.4, -2.8 ],
					"to": [ -3.4, -0.9, -0.3 ],
					"unwrapMode": 4,
					"autoUnwrap": false,
					"uv": [ 6.5, 2.0 ],
					"rotationOrigin": [ -3.6, -2.1, -2.8 ],
					"rotationZ": -25.0,
					"faces": {
						"north": { "texture": "#pendants2", "uv": [ 6.5, 2.5, 7.0, 4.0 ] },
						"east": { "texture": "#pendants2", "uv": [ 7.0, 2.5, 9.5, 4.0 ] },
						"south": { "texture": "#pendants2", "uv": [ 9.5, 2.5, 10.0, 4.0 ] },
						"west": { "texture": "#pendants2", "uv": [ 7.0, 2.5, 9.5, 4.0 ] },
						"up": { "texture": "#pendants2", "uv": [ 7.0, 2.0, 9.5, 2.5 ], "rotation": 90 },
						"down": { "texture": "#pendants2", "uv": [ 7.0, 4.0, 9.5, 4.5 ], "rotation": 90 }
					},
					"children": [
						{
							"name": "TipUp",
							"from": [ 0.0, 2.5, 1.0 ],
							"to": [ 0.5, 3.0, 1.5 ],
							"uv": [ 7.5, 1.0 ],
							"rotationOrigin": [ 0.0, 2.5, 1.0 ],
							"faces": {
								"north": { "texture": "#pendants2", "uv": [ 7.5, 1.5, 8.0, 2.0 ], "windMode": [-1,-1,-1,-1], "windData": [1,1,1,1] },
								"east": { "texture": "#pendants2", "uv": [ 8.0, 1.5, 8.5, 2.0 ], "windMode": [-1,-1,-1,-1], "windData": [1,1,1,1] },
								"south": { "texture": "#pendants2", "uv": [ 8.5, 1.5, 9.0, 2.0 ], "windMode": [-1,-1,-1,-1], "windData": [1,1,1,1] },
								"west": { "texture": "#pendants2", "uv": [ 9.0, 1.5, 9.5, 2.0 ] },
								"up": { "texture": "#pendants2", "uv": [ 7.5, 1.0, 8.0, 1.5 ] }
							}
						},
						{
							"name": "TipDown",
							"from": [ 0.0, 2.0, 2.0 ],
							"to": [ 0.5, 3.0, 2.5 ],
							"uv": [ 8.0, 0.5 ],
							"rotationOrigin": [ 0.0, 2.0, 2.0 ],
							"faces": {
								"north": { "texture": "#pendants2", "uv": [ 8.0, 1.0, 8.5, 2.0 ] },
								"east": { "texture": "#pendants2", "uv": [ 8.5, 1.0, 9.0, 2.0 ] },
								"south": { "texture": "#pendants2", "uv": [ 9.0, 1.0, 9.5, 2.0 ] },
								"west": { "texture": "#pendants2", "uv": [ 9.5, 1.0, 10.0, 2.0 ] },
								"up": { "texture": "#pendants2", "uv": [ 8.0, 0.5, 8.5, 1.0 ], "windMode": [-1,-1,-1,-1], "windData": [1,1,1,1] },
								"down": { "texture": "#pendants2", "uv": [ 8.5, 0.5, 9.0, 1.0 ], "windMode": [-1,-1,-1,-1], "windData": [1,1,1,1] }
							}
						},
						{
							"name": "TipSouth",
							"from": [ 0.0, 1.5, 0.5 ],
							"to": [ 0.5, 2.5, 2.0 ],
							"unwrapMode": 4,
							"autoUnwrap": false,
							"uv": [ 6.5, 0.5 ],
							"rotationOrigin": [ 0.0, 1.5, 0.5 ],
							"faces": {
								"north": { "texture": "#pendants2", "uv": [ 6.5, 1.0, 7.0, 2.0 ], "windMode": [-1,-1,-1,-1], "windData": [1,1,1,1] },
								"east": { "texture": "#pendants2", "uv": [ 8.5, 0.0, 10.0, 1.0 ], "windMode": [-1,-1,-1,-1], "windData": [1,1,1,1] },
								"south": { "texture": "#pendants2", "uv": [ 8.5, 1.0, 9.0, 2.0 ] },
								"west": { "texture": "#pendants2", "uv": [ 7.0, 1.0, 8.5, 2.0 ] },
								"up": { "texture": "#pendants2", "uv": [ 7.0, 0.5, 8.5, 1.0 ], "rotation": 90 },
								"down": { "texture": "#pendants2", "uv": [ 7.0, 2.0, 8.5, 2.5 ], "rotation": 90 }
							}
						},
						{
							"name": "TipNorth",
							"from": [ 0.0, 2.0, 0.0 ],
							"to": [ 0.5, 3.0, 0.5 ],
							"uv": [ 6.5, 0.0 ],
							"rotationOrigin": [ 0.0, 2.0, 0.0 ],
							"faces": {
								"north": { "texture": "#pendants2", "uv": [ 6.5, 0.5, 7.0, 1.5 ] },
								"east": { "texture": "#pendants2", "uv": [ 7.0, 0.5, 7.5, 1.5 ] },
								"south": { "texture": "#pendants2", "uv": [ 7.5, 0.5, 8.0, 1.5 ], "windMode": [-1,-1,-1,-1], "windData": [1,1,1,1] },
								"west": { "texture": "#pendants2", "uv": [ 8.0, 0.5, 8.5, 1.5 ] },
								"up": { "texture": "#pendants2", "uv": [ 6.5, 0.0, 7.0, 0.5 ] },
								"down": { "texture": "#pendants2", "uv": [ 7.0, 0.0, 7.5, 0.5 ] }
							}
						}
					]
				}
			]
		}
	]}