{
	"editor": {
		"backDropShape": "S:/seraph-faceless",
		"collapsedPaths": "Root/bandN/toothR1,Root/bandN/toothL1",
		"allAngles": true,
		"entityTextureMode": true
	},
	"textureWidth": 16,
	"textureHeight": 16,
	"textureSizes": {
		"pendants2": [16,16]
	},
	"textures": {
		"pendants2": "entity/humanoid/seraphclothes/emblem/emblems1"
	},
	"elements": [
		{
			"name": "origin",
			"stepParentName": "UpperTorso",
			"from": [ 2.2, 4.6, 2.9 ],
			"to": [ 2.2, 4.6, 2.9 ],
			"uv": [ 999.0, 999.0 ],
			"rotationOrigin": [ 2.2, 4.6, 2.9 ],
			"faces": {
			},
			"children": [
				{
					"name": "pendant",
					"from": [ -3.8, -2.1, -2.3 ],
					"to": [ -3.3, -0.6, -0.8 ],
					"unwrapMode": 4,
					"autoUnwrap": false,
					"uv": [ 4.0, 0.0 ],
					"rotationOrigin": [ -3.6, -2.1, -2.3 ],
					"rotationZ": -25.0,
					"faces": {
						"north": { "texture": "#pendants2", "uv": [ 4.0, 0.5, 4.5, 2.0 ] },
						"east": { "texture": "#pendants2", "uv": [ 4.5, 0.5, 6.0, 2.0 ], "windMode": [-1,-1,-1,-1], "windData": [1,1,1,1] },
						"south": { "texture": "#pendants2", "uv": [ 6.0, 0.5, 6.5, 2.0 ] },
						"west": { "texture": "#pendants2", "uv": [ 4.5, 0.5, 6.0, 2.0 ] },
						"up": { "texture": "#pendants2", "uv": [ 4.5, 0.0, 6.0, 0.5 ], "rotation": 90 },
						"down": { "texture": "#pendants2", "uv": [ 4.5, 1.5, 6.0, 2.0 ], "rotation": 90 }
					}
				},
				{
					"name": "ribbon",
					"from": [ -3.65, -4.4, -2.3 ],
					"to": [ -3.35, -1.9, -0.8 ],
					"unwrapMode": 4,
					"autoUnwrap": false,
					"uv": [ 4.0, 2.0 ],
					"rotationOrigin": [ -3.5, -4.6, -2.3 ],
					"rotationZ": 1.0,
					"faces": {
						"north": { "texture": "#pendants2", "uv": [ 4.0, 2.5, 4.5, 5.0 ] },
						"east": { "texture": "#pendants2", "uv": [ 4.5, 2.5, 6.0, 5.0 ] },
						"south": { "texture": "#pendants2", "uv": [ 6.0, 2.5, 6.5, 5.0 ] },
						"west": { "texture": "#pendants2", "uv": [ 4.5, 2.5, 6.0, 5.0 ] },
						"up": { "texture": "#pendants2", "uv": [ 4.5, 2.0, 6.0, 2.5 ], "rotation": 90 },
						"down": { "texture": "#pendants2", "uv": [ 4.5, 4.5, 6.0, 5.0 ], "rotation": 90 }
					},
					"children": [
						{
							"name": "TipUp",
							"from": [ 0.0349, -0.5003, 0.0 ],
							"to": [ 0.3349, -3.0E-4, 0.5 ],
							"uv": [ 4.0, 4.0 ],
							"rotationOrigin": [ 0.0349, -0.5003, 0.0 ],
							"faces": {
								"north": { "texture": "#pendants2", "uv": [ 4.0, 4.5, 4.5, 5.0 ] },
								"east": { "texture": "#pendants2", "uv": [ 4.5, 4.5, 5.0, 5.0 ] },
								"south": { "texture": "#pendants2", "uv": [ 5.0, 4.5, 5.5, 5.0 ] },
								"west": { "texture": "#pendants2", "uv": [ 5.5, 4.5, 6.0, 5.0 ] },
								"up": { "texture": "#pendants2", "uv": [ 4.0, 4.0, 4.5, 4.5 ] }
							}
						},
						{
							"name": "TipDown",
							"from": [ 0.0349, -0.5003, 1.0 ],
							"to": [ 0.3349, -3.0E-4, 1.5 ],
							"autoUnwrap": false,
							"uv": [ 4.5, 2.0 ],
							"rotationOrigin": [ 0.0349, -0.5003, 1.0 ],
							"faces": {
								"north": { "texture": "#pendants2", "uv": [ 4.5, 2.5, 5.0, 3.0 ] },
								"east": { "texture": "#pendants2", "uv": [ 5.0, 2.5, 5.5, 3.0 ] },
								"south": { "texture": "#pendants2", "uv": [ 5.5, 2.5, 6.0, 3.0 ] },
								"west": { "texture": "#pendants2", "uv": [ 6.0, 2.5, 6.5, 3.0 ] },
								"down": { "texture": "#pendants2", "uv": [ 6.0, 3.0, 6.5, 3.5 ] }
							}
						}
					]
				}
			]
		}
	]}