{
	"editor": {
		"backDropShape": "S:/seraph-faceless",
		"allAngles": false,
		"entityTextureMode": false
	},
	"textureWidth": 16,
	"textureHeight": 16,
	"textureSizes": {
	},
	"textures": {
		"blackbronze": "entity/humanoid/seraphclothes/neck/metal/blackbronze"
	},
	"elements": [
		{
			"name": "hideme",
			"stepParentName": "UpperTorso",
			"from": [ -1.0, 3.5, 4.5 ],
			"to": [ -1.0, 3.5, 4.5 ],
			"rotationOrigin": [ -1.0, 3.0, 4.5 ],
			"rotationZ": -25.0,
			"faces": {
			},
			"children": [
				{
					"name": "pin",
					"from": [ -0.4, -0.1, -0.3 ],
					"to": [ -0.2, 0.1, 0.3 ],
					"rotationOrigin": [ -0.2, 0.0, 0.0 ],
					"faces": {
						"north": { "texture": "#blackbronze", "uv": [ 13.0, 0.0, 14.0, 1.0 ] },
						"east": { "texture": "#blackbronze", "uv": [ 13.0, 10.0, 14.0, 11.0 ] },
						"south": { "texture": "#blackbronze", "uv": [ 9.0, 6.0, 10.0, 7.0 ] },
						"west": { "texture": "#blackbronze", "uv": [ 6.0, 10.0, 7.0, 11.0 ] },
						"up": { "texture": "#blackbronze", "uv": [ 2.0, 7.0, 3.0, 8.0 ] },
						"down": { "texture": "#blackbronze", "uv": [ 0.0, 2.0, 1.0, 3.0 ] }
					},
					"children": [
						{
							"name": "vert1",
							"from": [ 0.05, -0.5, 0.2 ],
							"to": [ 0.15, 1.0, 0.4 ],
							"rotationOrigin": [ 0.1, 0.0, 0.3 ],
							"faces": {
								"north": { "texture": "#blackbronze", "uv": [ 2.0, 13.0, 3.0, 14.0 ] },
								"east": { "texture": "#blackbronze", "uv": [ 6.0, 2.0, 7.0, 3.0 ] },
								"south": { "texture": "#blackbronze", "uv": [ 5.0, 10.0, 6.0, 11.0 ] },
								"west": { "texture": "#blackbronze", "uv": [ 6.0, 8.0, 7.0, 9.0 ] },
								"up": { "texture": "#blackbronze", "uv": [ 7.0, 9.0, 8.0, 10.0 ] },
								"down": { "texture": "#blackbronze", "uv": [ 1.0, 0.0, 2.0, 1.0 ] }
							},
							"children": [
								{
									"name": "leaf1",
									"from": [ 0.01, 1.0, 0.0 ],
									"to": [ 0.11, 1.5, 0.2 ],
									"rotationOrigin": [ 0.1, 1.5, 0.0 ],
									"rotationX": 15.0,
									"rotationY": -5.0,
									"faces": {
										"north": { "texture": "#blackbronze", "uv": [ 14.0, 5.0, 15.0, 6.0 ] },
										"east": { "texture": "#blackbronze", "uv": [ 12.0, 4.0, 13.0, 5.0 ] },
										"west": { "texture": "#blackbronze", "uv": [ 10.0, 10.0, 11.0, 11.0 ] },
										"down": { "texture": "#blackbronze", "uv": [ 13.0, 6.0, 14.0, 7.0 ] }
									},
									"children": [
										{
											"name": "leaf3",
											"from": [ -0.01, -0.5, 0.0 ],
											"to": [ 0.09, 0.0, 0.2 ],
											"rotationOrigin": [ 0.0, 0.0, 0.0 ],
											"rotationX": -35.0,
											"rotationY": -5.0,
											"faces": {
												"north": { "texture": "#blackbronze", "uv": [ 5.0, 11.0, 6.0, 12.0 ] },
												"east": { "texture": "#blackbronze", "uv": [ 4.0, 14.0, 5.0, 15.0 ] },
												"west": { "texture": "#blackbronze", "uv": [ 0.0, 11.0, 1.0, 12.0 ] },
												"up": { "texture": "#blackbronze", "uv": [ 7.0, 10.0, 8.0, 11.0 ] }
											}
										}
									]
								},
								{
									"name": "leaf2",
									"from": [ 0.01, 1.0, 0.0 ],
									"to": [ 0.11, 1.5, 0.2 ],
									"rotationOrigin": [ 0.1, 1.5, 0.2 ],
									"rotationX": -15.0,
									"rotationY": 5.0,
									"faces": {
										"east": { "texture": "#blackbronze", "uv": [ 11.0, 1.0, 12.0, 2.0 ] },
										"south": { "texture": "#blackbronze", "uv": [ 11.0, 0.0, 12.0, 1.0 ] },
										"west": { "texture": "#blackbronze", "uv": [ 2.0, 1.0, 3.0, 2.0 ] },
										"down": { "texture": "#blackbronze", "uv": [ 9.0, 0.0, 10.0, 1.0 ] }
									},
									"children": [
										{
											"name": "leaf4",
											"from": [ 0.01, -0.5, 0.0 ],
											"to": [ 0.11, 0.0, 0.2 ],
											"rotationOrigin": [ 0.0, 0.0, 0.2 ],
											"rotationX": 35.0,
											"rotationY": 5.0,
											"faces": {
												"east": { "texture": "#blackbronze", "uv": [ 5.0, 2.0, 6.0, 3.0 ] },
												"south": { "texture": "#blackbronze", "uv": [ 10.0, 8.0, 11.0, 9.0 ] },
												"west": { "texture": "#blackbronze", "uv": [ 0.0, 1.0, 1.0, 2.0 ] },
												"up": { "texture": "#blackbronze", "uv": [ 11.0, 11.0, 12.0, 12.0 ] }
											}
										}
									]
								}
							]
						},
						{
							"name": "bar",
							"from": [ 0.05, 0.05, -0.1 ],
							"to": [ 0.15, 0.15, 0.7 ],
							"rotationOrigin": [ 0.1, 0.1, 0.3 ],
							"faces": {
								"north": { "texture": "#blackbronze", "uv": [ 13.0, 1.0, 14.0, 2.0 ] },
								"east": { "texture": "#blackbronze", "uv": [ 14.0, 8.0, 15.0, 9.0 ] },
								"south": { "texture": "#blackbronze", "uv": [ 2.0, 11.0, 3.0, 12.0 ] },
								"west": { "texture": "#blackbronze", "uv": [ 11.0, 14.0, 12.0, 15.0 ] },
								"up": { "texture": "#blackbronze", "uv": [ 7.0, 11.0, 8.0, 12.0 ] },
								"down": { "texture": "#blackbronze", "uv": [ 11.0, 12.0, 12.0, 13.0 ] }
							}
						},
						{
							"name": "vert2",
							"from": [ 0.11, -0.2, 0.2 ],
							"to": [ 0.31, 0.4, 0.4 ],
							"rotationOrigin": [ 0.2, 0.1, 0.3 ],
							"rotationX": -45.0,
							"faces": {
								"north": { "texture": "#blackbronze", "uv": [ 3.0, 13.0, 4.0, 14.0 ] },
								"east": { "texture": "#blackbronze", "uv": [ 8.0, 7.0, 9.0, 8.0 ] },
								"south": { "texture": "#blackbronze", "uv": [ 12.0, 10.0, 13.0, 11.0 ] },
								"west": { "texture": "#blackbronze", "uv": [ 14.0, 8.0, 15.0, 9.0 ] },
								"up": { "texture": "#blackbronze", "uv": [ 14.0, 0.0, 15.0, 1.0 ] },
								"down": { "texture": "#blackbronze", "uv": [ 2.0, 1.0, 3.0, 2.0 ] }
							},
							"children": [
								{
									"name": "leaf5",
									"from": [ 0.0, -0.4, 0.0 ],
									"to": [ 0.1, 0.0, 0.2 ],
									"rotationOrigin": [ 0.0, 0.0, 0.0 ],
									"rotationX": -22.5,
									"rotationZ": 10.0,
									"faces": {
										"north": { "texture": "#blackbronze", "uv": [ 0.0, 5.0, 1.0, 6.0 ] },
										"east": { "texture": "#blackbronze", "uv": [ 10.0, 6.0, 11.0, 7.0 ] },
										"south": { "texture": "#blackbronze", "uv": [ 14.0, 14.0, 15.0, 15.0 ] },
										"west": { "texture": "#blackbronze", "uv": [ 13.0, 5.0, 14.0, 6.0 ] },
										"down": { "texture": "#blackbronze", "uv": [ 11.0, 5.0, 12.0, 6.0 ] }
									}
								},
								{
									"name": "leaf6",
									"from": [ 0.0, 0.6, 0.0 ],
									"to": [ 0.1, 0.9, 0.2 ],
									"rotationOrigin": [ 0.0, 0.6, 0.0 ],
									"rotationX": 15.0,
									"rotationZ": -5.0,
									"faces": {
										"north": { "texture": "#blackbronze", "uv": [ 2.0, 4.0, 3.0, 5.0 ] },
										"east": { "texture": "#blackbronze", "uv": [ 6.0, 4.0, 7.0, 5.0 ] },
										"south": { "texture": "#blackbronze", "uv": [ 3.0, 14.0, 4.0, 15.0 ] },
										"west": { "texture": "#blackbronze", "uv": [ 7.0, 6.0, 8.0, 7.0 ] },
										"up": { "texture": "#blackbronze", "uv": [ 3.0, 1.0, 4.0, 2.0 ] }
									},
									"children": [
										{
											"name": "leaf7",
											"from": [ 0.0, 0.3, -0.1 ],
											"to": [ 0.1, 0.6, 0.2 ],
											"rotationOrigin": [ 0.0, 0.3, 0.2 ],
											"rotationX": -45.0,
											"rotationZ": -5.0,
											"faces": {
												"north": { "texture": "#blackbronze", "uv": [ 10.0, 2.0, 11.0, 3.0 ] },
												"east": { "texture": "#blackbronze", "uv": [ 5.0, 12.0, 6.0, 13.0 ] },
												"south": { "texture": "#blackbronze", "uv": [ 2.0, 4.0, 3.0, 5.0 ] },
												"west": { "texture": "#blackbronze", "uv": [ 14.0, 7.0, 15.0, 8.0 ] },
												"up": { "texture": "#blackbronze", "uv": [ 14.0, 9.0, 15.0, 10.0 ] }
											}
										}
									]
								}
							]
						},
						{
							"name": "vert3",
							"from": [ 0.11, -0.2, 0.2 ],
							"to": [ 0.31, 0.4, 0.4 ],
							"rotationOrigin": [ 0.2, 0.1, 0.3 ],
							"rotationX": 45.0,
							"faces": {
								"north": { "texture": "#blackbronze", "uv": [ 12.0, 8.0, 13.0, 9.0 ] },
								"east": { "texture": "#blackbronze", "uv": [ 1.0, 5.0, 2.0, 6.0 ] },
								"south": { "texture": "#blackbronze", "uv": [ 13.0, 0.0, 14.0, 1.0 ] },
								"west": { "texture": "#blackbronze", "uv": [ 8.0, 6.0, 9.0, 7.0 ] },
								"up": { "texture": "#blackbronze", "uv": [ 0.0, 6.0, 1.0, 7.0 ] },
								"down": { "texture": "#blackbronze", "uv": [ 11.0, 9.0, 12.0, 10.0 ] }
							},
							"children": [
								{
									"name": "leaf8",
									"from": [ 0.0, -0.4, 0.0 ],
									"to": [ 0.1, 0.0, 0.2 ],
									"rotationOrigin": [ 0.0, 0.0, 0.2 ],
									"rotationX": 22.5,
									"rotationZ": 10.0,
									"faces": {
										"north": { "texture": "#blackbronze", "uv": [ 3.0, 9.0, 4.0, 10.0 ] },
										"east": { "texture": "#blackbronze", "uv": [ 3.0, 4.0, 4.0, 5.0 ] },
										"south": { "texture": "#blackbronze", "uv": [ 8.0, 10.0, 9.0, 11.0 ] },
										"west": { "texture": "#blackbronze", "uv": [ 11.0, 4.0, 12.0, 5.0 ] },
										"down": { "texture": "#blackbronze", "uv": [ 13.0, 13.0, 14.0, 14.0 ] }
									}
								},
								{
									"name": "leaf9",
									"from": [ 0.0, 0.6, 0.0 ],
									"to": [ 0.1, 0.9, 0.2 ],
									"rotationOrigin": [ 0.0, 0.6, 0.2 ],
									"rotationX": -15.0,
									"rotationZ": -5.0,
									"faces": {
										"north": { "texture": "#blackbronze", "uv": [ 11.0, 9.0, 12.0, 10.0 ] },
										"east": { "texture": "#blackbronze", "uv": [ 2.0, 5.0, 3.0, 6.0 ] },
										"south": { "texture": "#blackbronze", "uv": [ 10.0, 0.0, 11.0, 1.0 ] },
										"west": { "texture": "#blackbronze", "uv": [ 4.0, 11.0, 5.0, 12.0 ] },
										"up": { "texture": "#blackbronze", "uv": [ 8.0, 12.0, 9.0, 13.0 ] }
									},
									"children": [
										{
											"name": "leaf10",
											"from": [ 0.0, 0.3, 0.0 ],
											"to": [ 0.1, 0.6, 0.3 ],
											"rotationOrigin": [ 0.0, 0.3, 0.0 ],
											"rotationX": 45.0,
											"rotationZ": -5.0,
											"faces": {
												"north": { "texture": "#blackbronze", "uv": [ 7.0, 4.0, 8.0, 5.0 ] },
												"east": { "texture": "#blackbronze", "uv": [ 9.0, 9.0, 10.0, 10.0 ] },
												"south": { "texture": "#blackbronze", "uv": [ 1.0, 10.0, 2.0, 11.0 ] },
												"west": { "texture": "#blackbronze", "uv": [ 9.0, 14.0, 10.0, 15.0 ] },
												"up": { "texture": "#blackbronze", "uv": [ 6.0, 5.0, 7.0, 6.0 ] }
											}
										}
									]
								}
							]
						}
					]
				}
			]
		}
	]}