{
	"editor": {
		"backDropShape": "S:/seraph-faceless",
		"allAngles": true,
		"entityTextureMode": false
	},
	"textureWidth": 16,
	"textureHeight": 16,
	"textureSizes": {
		"pendant-malefactor": [16,16]
	},
	"textures": {
		"pendant-malefactor": "entity/humanoid/seraphclothes/emblem/pendants1"
	},
	"elements": [
		{
			"name": "origin",
			"stepParentName": "Neck",
			"from": [ 1.0, 2.0, 1.3 ],
			"to": [ 1.0, 2.0, 1.3 ],
			"rotationOrigin": [ 1.0, 2.0, 1.3 ],
			"rotationZ": -9.0,
			"faces": {
			},
			"children": [
				{
					"name": "Cube19",
					"from": [ -1.0, -0.7, -1.5 ],
					"to": [ 2.0, -0.2, -1.0 ],
					"rotationOrigin": [ -1.0, -0.7, -1.0 ],
					"rotationZ": 9.0,
					"faces": {
						"north": { "texture": "#pendant-malefactor", "uv": [ 0.0, 0.0, 3.0, 0.5 ] },
						"east": { "texture": "#pendant-malefactor", "uv": [ 0.0, 0.0, 0.5, 0.5 ] },
						"south": { "texture": "#pendant-malefactor", "uv": [ 0.0, 0.0, 3.0, 0.5 ] },
						"west": { "texture": "#pendant-malefactor", "uv": [ 0.0, 0.0, 0.5, 0.5 ] },
						"up": { "texture": "#pendant-malefactor", "uv": [ 0.0, 0.0, 3.0, 0.5 ] },
						"down": { "texture": "#pendant-malefactor", "uv": [ 0.0, 0.0, 3.0, 0.5 ] }
					}
				},
				{
					"name": "Cube3",
					"from": [ -1.0, -0.7, 1.4 ],
					"to": [ 2.0, -0.2, 1.9 ],
					"rotationOrigin": [ -1.0, -0.7, 1.4 ],
					"rotationZ": 9.0,
					"faces": {
						"north": { "texture": "#pendant-malefactor", "uv": [ 0.0, 0.0, 3.0, 0.5 ] },
						"east": { "texture": "#pendant-malefactor", "uv": [ 0.0, 0.0, 0.5, 0.5 ] },
						"south": { "texture": "#pendant-malefactor", "uv": [ 0.0, 0.0, 3.0, 0.5 ] },
						"west": { "texture": "#pendant-malefactor", "uv": [ 0.0, 0.0, 0.5, 0.5 ] },
						"up": { "texture": "#pendant-malefactor", "uv": [ 0.0, 0.0, 3.0, 0.5 ] },
						"down": { "texture": "#pendant-malefactor", "uv": [ 0.0, 0.0, 3.0, 0.5 ] }
					}
				},
				{
					"name": "Cube1",
					"from": [ -1.2, -0.8, -1.3 ],
					"to": [ -0.7, -0.2, 1.7 ],
					"rotationOrigin": [ -1.2, -0.8, -1.3 ],
					"faces": {
						"north": { "texture": "#pendant-malefactor", "uv": [ 0.0, 0.0, 0.5, 0.5 ] },
						"east": { "texture": "#pendant-malefactor", "uv": [ 0.0, 0.0, 3.0, 0.5 ] },
						"south": { "texture": "#pendant-malefactor", "uv": [ 0.0, 0.0, 0.5, 0.5 ] },
						"west": { "texture": "#pendant-malefactor", "uv": [ 0.0, 0.0, 3.0, 0.5 ] },
						"up": { "texture": "#pendant-malefactor", "uv": [ 2.0, 0.5, 5.0, 1.0 ], "rotation": 90 },
						"down": { "texture": "#pendant-malefactor", "uv": [ 3.0, 0.5, 6.0, 1.0 ], "rotation": 90 }
					}
				},
				{
					"name": "Cube5",
					"from": [ 1.7, -0.3, -1.4 ],
					"to": [ 2.2, 0.2, 1.8 ],
					"rotationOrigin": [ 1.7, -0.3, -1.4 ],
					"rotationZ": 9.0,
					"faces": {
						"north": { "texture": "#pendant-malefactor", "uv": [ 0.0, 0.0, 0.5, 0.5 ] },
						"east": { "texture": "#pendant-malefactor", "uv": [ 0.0, 0.0, 3.0, 0.5 ] },
						"south": { "texture": "#pendant-malefactor", "uv": [ 0.0, 0.0, 0.5, 0.5 ] },
						"west": { "texture": "#pendant-malefactor", "uv": [ 0.0, 0.0, 3.0, 0.5 ] },
						"up": { "texture": "#pendant-malefactor", "uv": [ 2.5, 0.5, 5.5, 1.0 ], "rotation": 90 },
						"down": { "texture": "#pendant-malefactor", "uv": [ 7.0, 0.0, 10.0, 0.5 ], "rotation": 90 }
					}
				},
				{
					"name": "Cube6",
					"from": [ -2.0, -1.0, -1.4 ],
					"to": [ -1.0, -0.5, -0.9 ],
					"rotationOrigin": [ -2.0, -1.0, -0.9 ],
					"rotationZ": 18.0,
					"faces": {
						"north": { "texture": "#pendant-malefactor", "uv": [ 0.0, 0.0, 1.0, 0.5 ] },
						"east": { "texture": "#pendant-malefactor", "uv": [ 0.0, 0.0, 0.5, 0.5 ] },
						"south": { "texture": "#pendant-malefactor", "uv": [ 0.0, 0.0, 1.0, 0.5 ] },
						"west": { "texture": "#pendant-malefactor", "uv": [ 0.0, 0.0, 0.5, 0.5 ] },
						"up": { "texture": "#pendant-malefactor", "uv": [ 0.0, 0.0, 1.0, 0.5 ] },
						"down": { "texture": "#pendant-malefactor", "uv": [ 0.0, 0.0, 1.0, 0.5 ] }
					},
					"children": [
						{
							"name": "Cube7",
							"from": [ -1.5, 0.0, -0.1 ],
							"to": [ 0.0, 0.5, 0.4 ],
							"rotationOrigin": [ 0.0, 0.5, 0.4 ],
							"rotationX": -40.0,
							"rotationZ": 39.0,
							"faces": {
								"north": { "texture": "#pendant-malefactor", "uv": [ 2.0, 0.0, 3.5, 0.5 ] },
								"east": { "texture": "#pendant-malefactor", "uv": [ 0.0, 0.0, 0.5, 0.5 ] },
								"south": { "texture": "#pendant-malefactor", "uv": [ 7.0, 0.0, 8.5, 0.5 ] },
								"west": { "texture": "#pendant-malefactor", "uv": [ 0.0, 0.0, 0.5, 0.5 ] },
								"up": { "texture": "#pendant-malefactor", "uv": [ 4.5, 0.5, 6.0, 1.0 ] },
								"down": { "texture": "#pendant-malefactor", "uv": [ 0.0, 0.0, 1.5, 0.5 ] }
							}
						}
					]
				},
				{
					"name": "Cube8",
					"from": [ -2.0, -1.0, 1.3 ],
					"to": [ -1.0, -0.5, 1.8 ],
					"rotationOrigin": [ -2.0, -1.0, 1.3 ],
					"rotationZ": 18.0,
					"faces": {
						"north": { "texture": "#pendant-malefactor", "uv": [ 0.0, 0.0, 1.0, 0.5 ] },
						"east": { "texture": "#pendant-malefactor", "uv": [ 0.0, 0.0, 0.5, 0.5 ] },
						"south": { "texture": "#pendant-malefactor", "uv": [ 0.0, 0.0, 1.0, 0.5 ] },
						"west": { "texture": "#pendant-malefactor", "uv": [ 0.0, 0.0, 0.5, 0.5 ] },
						"up": { "texture": "#pendant-malefactor", "uv": [ 0.0, 0.0, 1.0, 0.5 ] },
						"down": { "texture": "#pendant-malefactor", "uv": [ 0.0, 0.0, 1.0, 0.5 ] }
					},
					"children": [
						{
							"name": "Cube9",
							"from": [ -1.5, 0.0, 0.1 ],
							"to": [ 0.0, 0.5, 0.6 ],
							"rotationOrigin": [ 0.0, 0.5, 0.1 ],
							"rotationX": 40.0,
							"rotationZ": 39.0,
							"faces": {
								"north": { "texture": "#pendant-malefactor", "uv": [ 0.0, 0.0, 1.5, 0.5 ] },
								"east": { "texture": "#pendant-malefactor", "uv": [ 0.0, 0.0, 0.5, 0.5 ] },
								"south": { "texture": "#pendant-malefactor", "uv": [ 1.0, 0.0, 2.5, 0.5 ] },
								"west": { "texture": "#pendant-malefactor", "uv": [ 0.0, 0.0, 0.5, 0.5 ] },
								"up": { "texture": "#pendant-malefactor", "uv": [ 9.5, 0.5, 11.0, 1.0 ] },
								"down": { "texture": "#pendant-malefactor", "uv": [ 0.0, 0.0, 1.5, 0.5 ] }
							}
						}
					]
				},
				{
					"name": "pendant",
					"from": [ -3.6, -2.6, -0.3 ],
					"to": [ -3.1, -1.6, 0.7 ],
					"rotationOrigin": [ -3.4, -2.6, -0.3 ],
					"rotationZ": -25.0,
					"faces": {
						"east": { "texture": "#pendant-malefactor", "uv": [ 1.5, 2.5, 2.5, 3.5 ] },
						"west": { "texture": "#pendant-malefactor", "uv": [ 1.5, 2.5, 2.5, 3.5 ] }
					},
					"children": [
						{
							"name": "Cube11",
							"from": [ 0.0, 1.0, 0.0 ],
							"to": [ 0.5, 1.5, 1.0 ],
							"rotationOrigin": [ 0.0, 1.0, 0.0 ],
							"faces": {
								"north": { "texture": "#pendant-malefactor", "uv": [ 1.5, 2.0, 2.0, 2.5 ] },
								"east": { "texture": "#pendant-malefactor", "uv": [ 0.0, 0.0, 1.0, 0.5 ] },
								"south": { "texture": "#pendant-malefactor", "uv": [ 2.5, 3.0, 3.0, 3.5 ] },
								"west": { "texture": "#pendant-malefactor", "uv": [ 1.5, 2.0, 2.5, 2.5 ] },
								"up": { "texture": "#pendant-malefactor", "uv": [ 1.5, 2.0, 2.5, 2.5 ], "rotation": 90 }
							}
						},
						{
							"name": "Cube12",
							"from": [ 0.0, -0.5, 0.0 ],
							"to": [ 0.5, 0.0, 1.0 ],
							"rotationOrigin": [ 0.0, -0.5, 0.0 ],
							"faces": {
								"north": { "texture": "#pendant-malefactor", "uv": [ 2.0, 2.0, 2.5, 2.5 ] },
								"east": { "texture": "#pendant-malefactor", "uv": [ 0.0, 0.0, 1.0, 0.5 ] },
								"south": { "texture": "#pendant-malefactor", "uv": [ 2.5, 2.5, 3.0, 3.0 ] },
								"west": { "texture": "#pendant-malefactor", "uv": [ 1.5, 3.5, 2.5, 4.0 ] },
								"down": { "texture": "#pendant-malefactor", "uv": [ 1.5, 2.5, 2.5, 3.0 ], "rotation": 90 }
							}
						},
						{
							"name": "Cube13",
							"from": [ 0.0, 0.0, -0.5 ],
							"to": [ 0.5, 1.0, 0.0 ],
							"rotationOrigin": [ 0.0, 0.0, -0.5 ],
							"faces": {
								"north": { "texture": "#pendant-malefactor", "uv": [ 1.5, 2.5, 2.0, 3.5 ] },
								"east": { "texture": "#pendant-malefactor", "uv": [ 0.0, 0.0, 0.5, 1.0 ] },
								"west": { "texture": "#pendant-malefactor", "uv": [ 1.0, 2.5, 1.5, 3.5 ] },
								"up": { "texture": "#pendant-malefactor", "uv": [ 1.5, 3.5, 2.0, 4.0 ] },
								"down": { "texture": "#pendant-malefactor", "uv": [ 0.0, 0.0, 0.5, 0.5 ] }
							}
						},
						{
							"name": "Cube14",
							"from": [ 0.0, 0.0, 1.0 ],
							"to": [ 0.5, 1.0, 1.5 ],
							"rotationOrigin": [ 0.0, 0.0, 1.0 ],
							"faces": {
								"north": { "texture": "#pendant-malefactor", "uv": [ 0.0, 0.0, 0.5, 1.0 ] },
								"east": { "texture": "#pendant-malefactor", "uv": [ 0.0, 0.0, 0.5, 1.0 ] },
								"south": { "texture": "#pendant-malefactor", "uv": [ 1.5, 3.0, 2.0, 4.0 ] },
								"west": { "texture": "#pendant-malefactor", "uv": [ 2.5, 2.5, 3.0, 3.5 ] },
								"up": { "texture": "#pendant-malefactor", "uv": [ 2.0, 2.5, 2.5, 3.0 ] },
								"down": { "texture": "#pendant-malefactor", "uv": [ 2.0, 3.0, 2.5, 3.5 ] }
							}
						}
					]
				}
			]
		}
	]}