{
	"editor": {
		"backDropShape": "S:/seraph-faceless",
		"collapsedPaths": "Root/bandN/toothR1,Root/bandN/toothL1",
		"allAngles": true,
		"entityTextureMode": true
	},
	"textureWidth": 16,
	"textureHeight": 16,
	"textureSizes": {
		"pendants2": [16,16]
	},
	"textures": {
		"silver1": "block/metal/sheet-plain/gold1",
		"pendants2": "entity/humanoid/seraphclothes/emblem/emblems1"
	},
	"elements": [
		{
			"name": "origin",
			"stepParentName": "UpperTorso",
			"from": [ 2.2, 4.6, 2.9 ],
			"to": [ 2.2, 4.6, 2.9 ],
			"uv": [ 999.0, 999.0 ],
			"rotationOrigin": [ 2.2, 4.6, 2.9 ],
			"faces": {
			},
			"children": [
				{
					"name": "pendant",
					"from": [ -3.6, -1.1, -2.8 ],
					"to": [ -3.1, 0.4, -0.3 ],
					"unwrapMode": 4,
					"autoUnwrap": false,
					"uv": [ 12.5, 12.0 ],
					"rotationOrigin": [ -3.6, -1.1, -2.8 ],
					"rotationZ": -25.0,
					"faces": {
						"north": { "texture": "#pendants2", "uv": [ 12.5, 12.0, 13.0, 13.5 ] },
						"east": { "texture": "#pendants2", "uv": [ 13.0, 12.0, 15.5, 13.5 ] },
						"south": { "texture": "#pendants2", "uv": [ 15.5, 12.0, 16.0, 13.5 ] },
						"west": { "texture": "#pendants2", "uv": [ 13.0, 12.0, 15.5, 13.5 ] },
						"up": { "texture": "#pendants2", "uv": [ 13.0, 11.5, 15.5, 12.0 ], "rotation": 90 },
						"down": { "texture": "#pendants2", "uv": [ 13.0, 14.0, 15.5, 14.5 ], "rotation": 90 }
					},
					"children": [
						{
							"name": "gold1",
							"from": [ 0.0, -0.5, 0.0 ],
							"to": [ 0.5, 0.0, 1.5 ],
							"unwrapMode": 4,
							"uv": [ 9.0, 11.5 ],
							"rotationOrigin": [ 0.0, -0.5002, 0.0 ],
							"faces": {
								"north": { "texture": "#silver1", "uv": [ 9.0, 11.5, 9.5, 12.0 ] },
								"east": { "texture": "#silver1", "uv": [ 11.0, 11.5, 12.5, 12.0 ] },
								"west": { "texture": "#silver1", "uv": [ 9.5, 11.5, 11.0, 12.0 ] },
								"down": { "texture": "#silver1", "uv": [ 9.5, 12.0, 11.0, 12.5 ], "rotation": 90 }
							},
							"children": [
								{
									"name": "gold2",
									"from": [ 0.0, -0.5, 0.5 ],
									"to": [ 0.5, 0.0, 1.5 ],
									"unwrapMode": 4,
									"uv": [ 8.5, 6.5 ],
									"rotationOrigin": [ 0.0, -0.5002, 0.5 ],
									"faces": {
										"north": { "texture": "#silver1", "uv": [ 8.5, 6.5, 9.0, 7.0 ] },
										"east": { "texture": "#silver1", "uv": [ 10.0, 6.5, 11.0, 7.0 ] },
										"west": { "texture": "#silver1", "uv": [ 9.0, 6.5, 10.0, 7.0 ] },
										"down": { "texture": "#silver1", "uv": [ 9.0, 7.0, 10.0, 7.5 ], "rotation": 90 }
									}
								},
								{
									"name": "gold3",
									"from": [ 0.0, -1.0, 1.0 ],
									"to": [ 0.5, -0.5, 1.5 ],
									"unwrapMode": 4,
									"uv": [ 7.5, 1.5 ],
									"rotationOrigin": [ 0.0, -1.0002, 1.0 ],
									"faces": {
										"north": { "texture": "#silver1", "uv": [ 7.5, 1.5, 8.0, 2.0 ] },
										"east": { "texture": "#silver1", "uv": [ 8.5, 1.5, 9.0, 2.0 ] },
										"south": { "texture": "#silver1", "uv": [ 8.5, 1.5, 9.0, 2.0 ] },
										"west": { "texture": "#silver1", "uv": [ 8.0, 1.5, 8.5, 2.0 ] },
										"down": { "texture": "#silver1", "uv": [ 8.0, 2.0, 8.5, 2.5 ], "rotation": 90 }
									}
								},
								{
									"name": "Red",
									"from": [ 0.0, 0.0, 1.5 ],
									"to": [ 0.5, 0.5, 2.5 ],
									"unwrapMode": 4,
									"autoUnwrap": false,
									"uv": [ 14.5, 14.0 ],
									"rotationOrigin": [ 0.0, -2.0E-4, 1.5 ],
									"faces": {
										"east": { "texture": "#pendants2", "uv": [ 14.0, 12.5, 15.0, 13.0 ] },
										"south": { "texture": "#pendants2", "uv": [ 15.5, 13.5, 16.0, 14.0 ], "windMode": [-1,-1,-1,-1], "windData": [1,1,1,1] },
										"west": { "texture": "#pendants2", "uv": [ 14.5, 14.0, 15.5, 14.5 ] },
										"down": { "texture": "#pendants2", "uv": [ 14.5, 14.5, 15.5, 15.0 ], "rotation": 90 }
									},
									"children": [
										{
											"name": "Red2",
											"from": [ 0.0, -0.5, 0.0 ],
											"to": [ 0.5, 0.0, 0.5 ],
											"unwrapMode": 4,
											"autoUnwrap": false,
											"uv": [ 14.5, 15.0 ],
											"rotationOrigin": [ 0.0, -0.5002, 0.0 ],
											"faces": {
												"east": { "texture": "#pendants2", "uv": [ 15.0, 13.0, 15.5, 13.5 ], "windMode": [-1,-1,-1,-1], "windData": [1,1,1,1] },
												"south": { "texture": "#pendants2", "uv": [ 15.0, 14.0, 15.5, 14.5 ] },
												"west": { "texture": "#pendants2", "uv": [ 14.5, 15.0, 15.0, 15.5 ] },
												"down": { "texture": "#pendants2", "uv": [ 14.0, 14.0, 14.5, 14.5 ], "rotation": 90, "windMode": [-1,-1,-1,-1], "windData": [1,1,1,1] }
											}
										}
									]
								}
							]
						}
					]
				}
			]
		}
	]}