{
	"editor": {
		"backDropShape": "S:/seraph-faceless",
		"collapsedPaths": "Root/bandN/toothR1,Root/bandN/toothL1",
		"allAngles": true,
		"entityTextureMode": true
	},
	"textureWidth": 16,
	"textureHeight": 16,
	"textureSizes": {
		"pendants2": [16,16]
	},
	"textures": {
		"pendants2": "entity/humanoid/seraphclothes/emblem/emblems1"
	},
	"elements": [
		{
			"name": "origin",
			"stepParentName": "UpperTorso",
			"from": [ 2.2, 4.6, 2.9 ],
			"to": [ 2.2, 4.6, 2.9 ],
			"uv": [ 999.0, 999.0 ],
			"rotationOrigin": [ 2.2, 4.6, 2.9 ],
			"faces": {
			},
			"children": [
				{
					"name": "pendant",
					"from": [ -4.0, -2.6, -2.8 ],
					"to": [ -3.5, 0.4, -0.3 ],
					"unwrapMode": 4,
					"autoUnwrap": false,
					"uv": [ 11.5, 0.0 ],
					"rotationOrigin": [ -3.6, -2.6, -2.8 ],
					"rotationZ": -25.0,
					"faces": {
						"north": { "texture": "#pendants2", "uv": [ 11.5, 0.5, 12.0, 3.5 ] },
						"east": { "texture": "#pendants2", "uv": [ 12.0, 0.5, 14.5, 3.5 ] },
						"south": { "texture": "#pendants2", "uv": [ 14.5, 0.5, 15.0, 3.5 ] },
						"west": { "texture": "#pendants2", "uv": [ 12.0, 0.5, 14.5, 3.5 ] },
						"up": { "texture": "#pendants2", "uv": [ 12.0, 0.0, 14.5, 0.5 ], "rotation": 90 },
						"down": { "texture": "#pendants2", "uv": [ 12.0, 3.5, 14.5, 4.0 ], "rotation": 90 }
					},
					"children": [
						{
							"name": "TipUp1",
							"from": [ 0.0, 3.0, 0.5 ],
							"to": [ 0.5, 3.5, 1.0 ],
							"unwrapMode": 4,
							"uv": [ 12.0, 0.0 ],
							"rotationOrigin": [ 0.0, 3.0, 0.5 ],
							"faces": {
								"north": { "texture": "#pendants2", "uv": [ 12.0, 0.5, 12.5, 1.0 ] },
								"east": { "texture": "#pendants2", "uv": [ 13.5, 0.5, 14.0, 1.0 ] },
								"south": { "texture": "#pendants2", "uv": [ 13.0, 0.5, 13.5, 1.0 ] },
								"west": { "texture": "#pendants2", "uv": [ 12.5, 0.5, 13.0, 1.0 ] },
								"up": { "texture": "#pendants2", "uv": [ 12.5, 0.0, 13.0, 0.5 ], "rotation": 90 }
							}
						},
						{
							"name": "TipDown1",
							"from": [ 0.3, -0.5, 0.5 ],
							"to": [ 0.8, 0.0, 2.0 ],
							"unwrapMode": 4,
							"uv": [ 12.0, 3.5 ],
							"rotationOrigin": [ 0.0, -0.5, 0.5 ],
							"rotationZ": 33.0,
							"faces": {
								"north": { "texture": "#pendants2", "uv": [ 12.0, 3.5, 12.5, 4.0 ] },
								"east": { "texture": "#pendants2", "uv": [ 14.0, 3.5, 15.5, 4.0 ] },
								"west": { "texture": "#pendants2", "uv": [ 12.5, 3.5, 14.0, 4.0 ] },
								"down": { "texture": "#pendants2", "uv": [ 12.5, 4.0, 14.0, 4.5 ], "rotation": 90 }
							},
							"children": [
								{
									"name": "TipDown",
									"from": [ 0.0, -0.5, 0.5 ],
									"to": [ 0.5, 0.0, 1.0 ],
									"unwrapMode": 4,
									"uv": [ 12.5, 4.5 ],
									"rotationOrigin": [ 0.0, -0.5, 0.5 ],
									"faces": {
										"north": { "texture": "#pendants2", "uv": [ 12.5, 4.5, 13.0, 5.0 ] },
										"east": { "texture": "#pendants2", "uv": [ 14.0, 4.5, 14.5, 5.0 ] },
										"south": { "texture": "#pendants2", "uv": [ 13.5, 4.5, 14.0, 5.0 ] },
										"west": { "texture": "#pendants2", "uv": [ 13.0, 4.5, 13.5, 5.0 ] },
										"down": { "texture": "#pendants2", "uv": [ 13.0, 5.0, 13.5, 5.5 ], "rotation": 90 }
									}
								}
							]
						},
						{
							"name": "TipUp2",
							"from": [ 0.0, 3.0, 1.5 ],
							"to": [ 0.5, 3.5, 2.0 ],
							"unwrapMode": 4,
							"uv": [ 13.0, 0.0 ],
							"rotationOrigin": [ 0.0, 3.0, 1.5 ],
							"faces": {
								"north": { "texture": "#pendants2", "uv": [ 13.0, 0.5, 13.5, 1.0 ] },
								"east": { "texture": "#pendants2", "uv": [ 14.5, 0.5, 15.0, 1.0 ] },
								"south": { "texture": "#pendants2", "uv": [ 14.0, 0.5, 14.5, 1.0 ] },
								"west": { "texture": "#pendants2", "uv": [ 13.5, 0.5, 14.0, 1.0 ] },
								"up": { "texture": "#pendants2", "uv": [ 13.5, 0.0, 14.0, 0.5 ], "rotation": 90 }
							}
						}
					]
				}
			]
		}
	]}