{
	"enabled":  false,
	"code": "caparison",
	"variantgroups": [
		{
			"code": "style",
			"states": [ "plain", "checkered", "vstripes", "hstripes", "dotted", "plaid", "3colorcheck", "halfstriped" ]
		},
		{
			"code": "cover",
			"states": [ "HFB","HB","HF","FB","B","F","H" ]
		}

	],
	"allowedVariants": [
		"*-HFB*"
	],
	"attributes": {
		"handbook": {
		},
		"groundStorageTransform": {
			"rotation": {
				"x": 0,
				"y": 90,
				"z": 0
			}
		},
		"attachableToEntity": {
			"categoryCodeByType": {
				"*": "tackcaparison"
			},
			"attachedShapeBySlotCodeByType": {
				"*": {
					"*": { "base": "item/wearable/caparison/newcaparison-fullmodel-ferus" }
				}
			}
		},
		"interactPassthroughByType": {
			"*": true
		}
	},
	"shapeByType": {
		"*": { "base": "item/wearable/caparison/newcaparison-fullmodel-ferus" }
	},
	"texturesByType": {
		"*": {
			"blue": { "base": "game:block/cloth/basic/red" },
			"green": { "base": "game:block/cloth/basic/red" },
			"red": { "base": "game:block/cloth/basic/red" },
			"yellow": { "base": "game:block/cloth/basic/red" },
			"chain-iron": { "base": "game:block/metal/armor-generic/chain-iron" }
		}
	},
	"behaviorsByType": {
		"*": [
			{
				"name": "GroundStorable"
			},
			{
				"name": "AttributeRenderingLibrary.ShapeTexturesFromAttributes",
				"properties": {
					"name": {
						"*": [ "tackandequipment:item-caparison-{style}-{cover}-{ColorA}-{ColorB}-{ColorC}-{ColorD}" ]
					},
					"descriptionByType": {
						"*": {
							"*": [ "tackandequipment:itemextradesc-caparison-{style}-{cover}" ]	}
					},
					"texturesByType:": {
						"*plain*": {
							"ColorA-*": {
								"blue": { "base": "game:block/cloth/basic/{ColorA}" },
								"green": { "base": "game:block/cloth/basic/{ColorA}" },
								"red": { "base": "game:block/cloth/basic/{ColorA}" },
								"yellow": { "base": "game:block/cloth/basic/{ColorA}" },
								"chain-iron": { "base": "game:block/metal/armor-generic/chain-iron" }
							}
						},
						"*checkered*": {
							"ColorA-*::ColorB-*": {
								"blue": { "base": "game:block/cloth/basic/{ColorA}" },
								"green": { "base": "game:block/cloth/basic/{ColorB}" },
								"red": { "base": "game:block/cloth/basic/{ColorB}" },
								"yellow": { "base": "game:block/cloth/basic/{ColorA}" },
								"chain-iron": { "base": "game:block/metal/armor-generic/chain-iron" }
							}
						},
						"*vstripes*": {
							"ColorA-*::ColorB-*": {
								"blue": { "base": "game:block/cloth/basic/{ColorA}" },
								"green": { "base": "game:block/cloth/basic/{ColorB}" },
								"red": { "base": "game:block/cloth/basic/{ColorA}" },
								"yellow": { "base": "game:block/cloth/basic/{ColorB}" },
								"chain-iron": { "base": "game:block/metal/armor-generic/chain-iron" }
							}
						},
						"*hstripes*": {
							"ColorA-*::ColorB-*": {
								"blue": { "base": "game:block/cloth/basic/{ColorA}" },
								"green": { "base": "game:block/cloth/basic/{ColorA}" },
								"red": { "base": "game:block/cloth/basic/{ColorB}" },
								"yellow": { "base": "game:block/cloth/basic/{ColorB}" },
								"chain-iron": { "base": "game:block/metal/armor-generic/chain-iron" }
							}
						},
						"*dotted*": {
							"ColorA-*::ColorB-*": {
								"blue": { "base": "game:block/cloth/basic/{ColorA}" },
								"green": { "base": "game:block/cloth/basic/{ColorB}" },
								"red": { "base": "game:block/cloth/basic/{ColorB}" },
								"yellow": { "base": "game:block/cloth/basic/{ColorB}" },
								"chain-iron": { "base": "game:block/metal/armor-generic/chain-iron" }
							}
						},
						"*plaid*": {
							"ColorA-*::ColorB-*::ColorC-*::ColorD-*": {
								"blue": { "base": "game:block/cloth/basic/{ColorA}" },
								"green": { "base": "game:block/cloth/basic/{ColorB}" },
								"red": { "base": "game:block/cloth/basic/{ColorC}" },
								"yellow": { "base": "game:block/cloth/basic/{ColorD}" },
								"chain-iron": { "base": "game:block/metal/armor-generic/chain-iron" }
							}
						},
						"*3colorcheck*": {
							"ColorA-*::ColorB-*::ColorC-*": {
								"blue": { "base": "game:block/cloth/basic/{ColorA}" },
								"green": { "base": "game:block/cloth/basic/{ColorB}" },
								"red": { "base": "game:block/cloth/basic/{ColorB}" },
								"yellow": { "base": "game:block/cloth/basic/{ColorC}" },
								"chain-iron": { "base": "game:block/metal/armor-generic/chain-iron" }
							}
						},
						"*halfstriped*": {
							"ColorA-*::ColorB-*::ColorC-*": {
								"blue": { "base": "game:block/cloth/basic/{ColorA}" },
								"green": { "base": "game:block/cloth/basic/{ColorA}" },
								"red": { "base": "game:block/cloth/basic/{ColorB}" },
								"yellow": { "base": "game:block/cloth/basic/{ColorC}" },
								"chain-iron": { "base": "game:block/metal/armor-generic/chain-iron" }
							}
						}
					}
				}
			},
			{ "name": "AttributeRenderingLibrary.AttachableToEntityTyped" }
		]
	},
	"maxStackSize": 1,
		"creativeinventoryStacksByType": {
			"*-plain*":[
			{
				"tabs": [ "general", "items", "tack-wip" ],
				"stacks": [
{"type": "item", "code": "caparison-{style}-{cover}", "attributes": {"types": {"ColorA": "red"}}},
{"type": "item", "code": "caparison-{style}-{cover}", "attributes": {"types": {"ColorA": "blue"}}},
{"type": "item", "code": "caparison-{style}-{cover}", "attributes": {"types": {"ColorA": "green"}}},
{"type": "item", "code": "caparison-{style}-{cover}", "attributes": {"types": {"ColorA": "yellow"}}}
				]
			}
		],			
			"@*-(vstripes|hstripes|dotted)*":[
			{
				"tabs": [ "general", "items", "tack-wip" ],
				"stacks": [
{"type": "item", "code": "caparison-{style}-{cover}", "attributes": {"types": {"ColorA": "red", "ColorB": "blue"}}},
{"type": "item", "code": "caparison-{style}-{cover}", "attributes": {"types": {"ColorA": "red", "ColorB": "green"}}},
{"type": "item", "code": "caparison-{style}-{cover}", "attributes": {"types": {"ColorA": "red", "ColorB": "yellow"}}},
{"type": "item", "code": "caparison-{style}-{cover}", "attributes": {"types": {"ColorA": "red", "ColorB": "black"}}},

{"type": "item", "code": "caparison-{style}-{cover}", "attributes": {"types": {"ColorA": "blue", "ColorB": "red"}}},
{"type": "item", "code": "caparison-{style}-{cover}", "attributes": {"types": {"ColorA": "blue", "ColorB": "green"}}},
{"type": "item", "code": "caparison-{style}-{cover}", "attributes": {"types": {"ColorA": "blue", "ColorB": "yellow"}}},
{"type": "item", "code": "caparison-{style}-{cover}", "attributes": {"types": {"ColorA": "blue", "ColorB": "black"}}},

{"type": "item", "code": "caparison-{style}-{cover}", "attributes": {"types": {"ColorA": "green", "ColorB": "red"}}},
{"type": "item", "code": "caparison-{style}-{cover}", "attributes": {"types": {"ColorA": "green", "ColorB": "blue"}}},
{"type": "item", "code": "caparison-{style}-{cover}", "attributes": {"types": {"ColorA": "green", "ColorB": "yellow"}}},
{"type": "item", "code": "caparison-{style}-{cover}", "attributes": {"types": {"ColorA": "green", "ColorB": "black"}}},

{"type": "item", "code": "caparison-{style}-{cover}", "attributes": {"types": {"ColorA": "yellow", "ColorB": "red"}}},
{"type": "item", "code": "caparison-{style}-{cover}", "attributes": {"types": {"ColorA": "yellow", "ColorB": "blue"}}},
{"type": "item", "code": "caparison-{style}-{cover}", "attributes": {"types": {"ColorA": "yellow", "ColorB": "green"}}},
{"type": "item", "code": "caparison-{style}-{cover}", "attributes": {"types": {"ColorA": "yellow", "ColorB": "black"}}},

{"type": "item", "code": "caparison-{style}-{cover}", "attributes": {"types": {"ColorA": "black", "ColorB": "red"}}},
{"type": "item", "code": "caparison-{style}-{cover}", "attributes": {"types": {"ColorA": "black", "ColorB": "blue"}}},
{"type": "item", "code": "caparison-{style}-{cover}", "attributes": {"types": {"ColorA": "black", "ColorB": "green"}}},
{"type": "item", "code": "caparison-{style}-{cover}", "attributes": {"types": {"ColorA": "black", "ColorB": "yellow"}}}
				]
			}
		],			
			"@*-(3colorcheck|checkered|halfstriped)*":[
			{
				"tabs": [ "general", "items", "tack-wip" ],
				"stacks": [
{"type": "item", "code": "caparison-{style}-{cover}", "attributes": {"types": {"ColorA": "red", "ColorB": "blue", "ColorC": "green"}}},
{"type": "item", "code": "caparison-{style}-{cover}", "attributes": {"types": {"ColorA": "red", "ColorB": "blue", "ColorC": "yellow"}}},
{"type": "item", "code": "caparison-{style}-{cover}", "attributes": {"types": {"ColorA": "red", "ColorB": "green", "ColorC": "blue"}}},
{"type": "item", "code": "caparison-{style}-{cover}", "attributes": {"types": {"ColorA": "red", "ColorB": "green", "ColorC": "yellow"}}},
{"type": "item", "code": "caparison-{style}-{cover}", "attributes": {"types": {"ColorA": "red", "ColorB": "yellow", "ColorC": "blue"}}},
{"type": "item", "code": "caparison-{style}-{cover}", "attributes": {"types": {"ColorA": "red", "ColorB": "yellow", "ColorC": "green"}}},

{"type": "item", "code": "caparison-{style}-{cover}", "attributes": {"types": {"ColorA": "blue", "ColorB": "red", "ColorC": "green"}}},
{"type": "item", "code": "caparison-{style}-{cover}", "attributes": {"types": {"ColorA": "blue", "ColorB": "red", "ColorC": "yellow"}}},
{"type": "item", "code": "caparison-{style}-{cover}", "attributes": {"types": {"ColorA": "blue", "ColorB": "green", "ColorC": "red"}}},
{"type": "item", "code": "caparison-{style}-{cover}", "attributes": {"types": {"ColorA": "blue", "ColorB": "green", "ColorC": "yellow"}}},
{"type": "item", "code": "caparison-{style}-{cover}", "attributes": {"types": {"ColorA": "blue", "ColorB": "yellow", "ColorC": "red"}}},
{"type": "item", "code": "caparison-{style}-{cover}", "attributes": {"types": {"ColorA": "blue", "ColorB": "yellow", "ColorC": "green"}}},

{"type": "item", "code": "caparison-{style}-{cover}", "attributes": {"types": {"ColorA": "green", "ColorB": "red", "ColorC": "blue"}}},
{"type": "item", "code": "caparison-{style}-{cover}", "attributes": {"types": {"ColorA": "green", "ColorB": "red", "ColorC": "yellow"}}},
{"type": "item", "code": "caparison-{style}-{cover}", "attributes": {"types": {"ColorA": "green", "ColorB": "blue", "ColorC": "red"}}},
{"type": "item", "code": "caparison-{style}-{cover}", "attributes": {"types": {"ColorA": "green", "ColorB": "blue", "ColorC": "yellow"}}},
{"type": "item", "code": "caparison-{style}-{cover}", "attributes": {"types": {"ColorA": "green", "ColorB": "yellow", "ColorC": "red"}}},
{"type": "item", "code": "caparison-{style}-{cover}", "attributes": {"types": {"ColorA": "green", "ColorB": "yellow", "ColorC": "blue"}}},

{"type": "item", "code": "caparison-{style}-{cover}", "attributes": {"types": {"ColorA": "yellow", "ColorB": "red", "ColorC": "blue"}}},
{"type": "item", "code": "caparison-{style}-{cover}", "attributes": {"types": {"ColorA": "yellow", "ColorB": "red", "ColorC": "green"}}},
{"type": "item", "code": "caparison-{style}-{cover}", "attributes": {"types": {"ColorA": "yellow", "ColorB": "blue", "ColorC": "red"}}},
{"type": "item", "code": "caparison-{style}-{cover}", "attributes": {"types": {"ColorA": "yellow", "ColorB": "blue", "ColorC": "green"}}},
{"type": "item", "code": "caparison-{style}-{cover}", "attributes": {"types": {"ColorA": "yellow", "ColorB": "green", "ColorC": "red"}}},
{"type": "item", "code": "caparison-{style}-{cover}", "attributes": {"types": {"ColorA": "yellow", "ColorB": "green", "ColorC": "blue"}}}
				]
			}
		],			
			"*-plaid*":[
			{
				"tabs": [ "general", "items", "tack-wip" ],
				"stacks": [
{"type": "item", "code": "caparison-{style}-{cover}", "attributes": {"types": {"ColorA": "black",  "ColorB": "white",  "ColorC": "red",     "ColorD": "gray"}}},
{"type": "item", "code": "caparison-{style}-{cover}", "attributes": {"types": {"ColorA": "blue",   "ColorB": "gray",   "ColorC": "white",   "ColorD": "yellow"}}},
{"type": "item", "code": "caparison-{style}-{cover}", "attributes": {"types": {"ColorA": "brown",  "ColorB": "green",  "ColorC": "white",   "ColorD": "orange"}}},
{"type": "item", "code": "caparison-{style}-{cover}", "attributes": {"types": {"ColorA": "red",    "ColorB": "black",  "ColorC": "white",   "ColorD": "gray"}}},
{"type": "item", "code": "caparison-{style}-{cover}", "attributes": {"types": {"ColorA": "purple", "ColorB": "gray",   "ColorC": "white",   "ColorD": "pink"}}},
{"type": "item", "code": "caparison-{style}-{cover}", "attributes": {"types": {"ColorA": "green",  "ColorB": "black",  "ColorC": "yellow",  "ColorD": "white"}}},
{"type": "item", "code": "caparison-{style}-{cover}", "attributes": {"types": {"ColorA": "black",  "ColorB": "brown",  "ColorC": "red",     "ColorD": "white"}}},
{"type": "item", "code": "caparison-{style}-{cover}", "attributes": {"types": {"ColorA": "gray",   "ColorB": "blue",   "ColorC": "green",   "ColorD": "yellow"}}},
{"type": "item", "code": "caparison-{style}-{cover}", "attributes": {"types": {"ColorA": "blue",   "ColorB": "white",  "ColorC": "pink",    "ColorD": "gray"}}},
{"type": "item", "code": "caparison-{style}-{cover}", "attributes": {"types": {"ColorA": "orange", "ColorB": "brown",  "ColorC": "black",   "ColorD": "white"}}},
{"type": "item", "code": "caparison-{style}-{cover}", "attributes": {"types": {"ColorA": "yellow", "ColorB": "gray",   "ColorC": "black",   "ColorD": "blue"}}},
{"type": "item", "code": "caparison-{style}-{cover}", "attributes": {"types": {"ColorA": "pink",   "ColorB": "purple", "ColorC": "white",   "ColorD": "gray"}}},
{"type": "item", "code": "caparison-{style}-{cover}", "attributes": {"types": {"ColorA": "black",  "ColorB": "blue",   "ColorC": "white",   "ColorD": "green"}}},
{"type": "item", "code": "caparison-{style}-{cover}", "attributes": {"types": {"ColorA": "green",  "ColorB": "brown",  "ColorC": "gray",    "ColorD": "yellow"}}},
{"type": "item", "code": "caparison-{style}-{cover}", "attributes": {"types": {"ColorA": "red",    "ColorB": "orange", "ColorC": "black",   "ColorD": "white"}}}
				]
			}
		]		

		},
	"renderAlphaTest": 0.25,
	"guiTransformByType": {
		"*": {
			"translation": {
				"x": 0,
				"y": 0,
				"z": 0
			},
			"rotation": {
				"x": 0,
				"y": 106,
				"z": -40
			},
			"origin": {
				"x": 0.6,
				"y": 0.1,
				"z": 0.5
			},
			"scale": 1.23
		}
	},
	"groundTransformByType": {
	},
	"tpHandTransformByType": {
	}
}
