{
	"enabled": false,
	"code": "armor",
	"variantgroups": [
		{
			"code": "style",
			"states": [ "mail", "scale", "plate" ]
		},
		{
			"code": "material",
			"states": [ "tinbronze", "bismuthbronze", "blackbronze", "iron", "meteoriciron", "steel" ]
		},
		{
			"code": "color",
			"states": [ "none" ]
		}
	],
	"allowedVariants": [
		"*"
	],
	"attributes": {
		"handbook": {
			"extraSectionsByType": {
				"*": [
					{
						"title": "handbook-tackcaparison-title",
						"text": "handbook-tackcaparison-text"
					}
				]
			}
		},
		"groundStorageTransform": {
			"rotation": {
				"x": 0,
				"y": 90,
				"z": 0
			}
		},
		"attachableToEntity": {
			"categoryCodeByType": {
				"*": "tackbridle"
			},
			"attachedShapeBySlotCodeByType": {
				"*": {
					"*": { "base": "item/wearable/armor/{style}-ferus" }
				}
			}
		},
		"interactPassthroughByType": {
			"*": true
		}
	},
	"shapeByType": {
		"*": { "base": "item/wearable/armor/{style}-ferus" }
	},
	"texturesByType": {
		"*mail*": {
			"mailmain": { "base": "game:block/metal/armor-generic/chain-{material}" }
		},
		"*scale*": {
			"scalemain": { "base": "game:block/metal/armor-generic/scale-{material}" }
		},
		"*plate*": {
			"platemain": { "base": "game:block/metal/sheet/{material}1" }
		}
	},
	"heldTpIdleAnimationByType": {
	},
	"behaviorsByType": {
		"*": [
			{
				"name": "GroundStorable"
			}
		]
	},
	"maxStackSize": 1,
	"creativeinventory": {
		"general": [ "*" ],
		"items": [ "*" ],
		"tackandequipment": [ "*" ]
	},
	"renderAlphaTest": 0.25,
	"guiTransformByType": {
		"*": {
			"translation": {
				"x": 0,
				"y": 0,
				"z": 0
			},
			"rotation": {
				"x": 0,
				"y": 106,
				"z": -40
			},
			"origin": {
				"x": 0.6,
				"y": 0.1,
				"z": 0.5
			},
			"scale": 1.23
		}
	},
	"groundTransformByType": {
	},
	"tpHandTransformByType": {
	}
}
