{	
	"enabled": false,
	"code": "caparison",
	"variantgroups": [
		{
			"code": "style",
			"states": [ "split" ]
		},
		{
			"code": "color",
			"states": [ "black", "blue", "brown", "gray", "green", "orange", "pink", "normal", "purple", "red", "white", "yellow" ]
		}
	],
	"allowedVariants": [
		"*"
	],
	"attributes": {
		"handbook": {
			"extraSectionsByType": {
				"*": [
					{
						"title": "handbook-tackcaparison-title",
						"text": "handbook-tackcaparison-text"
					}
				]
			}
		},
		"groundStorageTransform": {
			"rotation": {
				"x": 0,
				"y": 90,
				"z": 0
			}
		},
		"attachableToEntity": {
			"categoryCodeByType": {
				"*": "tackcaparison"
			},
			"attachedShapeBySlotCodeByType": {
				"*": {
					"*-indicus": { "base": "item/wearable/caparison/split-indicus" },
					"*-caledonius": { "base": "item/wearable/caparison/split-caledonius" },
					"*-ferus": { "base": "item/wearable/caparison/split-ferus" },
					"middlebackunder": { "base": "item/wearable/caparison/split-caledonius" }
				}
			}
		},
		"interactPassthroughByType": {
			"*": true
		}
	},
	"shapeByType": {
		"*": { "base": "item/wearable/caparison/split-inventory" }
	},
	"texturesByType": {
		"*": {
			"blanket": { "base": "clothedges/{color}" },
			"blanketextra": { "base": "game:block/cloth/basic/{color}" }
		}
	},
	"heldTpIdleAnimationByType": {
	},
	"behaviorsByType": {
		"*": [
			{
				"name": "GroundStorable"
			}
		]
	},
	"maxStackSize": 1,
	"creativeinventory": {
		"general": [ "*" ],
		"items": [ "*" ],
		"tackandequipment": [ "*" ]
	},
	"renderAlphaTest": 0.25,
	"guiTransformByType": {
		"*": {
			"translation": {
				"x": 0,
				"y": 0,
				"z": 0
			},
			"rotation": {
				"x": 0,
				"y": 106,
				"z": -40
			},
			"origin": {
				"x": 0.6,
				"y": 0.1,
				"z": 0.5
			},
			"scale": 1.23
		}
	},
	"groundTransformByType": {
	},
	"tpHandTransformByType": {
	}
}
