{
	"enabled": false,
	"code": "chanfron",
	"variantgroups": [
		{
			"code": "control",
			"states": [ "hold", "press" ]
		},
		{
			"code": "style",
			"states": [ "basic","full", "dragon" ]
		},
		{
			"code": "material",
			"states": [ "tinbronze", "bismuthbronze", "blackbronze", "iron", "meteoriciron", "steel" ]
		}
	],
	"allowedVariants": [
		"*"
	],
	"attributes": {
		"attachableToEntity": {
			"categoryCodeByType": {
				"*": "tackbridle"
			},
			"attachedShapeBySlotCodeByType": {
				"*": {
					"*-indicus": { "base": "item/wearable/bridle/chanfron/{style}-caledonius" },
					"*-caledonius": { "base": "item/wearable/bridle/chanfron/{style}-caledonius" },
					"*-ferus": { "base": "item/wearable/bridle/chanfron/{style}-caledonius" }
				}
			}
		},
		"controlSchemeByType": {
			"*hold*": "Hold",
			"*press*": "Press"
		},
		"isBridleByType": {
			"*": true
		},
			"groundStorageTransform": {
				"translation": {
					"x": 0.25,
					"y": -0,
					"z": -0
				},
				"rotation": {
					"x": 0,
					"y": 90,
					"z": 0
				}
			}
		
	},
	"shapeByType": {
		"*": { "base": "item/wearable/bridle/chanfron/{style}-inventory" }
	},
	"texturesByType": {
		"*": {
			"bridlemetal": { "base": "game:block/metal/sheet/gold3" },
			"bridlemain": { "base": "game:item/tool/shield/leather/black" },
			"saddlemain": { "base": "game:item/tool/shield/leather/brown" },
			"bridlemetal2": { "base": "game:item/tool/shield/metal/{material}" }
		}
	},
		"heldTpIdleAnimationByType": {
			"*": "holdbothhands"
		},
		"behaviors": [
			{
				"name": "GroundStorable",
				"properties": {
					"layout": "Halves"
				}
			}
		],
		"maxStackSize": 4,
		"creativeinventory": {
			"general": [ "*" ],
			"items": [ "*" ],
			"tackandequipment": [ "*" ]
		},
		"renderAlphaTest": 0.25,
		"guiTransformByType": {
			"*": {
				"rotation": {
					"x": 133,
					"y": -103,
					"z": 0
				},
				"origin": {
					"x": 0.6,
					"y": -0.1,
					"z": 0.15
				},
				"scale": 2.2
			}
		},
		"groundTransformByType": {

		},
		"tpHandTransformByType": {

		}
	}
