{
	"enabled": true,
	"code": "horseshoes",
	"variantgroups": [
		{
			"code": "material",
			"states": ["tinbronze","bismuthbronze","blackbronze","iron","meteoriciron","steel"]
		}
	],
	"allowedVariants": [
		"*"
	],
	"attributes": {
		"attachableToEntity": {
			"categoryCodeByType": {
				"*": "tackhorseshoes"
			},
			"attachedShapeBySlotCodeByType": {
				"*": {
					"*-indicus": { "base": "item/wearable/horseshoes/horseshoes-indicus" },
					"*-caledonius": { "base": "item/wearable/horseshoes/horseshoes-caledonius" },
					"*-ferus": { "base": "item/wearable/horseshoes/horseshoes-caledonius" }
				}
			}
		},
		"groundStorageTransform": {
				"translation": {
					"x": -0.1,
					"y": 0,
					"z": -0.1
				},
				"rotation": {
					"x": 0,
					"y": -90,
					"z": 0
				}
			}
	},
	"shapeByType": {
		"*": { "base": "item/wearable/horseshoes/horseshoes-inventory" }
	},
	"texturesByType": {
		"*": {
			"hscolor": { "base": "game:block/metal/sheet/{material}1" }
		}
	},
	"behaviors": [
		{
			"name": "GroundStorable",
			"properties": {
				"layout": "Quadrants"
			}
		}
	],
	"maxStackSize": 4,
	"creativeinventory": {
		"general": [ "*" ],
		"items": [ "*" ],
		"tackandequipment": [ "*" ]
	},
	"renderAlphaTest": 0.25,
	"guiTransformByType": {
		"*": {
			"translation": {
				"x": 0,
				"y": 0,
				"z": 0
			},
			"rotation": {
				"x": -59,
				"y": -67,
				"z": 0
			},
			"origin": {
				"x": -0.2,
				"y": 1.4,
				"z": 0.1
			},
			"scale": 5
		}
	},
	groundTransform: {
		translation: { x: 0, y: 0, z: 0 },
		rotation: { x: 0, y: 0, z: 0 },
		origin: { x: 0.5, y: 0, z: 0.5299 },
		scale: 5.09
	},
	tpHandTransform: {
		translation: { x: -0, y: -0.2, z: -0.1 },
		rotation: { x: 0, y: 0, z: -51 },
		origin: { x: -0.3, y: 1, z: 0.2 },
		scale: 0.69
	}
}
