{
	"enabled": false,
	"code": "creature",
	"class": "ItemCreature",
	"maxstacksize": 64,
	"variantgroups": [
		{
			"code": "main",
			"states": [ "woodenhorse" ]
		},
		{
			"code": "material",
			"states": [ "whitemarble", "greenmarble", "redmarble", "suevite", "kimberlite" ],
			"loadFromProperties": "block/rock"
		},
		{
			"code": "pose",
			"states": [ "idling", "sitting", "galloping", "charging", "jumping" ]
		}
	],
		"shapeByType": {
			"*": { "base": "entity/ferus-adult"}
		},
		"texturesByType": {
			"*": {
				"oak-h": { "base": "game:block/stone/polishedrock/{material}" },
				"oak": { "base": "game:block/stone/rock/{material}*" },
				"temporalgear": { "base": "game:item/resource/temporalgear" }
			}
		},
	"creativeinventory": {
		"general": [ "*" ],
		"items": [ "*" ],
		"tack-wip": [ "*" ]
	},
	"materialDensity": 600,
	"guiTransformByType": {

		
		"*": {
			"rotate": true,
			"translation": { "x": 3, "y": 0, "z": 0 },
			"rotation": { "x": -11, "y": -52, "z": -180 },
			"origin": { "x": 0.5, "y": 0.5, "z": 0.5 },
			"scale": 0.75
		}				
	},
	
	"tpHandTransformByType": {
		"*": {
			"translation": { "x": -0.9, "y": -0.9, "z": -0.7 },
			"rotation": { "x": -180, "y": 0, "z": -156 },
			"scale": 0.45
		}		
	},
	
	"fpHandTransformByType": {
		"*": {
			"translation": { "x": 0.2, "y": 0, "z": 0 },
			"rotation": { "x": -8, "y": -63, "z": -7 }
		}
	}}
	

	
	
	
	




