{
	"code": "tacksaddle",
	"variantgroups": [
		{
			"code": "style",
			"states": [ "western", "ancient", "ornate" ]
		},
		{
			"code": "color",
			"states": [ "black", "blue", "brown", "gray", "green", "orange", "pink", "plain", "purple", "red", "white", "yellow" ]
		}
	],
	"allowedVariants": [
		"*western-*",
		"*ornate-*",
		"*ancient-plain",
		"*ancient-brown",
		"*ancient-gray",
		"*ancient-orange",
		"*ancient-white",
		"*ancient-black"
	],
	"attributes": {
		"attachableToEntity": {
			"categoryCodeByType": {
				"*": "tacksaddle"
			},
			"attachedShapeBySlotCodeByType": {
				"*": {
					"*-indicus": { "base": "item/wearable/saddle/{style}" },
					"*-caledonius": { "base": "item/wearable/saddle/{style}-caledonius" },
					"*-ferus": { "base": "item/wearable/saddle/{style}-caledonius" }
				}
			}
		},
		"isSaddleByType": {
			"*": true
		},
		"interactPassthroughByType": {
			"*": true
		}
	},
	"shapeByType": {
		"*": { "base": "item/wearable/saddle/{style}-inventory" }
	},
	"texturesByType": {
		"*ancient-plain": {
			"saddleseat": { "base": "game:block/cloth/pelt" },
			"saddlerim": { "base": "game:block/leather/poor" },
			"saddlewood": { "base": "game:block/wood/planks/generic" },
			"saddlerope": { "base": "game:entity/lore/erel/pristine/rope" }
		},
		"*ancient*": {
			"saddleseat": { "base": "game:block/cloth/fur/{color}" },
			"saddlerim": { "base": "game:block/leather/poor" },
			"saddlewood": { "base": "game:block/wood/planks/generic" },
			"saddlerope": { "base": "game:entity/lore/erel/pristine/rope" }
		},
		"*western*": {
			"saddlewood": { "base": "game:block/wood/planks/generic" },
			"saddlerope": { "base": "game:entity/lore/erel/pristine/rope" },
			"saddlemain": { "base": "game:item/tool/shield/leather/{color}" }
		},
		"*ornate*": {
			"saddlemetal": { "base": "game:block/metal/sheet-plain/gold1" },
			"saddlemain": { "base": "game:item/tool/shield/leather/{color}" },
			"saddleornate": { "base": "game:item/tool/shield/ornate/{color}" }
		}
	},
	"heldTpIdleAnimationByType": {
		"*": "holdbothhands"
	},
	"behaviorsByType": {
		"*": [
			{
				"name": "GroundStorable"
			}
		]
	},
	"maxStackSize": 1,
	"creativeinventory": {
		"general": [ "*" ],
		"items": [ "*" ],
		"tackandequipment": [ "*" ]
	},
	"renderAlphaTest": 0.25,
	"guiTransformByType": {
		"*western*": {
			"translation": {
				"x": 0,
				"y": 0,
				"z": 0
			},
			"rotation": {
				"x": 140,
				"y": 41,
				"z": 0
			},
			"origin": {
				"x": 0.6,
				"y": 0.4,
				"z": 0.3
			},
			"scale": 1.6
		},
		"*": {
			"translation": {
				"x": 0,
				"y": 0,
				"z": 0
			},
			"rotation": {
				"x": 140,
				"y": 41,
				"z": 0
			},
			"origin": {
				"x": 0.6,
				"y": 0.4,
				"z": 0.3
			},
			"scale": 1.6
		}
	},
	groundTransform: {
		translation: { x: 0, y: 0, z: 0 },
		rotation: { x: 0, y: 0, z: 0 },
		origin: { x: 0.5, y: 0, z: 0.5299 },
		scale: 5.47
	},
	tpHandTransform: {
		translation: { x: 0, y: 0, z: 0 },
		rotation: { x: -36, y: 16, z: -96 },
		origin: { x: -0.6, y: 0.8, z: 0 },
		scale: 0.68
	}
}
