{
	"enabled": true,
	"code": "tackbridle",
	"variantgroups": [
		{
			"code": "control",
			"states": [ "hold", "press" ]
		},
		{
			"code": "style",
			"states": [ "liberty", "rope", "bosal1", "bosal2", "english", "war", "ornate" ]
		}
	],
	"allowedVariants": [
		"*"
	],
	"attributes": {
		"attachableToEntity": {
			"categoryCodeByType": {
				"*": "tackbridle"
			},
			"attachedShapeBySlotCodeByType": {
				"*bosal*": {
					"*-indicus": { "base": "item/wearable/bridle/bosal-indicus" },
					"*-caledonius": { "base": "item/wearable/bridle/bosal-caledonius" },
					"*-ferus": { "base": "item/wearable/bridle/bosal-caledonius" }
				},
				"*": {
					"*-indicus": { "base": "item/wearable/bridle/{style}-indicus" },
					"*-caledonius": { "base": "item/wearable/bridle/{style}-caledonius" },
					"*-ferus": { "base": "item/wearable/bridle/{style}-caledonius" }
				}
			}
		},
		"controlSchemeByType": {
			"*hold*": "Hold",
			"*press*": "Press"
		},
		"isBridleByType": {
			"*": true
		},
			"groundStorageTransform": {
				"translation": {
					"x": 0.25,
					"y": -0,
					"z": -0
				},
				"rotation": {
					"x": 0,
					"y": 90,
					"z": 0
				}
			}
		
	},
	"shapeByType": {
		"*bosal*": { "base": "item/wearable/bridle/bosal-inventory" },
		"*": { "base": "item/wearable/bridle/{style}-inventory" }
	},
	"texturesByType": {
		"*bosal1*": {
			"bridlemetal": { "base": "game:block/cloth/wool/black2" },
			"bridlemain": { "base": "game:block/cloth/wool/brown2" },
			"bridleextra": { "base": "game:item/tool/shield/leather/black" }
		},
		"*bosal2*": {
			"bridlemetal": { "base": "game:block/cloth/wool/black2" },
			"bridlemain": { "base": "game:block/cloth/wool/brown2" },
			"bridleextra": { "base": "game:block/cloth/wool/white1" }
		},
		"*english*": {
			"bridlemetal": { "base": "game:block/metal/sheet-plain/gold3" },
			"bridlemain": { "base": "game:item/tool/shield/leather/black" },
			"saddlemain": { "base": "game:item/tool/shield/leather/brown" }
		},
		"*ornate*": {
			"bridlemetal": { "base": "game:block/metal/sheet-plain/gold3" },
			"bridlemain": { "base": "game:item/tool/shield/leather/black" },
			"saddlemain": { "base": "game:item/tool/shield/leather/brown" }
		},
		"*war*": {
			"bridlemetal": { "base": "game:block/cloth/wool/black2" },
			"bridlemain": { "base": "game:block/cloth/wool/brown2" },
			"bridleextra": { "base": "game:block/cloth/wool/brown2" }
		},
		"*": {
			"bridlerope": { "base": "game:entity/lore/erel/pristine/rope" }
		}
	},
		"heldTpIdleAnimationByType": {
			"*none*": "holdbothhands"
		},
		"behaviors": [
			{
				"name": "GroundStorable",
				"properties": {
					"layout": "Halves"
				}
			}
		],
		"maxStackSize": 4,
		"creativeinventory": {
			"general": [ "*" ],
			"items": [ "*" ],
			"tackandequipment": [ "*" ]
		},
		"renderAlphaTest": 0.25,
		"guiTransformByType": {
			"*": {
				"rotation": {
					"x": 133,
					"y": -103,
					"z": 0
				},
				"origin": {
					"x": 0.6,
					"y": -0.1,
					"z": 0.15
				},
				"scale": 2.2
			}
		},
	groundTransform: {
		translation: { x: 0, y: 0, z: 0 },
		rotation: { x: 0, y: 0, z: 0 },
		origin: { x: 0.5, y: 0.2, z: 0.5299 },
		scale: 4.58
	},
	tpHandTransform: {
		translation: { x: -0.1, y: -0.2, z: 0.5 },
		rotation: { x: 0, y: 75, z: 90 },
		origin: { x: 0.3, y: -0.3, z: -0.1 },
		scale: 1
	}
	}
