{
	"code": "tackblanket",
	"variantgroups": [
		{
			"code": "style",
			"states": [ "cloth", "linen" ]
		},
		{
			"code": "lining",
			"states": [ "white", "black", "brown", "colored" ]
		},
		{
			"code": "color",
			"states": [ "black", "blue", "brown", "gray", "green", "orange", "pink", "normal", "purple", "red", "white", "yellow" ]
		}
	],
	"allowedVariants": [
		"*"
	],
	"attributes": {
		"handbook": {
			"groupBy": [ "*-{style}-{lining}-*" ],
		},
		"groundStorageTransform": {
			"rotation": {
				"x": 0,
				"y": 90,
				"z": 0
			}
		},
		"attachableToEntity": {
			"categoryCodeByType": {
				"*": "tackblanket"
			},
			"attachedShapeBySlotCodeByType": {
				"*": {
					"*-indicus": { "base": "item/wearable/blanket/blanket-lined-indicus" },
					"*-caledonius": { "base": "item/wearable/blanket/blanket-lined-caledonius" },
					"*-ferus": { "base": "item/wearable/blanket/blanket-lined-ferus" },
					"middlebackunder": { "base": "item/wearable/blanket/blanket-lined-caledonius" }
				},
				"*colored-*": {
					"*-indicus": { "base": "item/wearable/blanket/blanket-simple-indicus" },
					"*-caledonius": { "base": "item/wearable/blanket/blanket-simple-caledonius" },
					"*-ferus": { "base": "item/wearable/blanket/blanket-simple-ferus" },
					"middlebackunder": { "base": "item/wearable/blanket/blanket-simple-caledonius" }
				}
			}
		},
		"interactPassthroughByType": {
			"*": true
		}
	},
	"shapeByType": {
		"*": { "base": "item/wearable/blanket/blanket-lined-inventory" },
		"*colored-*": { "base": "item/wearable/blanket/blanket-simple-inventory" }

	},
	"texturesByType": {
		"*linen-colored-normal*": {
			"blanket": { "base": "game:block/cloth/linen/normal1" },
			"blanketextra": { "base": "game:block/cloth/linen/normal1" }
		},
		"*linen-*-normal*": {
			"blanket": { "base": "game:block/cloth/linen/normal1" },
			"blanketextra": { "base": "game:block/cloth/wool/{lining}1" }
		},
		"*linen-colored*": {
			"blanket": { "base": "game:block/cloth/linen/{color}" },
			"blanketextra": { "base": "game:block/cloth/linen/{color}" }
		},
		"*cloth-colored*": {
			"blanket": { "base": "game:block/cloth/basic/{color}" },
			"blanketextra": { "base": "game:block/cloth/basic/{color}" }
		},
		"*linen*": {
			"blanket": { "base": "game:block/cloth/linen/{color}" },
			"blanketextra": { "base": "game:block/cloth/wool/{lining}1" }
		},
		"*cloth*": {
			"blanket": { "base": "game:block/cloth/basic/{color}" },
			"blanketextra": { "base": "game:block/cloth/wool/{lining}1" }
		}
	},
	"heldTpIdleAnimationByType": {
	},
	"behaviorsByType": {
		"*": [
			{
				"name": "GroundStorable",
				"properties": {
					"layout": "Halves"
				}
			}
		]
	},
	"maxStackSize": 1,
	"creativeinventory": {
		"general": [ "*" ],
		"items": [ "*" ],
		"tackandequipment": [ "*" ]
	},
	"renderAlphaTest": 0.25,
	"guiTransformByType": {
		"*": {
			"translation": {
				"x": 0,
				"y": 0,
				"z": 0
			},
			"rotation": {
				"x": 8,
				"y": 95,
				"z": -21
			},
			"origin": {
				"x": 0.6,
				"y": 0.01,
				"z": 0.48
			},
			"scale": 2.93
		}
	},
	groundTransform: {
		translation: { x: 0, y: 0, z: 0 },
		rotation: { x: 0, y: 0, z: 0 },
		origin: { x: 0.5, y: -0, z: 0.5299 },
		scale: 4.57
	},
	tpHandTransform: {
		translation: { x: -1, y: -1.4, z: -1.4 },
		rotation: { x: 0, y: -96, z: -90 },
		scale: 0.51
	}
}
