{
	"enabled": false,
	"code": "tempcaparison",
	"variantgroups": [
		{
			"code": "style",
			"states": [ "plain", "checkered", "vstripes", "hstripes", "dotted", "plaid", "3colorcheck", "halfstriped" ]
		}
	],
	"allowedVariants": [
		"*"
	],
	"attributes": {
		"handbook": {
			"extraSectionsByType": {
				"*": [
					{
						"title": "handbook-tackcaparison-title",
						"text": "handbook-tackcaparison-text"
					}
				]
			}
		},
		"groundStorageTransform": {
			"rotation": {
				"x": 0,
				"y": 90,
				"z": 0
			}
		},
		"attachableToEntity": {
			"categoryCodeByType": {
				"*": "tackcaparison"
			},
			"attachedShapeBySlotCodeByType": {
				"*": {
					"*": { "base": "item/wearable/caparison/newcaparison-fullmodel-ferus" }
				}
			}
		},
		"interactPassthroughByType": {
			"*": true
		}
	},
	"shapeByType": {
		"*": { "base": "item/wearable/caparison/newcaparison-fullmodel-ferus" }
	},
	"texturesByType": {
		"*plain*": {
			"blue": { "base": "game:block/cloth/basic/red" },
			"green": { "base": "game:block/cloth/basic/red" },
			"red": { "base": "game:block/cloth/basic/red" },
			"yellow": { "base": "game:block/cloth/basic/red" },
			"chain-iron": { "base": "game:block/metal/armor-generic/chain-iron" }
		},
		"*checkered*": {
			"blue": { "base": "game:block/cloth/basic/blue" },
			"green": { "base": "game:block/cloth/basic/red" },
			"red": { "base": "game:block/cloth/basic/red" },
			"yellow": { "base": "game:block/cloth/basic/blue" },
			"chain-iron": { "base": "game:block/metal/armor-generic/chain-iron" }
		},
		"*vstripes*": {
			"blue": { "base": "game:block/cloth/basic/blue" },
			"green": { "base": "game:block/cloth/basic/yellow" },
			"red": { "base": "game:block/cloth/basic/blue" },
			"yellow": { "base": "game:block/cloth/basic/yellow" },
			"chain-iron": { "base": "game:block/metal/armor-generic/chain-iron" }
		},
		"*hstripes*": {
			"blue": { "base": "game:block/cloth/basic/green" },
			"green": { "base": "game:block/cloth/basic/green" },
			"red": { "base": "game:block/cloth/basic/purple" },
			"yellow": { "base": "game:block/cloth/basic/purple" },
			"chain-iron": { "base": "game:block/metal/armor-generic/chain-iron" }
		},
		"*dotted*": {
			"blue": { "base": "game:block/cloth/basic/red" },
			"green": { "base": "game:block/cloth/basic/white" },
			"red": { "base": "game:block/cloth/basic/white" },
			"yellow": { "base": "game:block/cloth/basic/white" },
			"chain-iron": { "base": "game:block/metal/armor-generic/chain-iron" }
		},
		"*plaid*": {
			"blue": { "base": "game:block/cloth/basic/blue" },
			"green": { "base": "game:block/cloth/basic/green" },
			"red": { "base": "game:block/cloth/basic/red" },
			"yellow": { "base": "game:block/cloth/basic/yellow" },
			"chain-iron": { "base": "game:block/metal/armor-generic/chain-iron" }
		},
		"*3colorcheck*": {
			"blue": { "base": "game:block/cloth/basic/pink" },
			"green": { "base": "game:block/cloth/basic/red" },
			"red": { "base": "game:block/cloth/basic/red" },
			"yellow": { "base": "game:block/cloth/basic/purple" },
			"chain-iron": { "base": "game:block/metal/armor-generic/chain-iron" }
		},
		"*halfstriped*": {
			"blue": { "base": "game:block/cloth/basic/black" },
			"green": { "base": "game:block/cloth/basic/black" },
			"red": { "base": "game:block/cloth/basic/orange" },
			"yellow": { "base": "game:block/cloth/basic/yellow" },
			"chain-iron": { "base": "game:block/metal/armor-generic/chain-iron" }
		}
	},
	"heldTpIdleAnimationByType": {
	},
	"behaviorsByType": {
		"*": [
			{
				"name": "GroundStorable"
			}
		]
	},
	"maxStackSize": 1,
	"creativeinventory": {
		"general": [ "*" ],
		"items": [ "*" ],
		"tack-wip": [ "*" ]
	},
	"renderAlphaTest": 0.25,
	"guiTransformByType": {
		"*": {
			"translation": {
				"x": 0,
				"y": 0,
				"z": 0
			},
			"rotation": {
				"x": 0,
				"y": 106,
				"z": -40
			},
			"origin": {
				"x": 0.6,
				"y": 0.1,
				"z": 0.5
			},
			"scale": 1.23
		}
	},
	"groundTransformByType": {
	},
	"tpHandTransformByType": {
	}
}
