{
	"editor": {
		"allAngles": true,
		"entityTextureMode": true
	},
	"textureWidth": 16,
	"textureHeight": 16,
	"textureSizes": {
	},
	"textures": {
		"iron": "game:item/resource/plate/iron",
		"pelt": "game:item/resource/hide/pelt",
		"tinbronze": "game:item/resource/plate/tinbronze"
	},
	"elements": [
		{
			"name": "Armour",
			"from": [ 0.0, 0.0, 0.0 ],
			"to": [ 0.0, 0.0, 0.0 ],
			"uv": [ 999.0, 999.0 ],
			"faces": {
			},
			"children": [
				{
					"name": "IronArmour_Chest",
					"stepParentName": "Chest",
					"from": [ 3.2, 0.1, 1.2 ],
					"to": [ 3.2, 0.1, 1.2 ],
					"uv": [ 999.0, 999.0 ],
					"rotationOrigin": [ 3.2, 0.1, 1.2 ],
					"faces": {
					},
					"children": [
						{
							"name": "Chest_Top",
							"from": [ -3.2, 0.0, -0.6 ],
							"to": [ 1.8, 2.0, 4.9 ],
							"uv": [ 0.0, 0.0 ],
							"rotationOrigin": [ -1.0, 0.2, 0.0 ],
							"faces": {
								"north": { "texture": "#iron", "uv": [ 0.0, 5.5, 5.0, 2.0 ] },
								"east": { "texture": "#iron", "uv": [ 5.0, 5.5, 5.5, 2.0 ] },
								"south": { "texture": "#iron", "uv": [ 10.5, 5.5, 5.0, 2.0 ] },
								"west": { "texture": "#iron", "uv": [ 15.5, 5.5, 5.5, 2.0 ] },
								"up": { "texture": "#iron", "uv": [ 0.0, 0.0, 5.0, 5.5 ] },
								"down": { "texture": "#iron", "uv": [ 5.0, 0.0, 5.0, 5.5 ] }
							}
						},
						{
							"name": "Chest_Sides",
							"from": [ -1.2, -0.3, -1.65 ],
							"to": [ 1.8, 1.7, 5.85 ],
							"uv": [ 0.0, 0.0 ],
							"rotationOrigin": [ -0.2, -0.3, -0.65 ],
							"faces": {
								"north": { "texture": "#iron", "uv": [ 0.0, 7.5, 3.0, 2.0 ] },
								"east": { "texture": "#iron", "uv": [ 3.0, 7.5, 7.5, 2.0 ] },
								"south": { "texture": "#iron", "uv": [ 10.5, 7.5, 3.0, 2.0 ] },
								"west": { "texture": "#iron", "uv": [ 13.5, 7.5, 7.5, 2.0 ] },
								"up": { "texture": "#iron", "uv": [ 0.0, 0.0, 3.0, 7.5 ] },
								"down": { "texture": "#iron", "uv": [ 3.0, 0.0, 3.0, 7.5 ] }
							}
						},
						{
							"name": "Chest_Top2",
							"from": [ -2.7, 1.4, -0.1 ],
							"to": [ 1.8, 2.4, 4.4 ],
							"uv": [ 0.0, 0.0 ],
							"rotationOrigin": [ -0.5, 2.3, 1.5 ],
							"faces": {
								"north": { "texture": "#iron", "uv": [ 0.0, 4.5, 4.5, 1.0 ] },
								"east": { "texture": "#iron", "uv": [ 4.5, 4.5, 4.5, 1.0 ] },
								"south": { "texture": "#iron", "uv": [ 9.0, 4.5, 4.5, 1.0 ] },
								"west": { "texture": "#iron", "uv": [ 13.5, 4.5, 4.5, 1.0 ] },
								"up": { "texture": "#iron", "uv": [ 0.0, 0.0, 4.5, 4.5 ] },
								"down": { "texture": "#iron", "uv": [ 4.5, 0.0, 4.5, 4.5 ] }
							}
						},
						{
							"name": "Chest_Top3",
							"from": [ -3.6, 1.4, 0.9 ],
							"to": [ -1.6, 2.2, 3.4 ],
							"uv": [ 0.0, 0.0 ],
							"rotationOrigin": [ -0.5, 2.3, 1.5 ],
							"faces": {
								"north": { "texture": "#iron", "uv": [ 0.0, 2.5, 2.0, 0.8 ] },
								"east": { "texture": "#iron", "uv": [ 2.0, 2.5, 2.5, 0.8 ] },
								"south": { "texture": "#iron", "uv": [ 4.5, 2.5, 2.0, 0.8 ] },
								"west": { "texture": "#iron", "uv": [ 6.5, 2.5, 2.5, 0.8 ] },
								"up": { "texture": "#iron", "uv": [ 0.0, 0.0, 2.0, 2.5 ] },
								"down": { "texture": "#iron", "uv": [ 2.0, 0.0, 2.0, 2.5 ] }
							}
						},
						{
							"name": "Chest_Ridge",
							"from": [ -1.75, 2.1, 1.5 ],
							"to": [ 1.75, 2.8, 2.8 ],
							"uv": [ 0.0, 0.0 ],
							"rotationOrigin": [ 0.2, 2.5, 2.1 ],
							"faces": {
								"north": { "texture": "#iron", "uv": [ 0.0, 1.0, 3.5, 0.7 ] },
								"east": { "texture": "#iron", "uv": [ 3.5, 1.0, 1.3, 0.7 ] },
								"south": { "texture": "#iron", "uv": [ 4.5, 1.0, 3.5, 0.7 ] },
								"west": { "texture": "#iron", "uv": [ 8.0, 1.0, 1.3, 0.7 ] },
								"up": { "texture": "#iron", "uv": [ 0.0, 0.0, 3.5, 1.3 ] },
								"down": { "texture": "#iron", "uv": [ 3.5, 0.0, 3.5, 1.3 ] }
							}
						},
						{
							"name": "Chest_GoldpieceR_0",
							"from": [ -1.75, 1.9, 0.5 ],
							"to": [ -1.35, 2.6, 0.8 ],
							"uv": [ 0.0, 0.0 ],
							"rotationOrigin": [ 0.2, 2.5, 2.1 ],
							"faces": {
								"north": { "texture": "#tinbronze", "uv": [ 0.0, 0.5, 0.4, 0.7 ] },
								"east": { "texture": "#tinbronze", "uv": [ 0.5, 0.5, 0.3, 0.7 ] },
								"south": { "texture": "#tinbronze", "uv": [ 1.0, 0.5, 0.4, 0.7 ] },
								"west": { "texture": "#tinbronze", "uv": [ 1.5, 0.5, 0.3, 0.7 ] },
								"up": { "texture": "#tinbronze", "uv": [ 0.0, 0.0, 0.4, 0.3 ] },
								"down": { "texture": "#tinbronze", "uv": [ 0.5, 0.0, 0.4, 0.3 ] }
							}
						},
						{
							"name": "Chest_GoldpieceL_0",
							"from": [ -1.75, 1.9, 3.6 ],
							"to": [ -1.35, 2.6, 3.9 ],
							"uv": [ 0.0, 0.0 ],
							"rotationOrigin": [ 0.2, 2.5, 2.1 ],
							"faces": {
								"north": { "texture": "#tinbronze", "uv": [ 0.0, 0.5, 0.4, 0.7 ] },
								"east": { "texture": "#tinbronze", "uv": [ 0.5, 0.5, 0.3, 0.7 ] },
								"south": { "texture": "#tinbronze", "uv": [ 1.0, 0.5, 0.4, 0.7 ] },
								"west": { "texture": "#tinbronze", "uv": [ 1.5, 0.5, 0.3, 0.7 ] },
								"up": { "texture": "#tinbronze", "uv": [ 0.0, 0.0, 0.4, 0.3 ] },
								"down": { "texture": "#tinbronze", "uv": [ 0.5, 0.0, 0.4, 0.3 ] }
							}
						},
						{
							"name": "Chest_GoldpieceL_1",
							"from": [ 0.05, 1.9, 3.6 ],
							"to": [ 0.45, 2.6, 3.9 ],
							"uv": [ 0.0, 0.0 ],
							"rotationOrigin": [ 0.2, 2.5, 2.1 ],
							"faces": {
								"north": { "texture": "#tinbronze", "uv": [ 0.0, 0.5, 0.4, 0.7 ] },
								"east": { "texture": "#tinbronze", "uv": [ 0.5, 0.5, 0.3, 0.7 ] },
								"south": { "texture": "#tinbronze", "uv": [ 1.0, 0.5, 0.4, 0.7 ] },
								"west": { "texture": "#tinbronze", "uv": [ 1.5, 0.5, 0.3, 0.7 ] },
								"up": { "texture": "#tinbronze", "uv": [ 0.0, 0.0, 0.4, 0.3 ] },
								"down": { "texture": "#tinbronze", "uv": [ 0.5, 0.0, 0.4, 0.3 ] }
							}
						},
						{
							"name": "Chest_GoldpieceR_1",
							"from": [ 0.05, 1.9, 0.5 ],
							"to": [ 0.45, 2.6, 0.8 ],
							"uv": [ 0.0, 0.0 ],
							"rotationOrigin": [ 0.2, 2.5, 2.1 ],
							"faces": {
								"north": { "texture": "#tinbronze", "uv": [ 0.0, 0.5, 0.4, 0.7 ] },
								"east": { "texture": "#tinbronze", "uv": [ 0.5, 0.5, 0.3, 0.7 ] },
								"south": { "texture": "#tinbronze", "uv": [ 1.0, 0.5, 0.4, 0.7 ] },
								"west": { "texture": "#tinbronze", "uv": [ 1.5, 0.5, 0.3, 0.7 ] },
								"up": { "texture": "#tinbronze", "uv": [ 0.0, 0.0, 0.4, 0.3 ] },
								"down": { "texture": "#tinbronze", "uv": [ 0.5, 0.0, 0.4, 0.3 ] }
							}
						}
					]
				}
			]
		}
	]}