{
	"editor": {
		"backDropShape": "K:/VSModding/dog-wolf-updated",
		"collapsedPaths": "",
		"allAngles": false,
		"entityTextureMode": false
	},
	"textureWidth": 16,
	"textureHeight": 16,
	"textureSizes": {
	},
	"textures": {
		"copper": "game:item/resource/plate/copper"
	},
	"elements": [
		{
			"name": "Helmet",
			"stepParentName": "Head",
			"from": [ 1.0, 4.5, 1.0 ],
			"to": [ 1.0, 4.5, 1.0 ],
			"rotationOrigin": [ -4.3, 20.3, 7.9 ],
			"faces": {
			},
			"children": [
				{
					"name": "Top_0",
					"from": [ -1.0, 0.0, -0.5 ],
					"to": [ 0.8, 0.5, 2.9 ],
					"faces": {
						"north": { "texture": "#copper" },
						"east": { "texture": "#copper" },
						"south": { "texture": "#copper" },
						"west": { "texture": "#copper" },
						"up": { "texture": "#copper", "windMode": [-1,-1,-1,-1], "windData": [0,0,1,1] },
						"down": { "texture": "#copper" }
					}
				},
				{
					"name": "Top_1",
					"from": [ -1.0, 0.0, -0.9 ],
					"to": [ 0.8, 0.4, 3.3 ],
					"faces": {
						"north": { "texture": "#copper" },
						"east": { "texture": "#copper" },
						"south": { "texture": "#copper" },
						"west": { "texture": "#copper" },
						"up": { "texture": "#copper", "windMode": [-1,-1,-1,-1], "windData": [0,0,1,1] },
						"down": { "texture": "#copper" }
					}
				},
				{
					"name": "Top_2",
					"from": [ 2.0, 0.0, -1.2 ],
					"to": [ 3.8, 0.5, 3.6 ],
					"rotationOrigin": [ 0.0, 0.0, -0.2 ],
					"faces": {
						"north": { "texture": "#copper" },
						"east": { "texture": "#copper" },
						"south": { "texture": "#copper" },
						"west": { "texture": "#copper" },
						"up": { "texture": "#copper", "windMode": [-1,-1,-1,-1], "windData": [1,1,1,1] },
						"down": { "texture": "#copper" }
					}
				},
				{
					"name": "Top_3",
					"from": [ 2.1, 0.5, -0.8 ],
					"to": [ 3.5, 0.6, 3.2 ],
					"faces": {
						"north": { "texture": "#copper" },
						"east": { "texture": "#copper" },
						"south": { "texture": "#copper" },
						"west": { "texture": "#copper" },
						"up": { "texture": "#copper", "windMode": [-1,-1,-1,-1], "windData": [1,1,1,1] },
						"down": { "texture": "#copper" }
					}
				},
				{
					"name": "Top_4",
					"from": [ 3.8, -0.3, -0.8 ],
					"to": [ 4.2, 0.5, 3.2 ],
					"faces": {
						"north": { "texture": "#copper" },
						"east": { "texture": "#copper", "windMode": [-1,-1,-1,-1], "windData": [1,1,1,1] },
						"south": { "texture": "#copper" },
						"west": { "texture": "#copper" },
						"up": { "texture": "#copper", "windMode": [-1,-1,-1,-1], "windData": [1,1,1,1] },
						"down": { "texture": "#copper" }
					}
				},
				{
					"name": "Top_5",
					"from": [ 4.2, -0.3, -0.3 ],
					"to": [ 4.6, 0.5, 2.7 ],
					"faces": {
						"north": { "texture": "#copper" },
						"east": { "texture": "#copper", "windMode": [-1,-1,-1,-1], "windData": [1,1,1,1] },
						"south": { "texture": "#copper" },
						"west": { "texture": "#copper" },
						"up": { "texture": "#copper" },
						"down": { "texture": "#copper" }
					}
				},
				{
					"name": "Front_0",
					"from": [ -2.1, -0.4, 0.1 ],
					"to": [ -0.1, 0.1, 2.3 ],
					"rotationOrigin": [ -1.0, -0.4, 1.0 ],
					"rotationZ": 70.0,
					"faces": {
						"north": { "texture": "#copper" },
						"east": { "texture": "#copper" },
						"south": { "texture": "#copper" },
						"west": { "texture": "#copper", "windMode": [-1,-1,-1,-1] },
						"up": { "texture": "#copper", "windMode": [-1,-1,-1,-1] },
						"down": { "texture": "#copper" }
					}
				},
				{
					"name": "Top_6",
					"from": [ -0.8, 0.4, 0.2 ],
					"to": [ 4.2, 0.7, 2.2 ],
					"rotationOrigin": [ -1.0, -0.4, 1.0 ],
					"faces": {
						"north": { "texture": "#copper" },
						"east": { "texture": "#copper" },
						"south": { "texture": "#copper" },
						"west": { "texture": "#copper" },
						"up": { "texture": "#copper", "windMode": [-1,-1,-1,-1], "windData": [1,1,1,1] },
						"down": { "texture": "#copper" }
					}
				},
				{
					"name": "Top_7",
					"from": [ -0.6, 0.7, 0.4 ],
					"to": [ 3.7, 0.9, 2.0 ],
					"rotationOrigin": [ -1.0, -0.4, 1.0 ],
					"faces": {
						"north": { "texture": "#copper" },
						"east": { "texture": "#copper" },
						"south": { "texture": "#copper" },
						"west": { "texture": "#copper" },
						"up": { "texture": "#copper", "windMode": [-1,-1,-1,-1], "windData": [1,1,1,1] },
						"down": { "texture": "#copper" }
					}
				},
				{
					"name": "Front_R",
					"from": [ -0.8, -1.2, 0.0 ],
					"to": [ 0.6, 0.3, 1.0 ],
					"rotationOrigin": [ -1.1, -1.5, 1.0 ],
					"rotationX": 6.8205,
					"rotationY": 42.0524,
					"rotationZ": -10.1244,
					"faces": {
						"north": { "texture": "#copper", "windMode": [-1,-1,-1,-1] },
						"east": { "texture": "#copper" },
						"south": { "texture": "#copper" },
						"west": { "texture": "#copper", "windMode": [-1,-1,-1,-1] },
						"up": { "texture": "#copper", "windMode": [-1,-1,-1,-1] },
						"down": { "texture": "#copper" }
					}
				},
				{
					"name": "Front_L",
					"from": [ -3.1, -1.2, -0.2 ],
					"to": [ -1.7, 0.3, 0.8 ],
					"rotationOrigin": [ -1.1, -1.5, 1.0 ],
					"rotationX": 171.8931,
					"rotationY": 46.9678,
					"rotationZ": -168.9729,
					"faces": {
						"north": { "texture": "#copper", "windMode": [-1,-1,-1,-1] },
						"east": { "texture": "#copper", "windMode": [-1,-1,-1,-1] },
						"south": { "texture": "#copper", "windMode": [-1,-1,-1,-1] },
						"west": { "texture": "#copper" },
						"up": { "texture": "#copper" },
						"down": { "texture": "#copper", "windMode": [-1,-1,-1,-1] }
					}
				},
				{
					"name": "Top_8",
					"from": [ 0.8, 0.0, 0.0 ],
					"to": [ 2.0, 0.5, 2.4 ],
					"rotationOrigin": [ 1.8, 0.0, 1.0 ],
					"faces": {
						"north": { "texture": "#copper" },
						"east": { "texture": "#copper" },
						"south": { "texture": "#copper" },
						"west": { "texture": "#copper" },
						"up": { "texture": "#copper", "windMode": [-1,-1,-1,-1], "windData": [1,1,1,1] },
						"down": { "texture": "#copper" }
					}
				},
				{
					"name": "Right_1",
					"from": [ 1.9, -0.8, -1.7 ],
					"to": [ 3.9, 0.2, -1.1 ],
					"rotationOrigin": [ 2.9, -0.8, -0.7 ],
					"rotationX": 25.0,
					"faces": {
						"north": { "texture": "#copper", "windMode": [-1,-1,-1,-1], "windData": [1,1,1,1] },
						"east": { "texture": "#copper" },
						"south": { "texture": "#copper" },
						"west": { "texture": "#copper" },
						"up": { "texture": "#copper" },
						"down": { "texture": "#copper" }
					}
				},
				{
					"name": "Left_0",
					"from": [ 1.9, -0.3, 3.5 ],
					"to": [ 3.9, 0.7, 4.1 ],
					"rotationOrigin": [ 2.9, -0.3, 4.5 ],
					"rotationX": -25.0,
					"faces": {
						"north": { "texture": "#copper" },
						"east": { "texture": "#copper" },
						"south": { "texture": "#copper", "windMode": [-1,-1,-1,-1], "windData": [0,1,1,1] },
						"west": { "texture": "#copper" },
						"up": { "texture": "#copper" },
						"down": { "texture": "#copper" }
					}
				}
			]
		},
		{
			"name": "NeckPiece",
			"stepParentName": "Neck",
			"from": [ 0.7, 5.3, 0.3 ],
			"to": [ 2.2, 5.8, 4.3 ],
			"rotationOrigin": [ 0.7, 5.3, 0.3 ],
			"faces": {
				"north": { "texture": "#copper" },
				"east": { "texture": "#copper" },
				"south": { "texture": "#copper" },
				"west": { "texture": "#copper" },
				"up": { "texture": "#copper", "windMode": [-1,-1,-1,-1], "windData": [1,1,1,1] },
				"down": { "texture": "#copper" }
			},
			"children": [
				{
					"name": "NeckPiece_0",
					"from": [ 1.5, 0.0, 0.5 ],
					"to": [ 2.5, 0.5, 3.5 ],
					"rotationOrigin": [ 1.5, 0.0, 0.5 ],
					"rotationZ": 0.0,
					"faces": {
						"north": { "texture": "#copper" },
						"east": { "texture": "#copper" },
						"south": { "texture": "#copper" },
						"west": { "texture": "#copper" },
						"up": { "texture": "#copper" },
						"down": { "texture": "#copper" }
					}
				}
			]
		}
	]}