{
	"editor": {
		"backDropShape": "E:/Vintagestory/assets/game/shapes/entity/humanoid/seraph-hairless",
		"allAngles": true,
		"entityTextureMode": true
	},
	"textureWidth": 64,
	"textureHeight": 64,
	"textureSizes": {
		"cat": [32,32]
	},
	"textures": {
		"cat": "E:/Workspace/vintage_story_mods/cats/resources/assets/cats/textures/entity/cat/cat-male02",
		"backpack": "E:/Workspace/vintage_story_mods/petai/resources/assets/petai/textures/backpack/backpack"
	},
	"elements": [
		{
			"name": "backpack root",
			"stepParentName": "UpperTorso",
			"from": [ 5.0, -6.0, -1.0 ],
			"to": [ 12.0, 5.0, 7.2 ],
			"uv": [ 0.0, 45.0 ],
			"rotationOrigin": [ 5.0, -6.0, -1.0 ],
			"faces": {
				"north": { "texture": "#backpack", "uv": [ 0.0, 53.0, 7.0, 64.0 ] },
				"east": { "texture": "#backpack", "uv": [ 7.0, 53.0, 15.0, 64.0 ] },
				"south": { "texture": "#backpack", "uv": [ 15.0, 53.0, 22.0, 64.0 ] },
				"west": { "texture": "#backpack", "uv": [ 22.0, 53.0, 30.0, 64.0 ] },
				"up": { "texture": "#backpack", "uv": [ 0.0, 45.0, 7.0, 53.0 ] },
				"down": { "texture": "#backpack", "uv": [ 7.0, 45.0, 14.0, 53.0 ] }
			},
			"children": [
				{
					"name": "backpack right pocket",
					"from": [ 0.5, 0.5, -2.0 ],
					"to": [ 6.5, 4.0, 0.0 ],
					"uv": [ 48.0, 37.0 ],
					"rotationOrigin": [ 0.0, 0.0, -2.0 ],
					"faces": {
						"north": { "texture": "#backpack", "uv": [ 48.0, 39.0, 54.0, 42.5 ] },
						"east": { "texture": "#backpack", "uv": [ 54.0, 39.0, 56.0, 42.5 ] },
						"south": { "texture": "#backpack", "uv": [ 56.0, 39.0, 62.0, 42.5 ] },
						"west": { "texture": "#backpack", "uv": [ 62.0, 39.0, 64.0, 42.5 ] },
						"up": { "texture": "#backpack", "uv": [ 48.0, 37.0, 54.0, 39.0 ] },
						"down": { "texture": "#backpack", "uv": [ 54.0, 37.0, 60.0, 39.0 ] }
					}
				},
				{
					"name": "backpack left pocket",
					"from": [ 0.5, 0.5, 8.2 ],
					"to": [ 6.5, 4.0, 10.2 ],
					"uv": [ 48.0, 46.0 ],
					"rotationOrigin": [ 0.0, 0.0, 8.0 ],
					"faces": {
						"north": { "texture": "#backpack", "uv": [ 48.0, 48.0, 54.0, 51.5 ] },
						"east": { "texture": "#backpack", "uv": [ 54.0, 48.0, 56.0, 51.5 ] },
						"south": { "texture": "#backpack", "uv": [ 56.0, 48.0, 62.0, 51.5 ] },
						"west": { "texture": "#backpack", "uv": [ 62.0, 48.0, 64.0, 51.5 ] },
						"up": { "texture": "#backpack", "uv": [ 48.0, 46.0, 54.0, 48.0 ] },
						"down": { "texture": "#backpack", "uv": [ 54.0, 46.0, 60.0, 48.0 ] }
					}
				},
				{
					"name": "backpack back pocket",
					"from": [ 7.0, 0.5, 0.5 ],
					"to": [ 9.0, 4.5, 7.7 ],
					"uv": [ 46.0, 53.0 ],
					"rotationOrigin": [ 7.0, 0.0, 0.0 ],
					"faces": {
						"north": { "texture": "#backpack", "uv": [ 46.0, 60.0, 48.0, 64.0 ] },
						"east": { "texture": "#backpack", "uv": [ 48.0, 60.0, 55.0, 64.0 ] },
						"south": { "texture": "#backpack", "uv": [ 55.0, 60.0, 57.0, 64.0 ] },
						"west": { "texture": "#backpack", "uv": [ 57.0, 60.0, 64.0, 64.0 ] },
						"up": { "texture": "#backpack", "uv": [ 46.0, 53.0, 48.0, 60.0 ] },
						"down": { "texture": "#backpack", "uv": [ 48.0, 53.0, 50.0, 60.0 ] }
					}
				},
				{
					"name": "backpack top",
					"from": [ 1.0, 12.0, 1.5 ],
					"to": [ 5.0, 15.0, 6.7 ],
					"uv": [ 46.0, 18.0 ],
					"rotationOrigin": [ 1.0, 12.0, 1.0 ],
					"faces": {
						"north": { "texture": "#backpack", "uv": [ 46.0, 23.0, 50.0, 26.0 ] },
						"east": { "texture": "#backpack", "uv": [ 50.0, 23.0, 55.0, 26.0 ] },
						"south": { "texture": "#backpack", "uv": [ 55.0, 23.0, 59.0, 26.0 ] },
						"west": { "texture": "#backpack", "uv": [ 59.0, 23.0, 64.0, 26.0 ] },
						"up": { "texture": "#backpack", "uv": [ 46.0, 18.0, 50.0, 23.0 ] },
						"down": { "texture": "#backpack", "uv": [ 50.0, 18.0, 54.0, 23.0 ] }
					},
					"children": [
						{
							"name": "backpack top back",
							"from": [ 1.0, 0.0, 0.0 ],
							"to": [ 4.0, 3.0, 5.2 ],
							"uv": [ 0.0, 18.0 ],
							"rotationOrigin": [ 4.0, 3.0, 0.0 ],
							"rotationZ": 55.0,
							"faces": {
								"north": { "texture": "#backpack", "uv": [ 0.0, 23.0, 3.0, 26.0 ] },
								"east": { "texture": "#backpack", "uv": [ 3.0, 23.0, 8.0, 26.0 ] },
								"south": { "texture": "#backpack", "uv": [ 8.0, 23.0, 11.0, 26.0 ] },
								"west": { "texture": "#backpack", "uv": [ 11.0, 23.0, 16.0, 26.0 ] },
								"up": { "texture": "#backpack", "uv": [ 0.0, 18.0, 3.0, 23.0 ] },
								"down": { "texture": "#backpack", "uv": [ 3.0, 18.0, 6.0, 23.0 ] }
							},
							"children": [
								{
									"name": "backpack top back long",
									"from": [ 1.0, -9.0, -0.01 ],
									"to": [ 3.0, 0.0, 5.21 ],
									"uv": [ 0.0, 28.0 ],
									"rotationOrigin": [ 3.0, 0.0, 0.0 ],
									"rotationZ": -55.0,
									"faces": {
										"north": { "texture": "#backpack", "uv": [ 0.0, 33.0, 2.0, 42.0 ] },
										"east": { "texture": "#backpack", "uv": [ 2.0, 33.0, 7.0, 42.0 ] },
										"south": { "texture": "#backpack", "uv": [ 7.0, 33.0, 9.0, 42.0 ] },
										"west": { "texture": "#backpack", "uv": [ 9.0, 33.0, 14.0, 42.0 ] },
										"up": { "texture": "#backpack", "uv": [ 0.0, 28.0, 2.0, 33.0 ] },
										"down": { "texture": "#backpack", "uv": [ 2.0, 28.0, 4.0, 33.0 ] }
									}
								}
							]
						},
						{
							"name": "backpack top left",
							"from": [ 0.01, -1.0, 3.2 ],
							"to": [ 4.01, 3.0, 5.2 ],
							"uv": [ 17.0, 45.0 ],
							"rotationOrigin": [ 0.0, 3.0, 5.2 ],
							"rotationX": -33.0,
							"faces": {
								"north": { "texture": "#backpack", "uv": [ 17.0, 47.0, 21.0, 51.0 ] },
								"east": { "texture": "#backpack", "uv": [ 21.0, 47.0, 23.0, 51.0 ] },
								"south": { "texture": "#backpack", "uv": [ 23.0, 47.0, 27.0, 51.0 ] },
								"west": { "texture": "#backpack", "uv": [ 27.0, 47.0, 29.0, 51.0 ] },
								"up": { "texture": "#backpack", "uv": [ 17.0, 45.0, 21.0, 47.0 ] },
								"down": { "texture": "#backpack", "uv": [ 21.0, 45.0, 25.0, 47.0 ] }
							},
							"children": [
								{
									"name": "backpack left long",
									"from": [ -0.01, -8.0, 1.0 ],
									"to": [ 4.01, 0.0, 2.0 ],
									"uv": [ 17.0, 33.0 ],
									"rotationOrigin": [ 0.0, 0.0, 2.0 ],
									"rotationX": 33.0,
									"faces": {
										"north": { "texture": "#backpack", "uv": [ 17.0, 34.0, 21.0, 42.0 ] },
										"east": { "texture": "#backpack", "uv": [ 21.0, 34.0, 22.0, 42.0 ] },
										"south": { "texture": "#backpack", "uv": [ 22.0, 34.0, 26.0, 42.0 ] },
										"west": { "texture": "#backpack", "uv": [ 26.0, 34.0, 27.0, 42.0 ] },
										"up": { "texture": "#backpack", "uv": [ 17.0, 33.0, 21.0, 34.0 ] },
										"down": { "texture": "#backpack", "uv": [ 21.0, 33.0, 25.0, 34.0 ] }
									}
								}
							]
						},
						{
							"name": "backpack top right",
							"from": [ 0.01, -1.0, 0.0 ],
							"to": [ 4.01, 3.0, 2.0 ],
							"uv": [ 32.0, 45.0 ],
							"rotationOrigin": [ 0.0, 3.0, 0.0 ],
							"rotationX": 33.0,
							"faces": {
								"north": { "texture": "#backpack", "uv": [ 32.0, 47.0, 36.0, 51.0 ] },
								"east": { "texture": "#backpack", "uv": [ 36.0, 47.0, 38.0, 51.0 ] },
								"south": { "texture": "#backpack", "uv": [ 38.0, 47.0, 42.0, 51.0 ] },
								"west": { "texture": "#backpack", "uv": [ 42.0, 47.0, 44.0, 51.0 ] },
								"up": { "texture": "#backpack", "uv": [ 32.0, 45.0, 36.0, 47.0 ] },
								"down": { "texture": "#backpack", "uv": [ 36.0, 45.0, 40.0, 47.0 ] }
							},
							"children": [
								{
									"name": "backpack right long",
									"from": [ -0.01, -8.0, 0.0 ],
									"to": [ 4.01, 0.0, 1.0 ],
									"uv": [ 32.0, 33.0 ],
									"rotationOrigin": [ 0.0, 0.0, 0.0 ],
									"rotationX": -33.0,
									"faces": {
										"north": { "texture": "#backpack", "uv": [ 32.0, 34.0, 36.0, 42.0 ] },
										"east": { "texture": "#backpack", "uv": [ 36.0, 34.0, 37.0, 42.0 ] },
										"south": { "texture": "#backpack", "uv": [ 37.0, 34.0, 41.0, 42.0 ] },
										"west": { "texture": "#backpack", "uv": [ 41.0, 34.0, 42.0, 42.0 ] },
										"up": { "texture": "#backpack", "uv": [ 32.0, 33.0, 36.0, 34.0 ] },
										"down": { "texture": "#backpack", "uv": [ 36.0, 33.0, 40.0, 34.0 ] }
									}
								}
							]
						},
						{
							"name": "backpack top2",
							"from": [ -1.0, -1.0, -1.0 ],
							"to": [ 5.0, 1.0, 6.2 ],
							"uv": [ 0.0, 0.0 ],
							"rotationOrigin": [ -1.0, -1.0, -0.5 ],
							"faces": {
								"north": { "texture": "#backpack", "uv": [ 0.0, 7.0, 6.0, 9.0 ] },
								"east": { "texture": "#backpack", "uv": [ 6.0, 7.0, 13.0, 9.0 ] },
								"south": { "texture": "#backpack", "uv": [ 13.0, 7.0, 19.0, 9.0 ] },
								"west": { "texture": "#backpack", "uv": [ 19.0, 7.0, 26.0, 9.0 ] },
								"up": { "texture": "#backpack", "uv": [ 0.0, 0.0, 6.0, 7.0 ] },
								"down": { "texture": "#backpack", "uv": [ 6.0, 0.0, 12.0, 7.0 ] }
							}
						}
					]
				},
				{
					"name": "body",
					"from": [ 2.0, 9.0, 4.0 ],
					"to": [ 7.0, 13.0, 7.0 ],
					"unwrapMode": 5,
					"unwrapRotation": 1,
					"uv": [ 0.0, 0.0 ],
					"rotationOrigin": [ 4.0, 11.0, 5.5 ],
					"rotationY": 130.0,
					"rotationZ": -8.0,
					"faces": {
						"north": { "texture": "#cat", "uv": [ 0.0, 4.0, 4.0, 9.0 ], "rotation": 270 },
						"east": { "texture": "#cat", "uv": [ 4.0, 0.0, 7.0, 4.0 ], "rotation": 180 },
						"south": { "texture": "#cat", "uv": [ 7.0, 4.0, 11.0, 9.0 ], "rotation": 90 },
						"west": { "texture": "#cat", "uv": [ 4.0, 9.0, 7.0, 13.0 ] },
						"up": { "texture": "#cat", "uv": [ 4.0, 4.0, 7.0, 9.0 ], "rotation": 90 },
						"down": { "texture": "#cat", "uv": [ 11.0, 4.0, 14.0, 9.0 ], "rotation": 270 }
					},
					"children": [
						{
							"name": "neck",
							"from": [ -1.8, 1.4, 0.15 ],
							"to": [ 2.2, 3.9, 2.9 ],
							"unwrapMode": 5,
							"unwrapRotation": 1,
							"uv": [ 8.0, 9.0 ],
							"rotationOrigin": [ 0.2, 3.1, 1.7 ],
							"rotationZ": -29.0,
							"faces": {
								"north": { "texture": "#cat", "uv": [ 8.0, 9.0, 10.5, 13.0 ], "rotation": 270 },
								"south": { "texture": "#cat", "uv": [ 13.0, 9.0, 15.5, 13.0 ], "rotation": 90 },
								"west": { "texture": "#cat", "uv": [ 10.5, 13.0, 13.0, 15.5 ] },
								"up": { "texture": "#cat", "uv": [ 10.5, 9.0, 13.0, 13.0 ], "rotation": 90 },
								"down": { "texture": "#cat", "uv": [ 15.5, 9.0, 18.0, 13.0 ], "rotation": 270 }
							},
							"children": [
								{
									"name": "head",
									"from": [ -2.7, 0.0, -0.3 ],
									"to": [ 0.7, 2.5, 3.1 ],
									"unwrapMode": 4,
									"uv": [ 0.5, 13.0 ],
									"rotationOrigin": [ 0.0, 1.5, 1.4 ],
									"rotationZ": 36.0,
									"faces": {
										"north": { "texture": "#cat", "uv": [ 0.5, 16.0, 3.5, 18.5 ] },
										"east": { "texture": "#cat", "uv": [ 9.5, 16.0, 12.5, 18.5 ] },
										"south": { "texture": "#cat", "uv": [ 6.5, 16.0, 9.5, 18.5 ] },
										"west": { "texture": "#cat", "uv": [ 3.5, 16.0, 6.5, 18.5 ] },
										"up": { "texture": "#cat", "uv": [ 3.5, 13.0, 6.5, 16.0 ], "rotation": 90 },
										"down": { "texture": "#cat", "uv": [ 3.5, 18.5, 6.5, 21.5 ], "rotation": 90 }
									},
									"children": [
										{
											"name": "mouth",
											"from": [ -1.3, 0.6, 0.95 ],
											"to": [ 0.2, 1.5, 2.45 ],
											"unwrapMode": 5,
											"unwrapRotation": 1,
											"uv": [ 27.0, 20.0 ],
											"rotationOrigin": [ 0.7, 1.5, 1.6 ],
											"rotationZ": 27.0,
											"faces": {
												"north": { "texture": "#cat", "uv": [ 27.0, 20.0, 27.5, 21.5 ], "rotation": 270 },
												"south": { "texture": "#cat", "uv": [ 29.0, 20.0, 29.5, 21.5 ], "rotation": 90 },
												"west": { "texture": "#cat", "uv": [ 27.5, 21.5, 29.0, 22.0 ] },
												"up": { "texture": "#cat", "uv": [ 27.5, 20.0, 29.0, 21.5 ], "rotation": 90 },
												"down": { "texture": "#cat", "uv": [ 29.5, 20.0, 31.0, 21.5 ], "rotation": 270 }
											},
											"children": [
												{
													"name": "jaw",
													"from": [ 0.0, -1.1, 0.25 ],
													"to": [ 2.4, -0.4, 1.25 ],
													"unwrapMode": 5,
													"unwrapRotation": 1,
													"uv": [ 28.0, 25.0 ],
													"rotationOrigin": [ 1.6, -0.5, 0.7 ],
													"rotationZ": -15.0,
													"faces": {
														"north": { "texture": "#cat", "uv": [ 28.0, 25.0, 28.5, 27.0 ], "rotation": 270 },
														"south": { "texture": "#cat", "uv": [ 29.5, 25.0, 30.0, 27.0 ], "rotation": 90 },
														"west": { "texture": "#cat", "uv": [ 28.5, 27.0, 29.5, 27.5 ] },
														"up": { "texture": "#cat", "uv": [ 28.5, 25.0, 29.5, 27.0 ], "rotation": 90 },
														"down": { "texture": "#cat", "uv": [ 30.0, 25.0, 31.0, 27.0 ], "rotation": 270 }
													},
													"children": [
														{
															"name": "Tooth 3",
															"from": [ 0.1, 0.5, 0.1 ],
															"to": [ 0.3, 1.0, 0.3 ],
															"autoUnwrap": false,
															"uv": [ 30.0, 30.0 ],
															"rotationOrigin": [ 0.1, 0.5, 0.1 ],
															"faces": {
																"north": { "texture": "#cat", "uv": [ 31.5, 31.0, 32.0, 31.5 ] },
																"east": { "texture": "#cat", "uv": [ 31.5, 31.0, 32.0, 31.5 ] },
																"south": { "texture": "#cat", "uv": [ 31.5, 31.0, 32.0, 31.5 ] },
																"west": { "texture": "#cat", "uv": [ 31.5, 31.0, 32.0, 31.5 ] },
																"up": { "texture": "#cat", "uv": [ 31.5, 31.0, 32.0, 31.5 ] }
															}
														},
														{
															"name": "Tooth 4",
															"from": [ 0.1, 0.5, 0.7 ],
															"to": [ 0.3, 1.0, 0.9 ],
															"autoUnwrap": false,
															"uv": [ 30.0, 30.0 ],
															"rotationOrigin": [ 0.1, 0.5, 0.7 ],
															"faces": {
																"north": { "texture": "#cat", "uv": [ 31.5, 31.0, 32.0, 31.5 ] },
																"east": { "texture": "#cat", "uv": [ 31.5, 31.0, 32.0, 31.5 ] },
																"south": { "texture": "#cat", "uv": [ 31.5, 31.0, 32.0, 31.5 ] },
																"west": { "texture": "#cat", "uv": [ 31.5, 31.0, 32.0, 31.5 ] },
																"up": { "texture": "#cat", "uv": [ 31.5, 31.0, 32.0, 31.5 ] }
															}
														},
														{
															"name": "tongue",
															"from": [ 0.4, 0.7, 0.0 ],
															"to": [ 2.4, 0.8, 1.0 ],
															"autoUnwrap": false,
															"uv": [ 25.0, 23.0 ],
															"rotationOrigin": [ 2.4, 0.7, 0.5 ],
															"faces": {
																"north": { "texture": "#cat", "uv": [ 29.0, 25.0, 29.5, 27.0 ], "rotation": 90 },
																"south": { "texture": "#cat", "uv": [ 28.5, 25.0, 29.0, 27.0 ], "rotation": 90 },
																"west": { "texture": "#cat", "uv": [ 28.5, 26.5, 29.5, 27.0 ] },
																"up": { "texture": "#cat", "uv": [ 28.5, 25.0, 29.5, 27.0 ], "rotation": 90 },
																"down": { "texture": "#cat", "uv": [ 28.5, 25.0, 29.5, 27.0 ], "rotation": 270 }
															}
														}
													]
												},
												{
													"name": "nose",
													"from": [ -0.1, 0.6, 0.5 ],
													"to": [ 1.4, 1.1, 1.0 ],
													"unwrapMode": 4,
													"uv": [ 0.0, 0.0 ],
													"rotationOrigin": [ 0.0, -0.4, 0.0 ],
													"faces": {
														"north": { "texture": "#cat", "uv": [ 0.0, 1.5, 1.5, 2.0 ] },
														"east": { "texture": "#cat", "uv": [ 3.5, 1.5, 4.0, 2.0 ] },
														"south": { "texture": "#cat", "uv": [ 2.0, 1.5, 3.5, 2.0 ] },
														"west": { "texture": "#cat", "uv": [ 1.5, 1.5, 2.0, 2.0 ] },
														"up": { "texture": "#cat", "uv": [ 1.5, 0.0, 2.0, 1.5 ], "rotation": 90 },
														"down": { "texture": "#cat", "uv": [ 1.5, 2.0, 2.0, 3.5 ], "rotation": 90 }
													}
												},
												{
													"name": "Tooth 1",
													"from": [ 0.1, -0.4, 0.1 ],
													"to": [ 0.3, 0.1, 0.3 ],
													"autoUnwrap": false,
													"uv": [ 30.0, 30.0 ],
													"rotationOrigin": [ 0.1, -0.4, 1.1 ],
													"faces": {
														"north": { "texture": "#cat", "uv": [ 31.5, 31.0, 32.0, 31.5 ] },
														"east": { "texture": "#cat", "uv": [ 31.5, 31.0, 32.0, 31.5 ] },
														"south": { "texture": "#cat", "uv": [ 31.5, 31.0, 32.0, 31.5 ] },
														"west": { "texture": "#cat", "uv": [ 31.5, 31.0, 32.0, 31.5 ] },
														"up": { "texture": "#cat", "uv": [ 31.5, 31.0, 32.0, 31.5 ] }
													}
												},
												{
													"name": "Tooth 2",
													"from": [ 0.1, -0.4, 1.2 ],
													"to": [ 0.3, 0.1, 1.4 ],
													"autoUnwrap": false,
													"uv": [ 30.0, 30.0 ],
													"rotationOrigin": [ 0.1, -0.4, 2.2 ],
													"faces": {
														"north": { "texture": "#cat", "uv": [ 31.5, 31.0, 32.0, 31.5 ] },
														"east": { "texture": "#cat", "uv": [ 31.5, 31.0, 32.0, 31.5 ] },
														"south": { "texture": "#cat", "uv": [ 31.5, 31.0, 32.0, 31.5 ] },
														"west": { "texture": "#cat", "uv": [ 31.5, 31.0, 32.0, 31.5 ] },
														"up": { "texture": "#cat", "uv": [ 31.5, 31.0, 32.0, 31.5 ] }
													}
												}
											],
											"attachmentpoints": []
										},
										{
											"name": "L ear",
											"from": [ 1.6, 1.9, 2.0 ],
											"to": [ 2.5, 3.3, 3.5 ],
											"unwrapMode": 4,
											"uv": [ 14.0, 0.0 ],
											"rotationOrigin": [ 1.9, 1.9, 2.8 ],
											"rotationX": 14.0,
											"rotationY": 20.0,
											"rotationZ": 10.0,
											"faces": {
												"north": { "texture": "#cat", "uv": [ 14.0, 0.5, 14.5, 1.5 ] },
												"east": { "texture": "#cat", "uv": [ 16.5, 0.5, 18.0, 1.5 ] },
												"south": { "texture": "#cat", "uv": [ 16.0, 0.5, 16.5, 1.5 ] },
												"west": { "texture": "#cat", "uv": [ 14.5, 0.5, 16.0, 1.5 ] },
												"up": { "texture": "#cat", "uv": [ 14.5, 0.0, 16.0, 0.5 ], "rotation": 90 }
											},
											"children": [
												{
													"name": "L ear 2",
													"from": [ 0.0, 1.4, 0.3 ],
													"to": [ 0.6, 2.0, 1.0 ],
													"autoUnwrap": false,
													"uv": [ 0.0, 0.0 ],
													"faces": {
														"north": { "texture": "#cat", "uv": [ 0.0, 0.5, 0.5, 0.0 ], "windMode": [-1,-1,-1,-1] },
														"east": { "texture": "#cat", "uv": [ 0.5, 0.5, 1.0, 1.0 ] },
														"south": { "texture": "#cat", "uv": [ 1.0, 0.5, 1.5, 1.0 ] },
														"west": { "texture": "#cat", "uv": [ 0.0, 1.0, 0.5, 1.5 ] },
														"up": { "texture": "#cat", "uv": [ 0.0, 0.0, 0.5, 0.5 ] }
													}
												},
												{
													"name": "L ear 3",
													"from": [ 0.0, 2.0, 0.4 ],
													"to": [ 0.5, 2.3, 0.8 ],
													"autoUnwrap": false,
													"uv": [ 0.0, 0.0 ],
													"rotationOrigin": [ 0.0, 2.0, 0.4 ],
													"faces": {
														"north": { "texture": "#cat", "uv": [ 0.0, 0.5, 0.5, 1.0 ], "windMode": [-1,-1,-1,-1] },
														"east": { "texture": "#cat", "uv": [ 0.5, 0.5, 1.0, 1.0 ] },
														"south": { "texture": "#cat", "uv": [ 1.0, 0.5, 1.5, 1.0 ] },
														"west": { "texture": "#cat", "uv": [ 0.0, 1.0, 0.5, 1.5 ], "windMode": [-1,-1,-1,-1] },
														"up": { "texture": "#cat", "uv": [ 0.0, 0.0, 0.5, 0.5 ] },
														"down": { "texture": "#cat", "uv": [ 0.5, 0.0, 1.0, 0.5 ] }
													}
												}
											]
										},
										{
											"name": "R ear",
											"from": [ 1.6, 1.9, 0.0 ],
											"to": [ 2.5, 3.3, 1.5 ],
											"unwrapMode": 4,
											"uv": [ 10.0, 0.0 ],
											"rotationOrigin": [ 1.9, 1.9, 0.6 ],
											"rotationX": -14.0,
											"rotationY": -20.0,
											"rotationZ": 10.0,
											"faces": {
												"north": { "texture": "#cat", "uv": [ 10.0, 0.5, 10.5, 1.5 ] },
												"east": { "texture": "#cat", "uv": [ 12.5, 0.5, 14.0, 1.5 ] },
												"south": { "texture": "#cat", "uv": [ 12.0, 0.5, 12.5, 1.5 ] },
												"west": { "texture": "#cat", "uv": [ 10.5, 0.5, 12.0, 1.5 ] },
												"up": { "texture": "#cat", "uv": [ 10.5, 0.0, 12.0, 0.5 ], "rotation": 90 }
											},
											"children": [
												{
													"name": "R ear 2",
													"from": [ 0.0, 1.4, 0.4 ],
													"to": [ 0.6, 2.0, 1.1 ],
													"autoUnwrap": false,
													"uv": [ 0.0, 0.0 ],
													"rotationOrigin": [ 0.0, 0.0, 0.1 ],
													"faces": {
														"north": { "texture": "#cat", "uv": [ 0.0, 0.5, 0.5, 1.0 ] },
														"east": { "texture": "#cat", "uv": [ 0.5, 0.5, 1.0, 1.0 ] },
														"south": { "texture": "#cat", "uv": [ 1.0, 0.5, 1.5, 1.0 ] },
														"west": { "texture": "#cat", "uv": [ 0.0, 1.0, 0.5, 1.5 ] },
														"up": { "texture": "#cat", "uv": [ 0.0, 0.0, 0.5, 0.5 ] }
													}
												},
												{
													"name": "R ear 3",
													"from": [ 0.0, 2.0, 0.6 ],
													"to": [ 0.5, 2.3, 1.0 ],
													"autoUnwrap": false,
													"uv": [ 0.0, 0.0 ],
													"rotationOrigin": [ 0.0, 2.0, 0.6 ],
													"faces": {
														"north": { "texture": "#cat", "uv": [ 0.0, 0.5, 0.5, 1.0 ] },
														"east": { "texture": "#cat", "uv": [ 0.5, 0.5, 1.0, 1.0 ] },
														"south": { "texture": "#cat", "uv": [ 1.0, 0.5, 1.5, 1.0 ] },
														"west": { "texture": "#cat", "uv": [ 0.0, 1.0, 0.5, 1.5 ] },
														"up": { "texture": "#cat", "uv": [ 0.0, 0.0, 0.5, 0.5 ] },
														"down": { "texture": "#cat", "uv": [ 0.5, 0.0, 1.0, 0.5 ] }
													}
												}
											]
										},
										{
											"name": "R pupil",
											"from": [ -0.02, 1.0, 0.35 ],
											"to": [ 0.23, 1.5, 0.75 ],
											"autoUnwrap": false,
											"uv": [ 0.0, 0.0 ],
											"rotationOrigin": [ -0.1, 1.2, 0.45 ],
											"faces": {
												"west": { "texture": "#cat", "uv": [ 31.5, 31.5, 32.0, 32.0 ] }
											}
										},
										{
											"name": "L pupil",
											"from": [ -0.02, 1.0, 2.65 ],
											"to": [ 0.18, 1.5, 3.05 ],
											"autoUnwrap": false,
											"uv": [ 0.0, 0.0 ],
											"rotationOrigin": [ -0.1, 1.4, 2.7 ],
											"faces": {
												"west": { "texture": "#cat", "uv": [ 31.5, 31.5, 32.0, 32.0 ] }
											}
										},
										{
											"name": "R lid",
											"from": [ -0.2, 1.2, 0.0 ],
											"to": [ 0.55, 1.7, 1.3 ],
											"uv": [ 10.0, 2.0 ],
											"rotationOrigin": [ 0.6, 1.1, 1.1 ],
											"rotationX": 6.0,
											"rotationZ": -45.0,
											"faces": {
												"north": { "texture": "#cat", "uv": [ 10.0, 3.0, 10.5, 3.5 ] },
												"east": { "texture": "#cat", "uv": [ 10.5, 3.0, 11.5, 3.5 ] },
												"south": { "texture": "#cat", "uv": [ 11.5, 3.0, 12.0, 3.5 ] },
												"west": { "texture": "#cat", "uv": [ 12.0, 3.0, 13.0, 3.5 ] },
												"up": { "texture": "#cat", "uv": [ 10.0, 2.0, 10.5, 3.0 ] },
												"down": { "texture": "#cat", "uv": [ 10.5, 2.0, 11.0, 3.0 ] }
											}
										},
										{
											"name": "L lid",
											"from": [ -0.2, 1.2, 2.05 ],
											"to": [ 0.55, 1.7, 3.35 ],
											"uv": [ 10.0, 2.0 ],
											"rotationOrigin": [ 0.6, 1.1, 2.6 ],
											"rotationX": -6.0,
											"rotationZ": -45.0,
											"faces": {
												"north": { "texture": "#cat", "uv": [ 10.0, 3.0, 10.5, 3.5 ] },
												"east": { "texture": "#cat", "uv": [ 10.5, 3.0, 11.5, 3.5 ] },
												"south": { "texture": "#cat", "uv": [ 11.5, 3.0, 12.0, 3.5 ] },
												"west": { "texture": "#cat", "uv": [ 12.0, 3.0, 13.0, 3.5 ] },
												"up": { "texture": "#cat", "uv": [ 10.0, 2.0, 10.5, 3.0 ] },
												"down": { "texture": "#cat", "uv": [ 10.5, 2.0, 11.0, 3.0 ] }
											}
										},
										{
											"name": "R lid 2",
											"from": [ -0.05, 1.0, 0.15 ],
											"to": [ 0.7, 1.45, 1.45 ],
											"uv": [ 10.0, 2.0 ],
											"rotationOrigin": [ 0.3, 1.4, 0.2 ],
											"rotationX": 12.0,
											"rotationZ": 60.0,
											"faces": {
												"north": { "texture": "#cat", "uv": [ 10.0, 3.0, 10.5, 3.5 ] },
												"east": { "texture": "#cat", "uv": [ 10.5, 3.0, 11.5, 3.5 ] },
												"south": { "texture": "#cat", "uv": [ 11.5, 3.0, 12.0, 3.5 ] },
												"west": { "texture": "#cat", "uv": [ 12.0, 3.0, 13.0, 3.5 ] },
												"up": { "texture": "#cat", "uv": [ 10.0, 2.0, 10.5, 3.0 ] },
												"down": { "texture": "#cat", "uv": [ 10.5, 2.0, 11.0, 3.0 ] }
											}
										},
										{
											"name": "L lid 2",
											"from": [ -0.15, 0.75, 2.02 ],
											"to": [ 0.6, 1.2, 3.32 ],
											"uv": [ 10.0, 2.0 ],
											"rotationOrigin": [ 0.2, 1.2, 2.6 ],
											"rotationX": -12.0,
											"rotationZ": 60.0,
											"faces": {
												"north": { "texture": "#cat", "uv": [ 10.0, 3.0, 10.5, 3.5 ] },
												"east": { "texture": "#cat", "uv": [ 10.5, 3.0, 11.5, 3.5 ] },
												"south": { "texture": "#cat", "uv": [ 11.5, 3.0, 12.0, 3.5 ] },
												"west": { "texture": "#cat", "uv": [ 12.0, 3.0, 13.0, 3.5 ] },
												"up": { "texture": "#cat", "uv": [ 10.0, 2.0, 10.5, 3.0 ] },
												"down": { "texture": "#cat", "uv": [ 10.5, 2.0, 11.0, 3.0 ] }
											}
										},
										{
											"name": "Cheeks",
											"from": [ -0.5, 0.1, 0.0 ],
											"to": [ 0.0, 0.8, 3.4 ],
											"autoUnwrap": false,
											"uv": [ 0.0, 0.0 ],
											"rotationOrigin": [ -0.5, 0.1, 0.0 ],
											"faces": {
												"north": { "texture": "#cat", "uv": [ 3.0, 17.5, 3.5, 18.0 ] },
												"south": { "texture": "#cat", "uv": [ 6.5, 17.5, 7.0, 18.0 ] },
												"west": { "texture": "#cat", "uv": [ 3.5, 18.0, 6.5, 18.5 ] },
												"up": { "texture": "#cat", "uv": [ 3.5, 18.0, 6.5, 18.5 ], "rotation": 90 },
												"down": { "texture": "#cat", "uv": [ 3.5, 18.0, 6.5, 18.5 ], "rotation": 90 }
											}
										},
										{
											"name": "L pupil2",
											"from": [ -0.02, 1.0, 2.65 ],
											"to": [ 0.18, 1.5, 3.05 ],
											"autoUnwrap": false,
											"uv": [ 0.0, 0.0 ],
											"rotationOrigin": [ -0.1, 1.4, 2.7 ],
											"faces": {
												"west": { "texture": "#cat", "uv": [ 31.5, 31.5, 32.0, 32.0 ] }
											}
										},
										{
											"name": "R pupil2",
											"from": [ -0.02, 1.0, 0.35 ],
											"to": [ 0.23, 1.5, 0.75 ],
											"autoUnwrap": false,
											"uv": [ 0.0, 0.0 ],
											"rotationOrigin": [ -0.1, 1.2, 0.45 ],
											"faces": {
												"west": { "texture": "#cat", "uv": [ 31.5, 31.5, 32.0, 32.0 ] }
											}
										}
									]
								}
							]
						}
					],
					"attachmentpoints": [
						{
							"code": "Center",
							"posX": "4.0","posY": "2.0","posZ": "2.0",
							"rotationX": "0.0","rotationY": "0.0","rotationZ": "0.0"
						}
					]
				}
			]
		}
	],
	"animations": [
		{
			"name": "Idle1",
			"code": "idle1",
			"quantityframes": 50,
			"onActivityStopped": "Rewind",
			"onAnimationEnd": "Repeat",
			"keyframes": [
				{
					"frame": 0,
					"elements": {
						"neck": { "rotationX": 0.0, "rotationY": 0.0, "rotationZ": -11.0 },
						"head": { "rotationX": 0.0, "rotationY": 0.0, "rotationZ": 11.0 },
						"jaw": { "rotationX": 0.0, "rotationY": 0.0, "rotationZ": 30.0 }
					}
				},
				{
					"frame": 20,
					"elements": {
						"neck": { "rotationX": 0.0, "rotationY": 0.0, "rotationZ": 11.0 },
						"head": { "rotationX": 0.0, "rotationY": 0.0, "rotationZ": -11.0 },
						"jaw": { "rotationX": 0.0, "rotationY": 0.0, "rotationZ": 0.0 }
					}
				}
			]
		},

		{
			"name": "Walk",
			"code": "walk",
			"quantityframes": 25,
			"onActivityStopped": "Rewind",
			"onAnimationEnd": "Repeat",
			"keyframes": [
				{
					"frame": 0,
					"elements": {
						"neck": { "rotationX": 0.0, "rotationY": 0.0, "rotationZ": -11.0 },
						"head": { "rotationX": 0.0, "rotationY": 0.0, "rotationZ": 11.0 },
						"jaw": { "rotationX": 0.0, "rotationY": 0.0, "rotationZ": 30.0 }
					}
				},
				{
					"frame": 10,
					"elements": {
						"neck": { "rotationX": 0.0, "rotationY": 0.0, "rotationZ": 11.0 },
						"head": { "rotationX": 0.0, "rotationY": 0.0, "rotationZ": -11.0 },
						"jaw": { "rotationX": 0.0, "rotationY": 0.0, "rotationZ": 0.0 }
					}
				}
			]
		},

		{
			"name": "Sprint",
			"code": "sprint",
			"quantityframes": 24,
			"onActivityStopped": "Rewind",
			"onAnimationEnd": "Repeat",
			"keyframes": [
				{
					"frame": 0,
					"elements": {
						"neck": { "offsetX": 0.0, "offsetY": 0.0, "offsetZ": 0.0, "rotationX": 0.0, "rotationY": 0.0, "rotationZ": 0.0 },
						"head": { "rotationX": -28.0, "rotationY": 39.0, "rotationZ": 3.0 },
						"jaw": { "rotationX": 0.0, "rotationY": 0.0, "rotationZ": 14.0 },
						"L ear": { "rotationX": 0.0, "rotationY": 0.0, "rotationZ": 30.0 },
						"R ear": { "rotationX": 0.0, "rotationY": 0.0, "rotationZ": 33.0 },
						"R lid": { "rotationX": 0.0, "rotationY": 0.0, "rotationZ": 0.0 },
						"L lid": { "rotationX": 0.0, "rotationY": 0.0, "rotationZ": 0.0 }
					}
				},
				{
					"frame": 12,
					"elements": {
						"neck": { "offsetX": 0.0, "offsetY": 0.0, "offsetZ": 0.0, "rotationX": 8.0, "rotationY": 0.0, "rotationZ": 14.0 },
						"head": { "rotationX": -28.0, "rotationY": 39.0, "rotationZ": -11.0 },
						"jaw": { "rotationX": 0.0, "rotationY": 0.0, "rotationZ": 33.0 },
						"L ear": { "rotationX": 0.0, "rotationY": 25.0, "rotationZ": 30.0 },
						"R ear": { "rotationX": 0.0, "rotationY": -22.0, "rotationZ": 33.0 },
						"R lid": { "rotationX": 0.0, "rotationY": 0.0, "rotationZ": 0.0 },
						"L lid": { "rotationX": 0.0, "rotationY": 0.0, "rotationZ": 0.0 }
					}
				}
			]
		}
	]
}