{
	"editor": {
		"backDropShape": "E:/Vintagestory/assets/game/shapes/entity/humanoid/seraph-hairless",
		"allAngles": true,
		"entityTextureMode": true
	},
	"textureWidth": 64,
	"textureHeight": 64,
	"textureSizes": {
		"cat": [32,32]
	},
	"textures": {
		"cat": "E:/Workspace/vintage_story_mods/cats/resources/assets/cats/textures/entity/kitten/kitten02",
		"backpack": "E:/Workspace/vintage_story_mods/petai/resources/assets/petai/textures/backpack/backpack"
	},
	"elements": [
		{
			"name": "backpack root",
			"stepParentName": "UpperTorso",
			"from": [ 5.0, -6.0, -1.0 ],
			"to": [ 12.0, 5.0, 7.2 ],
			"uv": [ 0.0, 45.0 ],
			"rotationOrigin": [ 5.0, -6.0, -1.0 ],
			"faces": {
				"north": { "texture": "#backpack", "uv": [ 0.0, 53.0, 7.0, 64.0 ] },
				"east": { "texture": "#backpack", "uv": [ 7.0, 53.0, 15.0, 64.0 ] },
				"south": { "texture": "#backpack", "uv": [ 15.0, 53.0, 22.0, 64.0 ] },
				"west": { "texture": "#backpack", "uv": [ 22.0, 53.0, 30.0, 64.0 ] },
				"up": { "texture": "#backpack", "uv": [ 0.0, 45.0, 7.0, 53.0 ] },
				"down": { "texture": "#backpack", "uv": [ 7.0, 45.0, 14.0, 53.0 ] }
			},
			"children": [
				{
					"name": "backpack right pocket",
					"from": [ 0.5, 0.5, -2.0 ],
					"to": [ 6.5, 4.0, 0.0 ],
					"uv": [ 48.0, 37.0 ],
					"rotationOrigin": [ 0.0, 0.0, -2.0 ],
					"faces": {
						"north": { "texture": "#backpack", "uv": [ 48.0, 39.0, 54.0, 42.5 ] },
						"east": { "texture": "#backpack", "uv": [ 54.0, 39.0, 56.0, 42.5 ] },
						"south": { "texture": "#backpack", "uv": [ 56.0, 39.0, 62.0, 42.5 ] },
						"west": { "texture": "#backpack", "uv": [ 62.0, 39.0, 64.0, 42.5 ] },
						"up": { "texture": "#backpack", "uv": [ 48.0, 37.0, 54.0, 39.0 ] },
						"down": { "texture": "#backpack", "uv": [ 54.0, 37.0, 60.0, 39.0 ] }
					}
				},
				{
					"name": "backpack left pocket",
					"from": [ 0.5, 0.5, 8.2 ],
					"to": [ 6.5, 4.0, 10.2 ],
					"uv": [ 48.0, 46.0 ],
					"rotationOrigin": [ 0.0, 0.0, 8.0 ],
					"faces": {
						"north": { "texture": "#backpack", "uv": [ 48.0, 48.0, 54.0, 51.5 ] },
						"east": { "texture": "#backpack", "uv": [ 54.0, 48.0, 56.0, 51.5 ] },
						"south": { "texture": "#backpack", "uv": [ 56.0, 48.0, 62.0, 51.5 ] },
						"west": { "texture": "#backpack", "uv": [ 62.0, 48.0, 64.0, 51.5 ] },
						"up": { "texture": "#backpack", "uv": [ 48.0, 46.0, 54.0, 48.0 ] },
						"down": { "texture": "#backpack", "uv": [ 54.0, 46.0, 60.0, 48.0 ] }
					}
				},
				{
					"name": "backpack back pocket",
					"from": [ 7.0, 0.5, 0.5 ],
					"to": [ 9.0, 4.5, 7.7 ],
					"uv": [ 46.0, 53.0 ],
					"rotationOrigin": [ 7.0, 0.0, 0.0 ],
					"faces": {
						"north": { "texture": "#backpack", "uv": [ 46.0, 60.0, 48.0, 64.0 ] },
						"east": { "texture": "#backpack", "uv": [ 48.0, 60.0, 55.0, 64.0 ] },
						"south": { "texture": "#backpack", "uv": [ 55.0, 60.0, 57.0, 64.0 ] },
						"west": { "texture": "#backpack", "uv": [ 57.0, 60.0, 64.0, 64.0 ] },
						"up": { "texture": "#backpack", "uv": [ 46.0, 53.0, 48.0, 60.0 ] },
						"down": { "texture": "#backpack", "uv": [ 48.0, 53.0, 50.0, 60.0 ] }
					}
				},
				{
					"name": "backpack top",
					"from": [ 1.0, 12.0, 1.5 ],
					"to": [ 5.0, 15.0, 6.7 ],
					"uv": [ 46.0, 18.0 ],
					"rotationOrigin": [ 1.0, 12.0, 1.0 ],
					"faces": {
						"north": { "texture": "#backpack", "uv": [ 46.0, 23.0, 50.0, 26.0 ] },
						"east": { "texture": "#backpack", "uv": [ 50.0, 23.0, 55.0, 26.0 ] },
						"south": { "texture": "#backpack", "uv": [ 55.0, 23.0, 59.0, 26.0 ] },
						"west": { "texture": "#backpack", "uv": [ 59.0, 23.0, 64.0, 26.0 ] },
						"up": { "texture": "#backpack", "uv": [ 46.0, 18.0, 50.0, 23.0 ] },
						"down": { "texture": "#backpack", "uv": [ 50.0, 18.0, 54.0, 23.0 ] }
					},
					"children": [
						{
							"name": "backpack top back",
							"from": [ 1.0, 0.0, 0.0 ],
							"to": [ 4.0, 3.0, 5.2 ],
							"uv": [ 0.0, 18.0 ],
							"rotationOrigin": [ 4.0, 3.0, 0.0 ],
							"rotationZ": 55.0,
							"faces": {
								"north": { "texture": "#backpack", "uv": [ 0.0, 23.0, 3.0, 26.0 ] },
								"east": { "texture": "#backpack", "uv": [ 3.0, 23.0, 8.0, 26.0 ] },
								"south": { "texture": "#backpack", "uv": [ 8.0, 23.0, 11.0, 26.0 ] },
								"west": { "texture": "#backpack", "uv": [ 11.0, 23.0, 16.0, 26.0 ] },
								"up": { "texture": "#backpack", "uv": [ 0.0, 18.0, 3.0, 23.0 ] },
								"down": { "texture": "#backpack", "uv": [ 3.0, 18.0, 6.0, 23.0 ] }
							},
							"children": [
								{
									"name": "backpack top back long",
									"from": [ 1.0, -9.0, -0.01 ],
									"to": [ 3.0, 0.0, 5.21 ],
									"uv": [ 0.0, 28.0 ],
									"rotationOrigin": [ 3.0, 0.0, 0.0 ],
									"rotationZ": -55.0,
									"faces": {
										"north": { "texture": "#backpack", "uv": [ 0.0, 33.0, 2.0, 42.0 ] },
										"east": { "texture": "#backpack", "uv": [ 2.0, 33.0, 7.0, 42.0 ] },
										"south": { "texture": "#backpack", "uv": [ 7.0, 33.0, 9.0, 42.0 ] },
										"west": { "texture": "#backpack", "uv": [ 9.0, 33.0, 14.0, 42.0 ] },
										"up": { "texture": "#backpack", "uv": [ 0.0, 28.0, 2.0, 33.0 ] },
										"down": { "texture": "#backpack", "uv": [ 2.0, 28.0, 4.0, 33.0 ] }
									}
								}
							]
						},
						{
							"name": "backpack top left",
							"from": [ 0.01, -1.0, 3.2 ],
							"to": [ 4.01, 3.0, 5.2 ],
							"uv": [ 17.0, 45.0 ],
							"rotationOrigin": [ 0.0, 3.0, 5.2 ],
							"rotationX": -33.0,
							"faces": {
								"north": { "texture": "#backpack", "uv": [ 17.0, 47.0, 21.0, 51.0 ] },
								"east": { "texture": "#backpack", "uv": [ 21.0, 47.0, 23.0, 51.0 ] },
								"south": { "texture": "#backpack", "uv": [ 23.0, 47.0, 27.0, 51.0 ] },
								"west": { "texture": "#backpack", "uv": [ 27.0, 47.0, 29.0, 51.0 ] },
								"up": { "texture": "#backpack", "uv": [ 17.0, 45.0, 21.0, 47.0 ] },
								"down": { "texture": "#backpack", "uv": [ 21.0, 45.0, 25.0, 47.0 ] }
							},
							"children": [
								{
									"name": "backpack left long",
									"from": [ -0.01, -8.0, 1.0 ],
									"to": [ 4.01, 0.0, 2.0 ],
									"uv": [ 17.0, 33.0 ],
									"rotationOrigin": [ 0.0, 0.0, 2.0 ],
									"rotationX": 33.0,
									"faces": {
										"north": { "texture": "#backpack", "uv": [ 17.0, 34.0, 21.0, 42.0 ] },
										"east": { "texture": "#backpack", "uv": [ 21.0, 34.0, 22.0, 42.0 ] },
										"south": { "texture": "#backpack", "uv": [ 22.0, 34.0, 26.0, 42.0 ] },
										"west": { "texture": "#backpack", "uv": [ 26.0, 34.0, 27.0, 42.0 ] },
										"up": { "texture": "#backpack", "uv": [ 17.0, 33.0, 21.0, 34.0 ] },
										"down": { "texture": "#backpack", "uv": [ 21.0, 33.0, 25.0, 34.0 ] }
									}
								}
							]
						},
						{
							"name": "backpack top right",
							"from": [ 0.01, -1.0, 0.0 ],
							"to": [ 4.01, 3.0, 2.0 ],
							"uv": [ 32.0, 45.0 ],
							"rotationOrigin": [ 0.0, 3.0, 0.0 ],
							"rotationX": 33.0,
							"faces": {
								"north": { "texture": "#backpack", "uv": [ 32.0, 47.0, 36.0, 51.0 ] },
								"east": { "texture": "#backpack", "uv": [ 36.0, 47.0, 38.0, 51.0 ] },
								"south": { "texture": "#backpack", "uv": [ 38.0, 47.0, 42.0, 51.0 ] },
								"west": { "texture": "#backpack", "uv": [ 42.0, 47.0, 44.0, 51.0 ] },
								"up": { "texture": "#backpack", "uv": [ 32.0, 45.0, 36.0, 47.0 ] },
								"down": { "texture": "#backpack", "uv": [ 36.0, 45.0, 40.0, 47.0 ] }
							},
							"children": [
								{
									"name": "backpack right long",
									"from": [ -0.01, -8.0, 0.0 ],
									"to": [ 4.01, 0.0, 1.0 ],
									"uv": [ 32.0, 33.0 ],
									"rotationOrigin": [ 0.0, 0.0, 0.0 ],
									"rotationX": -33.0,
									"faces": {
										"north": { "texture": "#backpack", "uv": [ 32.0, 34.0, 36.0, 42.0 ] },
										"east": { "texture": "#backpack", "uv": [ 36.0, 34.0, 37.0, 42.0 ] },
										"south": { "texture": "#backpack", "uv": [ 37.0, 34.0, 41.0, 42.0 ] },
										"west": { "texture": "#backpack", "uv": [ 41.0, 34.0, 42.0, 42.0 ] },
										"up": { "texture": "#backpack", "uv": [ 32.0, 33.0, 36.0, 34.0 ] },
										"down": { "texture": "#backpack", "uv": [ 36.0, 33.0, 40.0, 34.0 ] }
									}
								}
							]
						},
						{
							"name": "backpack top2",
							"from": [ -1.0, -1.0, -1.0 ],
							"to": [ 5.0, 1.0, 6.2 ],
							"uv": [ 0.0, 0.0 ],
							"rotationOrigin": [ -1.0, -1.0, -0.5 ],
							"faces": {
								"north": { "texture": "#backpack", "uv": [ 0.0, 7.0, 6.0, 9.0 ] },
								"east": { "texture": "#backpack", "uv": [ 6.0, 7.0, 13.0, 9.0 ] },
								"south": { "texture": "#backpack", "uv": [ 13.0, 7.0, 19.0, 9.0 ] },
								"west": { "texture": "#backpack", "uv": [ 19.0, 7.0, 26.0, 9.0 ] },
								"up": { "texture": "#backpack", "uv": [ 0.0, 0.0, 6.0, 7.0 ] },
								"down": { "texture": "#backpack", "uv": [ 6.0, 0.0, 12.0, 7.0 ] }
							}
						}
					]
				},
				{
					"name": "abdomen",
					"from": [ 4.0, 1.5, 4.0 ],
					"to": [ 7.0, 3.7, 6.0 ],
					"uv": [ 0.0, 6.0 ],
					"rotationOrigin": [ 5.5, 2.0, 5.0 ],
					"rotationY": 141.0,
					"rotationZ": -6.0,
					"faces": {
						"north": { "texture": "#cat", "uv": [ 0.0, 8.0, 3.0, 10.0 ] },
						"east": { "texture": "#cat", "uv": [ 3.0, 8.0, 5.0, 10.0 ] },
						"south": { "texture": "#cat", "uv": [ 5.0, 8.0, 8.0, 10.0 ] },
						"west": { "texture": "#cat", "uv": [ 8.0, 8.0, 10.0, 10.0 ] },
						"up": { "texture": "#cat", "uv": [ 0.0, 6.0, 3.0, 8.0 ] },
						"down": { "texture": "#cat", "uv": [ 3.0, 6.0, 6.0, 8.0 ] }
					},
					"children": [
						{
							"name": "thorax",
							"from": [ -1.8, 0.15, 0.15 ],
							"to": [ 0.7, 2.05, 1.9 ],
							"uv": [ 0.0, 15.0 ],
							"rotationOrigin": [ 0.0, 1.1, 1.0 ],
							"faces": {
								"north": { "texture": "#cat", "uv": [ 0.0, 16.5, 2.5, 18.0 ] },
								"east": { "texture": "#cat", "uv": [ 2.5, 16.5, 4.0, 18.0 ] },
								"south": { "texture": "#cat", "uv": [ 4.0, 16.5, 6.5, 18.0 ] },
								"west": { "texture": "#cat", "uv": [ 6.5, 16.5, 8.0, 18.0 ] },
								"up": { "texture": "#cat", "uv": [ 0.0, 15.0, 2.5, 16.5 ] },
								"down": { "texture": "#cat", "uv": [ 2.5, 15.0, 5.0, 16.5 ] }
							},
							"children": [
								{
									"name": "neck",
									"from": [ -1.0, 0.1, 0.1 ],
									"to": [ 0.7, 1.9, 1.6 ],
									"uv": [ 0.0, 18.5 ],
									"rotationOrigin": [ 0.5, 0.85, 0.75 ],
									"rotationZ": -8.0,
									"faces": {
										"north": { "texture": "#cat", "uv": [ 0.0, 20.0, 1.5, 21.5 ] },
										"east": { "texture": "#cat", "uv": [ 1.5, 20.0, 3.0, 21.5 ] },
										"south": { "texture": "#cat", "uv": [ 3.0, 20.0, 4.5, 21.5 ] },
										"west": { "texture": "#cat", "uv": [ 4.5, 20.0, 6.0, 21.5 ] },
										"up": { "texture": "#cat", "uv": [ 0.0, 18.5, 1.5, 20.0 ] },
										"down": { "texture": "#cat", "uv": [ 1.5, 18.5, 3.0, 20.0 ] }
									},
									"children": [
										{
											"name": "head",
											"from": [ -1.7, -0.1, -0.4 ],
											"to": [ 0.3, 1.9, 1.8 ],
											"uv": [ 0.0, 10.5 ],
											"rotationOrigin": [ -0.2, 1.05, 0.7 ],
											"rotationZ": 8.0,
											"faces": {
												"north": { "texture": "#cat", "uv": [ 0.0, 12.5, 2.0, 14.5 ] },
												"east": { "texture": "#cat", "uv": [ 2.0, 12.5, 4.0, 14.5 ] },
												"south": { "texture": "#cat", "uv": [ 4.0, 12.5, 6.0, 14.5 ] },
												"west": { "texture": "#cat", "uv": [ 6.0, 12.5, 8.0, 14.5 ] },
												"up": { "texture": "#cat", "uv": [ 0.0, 10.5, 2.0, 12.5 ] },
												"down": { "texture": "#cat", "uv": [ 2.0, 10.5, 4.0, 12.5 ] }
											},
											"children": [
												{
													"name": "muzzle",
													"from": [ -0.4, 0.05, 0.6 ],
													"to": [ 0.6, 0.75, 1.6 ],
													"unwrapRotation": 1,
													"uv": [ 4.5, 10.5 ],
													"rotationOrigin": [ 0.6, 0.6, 1.1 ],
													"rotationZ": 14.0,
													"faces": {
														"north": { "texture": "#cat", "uv": [ 4.5, 11.5, 5.5, 12.0 ] },
														"east": { "texture": "#cat", "uv": [ 5.5, 11.5, 6.5, 12.0 ] },
														"south": { "texture": "#cat", "uv": [ 6.5, 11.5, 7.5, 12.0 ] },
														"west": { "texture": "#cat", "uv": [ 7.5, 11.5, 8.5, 12.0 ] },
														"up": { "texture": "#cat", "uv": [ 4.5, 10.5, 5.5, 11.5 ] },
														"down": { "texture": "#cat", "uv": [ 5.5, 10.5, 6.5, 11.5 ] }
													},
													"children": [
														{
															"name": "nose",
															"from": [ -0.05, 0.4, 0.25 ],
															"to": [ 0.95, 0.8, 0.75 ],
															"uv": [ 9.0, 10.5 ],
															"rotationOrigin": [ 0.9, 0.7, 0.5 ],
															"faces": {
																"north": { "texture": "#cat", "uv": [ 9.0, 11.0, 10.0, 11.5 ] },
																"east": { "texture": "#cat", "uv": [ 10.0, 11.0, 10.5, 11.5 ] },
																"south": { "texture": "#cat", "uv": [ 10.5, 11.0, 11.5, 11.5 ] },
																"west": { "texture": "#cat", "uv": [ 11.5, 11.0, 12.0, 11.5 ] },
																"up": { "texture": "#cat", "uv": [ 9.0, 10.5, 10.0, 11.0 ] },
																"down": { "texture": "#cat", "uv": [ 10.0, 10.5, 11.0, 11.0 ] }
															}
														},
														{
															"name": "jaw",
															"from": [ 0.1459, -0.3, 0.1 ],
															"to": [ 1.6459, 0.0, 0.9 ],
															"uv": [ 9.0, 12.0 ],
															"rotationOrigin": [ 1.1459, -0.0548, 0.5 ],
															"rotationZ": -6.0,
															"faces": {
																"north": { "texture": "#cat", "uv": [ 9.0, 12.5, 10.5, 13.0 ] },
																"east": { "texture": "#cat", "uv": [ 10.5, 12.5, 11.0, 13.0 ] },
																"south": { "texture": "#cat", "uv": [ 11.0, 12.5, 12.5, 13.0 ] },
																"west": { "texture": "#cat", "uv": [ 12.5, 12.5, 13.0, 13.0 ] },
																"up": { "texture": "#cat", "uv": [ 9.0, 12.0, 10.5, 12.5 ] },
																"down": { "texture": "#cat", "uv": [ 10.5, 12.0, 12.0, 12.5 ] }
															}
														}
													],
													"attachmentpoints": []
												},
												{
													"name": "r_ear",
													"from": [ 1.0, 1.7, -0.1 ],
													"to": [ 1.3, 2.7, 0.85 ],
													"uv": [ 13.5, 10.5 ],
													"rotationOrigin": [ 1.0, 1.7, 0.4 ],
													"rotationX": -28.0,
													"rotationY": -17.0,
													"rotationZ": 6.0,
													"faces": {
														"north": { "texture": "#cat", "uv": [ 13.5, 11.0, 14.0, 12.0 ] },
														"east": { "texture": "#cat", "uv": [ 14.0, 11.0, 14.5, 12.0 ] },
														"south": { "texture": "#cat", "uv": [ 14.5, 11.0, 15.0, 12.0 ] },
														"west": { "texture": "#cat", "uv": [ 15.0, 11.0, 15.5, 12.0 ] },
														"up": { "texture": "#cat", "uv": [ 13.5, 10.5, 14.0, 11.0 ] },
														"down": { "texture": "#cat", "uv": [ 14.0, 10.5, 14.5, 11.0 ] }
													},
													"children": [
														{
															"name": "Cube8",
															"from": [ 0.0, 1.0, 0.25 ],
															"to": [ 0.3, 1.4, 0.65 ],
															"uv": [ 13.5, 12.0 ],
															"rotationOrigin": [ 0.0, 1.0, 0.2 ],
															"faces": {
																"north": { "texture": "#cat", "uv": [ 13.5, 12.5, 14.0, 13.0 ] },
																"east": { "texture": "#cat", "uv": [ 14.0, 12.5, 14.5, 13.0 ] },
																"south": { "texture": "#cat", "uv": [ 14.5, 12.5, 15.0, 13.0 ] },
																"west": { "texture": "#cat", "uv": [ 15.0, 12.5, 15.5, 13.0 ] },
																"up": { "texture": "#cat", "uv": [ 13.5, 12.0, 14.0, 12.5 ] },
																"down": { "texture": "#cat", "uv": [ 14.0, 12.0, 14.5, 12.5 ] }
															}
														},
														{
															"name": "Cube9",
															"from": [ 0.2, 0.0, 0.15 ],
															"to": [ 0.6, 0.7, 0.75 ],
															"uv": [ 15.5, 12.0 ],
															"rotationOrigin": [ 0.2, 0.0, 0.2 ],
															"faces": {
																"north": { "texture": "#cat", "uv": [ 15.5, 12.5, 16.0, 13.0 ] },
																"east": { "texture": "#cat", "uv": [ 16.0, 12.5, 16.5, 13.0 ] },
																"south": { "texture": "#cat", "uv": [ 16.5, 12.5, 17.0, 13.0 ] },
																"west": { "texture": "#cat", "uv": [ 17.0, 12.5, 17.5, 13.0 ] },
																"up": { "texture": "#cat", "uv": [ 15.5, 12.0, 16.0, 12.5 ] },
																"down": { "texture": "#cat", "uv": [ 16.0, 12.0, 16.5, 12.5 ] }
															}
														}
													]
												},
												{
													"name": "l_ear",
													"from": [ 1.0, 1.7, 1.4 ],
													"to": [ 1.3, 2.7, 2.35 ],
													"uv": [ 17.5, 10.5 ],
													"rotationOrigin": [ 1.0, 1.7, 1.9 ],
													"rotationX": 28.0,
													"rotationY": 17.0,
													"rotationZ": 6.0,
													"faces": {
														"north": { "texture": "#cat", "uv": [ 17.5, 11.0, 18.0, 12.0 ] },
														"east": { "texture": "#cat", "uv": [ 18.0, 11.0, 18.5, 12.0 ] },
														"south": { "texture": "#cat", "uv": [ 18.5, 11.0, 19.0, 12.0 ] },
														"west": { "texture": "#cat", "uv": [ 19.0, 11.0, 19.5, 12.0 ] },
														"up": { "texture": "#cat", "uv": [ 17.5, 10.5, 18.0, 11.0 ] },
														"down": { "texture": "#cat", "uv": [ 18.0, 10.5, 18.5, 11.0 ] }
													},
													"children": [
														{
															"name": "Cube11",
															"from": [ 0.0, 1.0, 0.25 ],
															"to": [ 0.3, 1.4, 0.65 ],
															"uv": [ 17.5, 12.0 ],
															"rotationOrigin": [ 0.0, 1.0, 0.2 ],
															"faces": {
																"north": { "texture": "#cat", "uv": [ 17.5, 12.5, 18.0, 13.0 ] },
																"east": { "texture": "#cat", "uv": [ 18.0, 12.5, 18.5, 13.0 ] },
																"south": { "texture": "#cat", "uv": [ 18.5, 12.5, 19.0, 13.0 ] },
																"west": { "texture": "#cat", "uv": [ 19.0, 12.5, 19.5, 13.0 ] },
																"up": { "texture": "#cat", "uv": [ 17.5, 12.0, 18.0, 12.5 ] },
																"down": { "texture": "#cat", "uv": [ 18.0, 12.0, 18.5, 12.5 ] }
															}
														},
														{
															"name": "Cube12",
															"from": [ 0.2, 0.0, 0.15 ],
															"to": [ 0.6, 0.7, 0.75 ],
															"uv": [ 19.5, 12.0 ],
															"rotationOrigin": [ 0.2, 0.0, 0.2 ],
															"faces": {
																"north": { "texture": "#cat", "uv": [ 19.5, 12.5, 20.0, 13.0 ] },
																"east": { "texture": "#cat", "uv": [ 20.0, 12.5, 20.5, 13.0 ] },
																"south": { "texture": "#cat", "uv": [ 20.5, 12.5, 21.0, 13.0 ] },
																"west": { "texture": "#cat", "uv": [ 21.0, 12.5, 21.5, 13.0 ] },
																"up": { "texture": "#cat", "uv": [ 19.5, 12.0, 20.0, 12.5 ] },
																"down": { "texture": "#cat", "uv": [ 20.0, 12.0, 20.5, 12.5 ] }
															}
														}
													]
												},
												{
													"name": "r_pupil",
													"from": [ -0.01, 0.5, 0.2 ],
													"to": [ -0.01, 1.0, 0.4 ],
													"uv": [ 0.0, 0.0 ],
													"rotationOrigin": [ -0.1, 0.5, 0.2 ],
													"faces": {
														"east": { "texture": "#cat", "uv": [ 0.0, 0.0, 0.5, 0.5 ], "windMode": [-1,-1,-1,-1] }
													}
												},
												{
													"name": "l_pupil",
													"from": [ -0.01, 0.5, 1.8 ],
													"to": [ -0.01, 1.0, 2.0 ],
													"uv": [ 0.0, 0.0 ],
													"rotationOrigin": [ -0.1, 0.5, 1.8 ],
													"faces": {
														"east": { "texture": "#cat", "uv": [ 0.0, 0.0, 0.5, 0.5 ] }
													}
												},
												{
													"name": "r_eyelid_up",
													"from": [ 0.13, 0.9, 0.19 ],
													"to": [ 0.83, 1.2, 0.79 ],
													"autoUnwrap": false,
													"uv": [ 11.0, 15.0 ],
													"rotationOrigin": [ 0.7, 0.95, 0.55 ],
													"rotationX": 3.0,
													"rotationZ": -11.0,
													"faces": {
														"north": { "texture": "#cat", "uv": [ 6.0, 13.0, 6.5, 13.5 ] },
														"east": { "texture": "#cat", "uv": [ 6.0, 13.0, 6.5, 13.5 ] },
														"south": { "texture": "#cat", "uv": [ 6.0, 13.0, 6.5, 13.5 ] },
														"west": { "texture": "#cat", "uv": [ 6.0, 13.0, 6.5, 13.5 ] },
														"up": { "texture": "#cat", "uv": [ 6.0, 13.0, 6.5, 13.5 ] },
														"down": { "texture": "#cat", "uv": [ 6.0, 13.0, 6.5, 13.5 ] }
													}
												},
												{
													"name": "r_eyelid_down",
													"from": [ 0.15, 0.3, 0.14 ],
													"to": [ 0.85, 0.6, 0.84 ],
													"autoUnwrap": false,
													"uv": [ 11.0, 15.0 ],
													"rotationOrigin": [ 0.7, 0.55, 0.45 ],
													"rotationX": 12.0,
													"rotationZ": 6.0,
													"faces": {
														"north": { "texture": "#cat", "uv": [ 6.0, 14.0, 6.5, 14.5 ] },
														"east": { "texture": "#cat", "uv": [ 6.0, 14.0, 6.5, 14.5 ] },
														"south": { "texture": "#cat", "uv": [ 6.0, 14.0, 6.5, 14.5 ] },
														"west": { "texture": "#cat", "uv": [ 6.0, 14.0, 6.5, 14.5 ] },
														"up": { "texture": "#cat", "uv": [ 6.0, 14.0, 6.5, 14.5 ] },
														"down": { "texture": "#cat", "uv": [ 6.0, 14.0, 6.5, 14.5 ] }
													}
												},
												{
													"name": "l_eyelid_up",
													"from": [ 0.03, 0.9, 1.42 ],
													"to": [ 0.73, 1.2, 2.02 ],
													"autoUnwrap": false,
													"uv": [ 11.0, 15.0 ],
													"rotationOrigin": [ 0.6, 0.95, 1.65 ],
													"rotationX": -3.0,
													"rotationZ": -11.0,
													"faces": {
														"north": { "texture": "#cat", "uv": [ 7.5, 13.0, 8.0, 13.5 ] },
														"east": { "texture": "#cat", "uv": [ 7.5, 13.0, 8.0, 13.5 ] },
														"south": { "texture": "#cat", "uv": [ 7.5, 13.0, 8.0, 13.5 ] },
														"west": { "texture": "#cat", "uv": [ 7.5, 13.0, 8.0, 13.5 ] },
														"up": { "texture": "#cat", "uv": [ 7.5, 13.0, 8.0, 13.5 ] },
														"down": { "texture": "#cat", "uv": [ 7.5, 13.0, 8.0, 13.5 ] }
													}
												},
												{
													"name": "l_eyelid_down",
													"from": [ 0.15, 0.3, 1.36 ],
													"to": [ 0.85, 0.6, 2.06 ],
													"autoUnwrap": false,
													"uv": [ 11.0, 15.0 ],
													"rotationOrigin": [ 0.7, 0.55, 1.65 ],
													"rotationX": -12.0,
													"rotationZ": 6.0,
													"faces": {
														"north": { "texture": "#cat", "uv": [ 7.5, 14.0, 8.0, 14.5 ] },
														"east": { "texture": "#cat", "uv": [ 7.5, 14.0, 8.0, 14.5 ] },
														"south": { "texture": "#cat", "uv": [ 7.5, 14.0, 8.0, 14.5 ] },
														"west": { "texture": "#cat", "uv": [ 7.5, 14.0, 8.0, 14.5 ] },
														"up": { "texture": "#cat", "uv": [ 7.5, 14.0, 8.0, 14.5 ] },
														"down": { "texture": "#cat", "uv": [ 7.5, 14.0, 8.0, 14.5 ] }
													}
												}
											]
										}
									]
								}
							]
						}
					]
				}
			]
		}
	],
	"animations": [
		{
			"name": "Idle1",
			"code": "idle1",
			"quantityframes": 50,
			"onActivityStopped": "EaseOut",
			"onAnimationEnd": "Repeat",
			"keyframes": [
				{
					"frame": 0,
					"elements": {
						"abdomen": { "offsetX": 0.0, "offsetY": 0.0, "offsetZ": 0.0, "rotationX": 0.0, "rotationY": 0.0, "rotationZ": 0.0 },
						"thorax": { "offsetX": 0.0, "offsetY": 0.0, "offsetZ": 0.0, "rotationX": 0.0, "rotationY": 0.0, "rotationZ": 0.0 },
						"neck": { "rotationX": 0.0, "rotationY": 0.0, "rotationZ": -14.0 },
						"head": { "rotationX": 0.0, "rotationY": 0.0, "rotationZ": 17.0 },
						"jaw": { "rotationX": 0.0, "rotationY": 0.0, "rotationZ": 22.0 }
					}
				},
				{
					"frame": 20,
					"elements": {
						"abdomen": { "offsetX": 0.0, "offsetY": 0.0, "offsetZ": 0.0, "rotationX": 0.0, "rotationY": 0.0, "rotationZ": 0.0 },
						"thorax": { "offsetX": 0.0, "offsetY": 0.0, "offsetZ": 0.0, "rotationX": 0.0, "rotationY": 0.0, "rotationZ": 0.0 },
						"neck": { "rotationX": 0.0, "rotationY": 0.0, "rotationZ": 8.0 },
						"head": { "rotationX": 0.0, "rotationY": 0.0, "rotationZ": -6.0 },
						"jaw": { "rotationX": 0.0, "rotationY": 0.0, "rotationZ": 8.0 }
					}
				}
			]
		},

		{
			"name": "Walk",
			"code": "walk",
			"quantityframes": 25,
			"onActivityStopped": "EaseOut",
			"onAnimationEnd": "Repeat",
			"keyframes": [
				{
					"frame": 0,
					"elements": {
						"abdomen": { "offsetX": 0.0, "offsetY": 0.0, "offsetZ": 0.0, "rotationX": 0.0, "rotationY": 0.0, "rotationZ": 0.0 },
						"thorax": { "offsetX": 0.0, "offsetY": 0.0, "offsetZ": 0.0, "rotationX": 0.0, "rotationY": 0.0, "rotationZ": 0.0 },
						"neck": { "rotationX": 0.0, "rotationY": 0.0, "rotationZ": -14.0 },
						"head": { "rotationX": 0.0, "rotationY": 0.0, "rotationZ": 17.0 },
						"jaw": { "rotationX": 0.0, "rotationY": 0.0, "rotationZ": 22.0 }
					}
				},
				{
					"frame": 10,
					"elements": {
						"abdomen": { "offsetX": 0.0, "offsetY": 0.0, "offsetZ": 0.0, "rotationX": 0.0, "rotationY": 0.0, "rotationZ": 0.0 },
						"thorax": { "offsetX": 0.0, "offsetY": 0.0, "offsetZ": 0.0, "rotationX": 0.0, "rotationY": 0.0, "rotationZ": 0.0 },
						"neck": { "rotationX": 0.0, "rotationY": 0.0, "rotationZ": 8.0 },
						"head": { "rotationX": 0.0, "rotationY": 0.0, "rotationZ": -6.0 },
						"jaw": { "rotationX": 0.0, "rotationY": 0.0, "rotationZ": 8.0 }
					}
				}
			]
		},

		{
			"name": "Sprint",
			"code": "sprint",
			"quantityframes": 24,
			"onActivityStopped": "Rewind",
			"onAnimationEnd": "Repeat",
			"keyframes": [
				{
					"frame": 0,
					"elements": {
						"neck": { "rotationX": 0.0, "rotationY": 30.0, "rotationZ": 0.0 },
						"head": { "rotationX": 0.0, "rotationY": 0.0, "rotationZ": 14.0 },
						"r_ear": { "rotationX": 0.0, "rotationY": 0.0, "rotationZ": 39.0 },
						"l_ear": { "rotationX": 0.0, "rotationY": 0.0, "rotationZ": 44.0 },
						"jaw": { "rotationX": 0.0, "rotationY": 0.0, "rotationZ": 0.0 }
					}
				},
				{
					"frame": 12,
					"elements": {
						"neck": { "rotationX": 0.0, "rotationY": 30.0, "rotationZ": 11.0 },
						"head": { "rotationX": 0.0, "rotationY": 0.0, "rotationZ": 0.0 },
						"l_ear": { "rotationX": 0.0, "rotationY": 25.0, "rotationZ": 42.0 },
						"r_ear": { "rotationX": 0.0, "rotationY": 33.0, "rotationZ": 42.0 },
						"jaw": { "rotationX": 0.0, "rotationY": 0.0, "rotationZ": 22.0 }
					}
				}
			]
		}
	]
}