{
	"editor": {
		"backDropShape": "E:/Vintagestory/assets/game/shapes/entity/humanoid/seraph-hairless",
		"allAngles": true,
		"entityTextureMode": true
	},
	"textureWidth": 64,
	"textureHeight": 64,
	"textureSizes": {
		"skin": [32,32]
	},
	"textures": {
		"backpack": "E:/Workspace/vintage_story_mods/wolftaming/resources/assets/wolftaming/textures/backpack/backpack",
		"skin": "E:/Workspace/vintage_story_mods/wolftaming/resources/assets/wolftaming/textures/entity/dog-shepherd-pup"
	},
	"elements": [
		{
			"name": "backpack root",
			"stepParentName": "UpperTorso",
			"from": [ 5.0, -6.0, -1.0 ],
			"to": [ 12.0, 5.0, 7.2 ],
			"uv": [ 0.0, 45.0 ],
			"rotationOrigin": [ 5.0, -6.0, -1.0 ],
			"faces": {
				"north": { "texture": "#backpack", "uv": [ 0.0, 53.0, 7.0, 64.0 ] },
				"east": { "texture": "#backpack", "uv": [ 7.0, 53.0, 15.0, 64.0 ] },
				"south": { "texture": "#backpack", "uv": [ 15.0, 53.0, 22.0, 64.0 ] },
				"west": { "texture": "#backpack", "uv": [ 22.0, 53.0, 30.0, 64.0 ] },
				"up": { "texture": "#backpack", "uv": [ 0.0, 45.0, 7.0, 53.0 ] },
				"down": { "texture": "#backpack", "uv": [ 7.0, 45.0, 14.0, 53.0 ] }
			},
			"children": [
				{
					"name": "backpack right pocket",
					"from": [ 0.5, 0.5, -2.0 ],
					"to": [ 6.5, 4.0, 0.0 ],
					"uv": [ 48.0, 37.0 ],
					"rotationOrigin": [ 0.0, 0.0, -2.0 ],
					"faces": {
						"north": { "texture": "#backpack", "uv": [ 48.0, 39.0, 54.0, 42.5 ] },
						"east": { "texture": "#backpack", "uv": [ 54.0, 39.0, 56.0, 42.5 ] },
						"south": { "texture": "#backpack", "uv": [ 56.0, 39.0, 62.0, 42.5 ] },
						"west": { "texture": "#backpack", "uv": [ 62.0, 39.0, 64.0, 42.5 ] },
						"up": { "texture": "#backpack", "uv": [ 48.0, 37.0, 54.0, 39.0 ] },
						"down": { "texture": "#backpack", "uv": [ 54.0, 37.0, 60.0, 39.0 ] }
					}
				},
				{
					"name": "backpack left pocket",
					"from": [ 0.5, 0.5, 8.2 ],
					"to": [ 6.5, 4.0, 10.2 ],
					"uv": [ 48.0, 46.0 ],
					"rotationOrigin": [ 0.0, 0.0, 8.0 ],
					"faces": {
						"north": { "texture": "#backpack", "uv": [ 48.0, 48.0, 54.0, 51.5 ] },
						"east": { "texture": "#backpack", "uv": [ 54.0, 48.0, 56.0, 51.5 ] },
						"south": { "texture": "#backpack", "uv": [ 56.0, 48.0, 62.0, 51.5 ] },
						"west": { "texture": "#backpack", "uv": [ 62.0, 48.0, 64.0, 51.5 ] },
						"up": { "texture": "#backpack", "uv": [ 48.0, 46.0, 54.0, 48.0 ] },
						"down": { "texture": "#backpack", "uv": [ 54.0, 46.0, 60.0, 48.0 ] }
					}
				},
				{
					"name": "backpack back pocket",
					"from": [ 7.0, 0.5, 0.5 ],
					"to": [ 9.0, 4.5, 7.7 ],
					"uv": [ 46.0, 53.0 ],
					"rotationOrigin": [ 7.0, 0.0, 0.0 ],
					"faces": {
						"north": { "texture": "#backpack", "uv": [ 46.0, 60.0, 48.0, 64.0 ] },
						"east": { "texture": "#backpack", "uv": [ 48.0, 60.0, 55.0, 64.0 ] },
						"south": { "texture": "#backpack", "uv": [ 55.0, 60.0, 57.0, 64.0 ] },
						"west": { "texture": "#backpack", "uv": [ 57.0, 60.0, 64.0, 64.0 ] },
						"up": { "texture": "#backpack", "uv": [ 46.0, 53.0, 48.0, 60.0 ] },
						"down": { "texture": "#backpack", "uv": [ 48.0, 53.0, 50.0, 60.0 ] }
					}
				},
				{
					"name": "backpack top",
					"from": [ 1.0, 12.0, 1.5 ],
					"to": [ 5.0, 15.0, 6.7 ],
					"uv": [ 46.0, 18.0 ],
					"rotationOrigin": [ 1.0, 12.0, 1.0 ],
					"faces": {
						"north": { "texture": "#backpack", "uv": [ 46.0, 23.0, 50.0, 26.0 ] },
						"east": { "texture": "#backpack", "uv": [ 50.0, 23.0, 55.0, 26.0 ] },
						"south": { "texture": "#backpack", "uv": [ 55.0, 23.0, 59.0, 26.0 ] },
						"west": { "texture": "#backpack", "uv": [ 59.0, 23.0, 64.0, 26.0 ] },
						"up": { "texture": "#backpack", "uv": [ 46.0, 18.0, 50.0, 23.0 ] },
						"down": { "texture": "#backpack", "uv": [ 50.0, 18.0, 54.0, 23.0 ] }
					},
					"children": [
						{
							"name": "backpack top back",
							"from": [ 1.0, 0.0, 0.0 ],
							"to": [ 4.0, 3.0, 5.2 ],
							"uv": [ 0.0, 18.0 ],
							"rotationOrigin": [ 4.0, 3.0, 0.0 ],
							"rotationZ": 55.0,
							"faces": {
								"north": { "texture": "#backpack", "uv": [ 0.0, 23.0, 3.0, 26.0 ] },
								"east": { "texture": "#backpack", "uv": [ 3.0, 23.0, 8.0, 26.0 ] },
								"south": { "texture": "#backpack", "uv": [ 8.0, 23.0, 11.0, 26.0 ] },
								"west": { "texture": "#backpack", "uv": [ 11.0, 23.0, 16.0, 26.0 ] },
								"up": { "texture": "#backpack", "uv": [ 0.0, 18.0, 3.0, 23.0 ] },
								"down": { "texture": "#backpack", "uv": [ 3.0, 18.0, 6.0, 23.0 ] }
							},
							"children": [
								{
									"name": "backpack top back long",
									"from": [ 1.0, -9.0, -0.01 ],
									"to": [ 3.0, 0.0, 5.21 ],
									"uv": [ 0.0, 28.0 ],
									"rotationOrigin": [ 3.0, 0.0, 0.0 ],
									"rotationZ": -55.0,
									"faces": {
										"north": { "texture": "#backpack", "uv": [ 0.0, 33.0, 2.0, 42.0 ] },
										"east": { "texture": "#backpack", "uv": [ 2.0, 33.0, 7.0, 42.0 ] },
										"south": { "texture": "#backpack", "uv": [ 7.0, 33.0, 9.0, 42.0 ] },
										"west": { "texture": "#backpack", "uv": [ 9.0, 33.0, 14.0, 42.0 ] },
										"up": { "texture": "#backpack", "uv": [ 0.0, 28.0, 2.0, 33.0 ] },
										"down": { "texture": "#backpack", "uv": [ 2.0, 28.0, 4.0, 33.0 ] }
									}
								}
							]
						},
						{
							"name": "backpack top left",
							"from": [ 0.01, -1.0, 3.2 ],
							"to": [ 4.01, 3.0, 5.2 ],
							"uv": [ 17.0, 45.0 ],
							"rotationOrigin": [ 0.0, 3.0, 5.2 ],
							"rotationX": -33.0,
							"faces": {
								"north": { "texture": "#backpack", "uv": [ 17.0, 47.0, 21.0, 51.0 ] },
								"east": { "texture": "#backpack", "uv": [ 21.0, 47.0, 23.0, 51.0 ] },
								"south": { "texture": "#backpack", "uv": [ 23.0, 47.0, 27.0, 51.0 ] },
								"west": { "texture": "#backpack", "uv": [ 27.0, 47.0, 29.0, 51.0 ] },
								"up": { "texture": "#backpack", "uv": [ 17.0, 45.0, 21.0, 47.0 ] },
								"down": { "texture": "#backpack", "uv": [ 21.0, 45.0, 25.0, 47.0 ] }
							},
							"children": [
								{
									"name": "backpack left long",
									"from": [ -0.01, -8.0, 1.0 ],
									"to": [ 4.01, 0.0, 2.0 ],
									"uv": [ 17.0, 33.0 ],
									"rotationOrigin": [ 0.0, 0.0, 2.0 ],
									"rotationX": 33.0,
									"faces": {
										"north": { "texture": "#backpack", "uv": [ 17.0, 34.0, 21.0, 42.0 ] },
										"east": { "texture": "#backpack", "uv": [ 21.0, 34.0, 22.0, 42.0 ] },
										"south": { "texture": "#backpack", "uv": [ 22.0, 34.0, 26.0, 42.0 ] },
										"west": { "texture": "#backpack", "uv": [ 26.0, 34.0, 27.0, 42.0 ] },
										"up": { "texture": "#backpack", "uv": [ 17.0, 33.0, 21.0, 34.0 ] },
										"down": { "texture": "#backpack", "uv": [ 21.0, 33.0, 25.0, 34.0 ] }
									}
								}
							]
						},
						{
							"name": "backpack top right",
							"from": [ 0.01, -1.0, 0.0 ],
							"to": [ 4.01, 3.0, 2.0 ],
							"uv": [ 32.0, 45.0 ],
							"rotationOrigin": [ 0.0, 3.0, 0.0 ],
							"rotationX": 33.0,
							"faces": {
								"north": { "texture": "#backpack", "uv": [ 32.0, 47.0, 36.0, 51.0 ] },
								"east": { "texture": "#backpack", "uv": [ 36.0, 47.0, 38.0, 51.0 ] },
								"south": { "texture": "#backpack", "uv": [ 38.0, 47.0, 42.0, 51.0 ] },
								"west": { "texture": "#backpack", "uv": [ 42.0, 47.0, 44.0, 51.0 ] },
								"up": { "texture": "#backpack", "uv": [ 32.0, 45.0, 36.0, 47.0 ] },
								"down": { "texture": "#backpack", "uv": [ 36.0, 45.0, 40.0, 47.0 ] }
							},
							"children": [
								{
									"name": "backpack right long",
									"from": [ -0.01, -8.0, 0.0 ],
									"to": [ 4.01, 0.0, 1.0 ],
									"uv": [ 32.0, 33.0 ],
									"rotationOrigin": [ 0.0, 0.0, 0.0 ],
									"rotationX": -33.0,
									"faces": {
										"north": { "texture": "#backpack", "uv": [ 32.0, 34.0, 36.0, 42.0 ] },
										"east": { "texture": "#backpack", "uv": [ 36.0, 34.0, 37.0, 42.0 ] },
										"south": { "texture": "#backpack", "uv": [ 37.0, 34.0, 41.0, 42.0 ] },
										"west": { "texture": "#backpack", "uv": [ 41.0, 34.0, 42.0, 42.0 ] },
										"up": { "texture": "#backpack", "uv": [ 32.0, 33.0, 36.0, 34.0 ] },
										"down": { "texture": "#backpack", "uv": [ 36.0, 33.0, 40.0, 34.0 ] }
									}
								}
							]
						},
						{
							"name": "backpack top2",
							"from": [ -1.0, -1.0, -1.0 ],
							"to": [ 5.0, 1.0, 6.2 ],
							"uv": [ 0.0, 0.0 ],
							"rotationOrigin": [ -1.0, -1.0, -0.5 ],
							"faces": {
								"north": { "texture": "#backpack", "uv": [ 0.0, 7.0, 6.0, 9.0 ] },
								"east": { "texture": "#backpack", "uv": [ 6.0, 7.0, 13.0, 9.0 ] },
								"south": { "texture": "#backpack", "uv": [ 13.0, 7.0, 19.0, 9.0 ] },
								"west": { "texture": "#backpack", "uv": [ 19.0, 7.0, 26.0, 9.0 ] },
								"up": { "texture": "#backpack", "uv": [ 0.0, 0.0, 6.0, 7.0 ] },
								"down": { "texture": "#backpack", "uv": [ 6.0, 0.0, 12.0, 7.0 ] }
							}
						}
					]
				},
				{
					"name": "body",
					"from": [ 5.0, 9.3, 2.0 ],
					"to": [ 9.0, 13.3, 6.0 ],
					"unwrapMode": 5,
					"unwrapRotation": 1,
					"uv": [ 0.0, 8.0 ],
					"rotationOrigin": [ 7.0, 11.5, 4.0 ],
					"rotationY": 180.0,
					"rotationZ": -8.0,
					"faces": {
						"north": { "texture": "#skin", "uv": [ 0.0, 12.0, 4.0, 16.0 ], "rotation": 270 },
						"east": { "texture": "#skin", "uv": [ 4.0, 8.0, 8.0, 12.0 ], "rotation": 180 },
						"south": { "texture": "#skin", "uv": [ 8.0, 12.0, 12.0, 16.0 ], "rotation": 90 },
						"west": { "texture": "#skin", "uv": [ 4.0, 16.0, 8.0, 20.0 ] },
						"up": { "texture": "#skin", "uv": [ 4.0, 12.0, 8.0, 16.0 ], "rotation": 90 },
						"down": { "texture": "#skin", "uv": [ 12.0, 12.0, 16.0, 16.0 ], "rotation": 270 }
					},
					"children": [
						{
							"name": "neck",
							"from": [ -1.9, 1.1, 0.5 ],
							"to": [ 2.1, 4.1, 3.5 ],
							"unwrapMode": 5,
							"uv": [ 11.0, 0.0 ],
							"rotationOrigin": [ -0.1, 2.6, 2.0 ],
							"rotationZ": -35.0,
							"faces": {
								"north": { "texture": "#skin", "uv": [ 14.0, 0.0, 18.0, 3.0 ], "rotation": 180 },
								"south": { "texture": "#skin", "uv": [ 14.0, 6.0, 18.0, 9.0 ] },
								"west": { "texture": "#skin", "uv": [ 11.0, 3.0, 14.0, 6.0 ], "rotation": 270 },
								"up": { "texture": "#skin", "uv": [ 14.0, 3.0, 18.0, 6.0 ] },
								"down": { "texture": "#skin", "uv": [ 18.0, 3.0, 22.0, 6.0 ] }
							},
							"children": [
								{
									"name": "head",
									"from": [ -1.2, -0.3, -0.1 ],
									"to": [ 1.3, 2.9, 3.1 ],
									"unwrapMode": 4,
									"uv": [ 0.0, 0.0 ],
									"rotationOrigin": [ 0.2, 1.3, 1.4 ],
									"rotationZ": 34.0,
									"faces": {
										"north": { "texture": "#skin", "uv": [ 0.0, 2.5, 2.5, 5.5 ] },
										"east": { "texture": "#skin", "uv": [ 8.0, 2.5, 11.0, 5.5 ] },
										"south": { "texture": "#skin", "uv": [ 5.5, 2.5, 8.0, 5.5 ] },
										"west": { "texture": "#skin", "uv": [ 2.5, 2.5, 5.5, 5.5 ] },
										"up": { "texture": "#skin", "uv": [ 2.5, 0.0, 5.5, 2.5 ], "rotation": 90 },
										"down": { "texture": "#skin", "uv": [ 2.5, 5.5, 5.5, 8.0 ], "rotation": 90 }
									},
									"children": [
										{
											"name": "mouth",
											"from": [ -1.8, 1.3, 0.8 ],
											"to": [ 1.2, 2.3, 2.4 ],
											"unwrapMode": 5,
											"unwrapRotation": 1,
											"uv": [ 22.0, 2.0 ],
											"rotationOrigin": [ 1.2, 1.8, 1.6 ],
											"rotationZ": 22.0,
											"faces": {
												"north": { "texture": "#skin", "uv": [ 22.0, 3.0, 23.0, 6.0 ], "rotation": 270 },
												"east": { "texture": "#skin", "uv": [ 23.0, 2.0, 24.5, 3.0 ], "rotation": 180 },
												"south": { "texture": "#skin", "uv": [ 24.5, 3.0, 25.5, 6.0 ], "rotation": 90 },
												"west": { "texture": "#skin", "uv": [ 23.0, 6.0, 24.5, 7.0 ] },
												"up": { "texture": "#skin", "uv": [ 23.0, 3.0, 24.5, 6.0 ], "rotation": 90 },
												"down": { "texture": "#skin", "uv": [ 25.5, 3.0, 27.0, 6.0 ], "rotation": 270 }
											},
											"children": [
												{
													"name": "nose",
													"from": [ -0.1, 0.6, 0.5 ],
													"to": [ 0.4, 1.1, 1.1 ],
													"uv": [ 0.0, 0.0 ],
													"rotationOrigin": [ 0.4, 0.9, 0.7 ],
													"faces": {
														"north": { "texture": "#skin", "uv": [ 0.0, 0.5, 0.5, 1.0 ] },
														"east": { "texture": "#skin", "uv": [ 0.5, 0.5, 1.0, 1.0 ] },
														"south": { "texture": "#skin", "uv": [ 1.0, 0.5, 1.5, 1.0 ] },
														"west": { "texture": "#skin", "uv": [ 1.5, 0.5, 2.0, 1.0 ] },
														"up": { "texture": "#skin", "uv": [ 0.0, 0.0, 0.5, 0.5 ] },
														"down": { "texture": "#skin", "uv": [ 0.5, 0.0, 1.0, 0.5 ] }
													}
												}
											],
											"attachmentpoints": []
										},
										{
											"name": "jaw",
											"from": [ -1.2, 0.5, 1.1 ],
											"to": [ 1.8, 1.1, 2.1 ],
											"unwrapMode": 5,
											"unwrapRotation": 1,
											"uv": [ 23.0, 8.0 ],
											"rotationOrigin": [ 1.8, 0.8, 1.6 ],
											"rotationZ": 9.0,
											"faces": {
												"north": { "texture": "#skin", "uv": [ 23.0, 8.5, 23.5, 11.5 ], "rotation": 270 },
												"east": { "texture": "#skin", "uv": [ 23.5, 8.0, 24.5, 8.5 ], "rotation": 180 },
												"south": { "texture": "#skin", "uv": [ 24.5, 8.5, 25.0, 11.5 ], "rotation": 90 },
												"west": { "texture": "#skin", "uv": [ 23.5, 11.5, 24.5, 12.0 ] },
												"up": { "texture": "#skin", "uv": [ 23.5, 8.5, 24.5, 11.5 ], "rotation": 90 },
												"down": { "texture": "#skin", "uv": [ 25.0, 8.5, 26.0, 11.5 ], "rotation": 270 }
											}
										},
										{
											"name": "R ear",
											"from": [ 1.2, 2.4, -0.1 ],
											"to": [ 1.7, 4.9, 1.4 ],
											"unwrapMode": 4,
											"uv": [ 9.5, 8.5 ],
											"rotationOrigin": [ 1.7, 2.4, 0.7 ],
											"rotationX": -20.0,
											"rotationY": 10.0,
											"rotationZ": 13.0,
											"faces": {
												"north": { "texture": "#skin", "uv": [ 9.5, 9.0, 10.0, 11.5 ] },
												"east": { "texture": "#skin", "uv": [ 12.0, 9.0, 13.5, 11.5 ] },
												"south": { "texture": "#skin", "uv": [ 11.5, 9.0, 12.0, 11.5 ] },
												"west": { "texture": "#skin", "uv": [ 10.0, 9.0, 11.5, 11.5 ] },
												"up": { "texture": "#skin", "uv": [ 10.0, 8.5, 11.5, 9.0 ], "rotation": 90 },
												"down": { "texture": "#skin", "uv": [ 10.0, 11.5, 11.5, 12.0 ], "rotation": 90 }
											}
										},
										{
											"name": "L ear",
											"from": [ 1.2, 2.4, 1.8 ],
											"to": [ 1.7, 4.9, 3.3 ],
											"unwrapMode": 4,
											"uv": [ 8.0, 5.5 ],
											"rotationOrigin": [ 1.7, 2.4, 2.5 ],
											"rotationX": 20.0,
											"rotationY": -10.0,
											"rotationZ": 13.0,
											"faces": {
												"north": { "texture": "#skin", "uv": [ 8.0, 6.0, 8.5, 8.5 ] },
												"east": { "texture": "#skin", "uv": [ 10.5, 6.0, 12.0, 8.5 ] },
												"south": { "texture": "#skin", "uv": [ 10.0, 6.0, 10.5, 8.5 ] },
												"west": { "texture": "#skin", "uv": [ 8.5, 6.0, 10.0, 8.5 ] },
												"up": { "texture": "#skin", "uv": [ 8.5, 5.5, 10.0, 6.0 ], "rotation": 90 },
												"down": { "texture": "#skin", "uv": [ 8.5, 8.5, 10.0, 9.0 ], "rotation": 90 }
											}
										}
									]
								}
							],
							"attachmentpoints": [
								{
									"code": "rope",
									"posX": "1.0","posY": "2.0","posZ": "1.5",
									"rotationX": "0.0","rotationY": "0.0","rotationZ": "0.0"
								}
							]
						},
						{
							"name": "R front leg",
							"from": [ 0.4, -0.8, 0.3 ],
							"to": [ 2.0, 1.2, 1.9 ],
							"unwrapMode": 4,
							"uv": [ 0.0, 21.5 ],
							"rotationOrigin": [ 1.2, 1.2, 1.1 ],
							"rotationZ": 3.0,
							"faces": {
								"north": { "texture": "#skin", "uv": [ 0.0, 23.0, 1.5, 25.0 ] },
								"east": { "texture": "#skin", "uv": [ 4.5, 23.0, 6.0, 25.0 ] },
								"south": { "texture": "#skin", "uv": [ 3.0, 23.0, 4.5, 25.0 ] },
								"west": { "texture": "#skin", "uv": [ 1.5, 23.0, 3.0, 25.0 ] },
								"up": { "texture": "#skin", "uv": [ 1.5, 21.5, 3.0, 23.0 ], "rotation": 90 },
								"down": { "texture": "#skin", "uv": [ 1.5, 25.0, 3.0, 26.5 ], "rotation": 90 }
							},
							"children": [
								{
									"name": "R front feet",
									"from": [ 0.1, -2.5, 0.2 ],
									"to": [ 1.3, 0.5, 1.4 ],
									"unwrapMode": 4,
									"uv": [ 0.5, 26.5 ],
									"rotationOrigin": [ 0.8, 0.5, 0.8 ],
									"rotationZ": -5.0,
									"faces": {
										"north": { "texture": "#skin", "uv": [ 0.5, 27.5, 1.5, 30.5 ] },
										"east": { "texture": "#skin", "uv": [ 3.5, 27.5, 4.5, 30.5 ] },
										"south": { "texture": "#skin", "uv": [ 2.5, 27.5, 3.5, 30.5 ] },
										"west": { "texture": "#skin", "uv": [ 1.5, 27.5, 2.5, 30.5 ] },
										"up": { "texture": "#skin", "uv": [ 1.5, 26.5, 2.5, 27.5 ], "rotation": 90 },
										"down": { "texture": "#skin", "uv": [ 1.5, 30.5, 2.5, 31.5 ], "rotation": 90 }
									}
								}
							]
						},
						{
							"name": "L front leg",
							"from": [ 0.4, -0.8, 2.2 ],
							"to": [ 2.0, 1.2, 3.8 ],
							"unwrapMode": 4,
							"uv": [ 7.0, 21.5 ],
							"rotationOrigin": [ 1.2, 1.2, 3.0 ],
							"rotationZ": 3.0,
							"faces": {
								"north": { "texture": "#skin", "uv": [ 7.0, 23.0, 8.5, 25.0 ] },
								"east": { "texture": "#skin", "uv": [ 11.5, 23.0, 13.0, 25.0 ] },
								"south": { "texture": "#skin", "uv": [ 10.0, 23.0, 11.5, 25.0 ] },
								"west": { "texture": "#skin", "uv": [ 8.5, 23.0, 10.0, 25.0 ] },
								"up": { "texture": "#skin", "uv": [ 8.5, 21.5, 10.0, 23.0 ], "rotation": 90 },
								"down": { "texture": "#skin", "uv": [ 8.5, 25.0, 10.0, 26.5 ], "rotation": 90 }
							},
							"children": [
								{
									"name": "L front feet",
									"from": [ 0.1, -2.4, 0.2 ],
									"to": [ 1.3, 0.6, 1.4 ],
									"unwrapMode": 4,
									"uv": [ 7.5, 26.5 ],
									"rotationOrigin": [ 0.8, 0.6, 0.8 ],
									"rotationZ": -5.0,
									"faces": {
										"north": { "texture": "#skin", "uv": [ 7.5, 27.5, 8.5, 30.5 ] },
										"east": { "texture": "#skin", "uv": [ 10.5, 27.5, 11.5, 30.5 ] },
										"south": { "texture": "#skin", "uv": [ 9.5, 27.5, 10.5, 30.5 ] },
										"west": { "texture": "#skin", "uv": [ 8.5, 27.5, 9.5, 30.5 ] },
										"up": { "texture": "#skin", "uv": [ 8.5, 26.5, 9.5, 27.5 ], "rotation": 90 },
										"down": { "texture": "#skin", "uv": [ 8.5, 30.5, 9.5, 31.5 ], "rotation": 90 }
									}
								}
							]
						},
						{
							"name": "abdomen",
							"from": [ 3.0, 0.2, 0.2 ],
							"to": [ 7.0, 3.8, 3.8 ],
							"unwrapMode": 5,
							"unwrapRotation": 1,
							"uv": [ 16.0, 8.5 ],
							"rotationOrigin": [ 3.0, 1.9, 2.0 ],
							"rotationZ": -3.0,
							"faces": {
								"north": { "texture": "#skin", "uv": [ 16.0, 12.0, 19.5, 16.0 ], "rotation": 270 },
								"east": { "texture": "#skin", "uv": [ 19.5, 8.5, 23.0, 12.0 ], "rotation": 180 },
								"south": { "texture": "#skin", "uv": [ 23.0, 12.0, 26.5, 16.0 ], "rotation": 90 },
								"west": { "texture": "#skin", "uv": [ 19.5, 16.0, 23.0, 19.5 ] },
								"up": { "texture": "#skin", "uv": [ 19.5, 12.0, 23.0, 16.0 ], "rotation": 90 },
								"down": { "texture": "#skin", "uv": [ 26.5, 12.0, 30.0, 16.0 ], "rotation": 270 }
							},
							"children": [
								{
									"name": "L back leg",
									"from": [ 2.0, -0.6, 2.3 ],
									"to": [ 4.0, 3.0, 3.9 ],
									"unwrapMode": 4,
									"uv": [ 22.0, 18.0 ],
									"rotationOrigin": [ 3.0, 3.0, 3.1 ],
									"rotationX": 2.0,
									"rotationZ": 10.0,
									"faces": {
										"north": { "texture": "#skin", "uv": [ 22.0, 20.0, 24.0, 23.5 ] },
										"east": { "texture": "#skin", "uv": [ 27.5, 20.0, 29.0, 23.5 ] },
										"south": { "texture": "#skin", "uv": [ 25.5, 20.0, 27.5, 23.5 ] },
										"west": { "texture": "#skin", "uv": [ 24.0, 20.0, 25.5, 23.5 ] },
										"up": { "texture": "#skin", "uv": [ 24.0, 18.0, 25.5, 20.0 ], "rotation": 90 },
										"down": { "texture": "#skin", "uv": [ 24.0, 23.5, 25.5, 25.5 ], "rotation": 90 }
									},
									"children": [
										{
											"name": "L back feet",
											"from": [ 0.5, -3.0, 0.1 ],
											"to": [ 1.7, 1.0, 1.3 ],
											"unwrapMode": 4,
											"uv": [ 23.0, 25.5 ],
											"rotationOrigin": [ 1.1, 1.0, 0.8 ],
											"rotationX": -2.0,
											"rotationZ": -10.0,
											"faces": {
												"north": { "texture": "#skin", "uv": [ 23.0, 26.5, 24.0, 30.5 ] },
												"east": { "texture": "#skin", "uv": [ 26.0, 26.5, 27.0, 30.5 ] },
												"south": { "texture": "#skin", "uv": [ 25.0, 26.5, 26.0, 30.5 ] },
												"west": { "texture": "#skin", "uv": [ 24.0, 26.5, 25.0, 30.5 ] },
												"up": { "texture": "#skin", "uv": [ 24.0, 25.5, 25.0, 26.5 ], "rotation": 90 },
												"down": { "texture": "#skin", "uv": [ 24.0, 30.5, 25.0, 31.5 ], "rotation": 90 }
											}
										}
									]
								},
								{
									"name": "R back leg",
									"from": [ 2.0, -0.6, -0.2 ],
									"to": [ 4.0, 3.0, 1.4 ],
									"unwrapMode": 4,
									"uv": [ 15.0, 18.0 ],
									"rotationOrigin": [ 3.0, 3.0, 0.7 ],
									"rotationX": -2.0,
									"rotationZ": 10.0,
									"faces": {
										"north": { "texture": "#skin", "uv": [ 15.0, 20.0, 17.0, 23.5 ] },
										"east": { "texture": "#skin", "uv": [ 20.5, 20.0, 22.0, 23.5 ] },
										"south": { "texture": "#skin", "uv": [ 18.5, 20.0, 20.5, 23.5 ] },
										"west": { "texture": "#skin", "uv": [ 17.0, 20.0, 18.5, 23.5 ] },
										"up": { "texture": "#skin", "uv": [ 17.0, 18.0, 18.5, 20.0 ], "rotation": 90 },
										"down": { "texture": "#skin", "uv": [ 17.0, 23.5, 18.5, 25.5 ], "rotation": 90 }
									},
									"children": [
										{
											"name": "R back feet",
											"from": [ 0.5, -3.0, 0.3 ],
											"to": [ 1.7, 1.0, 1.5 ],
											"unwrapMode": 4,
											"uv": [ 16.0, 25.5 ],
											"rotationOrigin": [ 1.1, 1.0, 0.9 ],
											"rotationX": 2.0,
											"rotationZ": -10.0,
											"faces": {
												"north": { "texture": "#skin", "uv": [ 16.0, 26.5, 17.0, 30.5 ] },
												"east": { "texture": "#skin", "uv": [ 19.0, 26.5, 20.0, 30.5 ] },
												"south": { "texture": "#skin", "uv": [ 18.0, 26.5, 19.0, 30.5 ] },
												"west": { "texture": "#skin", "uv": [ 17.0, 26.5, 18.0, 30.5 ] },
												"up": { "texture": "#skin", "uv": [ 17.0, 25.5, 18.0, 26.5 ], "rotation": 90 },
												"down": { "texture": "#skin", "uv": [ 17.0, 30.5, 18.0, 31.5 ], "rotation": 90 }
											}
										}
									]
								},
								{
									"name": "tail",
									"from": [ 3.1, 2.7, 1.2 ],
									"to": [ 5.1, 3.7, 2.4 ],
									"unwrapMode": 5,
									"unwrapRotation": 1,
									"uv": [ 12.0, 16.0 ],
									"rotationOrigin": [ 3.1, 3.2, 1.8 ],
									"rotationZ": -44.0,
									"faces": {
										"north": { "texture": "#skin", "uv": [ 12.0, 17.0, 13.0, 19.0 ], "rotation": 270 },
										"east": { "texture": "#skin", "uv": [ 13.0, 16.0, 14.0, 17.0 ], "rotation": 180 },
										"south": { "texture": "#skin", "uv": [ 14.0, 17.0, 15.0, 19.0 ], "rotation": 90 },
										"west": { "texture": "#skin", "uv": [ 13.0, 19.0, 14.0, 20.0 ] },
										"up": { "texture": "#skin", "uv": [ 13.0, 17.0, 14.0, 19.0 ], "rotation": 90 },
										"down": { "texture": "#skin", "uv": [ 15.0, 17.0, 16.0, 19.0 ], "rotation": 270 }
									},
									"children": [
										{
											"name": "tail end",
											"from": [ 1.8, 0.0, 0.1 ],
											"to": [ 4.8, 1.0, 1.1 ],
											"unwrapMode": 5,
											"unwrapRotation": 1,
											"uv": [ 8.0, 16.0 ],
											"rotationOrigin": [ 1.8, 0.5, 0.6 ],
											"rotationZ": 20.0,
											"faces": {
												"north": { "texture": "#skin", "uv": [ 8.0, 17.0, 9.0, 20.0 ], "rotation": 270 },
												"east": { "texture": "#skin", "uv": [ 9.0, 16.0, 10.0, 17.0 ], "rotation": 180 },
												"south": { "texture": "#skin", "uv": [ 10.0, 17.0, 11.0, 20.0 ], "rotation": 90 },
												"west": { "texture": "#skin", "uv": [ 9.0, 20.0, 10.0, 21.0 ] },
												"up": { "texture": "#skin", "uv": [ 9.0, 17.0, 10.0, 20.0 ], "rotation": 90 },
												"down": { "texture": "#skin", "uv": [ 11.0, 17.0, 12.0, 20.0 ], "rotation": 270 }
											}
										}
									]
								}
							]
						}
					],
					"attachmentpoints": [
						{
							"code": "Center",
							"posX": "3.0","posY": "2.0","posZ": "2.0",
							"rotationX": "0.0","rotationY": "0.0","rotationZ": "0.0"
						}
					]
				}
			]
		}
	],
	"animations": [
		{
			"name": "Idle1",
			"code": "idle1",
			"quantityframes": 50,
			"onActivityStopped": "Rewind",
			"onAnimationEnd": "Repeat",
			"keyframes": [
				{
					"frame": 0,
					"elements": {
						"neck": { "rotationX": 0.0, "rotationY": 0.0, "rotationZ": 0.0 },
						"head": { "rotationX": 0.0, "rotationY": 0.0, "rotationZ": 0.0 },
						"jaw": { "rotationX": 0.0, "rotationY": 0.0, "rotationZ": 6.0 },
						"R front leg": { "rotationX": 0.0, "rotationY": 0.0, "rotationZ": 3.0 },
						"L front leg": { "rotationX": 0.0, "rotationY": 0.0, "rotationZ": 6.0 }
					}
				},
				{
					"frame": 20,
					"elements": {
						"neck": { "rotationX": 0.0, "rotationY": 0.0, "rotationZ": -11.0 },
						"head": { "rotationX": 0.0, "rotationY": 0.0, "rotationZ": 11.0 },
						"jaw": { "rotationX": 0.0, "rotationY": 0.0, "rotationZ": 14.0 },
						"L front leg": { "rotationX": -8.0, "rotationY": 0.0, "rotationZ": 8.0 },
						"R front leg": { "rotationX": 6.0, "rotationY": 0.0, "rotationZ": 6.0 }
					}
				}
			]
		},

		{
			"name": "Walk",
			"code": "walk",
			"quantityframes": 25,
			"onActivityStopped": "Rewind",
			"onAnimationEnd": "Repeat",
			"keyframes": [
				{
					"frame": 0,
					"elements": {
						"neck": { "rotationX": 0.0, "rotationY": 0.0, "rotationZ": 0.0 },
						"head": { "rotationX": 0.0, "rotationY": 0.0, "rotationZ": 0.0 },
						"jaw": { "rotationX": 0.0, "rotationY": 0.0, "rotationZ": 6.0 },
						"R front leg": { "rotationX": 0.0, "rotationY": 0.0, "rotationZ": 3.0 },
						"L front leg": { "rotationX": 0.0, "rotationY": 0.0, "rotationZ": 6.0 }
					}
				},
				{
					"frame": 13,
					"elements": {
						"neck": { "rotationX": 0.0, "rotationY": 0.0, "rotationZ": -11.0 },
						"head": { "rotationX": 0.0, "rotationY": 0.0, "rotationZ": 11.0 },
						"jaw": { "rotationX": 0.0, "rotationY": 0.0, "rotationZ": 14.0 },
						"L front leg": { "rotationX": -8.0, "rotationY": 0.0, "rotationZ": 8.0 },
						"R front leg": { "rotationX": 6.0, "rotationY": 0.0, "rotationZ": 6.0 }
					}
				}
			]
		},

		{
			"name": "Sprint",
			"code": "sprint",
			"quantityframes": 24,
			"onActivityStopped": "Rewind",
			"onAnimationEnd": "Repeat",
			"keyframes": [
				{
					"frame": 0,
					"elements": {
						"neck": { "rotationX": 0.0, "rotationY": 0.0, "rotationZ": 0.0 },
						"head": { "rotationX": 0.0, "rotationY": 0.0, "rotationZ": 0.0 },
						"R ear": { "rotationX": 0.0, "rotationY": 0.0, "rotationZ": 28.0 },
						"L ear": { "rotationX": 0.0, "rotationY": 0.0, "rotationZ": 28.0 },
						"jaw": { "rotationX": 0.0, "rotationY": 0.0, "rotationZ": 14.0 },
						"R front leg": { "rotationX": 0.0, "rotationY": 0.0, "rotationZ": -72.0 },
						"R front feet": { "rotationX": 0.0, "rotationY": 0.0, "rotationZ": 0.0 },
						"L front leg": { "rotationX": 0.0, "rotationY": 0.0, "rotationZ": -44.0 },
						"L front feet": { "rotationX": 0.0, "rotationY": 0.0, "rotationZ": -33.0 }
					}
				},
				{
					"frame": 12,
					"elements": {
						"neck": { "rotationX": 0.0, "rotationY": 0.0, "rotationZ": 17.0 },
						"head": { "rotationX": 0.0, "rotationY": 0.0, "rotationZ": -8.0 },
						"L ear": { "rotationX": 0.0, "rotationY": 0.0, "rotationZ": 14.0 },
						"R ear": { "rotationX": 0.0, "rotationY": 0.0, "rotationZ": 14.0 },
						"jaw": { "rotationX": 0.0, "rotationY": 0.0, "rotationZ": 25.0 },
						"R front leg": { "rotationX": 0.0, "rotationY": 0.0, "rotationZ": -39.0 },
						"R front feet": { "rotationX": 0.0, "rotationY": 0.0, "rotationZ": -25.0 },
						"L front leg": { "rotationX": 0.0, "rotationY": 0.0, "rotationZ": -75.0 },
						"L front feet": { "rotationX": 0.0, "rotationY": 0.0, "rotationZ": 0.0 }
					}
				}
			]
		}
	]
}