﻿{
  "code": "firearm",
  "class": "Firearms:Musket",
  "variantgroups": [{"code": "type", "states": ["musket"]}, {"code": "material", "states": ["steel"]}],
  "creativeinventory": {"general": ["*"], "maltiezfirearms": ["*"]},
  "maxstacksize": 1,
  "durability": 600,
  "rackable": true,
  "tool": "bow",
  "behaviors": [
    {
      "name": "GroundStorable",
      "properties": {
        "layout": "WallHalves",
        "wallOffY": 2,
        "sprintKey": true,
        "selectionBox": {"x1": 0, "y1": 0, "z1": 0, "x2": 1, "y2": 0.1, "z2": 1},
        "collisionBox": {"x1": 0, "y1": 0, "z1": 0, "x2": 0, "y2": 0, "z2": 0}
      }
    },
    {
      "name": "CombatOverhaul:AnimatableAttachable",
      "properties": {
        "animated-shape": "maltiezfirearms:firearms/musket",
        "animated-shape-alternates": [
          "maltiezfirearms:firearms/musket/musket-01-plug-plain",
          "maltiezfirearms:firearms/musket/musket-02-plug-decorated",
          "maltiezfirearms:firearms/musket/musket-03-socket-plain",
          "maltiezfirearms:firearms/musket/musket-04-socket-decorated"
        ]
      }
    }
  ],
  "attributes": {
    "toolrackTransform": {"translation": {"x": 1.4, "y": 0.52, "z": 0.5}, "rotation": {"x": 1, "y": 95, "z": -90}, "origin": {"x": 0, "y": 0, "z": 0}, "scale": 1.34},
    "groundStorageTransform": {"translation": {"x": 0.55, "y": 0.44, "z": 0.75}, "rotation": {"x": 98, "y": 4, "z": -101}, "origin": {"x": 0, "y": 0, "z": 0}, "scale": 0.81},
    "inWallmountTransform": {"translation": {"x": -0.6, "y": -0.06, "z": -0.04}, "rotation": {"x": 90, "y": -83, "z": 90}, "origin": {"x": 0, "y": 0, "z": 0}, "scale": 0.81},
    "inWeaponrackTransform": {"translation": {"x": 0, "y": 0.02, "z": 0.08}, "rotation": {"x": 82, "y": 0, "z": 0}, "origin": {"x": 0, "y": 0, "z": 0}, "scale": 0.81},
    "handbook": {"groupBy": ["firearm-musket-steel"]},
    "BulletDamageMultiplier": 1.63,
    "BulletDamageStrength": 9,
    "BulletTransform": {"translation": {"x": -2.2, "y": 0.2, "z": -2.2}, "rotation": {"x": 0, "y": 0, "z": 0}, "scale": 0.3},
    "FlaskTransform": {"Translation": {"X": 0, "Y": 0, "Z": 0}, "Rotation": {"X": 0, "Y": 0, "Z": 0}, "Origin": {"X": 0, "Y": 0, "Z": 0}, "Scale": 1},
    "WaddingTransform": {"Translation": {"x": 0, "y": 0, "z": 0}, "Rotation": {"x": 0, "y": 0, "z": 0}, "Origin": {"X": 0, "Y": 0, "Z": 0}, "scale": 1},
    "PrimingEquipmentTransform": {"Translation": {"X": 0, "Y": 0, "Z": 0}, "Rotation": {"X": 0, "Y": 0, "Z": 0}, "Origin": {"X": 0, "Y": 0, "Z": 0}, "Scale": 1},
    "ProficiencyStat": "firearmsProficiency",
    "IdleAnimation": "maltiezfirearms:firearms-shoulder",
    "ReadyAnimation": "maltiezfirearms:firearms-ready",
    "LoadAnimation": ["maltiezfirearms:firearms-musket-load"],
    "PrimeAnimation": "maltiezfirearms:firearms-musket-prime",
    "AimAnimation": "maltiezfirearms:firearms-musket-aim",
    "ShootAnimation": ["maltiezfirearms:firearms-musket-shoot"],
    "LoadedAnimation": ["maltiezfirearms:firearms-musket-loaded"],
    "PrimedAnimation": "maltiezfirearms:firearms-musket-primed",
    "ReloadAnimationSpeed": 1,
    "MagazineSize": 1,
    "BulletLoadedPerReload": 1,
    "WaddingUsedPerReload": 1,
    "LoadPowderConsumption": 31,
    "PrimePowderConsumption": 1,
    "LoadingRequirementWildcard": "",
    "PrimingRequirementWildcard": "",
    "AimingRequirementWildcard": "",
    "BulletWildcard": "*slug-*",
    "Aiming": {
      "AimDifficulty": 1,
      "CursorType": "None",
      "AccuracyOvertimeSec": 0,
      "AllowSprint": false,
      "MoveSpeedPenalty": 0.1,
      "AimDrift": 30,
      "AimTwitch": 10,
      "AnimationFollowX": 5.5,
      "AnimationFollowY": 5.5,
      "VerticalLimit": 0.25,
      "VerticalOffset": -0.05
    },
    "BulletVelocity": 12,
    "DispersionMOA": [60, 60],
    "Zeroing": 0,
    "BayonetAttack": {
      "StopOnTerrainHit": false,
      "StopOnEntityHit": false,
      "CollideWithTerrain": true,
      "MaxReach": 9,
      "DamageTypes": [{"Damage": {"DamageType": "PiercingAttack", "Strength": 6, "Damage": 4.5}, "Knockback": 2, "DurabilityDamage": 0, "Collider": [0, 0.1, -0.3, 0, 0.1, -3]}]
    },
    "BayonetAttackAnimation": "maltiezfirearms:musket-bayonet-thrust",
    "BayonetAttackTpAnimation": "spearhit",
    "CancelReloadOnInAir": true,
    "LoadSpeedPenalty": -2
  },
  "shape": {
    "base": "maltiezfirearms:firearms/musket",
    "alternates": [
      {"base": "maltiezfirearms:firearms/musket/musket-01-plug-plain"},
      {"base": "maltiezfirearms:firearms/musket/musket-02-plug-decorated"},
      {"base": "maltiezfirearms:firearms/musket/musket-03-socket-plain"},
      {"base": "maltiezfirearms:firearms/musket/musket-04-socket-decorated"}
    ]
  },
  "heldTpHitAnimation": "firearmsempty",
  "heldLeftTpIdleAnimation": "firearmsempty",
  "heldLeftReadyAnimation": "firearmsempty",
  "heldRightReadyAnimation": "firearmsempty",
  "heldOldTpIdleAnimation": "firearmsempty",
  "heldTpUseAnimation": "firearmsempty",
  "guiTransform": {
    "translation": {"x": 0, "y": 0, "z": 0},
    "rotation": {"x": -11, "y": 16, "z": -180},
    "origin": {"x": -0.65, "y": -0.5, "z": -3},
    "scaleXyz": {"x": -1.89, "y": 1.89, "z": 1.89}
  },
  "fpHandTransform": {"translation": {"x": 0.2, "y": 0.6, "z": 1}, "rotation": {"x": 0, "y": 0, "z": 0}, "origin": {"x": 0, "y": 0, "z": 0}, "scale": 4},
  "tpHandTransform": {"translation": {"x": 0, "y": 0, "z": 0}, "rotation": {"x": 0, "y": -90, "z": 0}, "origin": {"x": 0, "y": 0, "z": 0}, "scale": 0.8},
  "groundTransform": {"translation": {"x": 0, "y": 0.05, "z": 0}, "rotation": {"x": 0, "y": 0, "z": 90}, "origin": {"x": 0, "y": 0, "z": 0}, "scale": 4.8}
}