{"editor": {"allAngles": false, "entityTextureMode": false}, "textureWidth": 16, "textureHeight": 16, "textureSizes": {}, "textures": {"material": "block/stone/shingles/slate1"}, "elements": [{"name": "main", "from": [0.0, 0.0, 0.0], "to": [0.0, 0.0, 0.0], "faces": {}, "children": [{"name": "lower", "from": [0.0, 0.0, 0.0], "to": [0.0, 0.0, 0.0], "faces": {}, "children": [{"name": "0", "from": [0.0, 0.0, 0.0], "to": [0.0, 0.0, 0.0], "faces": {}, "children": [{"name": "0", "from": [10.2, 3.25, -0.02], "to": [17.2, 8.75, 1.98], "rotationOrigin": [9.2049, 6.0, 8.0], "rotationZ": 15.0, "faces": {"north": {"texture": "#material", "uv": [0.0, 0.0, 5.5, 7.0], "rotation": 90}, "east": {"texture": "#material", "uv": [0, 0.0, 2, 5.5]}, "south": {"texture": "#material", "uv": [0.0, 0.0, 5.5, 7.0], "rotation": 90}, "west": {"texture": "#material", "uv": [0, 0.0, 2, 5.5]}, "up": {"texture": "#material", "uv": [0, 0.0, 2, 7.0], "rotation": 90}, "down": {"texture": "#material", "uv": [0, 0.0, 2, 7.0], "rotation": 90}}, "children": [{"name": "snow", "from": [0.0, 5.5, 0.025], "to": [7.0, 6.5, 2.0], "rotationOrigin": [9.2049, 6.0, 8.0], "faces": {"north": {"uv": [0.0, 5.5, 7.0, 6.5], "texture": "#snowcover"}, "east": {"uv": [0.005000000000000001, 5.5, 1.98, 6.5], "texture": "#snowcover"}, "south": {"uv": [0.0, 5.5, 7.0, 6.5], "texture": "#snowcover"}, "west": {"uv": [0.005000000000000001, 5.5, 1.98, 6.5], "texture": "#snowcover"}, "up": {"texture": "#snowcover", "uv": [0, 0.0, 2, 7.0], "rotation": 90}, "down": {"texture": "#snowcover", "uv": [0, 0.0, 2, 7.0], "rotation": 90}}}]}, {"name": "1", "from": [10.2, 3.25, 1.98], "to": [17.2, 8.75, 3.98], "rotationOrigin": [9.2049, 6.0, 8.0], "rotationZ": 15.0, "faces": {"north": {"texture": "#material", "uv": [0.0, 0.0, 5.5, 7.0], "rotation": 90}, "east": {"texture": "#material", "uv": [2, 0.0, 4, 5.5]}, "south": {"texture": "#material", "uv": [0.0, 0.0, 5.5, 7.0], "rotation": 90}, "west": {"texture": "#material", "uv": [2, 0.0, 4, 5.5]}, "up": {"texture": "#material", "uv": [2, 0.0, 4, 7.0], "rotation": 90}, "down": {"texture": "#material", "uv": [2, 0.0, 4, 7.0], "rotation": 90}}, "children": [{"name": "snow", "from": [0.0, 5.5, 0.0], "to": [7.0, 6.5, 2.0], "rotationOrigin": [9.2049, 6.0, 8.0], "faces": {"north": {"uv": [0.0, 5.5, 7.0, 6.5], "texture": "#snowcover"}, "east": {"uv": [1.98, 5.5, 3.98, 6.5], "texture": "#snowcover"}, "south": {"uv": [0.0, 5.5, 7.0, 6.5], "texture": "#snowcover"}, "west": {"uv": [1.98, 5.5, 3.98, 6.5], "texture": "#snowcover"}, "up": {"texture": "#snowcover", "uv": [2, 0.0, 4, 7.0], "rotation": 90}, "down": {"texture": "#snowcover", "uv": [2, 0.0, 4, 7.0], "rotation": 90}}}]}, {"name": "2", "from": [10.2, 3.25, 3.98], "to": [17.2, 8.75, 5.98], "rotationOrigin": [9.2049, 6.0, 8.0], "rotationZ": 15.0, "faces": {"north": {"texture": "#material", "uv": [0.0, 0.0, 5.5, 7.0], "rotation": 90}, "east": {"texture": "#material", "uv": [4, 0.0, 6, 5.5]}, "south": {"texture": "#material", "uv": [0.0, 0.0, 5.5, 7.0], "rotation": 90}, "west": {"texture": "#material", "uv": [4, 0.0, 6, 5.5]}, "up": {"texture": "#material", "uv": [4, 0.0, 6, 7.0], "rotation": 90}, "down": {"texture": "#material", "uv": [4, 0.0, 6, 7.0], "rotation": 90}}, "children": [{"name": "snow", "from": [0.0, 5.5, 0.0], "to": [7.0, 6.5, 2.0000000000000004], "rotationOrigin": [9.2049, 6.0, 8.0], "faces": {"north": {"uv": [0.0, 5.5, 7.0, 6.5], "texture": "#snowcover"}, "east": {"uv": [3.98, 5.5, 5.98, 6.5], "texture": "#snowcover"}, "south": {"uv": [0.0, 5.5, 7.0, 6.5], "texture": "#snowcover"}, "west": {"uv": [3.98, 5.5, 5.98, 6.5], "texture": "#snowcover"}, "up": {"texture": "#snowcover", "uv": [4, 0.0, 6, 7.0], "rotation": 90}, "down": {"texture": "#snowcover", "uv": [4, 0.0, 6, 7.0], "rotation": 90}}}]}, {"name": "3", "from": [10.2, 3.25, 5.98], "to": [17.2, 8.75, 7.98], "rotationOrigin": [9.2049, 6.0, 8.0], "rotationZ": 15.0, "faces": {"north": {"texture": "#material", "uv": [0.0, 0.0, 5.5, 7.0], "rotation": 90}, "east": {"texture": "#material", "uv": [6, 0.0, 8, 5.5]}, "south": {"texture": "#material", "uv": [0.0, 0.0, 5.5, 7.0], "rotation": 90}, "west": {"texture": "#material", "uv": [6, 0.0, 8, 5.5]}, "up": {"texture": "#material", "uv": [6, 0.0, 8, 7.0], "rotation": 90}, "down": {"texture": "#material", "uv": [6, 0.0, 8, 7.0], "rotation": 90}}, "children": [{"name": "snow", "from": [0.0, 5.5, 0.0], "to": [7.0, 6.5, 2.0], "rotationOrigin": [9.2049, 6.0, 8.0], "faces": {"north": {"uv": [0.0, 5.5, 7.0, 6.5], "texture": "#snowcover"}, "east": {"uv": [5.98, 5.5, 7.98, 6.5], "texture": "#snowcover"}, "south": {"uv": [0.0, 5.5, 7.0, 6.5], "texture": "#snowcover"}, "west": {"uv": [5.98, 5.5, 7.98, 6.5], "texture": "#snowcover"}, "up": {"texture": "#snowcover", "uv": [6, 0.0, 8, 7.0], "rotation": 90}, "down": {"texture": "#snowcover", "uv": [6, 0.0, 8, 7.0], "rotation": 90}}}]}, {"name": "4", "from": [10.2, 3.25, 7.98], "to": [17.2, 8.75, 9.98], "rotationOrigin": [9.2049, 6.0, 8.0], "rotationZ": 15.0, "faces": {"north": {"texture": "#material", "uv": [0.0, 0.0, 5.5, 7.0], "rotation": 90}, "east": {"texture": "#material", "uv": [8, 0.0, 10, 5.5]}, "south": {"texture": "#material", "uv": [0.0, 0.0, 5.5, 7.0], "rotation": 90}, "west": {"texture": "#material", "uv": [8, 0.0, 10, 5.5]}, "up": {"texture": "#material", "uv": [8, 0.0, 10, 7.0], "rotation": 90}, "down": {"texture": "#material", "uv": [8, 0.0, 10, 7.0], "rotation": 90}}, "children": [{"name": "snow", "from": [0.0, 5.5, 0.0], "to": [7.0, 6.5, 2.0], "rotationOrigin": [9.2049, 6.0, 8.0], "faces": {"north": {"uv": [0.0, 5.5, 7.0, 6.5], "texture": "#snowcover"}, "east": {"uv": [7.98, 5.5, 9.98, 6.5], "texture": "#snowcover"}, "south": {"uv": [0.0, 5.5, 7.0, 6.5], "texture": "#snowcover"}, "west": {"uv": [7.98, 5.5, 9.98, 6.5], "texture": "#snowcover"}, "up": {"texture": "#snowcover", "uv": [8, 0.0, 10, 7.0], "rotation": 90}, "down": {"texture": "#snowcover", "uv": [8, 0.0, 10, 7.0], "rotation": 90}}}]}, {"name": "5", "from": [10.2, 3.25, 9.98], "to": [17.2, 8.75, 11.98], "rotationOrigin": [9.2049, 6.0, 8.0], "rotationZ": 15.0, "faces": {"north": {"texture": "#material", "uv": [0.0, 0.0, 5.5, 7.0], "rotation": 90}, "east": {"texture": "#material", "uv": [10, 0.0, 12, 5.5]}, "south": {"texture": "#material", "uv": [0.0, 0.0, 5.5, 7.0], "rotation": 90}, "west": {"texture": "#material", "uv": [10, 0.0, 12, 5.5]}, "up": {"texture": "#material", "uv": [10, 0.0, 12, 7.0], "rotation": 90}, "down": {"texture": "#material", "uv": [10, 0.0, 12, 7.0], "rotation": 90}}, "children": [{"name": "snow", "from": [0.0, 5.5, 0.0], "to": [7.0, 6.5, 2.0], "rotationOrigin": [9.2049, 6.0, 8.0], "faces": {"north": {"uv": [0.0, 5.5, 7.0, 6.5], "texture": "#snowcover"}, "east": {"uv": [9.98, 5.5, 11.98, 6.5], "texture": "#snowcover"}, "south": {"uv": [0.0, 5.5, 7.0, 6.5], "texture": "#snowcover"}, "west": {"uv": [9.98, 5.5, 11.98, 6.5], "texture": "#snowcover"}, "up": {"texture": "#snowcover", "uv": [10, 0.0, 12, 7.0], "rotation": 90}, "down": {"texture": "#snowcover", "uv": [10, 0.0, 12, 7.0], "rotation": 90}}}]}, {"name": "6", "from": [10.2, 3.25, 11.98], "to": [17.2, 8.75, 13.98], "rotationOrigin": [9.2049, 6.0, 8.0], "rotationZ": 15.0, "faces": {"north": {"texture": "#material", "uv": [0.0, 0.0, 5.5, 7.0], "rotation": 90}, "east": {"texture": "#material", "uv": [12, 0.0, 14, 5.5]}, "south": {"texture": "#material", "uv": [0.0, 0.0, 5.5, 7.0], "rotation": 90}, "west": {"texture": "#material", "uv": [12, 0.0, 14, 5.5]}, "up": {"texture": "#material", "uv": [12, 0.0, 14, 7.0], "rotation": 90}, "down": {"texture": "#material", "uv": [12, 0.0, 14, 7.0], "rotation": 90}}, "children": [{"name": "snow", "from": [0.0, 5.5, 0.0], "to": [7.0, 6.5, 2.0], "rotationOrigin": [9.2049, 6.0, 8.0], "faces": {"north": {"uv": [0.0, 5.5, 7.0, 6.5], "texture": "#snowcover"}, "east": {"uv": [11.98, 5.5, 13.98, 6.5], "texture": "#snowcover"}, "south": {"uv": [0.0, 5.5, 7.0, 6.5], "texture": "#snowcover"}, "west": {"uv": [11.98, 5.5, 13.98, 6.5], "texture": "#snowcover"}, "up": {"texture": "#snowcover", "uv": [12, 0.0, 14, 7.0], "rotation": 90}, "down": {"texture": "#snowcover", "uv": [12, 0.0, 14, 7.0], "rotation": 90}}}]}, {"name": "7", "from": [10.2, 3.25, 13.98], "to": [17.2, 8.75, 16.01], "rotationOrigin": [9.2049, 6.0, 8.0], "rotationZ": 15.0, "faces": {"north": {"texture": "#material", "uv": [0.0, 0.0, 5.5, 7.0], "rotation": 90}, "east": {"texture": "#material", "uv": [14, 0.0, 16, 5.5]}, "south": {"texture": "#material", "uv": [0.0, 0.0, 5.5, 7.0], "rotation": 90}, "west": {"texture": "#material", "uv": [14, 0.0, 16, 5.5]}, "up": {"texture": "#material", "uv": [14, 0.0, 16, 7.0], "rotation": 90}, "down": {"texture": "#material", "uv": [14, 0.0, 16, 7.0], "rotation": 90}}, "children": [{"name": "snow", "from": [0.0, 5.5, 0.0], "to": [7.0, 6.5, 2.030000000000001], "rotationOrigin": [9.2049, 6.0, 8.0], "faces": {"north": {"uv": [0.0, 5.5, 7.0, 6.5], "texture": "#snowcover"}, "east": {"uv": [13.98, 5.5, 16, 6.5], "texture": "#snowcover"}, "south": {"uv": [0.0, 5.5, 7.0, 6.5], "texture": "#snowcover"}, "west": {"uv": [13.98, 5.5, 16, 6.5], "texture": "#snowcover"}, "up": {"texture": "#snowcover", "uv": [14, 0.0, 16, 7.0], "rotation": 90}, "down": {"texture": "#snowcover", "uv": [14, 0.0, 16, 7.0], "rotation": 90}}}]}]}, {"name": "1", "from": [0.0, 0.0, 0.0], "to": [0.0, 0.0, 0.0], "faces": {}, "children": [{"name": "0", "from": [3.2, 3.25, -0.02], "to": [10.2, 8.75, 1.98], "rotationOrigin": [9.2049, 6.0, 8.0], "rotationZ": 15.0, "faces": {"north": {"texture": "#material", "uv": [0.0, 8.0, 5.5, 15.0], "rotation": 90}, "east": {"texture": "#material", "uv": [0, 0.0, 2, 5.5]}, "south": {"texture": "#material", "uv": [0.0, 8.0, 5.5, 15.0], "rotation": 90}, "west": {"texture": "#material", "uv": [0, 0.0, 2, 5.5]}, "up": {"texture": "#material", "uv": [0, 8.0, 2, 15.0], "rotation": 90}, "down": {"texture": "#material", "uv": [0, 8.0, 2, 15.0], "rotation": 90}}, "children": [{"name": "snow", "from": [0.0, 5.5, 0.02], "to": [6.999999999999999, 6.5, 2.0], "rotationOrigin": [9.2049, 6.0, 8.0], "faces": {"north": {"uv": [0.0, 5.5, 6.999999999999999, 6.5], "texture": "#snowcover"}, "east": {"uv": [0.0, 5.5, 1.98, 6.5], "texture": "#snowcover"}, "south": {"uv": [0.0, 5.5, 6.999999999999999, 6.5], "texture": "#snowcover"}, "west": {"uv": [0.0, 5.5, 1.98, 6.5], "texture": "#snowcover"}, "up": {"texture": "#snowcover", "uv": [0, 8.0, 2, 15.0], "rotation": 90}, "down": {"texture": "#snowcover", "uv": [0, 8.0, 2, 15.0], "rotation": 90}}}]}, {"name": "1", "from": [3.2, 3.25, 1.98], "to": [10.2, 8.75, 3.98], "rotationOrigin": [9.2049, 6.0, 8.0], "rotationZ": 15.0, "faces": {"north": {"texture": "#material", "uv": [0.0, 8.0, 5.5, 15.0], "rotation": 90}, "east": {"texture": "#material", "uv": [2, 0.0, 4, 5.5]}, "south": {"texture": "#material", "uv": [0.0, 8.0, 5.5, 15.0], "rotation": 90}, "west": {"texture": "#material", "uv": [2, 0.0, 4, 5.5]}, "up": {"texture": "#material", "uv": [2, 8.0, 4, 15.0], "rotation": 90}, "down": {"texture": "#material", "uv": [2, 8.0, 4, 15.0], "rotation": 90}}, "children": [{"name": "snow", "from": [0.0, 5.5, 0.0], "to": [6.999999999999999, 6.5, 2.0], "rotationOrigin": [9.2049, 6.0, 8.0], "faces": {"north": {"uv": [0.0, 5.5, 6.999999999999999, 6.5], "texture": "#snowcover"}, "east": {"uv": [1.98, 5.5, 3.98, 6.5], "texture": "#snowcover"}, "south": {"uv": [0.0, 5.5, 6.999999999999999, 6.5], "texture": "#snowcover"}, "west": {"uv": [1.98, 5.5, 3.98, 6.5], "texture": "#snowcover"}, "up": {"texture": "#snowcover", "uv": [2, 8.0, 4, 15.0], "rotation": 90}, "down": {"texture": "#snowcover", "uv": [2, 8.0, 4, 15.0], "rotation": 90}}}]}, {"name": "2", "from": [3.2, 3.25, 3.98], "to": [10.2, 8.75, 5.98], "rotationOrigin": [9.2049, 6.0, 8.0], "rotationZ": 15.0, "faces": {"north": {"texture": "#material", "uv": [0.0, 8.0, 5.5, 15.0], "rotation": 90}, "east": {"texture": "#material", "uv": [4, 0.0, 6, 5.5]}, "south": {"texture": "#material", "uv": [0.0, 8.0, 5.5, 15.0], "rotation": 90}, "west": {"texture": "#material", "uv": [4, 0.0, 6, 5.5]}, "up": {"texture": "#material", "uv": [4, 8.0, 6, 15.0], "rotation": 90}, "down": {"texture": "#material", "uv": [4, 8.0, 6, 15.0], "rotation": 90}}, "children": [{"name": "snow", "from": [0.0, 5.5, 0.0], "to": [6.999999999999999, 6.5, 2.0000000000000004], "rotationOrigin": [9.2049, 6.0, 8.0], "faces": {"north": {"uv": [0.0, 5.5, 6.999999999999999, 6.5], "texture": "#snowcover"}, "east": {"uv": [3.98, 5.5, 5.98, 6.5], "texture": "#snowcover"}, "south": {"uv": [0.0, 5.5, 6.999999999999999, 6.5], "texture": "#snowcover"}, "west": {"uv": [3.98, 5.5, 5.98, 6.5], "texture": "#snowcover"}, "up": {"texture": "#snowcover", "uv": [4, 8.0, 6, 15.0], "rotation": 90}, "down": {"texture": "#snowcover", "uv": [4, 8.0, 6, 15.0], "rotation": 90}}}]}, {"name": "3", "from": [3.2, 3.25, 5.98], "to": [10.2, 8.75, 7.98], "rotationOrigin": [9.2049, 6.0, 8.0], "rotationZ": 15.0, "faces": {"north": {"texture": "#material", "uv": [0.0, 8.0, 5.5, 15.0], "rotation": 90}, "east": {"texture": "#material", "uv": [6, 0.0, 8, 5.5]}, "south": {"texture": "#material", "uv": [0.0, 8.0, 5.5, 15.0], "rotation": 90}, "west": {"texture": "#material", "uv": [6, 0.0, 8, 5.5]}, "up": {"texture": "#material", "uv": [6, 8.0, 8, 15.0], "rotation": 90}, "down": {"texture": "#material", "uv": [6, 8.0, 8, 15.0], "rotation": 90}}, "children": [{"name": "snow", "from": [0.0, 5.5, 0.0], "to": [6.999999999999999, 6.5, 2.0], "rotationOrigin": [9.2049, 6.0, 8.0], "faces": {"north": {"uv": [0.0, 5.5, 6.999999999999999, 6.5], "texture": "#snowcover"}, "east": {"uv": [5.98, 5.5, 7.98, 6.5], "texture": "#snowcover"}, "south": {"uv": [0.0, 5.5, 6.999999999999999, 6.5], "texture": "#snowcover"}, "west": {"uv": [5.98, 5.5, 7.98, 6.5], "texture": "#snowcover"}, "up": {"texture": "#snowcover", "uv": [6, 8.0, 8, 15.0], "rotation": 90}, "down": {"texture": "#snowcover", "uv": [6, 8.0, 8, 15.0], "rotation": 90}}}]}, {"name": "4", "from": [3.2, 3.25, 7.98], "to": [10.2, 8.75, 9.98], "rotationOrigin": [9.2049, 6.0, 8.0], "rotationZ": 15.0, "faces": {"north": {"texture": "#material", "uv": [0.0, 8.0, 5.5, 15.0], "rotation": 90}, "east": {"texture": "#material", "uv": [8, 0.0, 10, 5.5]}, "south": {"texture": "#material", "uv": [0.0, 8.0, 5.5, 15.0], "rotation": 90}, "west": {"texture": "#material", "uv": [8, 0.0, 10, 5.5]}, "up": {"texture": "#material", "uv": [8, 8.0, 10, 15.0], "rotation": 90}, "down": {"texture": "#material", "uv": [8, 8.0, 10, 15.0], "rotation": 90}}, "children": [{"name": "snow", "from": [0.0, 5.5, 0.0], "to": [6.999999999999999, 6.5, 2.0], "rotationOrigin": [9.2049, 6.0, 8.0], "faces": {"north": {"uv": [0.0, 5.5, 6.999999999999999, 6.5], "texture": "#snowcover"}, "east": {"uv": [7.98, 5.5, 9.98, 6.5], "texture": "#snowcover"}, "south": {"uv": [0.0, 5.5, 6.999999999999999, 6.5], "texture": "#snowcover"}, "west": {"uv": [7.98, 5.5, 9.98, 6.5], "texture": "#snowcover"}, "up": {"texture": "#snowcover", "uv": [8, 8.0, 10, 15.0], "rotation": 90}, "down": {"texture": "#snowcover", "uv": [8, 8.0, 10, 15.0], "rotation": 90}}}]}, {"name": "5", "from": [3.2, 3.25, 9.98], "to": [10.2, 8.75, 11.98], "rotationOrigin": [9.2049, 6.0, 8.0], "rotationZ": 15.0, "faces": {"north": {"texture": "#material", "uv": [0.0, 8.0, 5.5, 15.0], "rotation": 90}, "east": {"texture": "#material", "uv": [10, 0.0, 12, 5.5]}, "south": {"texture": "#material", "uv": [0.0, 8.0, 5.5, 15.0], "rotation": 90}, "west": {"texture": "#material", "uv": [10, 0.0, 12, 5.5]}, "up": {"texture": "#material", "uv": [10, 8.0, 12, 15.0], "rotation": 90}, "down": {"texture": "#material", "uv": [10, 8.0, 12, 15.0], "rotation": 90}}, "children": [{"name": "snow", "from": [0.0, 5.5, 0.0], "to": [6.999999999999999, 6.5, 2.0], "rotationOrigin": [9.2049, 6.0, 8.0], "faces": {"north": {"uv": [0.0, 5.5, 6.999999999999999, 6.5], "texture": "#snowcover"}, "east": {"uv": [9.98, 5.5, 11.98, 6.5], "texture": "#snowcover"}, "south": {"uv": [0.0, 5.5, 6.999999999999999, 6.5], "texture": "#snowcover"}, "west": {"uv": [9.98, 5.5, 11.98, 6.5], "texture": "#snowcover"}, "up": {"texture": "#snowcover", "uv": [10, 8.0, 12, 15.0], "rotation": 90}, "down": {"texture": "#snowcover", "uv": [10, 8.0, 12, 15.0], "rotation": 90}}}]}, {"name": "6", "from": [3.2, 3.25, 11.98], "to": [10.2, 8.75, 13.98], "rotationOrigin": [9.2049, 6.0, 8.0], "rotationZ": 15.0, "faces": {"north": {"texture": "#material", "uv": [0.0, 8.0, 5.5, 15.0], "rotation": 90}, "east": {"texture": "#material", "uv": [12, 0.0, 14, 5.5]}, "south": {"texture": "#material", "uv": [0.0, 8.0, 5.5, 15.0], "rotation": 90}, "west": {"texture": "#material", "uv": [12, 0.0, 14, 5.5]}, "up": {"texture": "#material", "uv": [12, 8.0, 14, 15.0], "rotation": 90}, "down": {"texture": "#material", "uv": [12, 8.0, 14, 15.0], "rotation": 90}}, "children": [{"name": "snow", "from": [0.0, 5.5, 0.0], "to": [6.999999999999999, 6.5, 2.0], "rotationOrigin": [9.2049, 6.0, 8.0], "faces": {"north": {"uv": [0.0, 5.5, 6.999999999999999, 6.5], "texture": "#snowcover"}, "east": {"uv": [11.98, 5.5, 13.98, 6.5], "texture": "#snowcover"}, "south": {"uv": [0.0, 5.5, 6.999999999999999, 6.5], "texture": "#snowcover"}, "west": {"uv": [11.98, 5.5, 13.98, 6.5], "texture": "#snowcover"}, "up": {"texture": "#snowcover", "uv": [12, 8.0, 14, 15.0], "rotation": 90}, "down": {"texture": "#snowcover", "uv": [12, 8.0, 14, 15.0], "rotation": 90}}}]}, {"name": "7", "from": [3.2, 3.25, 13.98], "to": [10.2, 8.75, 16.01], "rotationOrigin": [9.2049, 6.0, 8.0], "rotationZ": 15.0, "faces": {"north": {"texture": "#material", "uv": [0.0, 8.0, 5.5, 15.0], "rotation": 90}, "east": {"texture": "#material", "uv": [14, 0.0, 16, 5.5]}, "south": {"texture": "#material", "uv": [0.0, 8.0, 5.5, 15.0], "rotation": 90}, "west": {"texture": "#material", "uv": [14, 0.0, 16, 5.5]}, "up": {"texture": "#material", "uv": [14, 8.0, 16, 15.0], "rotation": 90}, "down": {"texture": "#material", "uv": [14, 8.0, 16, 15.0], "rotation": 90}}, "children": [{"name": "snow", "from": [0.0, 5.5, 0.0], "to": [6.999999999999999, 6.5, 2.030000000000001], "rotationOrigin": [9.2049, 6.0, 8.0], "faces": {"north": {"uv": [0.0, 5.5, 6.999999999999999, 6.5], "texture": "#snowcover"}, "east": {"uv": [13.98, 5.5, 16, 6.5], "texture": "#snowcover"}, "south": {"uv": [0.0, 5.5, 6.999999999999999, 6.5], "texture": "#snowcover"}, "west": {"uv": [13.98, 5.5, 16, 6.5], "texture": "#snowcover"}, "up": {"texture": "#snowcover", "uv": [14, 8.0, 16, 15.0], "rotation": 90}, "down": {"texture": "#snowcover", "uv": [14, 8.0, 16, 15.0], "rotation": 90}}}]}]}, {"name": "2", "from": [0.0, 0.0, 0.0], "to": [0.0, 0.0, 0.0], "faces": {}, "children": [{"name": "0", "from": [0.2, -0.5, -0.04], "to": [7.2, 4.5, 1.96], "rotationOrigin": [1.2049, 2.0, 8.0], "rotationZ": 15.0, "faces": {"north": {"texture": "#material", "uv": [0.0, 0.0, 5.0, 7.0], "rotation": 90}, "east": {"texture": "#material", "uv": [0, 0.0, 2, 5.0]}, "south": {"texture": "#material", "uv": [0.0, 0.0, 5.0, 7.0], "rotation": 90}, "west": {"texture": "#material", "uv": [0, 0.0, 2, 5.0]}, "up": {"texture": "#material", "uv": [0, 0.0, 2, 7.0], "rotation": 90}, "down": {"texture": "#material", "uv": [0, 0.0, 2, 7.0], "rotation": 90}}, "children": [{"name": "snow", "from": [0.0, 5.0, 0.045], "to": [7.0, 6.0, 2.0], "rotationOrigin": [1.2049, 2.0, 8.0], "faces": {"north": {"uv": [0.0, 5.0, 7.0, 6.0], "texture": "#snowcover"}, "east": {"uv": [0.0049999999999999975, 5.0, 1.96, 6.0], "texture": "#snowcover"}, "south": {"uv": [0.0, 5.0, 7.0, 6.0], "texture": "#snowcover"}, "west": {"uv": [0.0049999999999999975, 5.0, 1.96, 6.0], "texture": "#snowcover"}, "up": {"texture": "#snowcover", "uv": [0, 0.0, 2, 7.0], "rotation": 90}, "down": {"texture": "#snowcover", "uv": [0, 0.0, 2, 7.0], "rotation": 90}}}]}, {"name": "1", "from": [0.2, -0.5, 1.96], "to": [7.2, 4.5, 3.96], "rotationOrigin": [1.2049, 2.0, 8.0], "rotationZ": 15.0, "faces": {"north": {"texture": "#material", "uv": [0.0, 0.0, 5.0, 7.0], "rotation": 90}, "east": {"texture": "#material", "uv": [2, 0.0, 4, 5.0]}, "south": {"texture": "#material", "uv": [0.0, 0.0, 5.0, 7.0], "rotation": 90}, "west": {"texture": "#material", "uv": [2, 0.0, 4, 5.0]}, "up": {"texture": "#material", "uv": [2, 0.0, 4, 7.0], "rotation": 90}, "down": {"texture": "#material", "uv": [2, 0.0, 4, 7.0], "rotation": 90}}, "children": [{"name": "snow", "from": [0.0, 5.0, 0.0], "to": [7.0, 6.0, 2.0], "rotationOrigin": [1.2049, 2.0, 8.0], "faces": {"north": {"uv": [0.0, 5.0, 7.0, 6.0], "texture": "#snowcover"}, "east": {"uv": [1.96, 5.0, 3.96, 6.0], "texture": "#snowcover"}, "south": {"uv": [0.0, 5.0, 7.0, 6.0], "texture": "#snowcover"}, "west": {"uv": [1.96, 5.0, 3.96, 6.0], "texture": "#snowcover"}, "up": {"texture": "#snowcover", "uv": [2, 0.0, 4, 7.0], "rotation": 90}, "down": {"texture": "#snowcover", "uv": [2, 0.0, 4, 7.0], "rotation": 90}}}]}, {"name": "2", "from": [0.2, -0.5, 3.96], "to": [7.2, 4.5, 5.96], "rotationOrigin": [1.2049, 2.0, 8.0], "rotationZ": 15.0, "faces": {"north": {"texture": "#material", "uv": [0.0, 0.0, 5.0, 7.0], "rotation": 90}, "east": {"texture": "#material", "uv": [4, 0.0, 6, 5.0]}, "south": {"texture": "#material", "uv": [0.0, 0.0, 5.0, 7.0], "rotation": 90}, "west": {"texture": "#material", "uv": [4, 0.0, 6, 5.0]}, "up": {"texture": "#material", "uv": [4, 0.0, 6, 7.0], "rotation": 90}, "down": {"texture": "#material", "uv": [4, 0.0, 6, 7.0], "rotation": 90}}, "children": [{"name": "snow", "from": [0.0, 5.0, 0.0], "to": [7.0, 6.0, 2.0], "rotationOrigin": [1.2049, 2.0, 8.0], "faces": {"north": {"uv": [0.0, 5.0, 7.0, 6.0], "texture": "#snowcover"}, "east": {"uv": [3.96, 5.0, 5.96, 6.0], "texture": "#snowcover"}, "south": {"uv": [0.0, 5.0, 7.0, 6.0], "texture": "#snowcover"}, "west": {"uv": [3.96, 5.0, 5.96, 6.0], "texture": "#snowcover"}, "up": {"texture": "#snowcover", "uv": [4, 0.0, 6, 7.0], "rotation": 90}, "down": {"texture": "#snowcover", "uv": [4, 0.0, 6, 7.0], "rotation": 90}}}]}, {"name": "3", "from": [0.2, -0.5, 5.96], "to": [7.2, 4.5, 7.96], "rotationOrigin": [1.2049, 2.0, 8.0], "rotationZ": 15.0, "faces": {"north": {"texture": "#material", "uv": [0.0, 0.0, 5.0, 7.0], "rotation": 90}, "east": {"texture": "#material", "uv": [6, 0.0, 8, 5.0]}, "south": {"texture": "#material", "uv": [0.0, 0.0, 5.0, 7.0], "rotation": 90}, "west": {"texture": "#material", "uv": [6, 0.0, 8, 5.0]}, "up": {"texture": "#material", "uv": [6, 0.0, 8, 7.0], "rotation": 90}, "down": {"texture": "#material", "uv": [6, 0.0, 8, 7.0], "rotation": 90}}, "children": [{"name": "snow", "from": [0.0, 5.0, 0.0], "to": [7.0, 6.0, 2.0], "rotationOrigin": [1.2049, 2.0, 8.0], "faces": {"north": {"uv": [0.0, 5.0, 7.0, 6.0], "texture": "#snowcover"}, "east": {"uv": [5.96, 5.0, 7.96, 6.0], "texture": "#snowcover"}, "south": {"uv": [0.0, 5.0, 7.0, 6.0], "texture": "#snowcover"}, "west": {"uv": [5.96, 5.0, 7.96, 6.0], "texture": "#snowcover"}, "up": {"texture": "#snowcover", "uv": [6, 0.0, 8, 7.0], "rotation": 90}, "down": {"texture": "#snowcover", "uv": [6, 0.0, 8, 7.0], "rotation": 90}}}]}, {"name": "4", "from": [0.2, -0.5, 7.96], "to": [7.2, 4.5, 9.96], "rotationOrigin": [1.2049, 2.0, 8.0], "rotationZ": 15.0, "faces": {"north": {"texture": "#material", "uv": [0.0, 0.0, 5.0, 7.0], "rotation": 90}, "east": {"texture": "#material", "uv": [8, 0.0, 10, 5.0]}, "south": {"texture": "#material", "uv": [0.0, 0.0, 5.0, 7.0], "rotation": 90}, "west": {"texture": "#material", "uv": [8, 0.0, 10, 5.0]}, "up": {"texture": "#material", "uv": [8, 0.0, 10, 7.0], "rotation": 90}, "down": {"texture": "#material", "uv": [8, 0.0, 10, 7.0], "rotation": 90}}, "children": [{"name": "snow", "from": [0.0, 5.0, 0.0], "to": [7.0, 6.0, 2.000000000000001], "rotationOrigin": [1.2049, 2.0, 8.0], "faces": {"north": {"uv": [0.0, 5.0, 7.0, 6.0], "texture": "#snowcover"}, "east": {"uv": [7.96, 5.0, 9.96, 6.0], "texture": "#snowcover"}, "south": {"uv": [0.0, 5.0, 7.0, 6.0], "texture": "#snowcover"}, "west": {"uv": [7.96, 5.0, 9.96, 6.0], "texture": "#snowcover"}, "up": {"texture": "#snowcover", "uv": [8, 0.0, 10, 7.0], "rotation": 90}, "down": {"texture": "#snowcover", "uv": [8, 0.0, 10, 7.0], "rotation": 90}}}]}, {"name": "5", "from": [0.2, -0.5, 9.96], "to": [7.2, 4.5, 11.96], "rotationOrigin": [1.2049, 2.0, 8.0], "rotationZ": 15.0, "faces": {"north": {"texture": "#material", "uv": [0.0, 0.0, 5.0, 7.0], "rotation": 90}, "east": {"texture": "#material", "uv": [10, 0.0, 12, 5.0]}, "south": {"texture": "#material", "uv": [0.0, 0.0, 5.0, 7.0], "rotation": 90}, "west": {"texture": "#material", "uv": [10, 0.0, 12, 5.0]}, "up": {"texture": "#material", "uv": [10, 0.0, 12, 7.0], "rotation": 90}, "down": {"texture": "#material", "uv": [10, 0.0, 12, 7.0], "rotation": 90}}, "children": [{"name": "snow", "from": [0.0, 5.0, 0.0], "to": [7.0, 6.0, 2.0], "rotationOrigin": [1.2049, 2.0, 8.0], "faces": {"north": {"uv": [0.0, 5.0, 7.0, 6.0], "texture": "#snowcover"}, "east": {"uv": [9.96, 5.0, 11.96, 6.0], "texture": "#snowcover"}, "south": {"uv": [0.0, 5.0, 7.0, 6.0], "texture": "#snowcover"}, "west": {"uv": [9.96, 5.0, 11.96, 6.0], "texture": "#snowcover"}, "up": {"texture": "#snowcover", "uv": [10, 0.0, 12, 7.0], "rotation": 90}, "down": {"texture": "#snowcover", "uv": [10, 0.0, 12, 7.0], "rotation": 90}}}]}, {"name": "6", "from": [0.2, -0.5, 11.96], "to": [7.2, 4.5, 13.96], "rotationOrigin": [1.2049, 2.0, 8.0], "rotationZ": 15.0, "faces": {"north": {"texture": "#material", "uv": [0.0, 0.0, 5.0, 7.0], "rotation": 90}, "east": {"texture": "#material", "uv": [12, 0.0, 14, 5.0]}, "south": {"texture": "#material", "uv": [0.0, 0.0, 5.0, 7.0], "rotation": 90}, "west": {"texture": "#material", "uv": [12, 0.0, 14, 5.0]}, "up": {"texture": "#material", "uv": [12, 0.0, 14, 7.0], "rotation": 90}, "down": {"texture": "#material", "uv": [12, 0.0, 14, 7.0], "rotation": 90}}, "children": [{"name": "snow", "from": [0.0, 5.0, 0.0], "to": [7.0, 6.0, 2.0], "rotationOrigin": [1.2049, 2.0, 8.0], "faces": {"north": {"uv": [0.0, 5.0, 7.0, 6.0], "texture": "#snowcover"}, "east": {"uv": [11.96, 5.0, 13.96, 6.0], "texture": "#snowcover"}, "south": {"uv": [0.0, 5.0, 7.0, 6.0], "texture": "#snowcover"}, "west": {"uv": [11.96, 5.0, 13.96, 6.0], "texture": "#snowcover"}, "up": {"texture": "#snowcover", "uv": [12, 0.0, 14, 7.0], "rotation": 90}, "down": {"texture": "#snowcover", "uv": [12, 0.0, 14, 7.0], "rotation": 90}}}]}, {"name": "7", "from": [0.2, -0.5, 13.96], "to": [7.2, 4.5, 16.02], "rotationOrigin": [1.2049, 2.0, 8.0], "rotationZ": 15.0, "faces": {"north": {"texture": "#material", "uv": [0.0, 0.0, 5.0, 7.0], "rotation": 90}, "east": {"texture": "#material", "uv": [14, 0.0, 16, 5.0]}, "south": {"texture": "#material", "uv": [0.0, 0.0, 5.0, 7.0], "rotation": 90}, "west": {"texture": "#material", "uv": [14, 0.0, 16, 5.0]}, "up": {"texture": "#material", "uv": [14, 0.0, 16, 7.0], "rotation": 90}, "down": {"texture": "#material", "uv": [14, 0.0, 16, 7.0], "rotation": 90}}, "children": [{"name": "snow", "from": [0.0, 5.0, 0.0], "to": [7.0, 6.0, 2.0599999999999987], "rotationOrigin": [1.2049, 2.0, 8.0], "faces": {"north": {"uv": [0.0, 5.0, 7.0, 6.0], "texture": "#snowcover"}, "east": {"uv": [13.96, 5.0, 16, 6.0], "texture": "#snowcover"}, "south": {"uv": [0.0, 5.0, 7.0, 6.0], "texture": "#snowcover"}, "west": {"uv": [13.96, 5.0, 16, 6.0], "texture": "#snowcover"}, "up": {"texture": "#snowcover", "uv": [14, 0.0, 16, 7.0], "rotation": 90}, "down": {"texture": "#snowcover", "uv": [14, 0.0, 16, 7.0], "rotation": 90}}}]}]}, {"name": "3", "from": [0.0, 0.0, 0.0], "to": [0.0, 0.0, 0.0], "faces": {}, "children": [{"name": "0", "from": [-6.7951, -0.5, -0.04], "to": [0.2049, 4.5, 1.96], "rotationOrigin": [1.2049, 2.0, 8.0], "rotationZ": 15.0, "faces": {"north": {"texture": "#material", "uv": [0.0, 8.0, 5.0, 15.0], "rotation": 90}, "east": {"texture": "#material", "uv": [0, 0.0, 2, 5.0]}, "south": {"texture": "#material", "uv": [0.0, 8.0, 5.0, 15.0], "rotation": 90}, "west": {"texture": "#material", "uv": [0, 0.0, 2, 5.0]}, "up": {"texture": "#material", "uv": [0, 8.0, 2, 15.0], "rotation": 90}, "down": {"texture": "#material", "uv": [0, 8.0, 2, 15.0], "rotation": 90}}, "children": [{"name": "snow", "from": [0.0, 5.0, 0.04], "to": [7.0, 6.0, 2.0], "rotationOrigin": [1.2049, 2.0, 8.0], "faces": {"north": {"uv": [0.0, 5.0, 7.0, 6.0], "texture": "#snowcover"}, "east": {"uv": [0.0, 5.0, 1.96, 6.0], "texture": "#snowcover"}, "south": {"uv": [0.0, 5.0, 7.0, 6.0], "texture": "#snowcover"}, "west": {"uv": [0.0, 5.0, 1.96, 6.0], "texture": "#snowcover"}, "up": {"texture": "#snowcover", "uv": [0, 8.0, 2, 15.0], "rotation": 90}, "down": {"texture": "#snowcover", "uv": [0, 8.0, 2, 15.0], "rotation": 90}}}]}, {"name": "1", "from": [-6.7951, -0.5, 1.96], "to": [0.2049, 4.5, 3.96], "rotationOrigin": [1.2049, 2.0, 8.0], "rotationZ": 15.0, "faces": {"north": {"texture": "#material", "uv": [0.0, 8.0, 5.0, 15.0], "rotation": 90}, "east": {"texture": "#material", "uv": [2, 0.0, 4, 5.0]}, "south": {"texture": "#material", "uv": [0.0, 8.0, 5.0, 15.0], "rotation": 90}, "west": {"texture": "#material", "uv": [2, 0.0, 4, 5.0]}, "up": {"texture": "#material", "uv": [2, 8.0, 4, 15.0], "rotation": 90}, "down": {"texture": "#material", "uv": [2, 8.0, 4, 15.0], "rotation": 90}}, "children": [{"name": "snow", "from": [0.0, 5.0, 0.0], "to": [7.0, 6.0, 2.0], "rotationOrigin": [1.2049, 2.0, 8.0], "faces": {"north": {"uv": [0.0, 5.0, 7.0, 6.0], "texture": "#snowcover"}, "east": {"uv": [1.96, 5.0, 3.96, 6.0], "texture": "#snowcover"}, "south": {"uv": [0.0, 5.0, 7.0, 6.0], "texture": "#snowcover"}, "west": {"uv": [1.96, 5.0, 3.96, 6.0], "texture": "#snowcover"}, "up": {"texture": "#snowcover", "uv": [2, 8.0, 4, 15.0], "rotation": 90}, "down": {"texture": "#snowcover", "uv": [2, 8.0, 4, 15.0], "rotation": 90}}}]}, {"name": "2", "from": [-6.7951, -0.5, 3.96], "to": [0.2049, 4.5, 5.96], "rotationOrigin": [1.2049, 2.0, 8.0], "rotationZ": 15.0, "faces": {"north": {"texture": "#material", "uv": [0.0, 8.0, 5.0, 15.0], "rotation": 90}, "east": {"texture": "#material", "uv": [4, 0.0, 6, 5.0]}, "south": {"texture": "#material", "uv": [0.0, 8.0, 5.0, 15.0], "rotation": 90}, "west": {"texture": "#material", "uv": [4, 0.0, 6, 5.0]}, "up": {"texture": "#material", "uv": [4, 8.0, 6, 15.0], "rotation": 90}, "down": {"texture": "#material", "uv": [4, 8.0, 6, 15.0], "rotation": 90}}, "children": [{"name": "snow", "from": [0.0, 5.0, 0.0], "to": [7.0, 6.0, 2.0], "rotationOrigin": [1.2049, 2.0, 8.0], "faces": {"north": {"uv": [0.0, 5.0, 7.0, 6.0], "texture": "#snowcover"}, "east": {"uv": [3.96, 5.0, 5.96, 6.0], "texture": "#snowcover"}, "south": {"uv": [0.0, 5.0, 7.0, 6.0], "texture": "#snowcover"}, "west": {"uv": [3.96, 5.0, 5.96, 6.0], "texture": "#snowcover"}, "up": {"texture": "#snowcover", "uv": [4, 8.0, 6, 15.0], "rotation": 90}, "down": {"texture": "#snowcover", "uv": [4, 8.0, 6, 15.0], "rotation": 90}}}]}, {"name": "3", "from": [-6.7951, -0.5, 5.96], "to": [0.2049, 4.5, 7.96], "rotationOrigin": [1.2049, 2.0, 8.0], "rotationZ": 15.0, "faces": {"north": {"texture": "#material", "uv": [0.0, 8.0, 5.0, 15.0], "rotation": 90}, "east": {"texture": "#material", "uv": [6, 0.0, 8, 5.0]}, "south": {"texture": "#material", "uv": [0.0, 8.0, 5.0, 15.0], "rotation": 90}, "west": {"texture": "#material", "uv": [6, 0.0, 8, 5.0]}, "up": {"texture": "#material", "uv": [6, 8.0, 8, 15.0], "rotation": 90}, "down": {"texture": "#material", "uv": [6, 8.0, 8, 15.0], "rotation": 90}}, "children": [{"name": "snow", "from": [0.0, 5.0, 0.0], "to": [7.0, 6.0, 2.0], "rotationOrigin": [1.2049, 2.0, 8.0], "faces": {"north": {"uv": [0.0, 5.0, 7.0, 6.0], "texture": "#snowcover"}, "east": {"uv": [5.96, 5.0, 7.96, 6.0], "texture": "#snowcover"}, "south": {"uv": [0.0, 5.0, 7.0, 6.0], "texture": "#snowcover"}, "west": {"uv": [5.96, 5.0, 7.96, 6.0], "texture": "#snowcover"}, "up": {"texture": "#snowcover", "uv": [6, 8.0, 8, 15.0], "rotation": 90}, "down": {"texture": "#snowcover", "uv": [6, 8.0, 8, 15.0], "rotation": 90}}}]}, {"name": "4", "from": [-6.7951, -0.5, 7.96], "to": [0.2049, 4.5, 9.96], "rotationOrigin": [1.2049, 2.0, 8.0], "rotationZ": 15.0, "faces": {"north": {"texture": "#material", "uv": [0.0, 8.0, 5.0, 15.0], "rotation": 90}, "east": {"texture": "#material", "uv": [8, 0.0, 10, 5.0]}, "south": {"texture": "#material", "uv": [0.0, 8.0, 5.0, 15.0], "rotation": 90}, "west": {"texture": "#material", "uv": [8, 0.0, 10, 5.0]}, "up": {"texture": "#material", "uv": [8, 8.0, 10, 15.0], "rotation": 90}, "down": {"texture": "#material", "uv": [8, 8.0, 10, 15.0], "rotation": 90}}, "children": [{"name": "snow", "from": [0.0, 5.0, 0.0], "to": [7.0, 6.0, 2.000000000000001], "rotationOrigin": [1.2049, 2.0, 8.0], "faces": {"north": {"uv": [0.0, 5.0, 7.0, 6.0], "texture": "#snowcover"}, "east": {"uv": [7.96, 5.0, 9.96, 6.0], "texture": "#snowcover"}, "south": {"uv": [0.0, 5.0, 7.0, 6.0], "texture": "#snowcover"}, "west": {"uv": [7.96, 5.0, 9.96, 6.0], "texture": "#snowcover"}, "up": {"texture": "#snowcover", "uv": [8, 8.0, 10, 15.0], "rotation": 90}, "down": {"texture": "#snowcover", "uv": [8, 8.0, 10, 15.0], "rotation": 90}}}]}, {"name": "5", "from": [-6.7951, -0.5, 9.96], "to": [0.2049, 4.5, 11.96], "rotationOrigin": [1.2049, 2.0, 8.0], "rotationZ": 15.0, "faces": {"north": {"texture": "#material", "uv": [0.0, 8.0, 5.0, 15.0], "rotation": 90}, "east": {"texture": "#material", "uv": [10, 0.0, 12, 5.0]}, "south": {"texture": "#material", "uv": [0.0, 8.0, 5.0, 15.0], "rotation": 90}, "west": {"texture": "#material", "uv": [10, 0.0, 12, 5.0]}, "up": {"texture": "#material", "uv": [10, 8.0, 12, 15.0], "rotation": 90}, "down": {"texture": "#material", "uv": [10, 8.0, 12, 15.0], "rotation": 90}}, "children": [{"name": "snow", "from": [0.0, 5.0, 0.0], "to": [7.0, 6.0, 2.0], "rotationOrigin": [1.2049, 2.0, 8.0], "faces": {"north": {"uv": [0.0, 5.0, 7.0, 6.0], "texture": "#snowcover"}, "east": {"uv": [9.96, 5.0, 11.96, 6.0], "texture": "#snowcover"}, "south": {"uv": [0.0, 5.0, 7.0, 6.0], "texture": "#snowcover"}, "west": {"uv": [9.96, 5.0, 11.96, 6.0], "texture": "#snowcover"}, "up": {"texture": "#snowcover", "uv": [10, 8.0, 12, 15.0], "rotation": 90}, "down": {"texture": "#snowcover", "uv": [10, 8.0, 12, 15.0], "rotation": 90}}}]}, {"name": "6", "from": [-6.7951, -0.5, 11.96], "to": [0.2049, 4.5, 13.96], "rotationOrigin": [1.2049, 2.0, 8.0], "rotationZ": 15.0, "faces": {"north": {"texture": "#material", "uv": [0.0, 8.0, 5.0, 15.0], "rotation": 90}, "east": {"texture": "#material", "uv": [12, 0.0, 14, 5.0]}, "south": {"texture": "#material", "uv": [0.0, 8.0, 5.0, 15.0], "rotation": 90}, "west": {"texture": "#material", "uv": [12, 0.0, 14, 5.0]}, "up": {"texture": "#material", "uv": [12, 8.0, 14, 15.0], "rotation": 90}, "down": {"texture": "#material", "uv": [12, 8.0, 14, 15.0], "rotation": 90}}, "children": [{"name": "snow", "from": [0.0, 5.0, 0.0], "to": [7.0, 6.0, 2.0], "rotationOrigin": [1.2049, 2.0, 8.0], "faces": {"north": {"uv": [0.0, 5.0, 7.0, 6.0], "texture": "#snowcover"}, "east": {"uv": [11.96, 5.0, 13.96, 6.0], "texture": "#snowcover"}, "south": {"uv": [0.0, 5.0, 7.0, 6.0], "texture": "#snowcover"}, "west": {"uv": [11.96, 5.0, 13.96, 6.0], "texture": "#snowcover"}, "up": {"texture": "#snowcover", "uv": [12, 8.0, 14, 15.0], "rotation": 90}, "down": {"texture": "#snowcover", "uv": [12, 8.0, 14, 15.0], "rotation": 90}}}]}, {"name": "7", "from": [-6.7951, -0.5, 13.96], "to": [0.2049, 4.5, 16.02], "rotationOrigin": [1.2049, 2.0, 8.0], "rotationZ": 15.0, "faces": {"north": {"texture": "#material", "uv": [0.0, 8.0, 5.0, 15.0], "rotation": 90}, "east": {"texture": "#material", "uv": [14, 0.0, 16, 5.0]}, "south": {"texture": "#material", "uv": [0.0, 8.0, 5.0, 15.0], "rotation": 90}, "west": {"texture": "#material", "uv": [14, 0.0, 16, 5.0]}, "up": {"texture": "#material", "uv": [14, 8.0, 16, 15.0], "rotation": 90}, "down": {"texture": "#material", "uv": [14, 8.0, 16, 15.0], "rotation": 90}}, "children": [{"name": "snow", "from": [0.0, 5.0, 0.0], "to": [7.0, 6.0, 2.0599999999999987], "rotationOrigin": [1.2049, 2.0, 8.0], "faces": {"north": {"uv": [0.0, 5.0, 7.0, 6.0], "texture": "#snowcover"}, "east": {"uv": [13.96, 5.0, 16, 6.0], "texture": "#snowcover"}, "south": {"uv": [0.0, 5.0, 7.0, 6.0], "texture": "#snowcover"}, "west": {"uv": [13.96, 5.0, 16, 6.0], "texture": "#snowcover"}, "up": {"texture": "#snowcover", "uv": [14, 8.0, 16, 15.0], "rotation": 90}, "down": {"texture": "#snowcover", "uv": [14, 8.0, 16, 15.0], "rotation": 90}}}]}]}]}, {"name": "upper", "from": [0.0, 8.0, 0.0], "to": [0.0, 8.0, 0.0], "faces": {}, "children": [{"name": "0", "from": [0.0, 0.0, 0.0], "to": [0.0, 0.0, 0.0], "faces": {}, "children": [{"name": "0", "from": [10.2, 3.25, -0.02], "to": [17.2, 8.75, 1.98], "rotationOrigin": [9.2049, 6.0, 8.0], "rotationZ": 15.0, "faces": {"north": {"texture": "#material", "uv": [0.0, 0.0, 5.5, 7.0], "rotation": 90}, "east": {"texture": "#material", "uv": [0, 0.0, 2, 5.5]}, "south": {"texture": "#material", "uv": [0.0, 0.0, 5.5, 7.0], "rotation": 90}, "west": {"texture": "#material", "uv": [0, 0.0, 2, 5.5]}, "up": {"texture": "#material", "uv": [0, 0.0, 2, 7.0], "rotation": 90}, "down": {"texture": "#material", "uv": [0, 0.0, 2, 7.0], "rotation": 90}}, "children": [{"name": "snow", "from": [0.0, 5.5, 0.025], "to": [7.0, 6.5, 2.0], "rotationOrigin": [9.2049, 6.0, 8.0], "faces": {"north": {"uv": [0.0, 5.5, 7.0, 6.5], "texture": "#snowcover"}, "east": {"uv": [0.005000000000000001, 5.5, 1.98, 6.5], "texture": "#snowcover"}, "south": {"uv": [0.0, 5.5, 7.0, 6.5], "texture": "#snowcover"}, "west": {"uv": [0.005000000000000001, 5.5, 1.98, 6.5], "texture": "#snowcover"}, "up": {"texture": "#snowcover", "uv": [0, 0.0, 2, 7.0], "rotation": 90}, "down": {"texture": "#snowcover", "uv": [0, 0.0, 2, 7.0], "rotation": 90}}}]}, {"name": "1", "from": [10.2, 3.25, 1.98], "to": [17.2, 8.75, 3.98], "rotationOrigin": [9.2049, 6.0, 8.0], "rotationZ": 15.0, "faces": {"north": {"texture": "#material", "uv": [0.0, 0.0, 5.5, 7.0], "rotation": 90}, "east": {"texture": "#material", "uv": [2, 0.0, 4, 5.5]}, "south": {"texture": "#material", "uv": [0.0, 0.0, 5.5, 7.0], "rotation": 90}, "west": {"texture": "#material", "uv": [2, 0.0, 4, 5.5]}, "up": {"texture": "#material", "uv": [2, 0.0, 4, 7.0], "rotation": 90}, "down": {"texture": "#material", "uv": [2, 0.0, 4, 7.0], "rotation": 90}}, "children": [{"name": "snow", "from": [0.0, 5.5, 0.0], "to": [7.0, 6.5, 2.0], "rotationOrigin": [9.2049, 6.0, 8.0], "faces": {"north": {"uv": [0.0, 5.5, 7.0, 6.5], "texture": "#snowcover"}, "east": {"uv": [1.98, 5.5, 3.98, 6.5], "texture": "#snowcover"}, "south": {"uv": [0.0, 5.5, 7.0, 6.5], "texture": "#snowcover"}, "west": {"uv": [1.98, 5.5, 3.98, 6.5], "texture": "#snowcover"}, "up": {"texture": "#snowcover", "uv": [2, 0.0, 4, 7.0], "rotation": 90}, "down": {"texture": "#snowcover", "uv": [2, 0.0, 4, 7.0], "rotation": 90}}}]}, {"name": "2", "from": [10.2, 3.25, 3.98], "to": [17.2, 8.75, 5.98], "rotationOrigin": [9.2049, 6.0, 8.0], "rotationZ": 15.0, "faces": {"north": {"texture": "#material", "uv": [0.0, 0.0, 5.5, 7.0], "rotation": 90}, "east": {"texture": "#material", "uv": [4, 0.0, 6, 5.5]}, "south": {"texture": "#material", "uv": [0.0, 0.0, 5.5, 7.0], "rotation": 90}, "west": {"texture": "#material", "uv": [4, 0.0, 6, 5.5]}, "up": {"texture": "#material", "uv": [4, 0.0, 6, 7.0], "rotation": 90}, "down": {"texture": "#material", "uv": [4, 0.0, 6, 7.0], "rotation": 90}}, "children": [{"name": "snow", "from": [0.0, 5.5, 0.0], "to": [7.0, 6.5, 2.0000000000000004], "rotationOrigin": [9.2049, 6.0, 8.0], "faces": {"north": {"uv": [0.0, 5.5, 7.0, 6.5], "texture": "#snowcover"}, "east": {"uv": [3.98, 5.5, 5.98, 6.5], "texture": "#snowcover"}, "south": {"uv": [0.0, 5.5, 7.0, 6.5], "texture": "#snowcover"}, "west": {"uv": [3.98, 5.5, 5.98, 6.5], "texture": "#snowcover"}, "up": {"texture": "#snowcover", "uv": [4, 0.0, 6, 7.0], "rotation": 90}, "down": {"texture": "#snowcover", "uv": [4, 0.0, 6, 7.0], "rotation": 90}}}]}, {"name": "3", "from": [10.2, 3.25, 5.98], "to": [17.2, 8.75, 7.98], "rotationOrigin": [9.2049, 6.0, 8.0], "rotationZ": 15.0, "faces": {"north": {"texture": "#material", "uv": [0.0, 0.0, 5.5, 7.0], "rotation": 90}, "east": {"texture": "#material", "uv": [6, 0.0, 8, 5.5]}, "south": {"texture": "#material", "uv": [0.0, 0.0, 5.5, 7.0], "rotation": 90}, "west": {"texture": "#material", "uv": [6, 0.0, 8, 5.5]}, "up": {"texture": "#material", "uv": [6, 0.0, 8, 7.0], "rotation": 90}, "down": {"texture": "#material", "uv": [6, 0.0, 8, 7.0], "rotation": 90}}, "children": [{"name": "snow", "from": [0.0, 5.5, 0.0], "to": [7.0, 6.5, 2.0], "rotationOrigin": [9.2049, 6.0, 8.0], "faces": {"north": {"uv": [0.0, 5.5, 7.0, 6.5], "texture": "#snowcover"}, "east": {"uv": [5.98, 5.5, 7.98, 6.5], "texture": "#snowcover"}, "south": {"uv": [0.0, 5.5, 7.0, 6.5], "texture": "#snowcover"}, "west": {"uv": [5.98, 5.5, 7.98, 6.5], "texture": "#snowcover"}, "up": {"texture": "#snowcover", "uv": [6, 0.0, 8, 7.0], "rotation": 90}, "down": {"texture": "#snowcover", "uv": [6, 0.0, 8, 7.0], "rotation": 90}}}]}, {"name": "4", "from": [10.2, 3.25, 7.98], "to": [17.2, 8.75, 9.98], "rotationOrigin": [9.2049, 6.0, 8.0], "rotationZ": 15.0, "faces": {"north": {"texture": "#material", "uv": [0.0, 0.0, 5.5, 7.0], "rotation": 90}, "east": {"texture": "#material", "uv": [8, 0.0, 10, 5.5]}, "south": {"texture": "#material", "uv": [0.0, 0.0, 5.5, 7.0], "rotation": 90}, "west": {"texture": "#material", "uv": [8, 0.0, 10, 5.5]}, "up": {"texture": "#material", "uv": [8, 0.0, 10, 7.0], "rotation": 90}, "down": {"texture": "#material", "uv": [8, 0.0, 10, 7.0], "rotation": 90}}, "children": [{"name": "snow", "from": [0.0, 5.5, 0.0], "to": [7.0, 6.5, 2.0], "rotationOrigin": [9.2049, 6.0, 8.0], "faces": {"north": {"uv": [0.0, 5.5, 7.0, 6.5], "texture": "#snowcover"}, "east": {"uv": [7.98, 5.5, 9.98, 6.5], "texture": "#snowcover"}, "south": {"uv": [0.0, 5.5, 7.0, 6.5], "texture": "#snowcover"}, "west": {"uv": [7.98, 5.5, 9.98, 6.5], "texture": "#snowcover"}, "up": {"texture": "#snowcover", "uv": [8, 0.0, 10, 7.0], "rotation": 90}, "down": {"texture": "#snowcover", "uv": [8, 0.0, 10, 7.0], "rotation": 90}}}]}, {"name": "5", "from": [10.2, 3.25, 9.98], "to": [17.2, 8.75, 11.98], "rotationOrigin": [9.2049, 6.0, 8.0], "rotationZ": 15.0, "faces": {"north": {"texture": "#material", "uv": [0.0, 0.0, 5.5, 7.0], "rotation": 90}, "east": {"texture": "#material", "uv": [10, 0.0, 12, 5.5]}, "south": {"texture": "#material", "uv": [0.0, 0.0, 5.5, 7.0], "rotation": 90}, "west": {"texture": "#material", "uv": [10, 0.0, 12, 5.5]}, "up": {"texture": "#material", "uv": [10, 0.0, 12, 7.0], "rotation": 90}, "down": {"texture": "#material", "uv": [10, 0.0, 12, 7.0], "rotation": 90}}, "children": [{"name": "snow", "from": [0.0, 5.5, 0.0], "to": [7.0, 6.5, 2.0], "rotationOrigin": [9.2049, 6.0, 8.0], "faces": {"north": {"uv": [0.0, 5.5, 7.0, 6.5], "texture": "#snowcover"}, "east": {"uv": [9.98, 5.5, 11.98, 6.5], "texture": "#snowcover"}, "south": {"uv": [0.0, 5.5, 7.0, 6.5], "texture": "#snowcover"}, "west": {"uv": [9.98, 5.5, 11.98, 6.5], "texture": "#snowcover"}, "up": {"texture": "#snowcover", "uv": [10, 0.0, 12, 7.0], "rotation": 90}, "down": {"texture": "#snowcover", "uv": [10, 0.0, 12, 7.0], "rotation": 90}}}]}, {"name": "6", "from": [10.2, 3.25, 11.98], "to": [17.2, 8.75, 13.98], "rotationOrigin": [9.2049, 6.0, 8.0], "rotationZ": 15.0, "faces": {"north": {"texture": "#material", "uv": [0.0, 0.0, 5.5, 7.0], "rotation": 90}, "east": {"texture": "#material", "uv": [12, 0.0, 14, 5.5]}, "south": {"texture": "#material", "uv": [0.0, 0.0, 5.5, 7.0], "rotation": 90}, "west": {"texture": "#material", "uv": [12, 0.0, 14, 5.5]}, "up": {"texture": "#material", "uv": [12, 0.0, 14, 7.0], "rotation": 90}, "down": {"texture": "#material", "uv": [12, 0.0, 14, 7.0], "rotation": 90}}, "children": [{"name": "snow", "from": [0.0, 5.5, 0.0], "to": [7.0, 6.5, 2.0], "rotationOrigin": [9.2049, 6.0, 8.0], "faces": {"north": {"uv": [0.0, 5.5, 7.0, 6.5], "texture": "#snowcover"}, "east": {"uv": [11.98, 5.5, 13.98, 6.5], "texture": "#snowcover"}, "south": {"uv": [0.0, 5.5, 7.0, 6.5], "texture": "#snowcover"}, "west": {"uv": [11.98, 5.5, 13.98, 6.5], "texture": "#snowcover"}, "up": {"texture": "#snowcover", "uv": [12, 0.0, 14, 7.0], "rotation": 90}, "down": {"texture": "#snowcover", "uv": [12, 0.0, 14, 7.0], "rotation": 90}}}]}, {"name": "7", "from": [10.2, 3.25, 13.98], "to": [17.2, 8.75, 16.01], "rotationOrigin": [9.2049, 6.0, 8.0], "rotationZ": 15.0, "faces": {"north": {"texture": "#material", "uv": [0.0, 0.0, 5.5, 7.0], "rotation": 90}, "east": {"texture": "#material", "uv": [14, 0.0, 16, 5.5]}, "south": {"texture": "#material", "uv": [0.0, 0.0, 5.5, 7.0], "rotation": 90}, "west": {"texture": "#material", "uv": [14, 0.0, 16, 5.5]}, "up": {"texture": "#material", "uv": [14, 0.0, 16, 7.0], "rotation": 90}, "down": {"texture": "#material", "uv": [14, 0.0, 16, 7.0], "rotation": 90}}, "children": [{"name": "snow", "from": [0.0, 5.5, 0.0], "to": [7.0, 6.5, 2.030000000000001], "rotationOrigin": [9.2049, 6.0, 8.0], "faces": {"north": {"uv": [0.0, 5.5, 7.0, 6.5], "texture": "#snowcover"}, "east": {"uv": [13.98, 5.5, 16, 6.5], "texture": "#snowcover"}, "south": {"uv": [0.0, 5.5, 7.0, 6.5], "texture": "#snowcover"}, "west": {"uv": [13.98, 5.5, 16, 6.5], "texture": "#snowcover"}, "up": {"texture": "#snowcover", "uv": [14, 0.0, 16, 7.0], "rotation": 90}, "down": {"texture": "#snowcover", "uv": [14, 0.0, 16, 7.0], "rotation": 90}}}]}]}, {"name": "1", "from": [0.0, 0.0, 0.0], "to": [0.0, 0.0, 0.0], "faces": {}, "children": [{"name": "0", "from": [3.2, 3.25, -0.02], "to": [10.2, 8.75, 1.98], "rotationOrigin": [9.2049, 6.0, 8.0], "rotationZ": 15.0, "faces": {"north": {"texture": "#material", "uv": [0.0, 8.0, 5.5, 15.0], "rotation": 90}, "east": {"texture": "#material", "uv": [0, 0.0, 2, 5.5]}, "south": {"texture": "#material", "uv": [0.0, 8.0, 5.5, 15.0], "rotation": 90}, "west": {"texture": "#material", "uv": [0, 0.0, 2, 5.5]}, "up": {"texture": "#material", "uv": [0, 8.0, 2, 15.0], "rotation": 90}, "down": {"texture": "#material", "uv": [0, 8.0, 2, 15.0], "rotation": 90}}, "children": [{"name": "snow", "from": [0.0, 5.5, 0.02], "to": [6.999999999999999, 6.5, 2.0], "rotationOrigin": [9.2049, 6.0, 8.0], "faces": {"north": {"uv": [0.0, 5.5, 6.999999999999999, 6.5], "texture": "#snowcover"}, "east": {"uv": [0.0, 5.5, 1.98, 6.5], "texture": "#snowcover"}, "south": {"uv": [0.0, 5.5, 6.999999999999999, 6.5], "texture": "#snowcover"}, "west": {"uv": [0.0, 5.5, 1.98, 6.5], "texture": "#snowcover"}, "up": {"texture": "#snowcover", "uv": [0, 8.0, 2, 15.0], "rotation": 90}, "down": {"texture": "#snowcover", "uv": [0, 8.0, 2, 15.0], "rotation": 90}}}]}, {"name": "1", "from": [3.2, 3.25, 1.98], "to": [10.2, 8.75, 3.98], "rotationOrigin": [9.2049, 6.0, 8.0], "rotationZ": 15.0, "faces": {"north": {"texture": "#material", "uv": [0.0, 8.0, 5.5, 15.0], "rotation": 90}, "east": {"texture": "#material", "uv": [2, 0.0, 4, 5.5]}, "south": {"texture": "#material", "uv": [0.0, 8.0, 5.5, 15.0], "rotation": 90}, "west": {"texture": "#material", "uv": [2, 0.0, 4, 5.5]}, "up": {"texture": "#material", "uv": [2, 8.0, 4, 15.0], "rotation": 90}, "down": {"texture": "#material", "uv": [2, 8.0, 4, 15.0], "rotation": 90}}, "children": [{"name": "snow", "from": [0.0, 5.5, 0.0], "to": [6.999999999999999, 6.5, 2.0], "rotationOrigin": [9.2049, 6.0, 8.0], "faces": {"north": {"uv": [0.0, 5.5, 6.999999999999999, 6.5], "texture": "#snowcover"}, "east": {"uv": [1.98, 5.5, 3.98, 6.5], "texture": "#snowcover"}, "south": {"uv": [0.0, 5.5, 6.999999999999999, 6.5], "texture": "#snowcover"}, "west": {"uv": [1.98, 5.5, 3.98, 6.5], "texture": "#snowcover"}, "up": {"texture": "#snowcover", "uv": [2, 8.0, 4, 15.0], "rotation": 90}, "down": {"texture": "#snowcover", "uv": [2, 8.0, 4, 15.0], "rotation": 90}}}]}, {"name": "2", "from": [3.2, 3.25, 3.98], "to": [10.2, 8.75, 5.98], "rotationOrigin": [9.2049, 6.0, 8.0], "rotationZ": 15.0, "faces": {"north": {"texture": "#material", "uv": [0.0, 8.0, 5.5, 15.0], "rotation": 90}, "east": {"texture": "#material", "uv": [4, 0.0, 6, 5.5]}, "south": {"texture": "#material", "uv": [0.0, 8.0, 5.5, 15.0], "rotation": 90}, "west": {"texture": "#material", "uv": [4, 0.0, 6, 5.5]}, "up": {"texture": "#material", "uv": [4, 8.0, 6, 15.0], "rotation": 90}, "down": {"texture": "#material", "uv": [4, 8.0, 6, 15.0], "rotation": 90}}, "children": [{"name": "snow", "from": [0.0, 5.5, 0.0], "to": [6.999999999999999, 6.5, 2.0000000000000004], "rotationOrigin": [9.2049, 6.0, 8.0], "faces": {"north": {"uv": [0.0, 5.5, 6.999999999999999, 6.5], "texture": "#snowcover"}, "east": {"uv": [3.98, 5.5, 5.98, 6.5], "texture": "#snowcover"}, "south": {"uv": [0.0, 5.5, 6.999999999999999, 6.5], "texture": "#snowcover"}, "west": {"uv": [3.98, 5.5, 5.98, 6.5], "texture": "#snowcover"}, "up": {"texture": "#snowcover", "uv": [4, 8.0, 6, 15.0], "rotation": 90}, "down": {"texture": "#snowcover", "uv": [4, 8.0, 6, 15.0], "rotation": 90}}}]}, {"name": "3", "from": [3.2, 3.25, 5.98], "to": [10.2, 8.75, 7.98], "rotationOrigin": [9.2049, 6.0, 8.0], "rotationZ": 15.0, "faces": {"north": {"texture": "#material", "uv": [0.0, 8.0, 5.5, 15.0], "rotation": 90}, "east": {"texture": "#material", "uv": [6, 0.0, 8, 5.5]}, "south": {"texture": "#material", "uv": [0.0, 8.0, 5.5, 15.0], "rotation": 90}, "west": {"texture": "#material", "uv": [6, 0.0, 8, 5.5]}, "up": {"texture": "#material", "uv": [6, 8.0, 8, 15.0], "rotation": 90}, "down": {"texture": "#material", "uv": [6, 8.0, 8, 15.0], "rotation": 90}}, "children": [{"name": "snow", "from": [0.0, 5.5, 0.0], "to": [6.999999999999999, 6.5, 2.0], "rotationOrigin": [9.2049, 6.0, 8.0], "faces": {"north": {"uv": [0.0, 5.5, 6.999999999999999, 6.5], "texture": "#snowcover"}, "east": {"uv": [5.98, 5.5, 7.98, 6.5], "texture": "#snowcover"}, "south": {"uv": [0.0, 5.5, 6.999999999999999, 6.5], "texture": "#snowcover"}, "west": {"uv": [5.98, 5.5, 7.98, 6.5], "texture": "#snowcover"}, "up": {"texture": "#snowcover", "uv": [6, 8.0, 8, 15.0], "rotation": 90}, "down": {"texture": "#snowcover", "uv": [6, 8.0, 8, 15.0], "rotation": 90}}}]}, {"name": "4", "from": [3.2, 3.25, 7.98], "to": [10.2, 8.75, 9.98], "rotationOrigin": [9.2049, 6.0, 8.0], "rotationZ": 15.0, "faces": {"north": {"texture": "#material", "uv": [0.0, 8.0, 5.5, 15.0], "rotation": 90}, "east": {"texture": "#material", "uv": [8, 0.0, 10, 5.5]}, "south": {"texture": "#material", "uv": [0.0, 8.0, 5.5, 15.0], "rotation": 90}, "west": {"texture": "#material", "uv": [8, 0.0, 10, 5.5]}, "up": {"texture": "#material", "uv": [8, 8.0, 10, 15.0], "rotation": 90}, "down": {"texture": "#material", "uv": [8, 8.0, 10, 15.0], "rotation": 90}}, "children": [{"name": "snow", "from": [0.0, 5.5, 0.0], "to": [6.999999999999999, 6.5, 2.0], "rotationOrigin": [9.2049, 6.0, 8.0], "faces": {"north": {"uv": [0.0, 5.5, 6.999999999999999, 6.5], "texture": "#snowcover"}, "east": {"uv": [7.98, 5.5, 9.98, 6.5], "texture": "#snowcover"}, "south": {"uv": [0.0, 5.5, 6.999999999999999, 6.5], "texture": "#snowcover"}, "west": {"uv": [7.98, 5.5, 9.98, 6.5], "texture": "#snowcover"}, "up": {"texture": "#snowcover", "uv": [8, 8.0, 10, 15.0], "rotation": 90}, "down": {"texture": "#snowcover", "uv": [8, 8.0, 10, 15.0], "rotation": 90}}}]}, {"name": "5", "from": [3.2, 3.25, 9.98], "to": [10.2, 8.75, 11.98], "rotationOrigin": [9.2049, 6.0, 8.0], "rotationZ": 15.0, "faces": {"north": {"texture": "#material", "uv": [0.0, 8.0, 5.5, 15.0], "rotation": 90}, "east": {"texture": "#material", "uv": [10, 0.0, 12, 5.5]}, "south": {"texture": "#material", "uv": [0.0, 8.0, 5.5, 15.0], "rotation": 90}, "west": {"texture": "#material", "uv": [10, 0.0, 12, 5.5]}, "up": {"texture": "#material", "uv": [10, 8.0, 12, 15.0], "rotation": 90}, "down": {"texture": "#material", "uv": [10, 8.0, 12, 15.0], "rotation": 90}}, "children": [{"name": "snow", "from": [0.0, 5.5, 0.0], "to": [6.999999999999999, 6.5, 2.0], "rotationOrigin": [9.2049, 6.0, 8.0], "faces": {"north": {"uv": [0.0, 5.5, 6.999999999999999, 6.5], "texture": "#snowcover"}, "east": {"uv": [9.98, 5.5, 11.98, 6.5], "texture": "#snowcover"}, "south": {"uv": [0.0, 5.5, 6.999999999999999, 6.5], "texture": "#snowcover"}, "west": {"uv": [9.98, 5.5, 11.98, 6.5], "texture": "#snowcover"}, "up": {"texture": "#snowcover", "uv": [10, 8.0, 12, 15.0], "rotation": 90}, "down": {"texture": "#snowcover", "uv": [10, 8.0, 12, 15.0], "rotation": 90}}}]}, {"name": "6", "from": [3.2, 3.25, 11.98], "to": [10.2, 8.75, 13.98], "rotationOrigin": [9.2049, 6.0, 8.0], "rotationZ": 15.0, "faces": {"north": {"texture": "#material", "uv": [0.0, 8.0, 5.5, 15.0], "rotation": 90}, "east": {"texture": "#material", "uv": [12, 0.0, 14, 5.5]}, "south": {"texture": "#material", "uv": [0.0, 8.0, 5.5, 15.0], "rotation": 90}, "west": {"texture": "#material", "uv": [12, 0.0, 14, 5.5]}, "up": {"texture": "#material", "uv": [12, 8.0, 14, 15.0], "rotation": 90}, "down": {"texture": "#material", "uv": [12, 8.0, 14, 15.0], "rotation": 90}}, "children": [{"name": "snow", "from": [0.0, 5.5, 0.0], "to": [6.999999999999999, 6.5, 2.0], "rotationOrigin": [9.2049, 6.0, 8.0], "faces": {"north": {"uv": [0.0, 5.5, 6.999999999999999, 6.5], "texture": "#snowcover"}, "east": {"uv": [11.98, 5.5, 13.98, 6.5], "texture": "#snowcover"}, "south": {"uv": [0.0, 5.5, 6.999999999999999, 6.5], "texture": "#snowcover"}, "west": {"uv": [11.98, 5.5, 13.98, 6.5], "texture": "#snowcover"}, "up": {"texture": "#snowcover", "uv": [12, 8.0, 14, 15.0], "rotation": 90}, "down": {"texture": "#snowcover", "uv": [12, 8.0, 14, 15.0], "rotation": 90}}}]}, {"name": "7", "from": [3.2, 3.25, 13.98], "to": [10.2, 8.75, 16.01], "rotationOrigin": [9.2049, 6.0, 8.0], "rotationZ": 15.0, "faces": {"north": {"texture": "#material", "uv": [0.0, 8.0, 5.5, 15.0], "rotation": 90}, "east": {"texture": "#material", "uv": [14, 0.0, 16, 5.5]}, "south": {"texture": "#material", "uv": [0.0, 8.0, 5.5, 15.0], "rotation": 90}, "west": {"texture": "#material", "uv": [14, 0.0, 16, 5.5]}, "up": {"texture": "#material", "uv": [14, 8.0, 16, 15.0], "rotation": 90}, "down": {"texture": "#material", "uv": [14, 8.0, 16, 15.0], "rotation": 90}}, "children": [{"name": "snow", "from": [0.0, 5.5, 0.0], "to": [6.999999999999999, 6.5, 2.030000000000001], "rotationOrigin": [9.2049, 6.0, 8.0], "faces": {"north": {"uv": [0.0, 5.5, 6.999999999999999, 6.5], "texture": "#snowcover"}, "east": {"uv": [13.98, 5.5, 16, 6.5], "texture": "#snowcover"}, "south": {"uv": [0.0, 5.5, 6.999999999999999, 6.5], "texture": "#snowcover"}, "west": {"uv": [13.98, 5.5, 16, 6.5], "texture": "#snowcover"}, "up": {"texture": "#snowcover", "uv": [14, 8.0, 16, 15.0], "rotation": 90}, "down": {"texture": "#snowcover", "uv": [14, 8.0, 16, 15.0], "rotation": 90}}}]}]}, {"name": "2", "from": [0.0, 0.0, 0.0], "to": [0.0, 0.0, 0.0], "faces": {}, "children": [{"name": "0", "from": [0.2, -0.5, -0.04], "to": [7.2, 4.5, 1.96], "rotationOrigin": [1.2049, 2.0, 8.0], "rotationZ": 15.0, "faces": {"north": {"texture": "#material", "uv": [0.0, 0.0, 5.0, 7.0], "rotation": 90}, "east": {"texture": "#material", "uv": [0, 0.0, 2, 5.0]}, "south": {"texture": "#material", "uv": [0.0, 0.0, 5.0, 7.0], "rotation": 90}, "west": {"texture": "#material", "uv": [0, 0.0, 2, 5.0]}, "up": {"texture": "#material", "uv": [0, 0.0, 2, 7.0], "rotation": 90}, "down": {"texture": "#material", "uv": [0, 0.0, 2, 7.0], "rotation": 90}}, "children": [{"name": "snow", "from": [0.0, 5.0, 0.045], "to": [7.0, 6.0, 2.0], "rotationOrigin": [1.2049, 2.0, 8.0], "faces": {"north": {"uv": [0.0, 5.0, 7.0, 6.0], "texture": "#snowcover"}, "east": {"uv": [0.0049999999999999975, 5.0, 1.96, 6.0], "texture": "#snowcover"}, "south": {"uv": [0.0, 5.0, 7.0, 6.0], "texture": "#snowcover"}, "west": {"uv": [0.0049999999999999975, 5.0, 1.96, 6.0], "texture": "#snowcover"}, "up": {"texture": "#snowcover", "uv": [0, 0.0, 2, 7.0], "rotation": 90}, "down": {"texture": "#snowcover", "uv": [0, 0.0, 2, 7.0], "rotation": 90}}}]}, {"name": "1", "from": [0.2, -0.5, 1.96], "to": [7.2, 4.5, 3.96], "rotationOrigin": [1.2049, 2.0, 8.0], "rotationZ": 15.0, "faces": {"north": {"texture": "#material", "uv": [0.0, 0.0, 5.0, 7.0], "rotation": 90}, "east": {"texture": "#material", "uv": [2, 0.0, 4, 5.0]}, "south": {"texture": "#material", "uv": [0.0, 0.0, 5.0, 7.0], "rotation": 90}, "west": {"texture": "#material", "uv": [2, 0.0, 4, 5.0]}, "up": {"texture": "#material", "uv": [2, 0.0, 4, 7.0], "rotation": 90}, "down": {"texture": "#material", "uv": [2, 0.0, 4, 7.0], "rotation": 90}}, "children": [{"name": "snow", "from": [0.0, 5.0, 0.0], "to": [7.0, 6.0, 2.0], "rotationOrigin": [1.2049, 2.0, 8.0], "faces": {"north": {"uv": [0.0, 5.0, 7.0, 6.0], "texture": "#snowcover"}, "east": {"uv": [1.96, 5.0, 3.96, 6.0], "texture": "#snowcover"}, "south": {"uv": [0.0, 5.0, 7.0, 6.0], "texture": "#snowcover"}, "west": {"uv": [1.96, 5.0, 3.96, 6.0], "texture": "#snowcover"}, "up": {"texture": "#snowcover", "uv": [2, 0.0, 4, 7.0], "rotation": 90}, "down": {"texture": "#snowcover", "uv": [2, 0.0, 4, 7.0], "rotation": 90}}}]}, {"name": "2", "from": [0.2, -0.5, 3.96], "to": [7.2, 4.5, 5.96], "rotationOrigin": [1.2049, 2.0, 8.0], "rotationZ": 15.0, "faces": {"north": {"texture": "#material", "uv": [0.0, 0.0, 5.0, 7.0], "rotation": 90}, "east": {"texture": "#material", "uv": [4, 0.0, 6, 5.0]}, "south": {"texture": "#material", "uv": [0.0, 0.0, 5.0, 7.0], "rotation": 90}, "west": {"texture": "#material", "uv": [4, 0.0, 6, 5.0]}, "up": {"texture": "#material", "uv": [4, 0.0, 6, 7.0], "rotation": 90}, "down": {"texture": "#material", "uv": [4, 0.0, 6, 7.0], "rotation": 90}}, "children": [{"name": "snow", "from": [0.0, 5.0, 0.0], "to": [7.0, 6.0, 2.0], "rotationOrigin": [1.2049, 2.0, 8.0], "faces": {"north": {"uv": [0.0, 5.0, 7.0, 6.0], "texture": "#snowcover"}, "east": {"uv": [3.96, 5.0, 5.96, 6.0], "texture": "#snowcover"}, "south": {"uv": [0.0, 5.0, 7.0, 6.0], "texture": "#snowcover"}, "west": {"uv": [3.96, 5.0, 5.96, 6.0], "texture": "#snowcover"}, "up": {"texture": "#snowcover", "uv": [4, 0.0, 6, 7.0], "rotation": 90}, "down": {"texture": "#snowcover", "uv": [4, 0.0, 6, 7.0], "rotation": 90}}}]}, {"name": "3", "from": [0.2, -0.5, 5.96], "to": [7.2, 4.5, 7.96], "rotationOrigin": [1.2049, 2.0, 8.0], "rotationZ": 15.0, "faces": {"north": {"texture": "#material", "uv": [0.0, 0.0, 5.0, 7.0], "rotation": 90}, "east": {"texture": "#material", "uv": [6, 0.0, 8, 5.0]}, "south": {"texture": "#material", "uv": [0.0, 0.0, 5.0, 7.0], "rotation": 90}, "west": {"texture": "#material", "uv": [6, 0.0, 8, 5.0]}, "up": {"texture": "#material", "uv": [6, 0.0, 8, 7.0], "rotation": 90}, "down": {"texture": "#material", "uv": [6, 0.0, 8, 7.0], "rotation": 90}}, "children": [{"name": "snow", "from": [0.0, 5.0, 0.0], "to": [7.0, 6.0, 2.0], "rotationOrigin": [1.2049, 2.0, 8.0], "faces": {"north": {"uv": [0.0, 5.0, 7.0, 6.0], "texture": "#snowcover"}, "east": {"uv": [5.96, 5.0, 7.96, 6.0], "texture": "#snowcover"}, "south": {"uv": [0.0, 5.0, 7.0, 6.0], "texture": "#snowcover"}, "west": {"uv": [5.96, 5.0, 7.96, 6.0], "texture": "#snowcover"}, "up": {"texture": "#snowcover", "uv": [6, 0.0, 8, 7.0], "rotation": 90}, "down": {"texture": "#snowcover", "uv": [6, 0.0, 8, 7.0], "rotation": 90}}}]}, {"name": "4", "from": [0.2, -0.5, 7.96], "to": [7.2, 4.5, 9.96], "rotationOrigin": [1.2049, 2.0, 8.0], "rotationZ": 15.0, "faces": {"north": {"texture": "#material", "uv": [0.0, 0.0, 5.0, 7.0], "rotation": 90}, "east": {"texture": "#material", "uv": [8, 0.0, 10, 5.0]}, "south": {"texture": "#material", "uv": [0.0, 0.0, 5.0, 7.0], "rotation": 90}, "west": {"texture": "#material", "uv": [8, 0.0, 10, 5.0]}, "up": {"texture": "#material", "uv": [8, 0.0, 10, 7.0], "rotation": 90}, "down": {"texture": "#material", "uv": [8, 0.0, 10, 7.0], "rotation": 90}}, "children": [{"name": "snow", "from": [0.0, 5.0, 0.0], "to": [7.0, 6.0, 2.000000000000001], "rotationOrigin": [1.2049, 2.0, 8.0], "faces": {"north": {"uv": [0.0, 5.0, 7.0, 6.0], "texture": "#snowcover"}, "east": {"uv": [7.96, 5.0, 9.96, 6.0], "texture": "#snowcover"}, "south": {"uv": [0.0, 5.0, 7.0, 6.0], "texture": "#snowcover"}, "west": {"uv": [7.96, 5.0, 9.96, 6.0], "texture": "#snowcover"}, "up": {"texture": "#snowcover", "uv": [8, 0.0, 10, 7.0], "rotation": 90}, "down": {"texture": "#snowcover", "uv": [8, 0.0, 10, 7.0], "rotation": 90}}}]}, {"name": "5", "from": [0.2, -0.5, 9.96], "to": [7.2, 4.5, 11.96], "rotationOrigin": [1.2049, 2.0, 8.0], "rotationZ": 15.0, "faces": {"north": {"texture": "#material", "uv": [0.0, 0.0, 5.0, 7.0], "rotation": 90}, "east": {"texture": "#material", "uv": [10, 0.0, 12, 5.0]}, "south": {"texture": "#material", "uv": [0.0, 0.0, 5.0, 7.0], "rotation": 90}, "west": {"texture": "#material", "uv": [10, 0.0, 12, 5.0]}, "up": {"texture": "#material", "uv": [10, 0.0, 12, 7.0], "rotation": 90}, "down": {"texture": "#material", "uv": [10, 0.0, 12, 7.0], "rotation": 90}}, "children": [{"name": "snow", "from": [0.0, 5.0, 0.0], "to": [7.0, 6.0, 2.0], "rotationOrigin": [1.2049, 2.0, 8.0], "faces": {"north": {"uv": [0.0, 5.0, 7.0, 6.0], "texture": "#snowcover"}, "east": {"uv": [9.96, 5.0, 11.96, 6.0], "texture": "#snowcover"}, "south": {"uv": [0.0, 5.0, 7.0, 6.0], "texture": "#snowcover"}, "west": {"uv": [9.96, 5.0, 11.96, 6.0], "texture": "#snowcover"}, "up": {"texture": "#snowcover", "uv": [10, 0.0, 12, 7.0], "rotation": 90}, "down": {"texture": "#snowcover", "uv": [10, 0.0, 12, 7.0], "rotation": 90}}}]}, {"name": "6", "from": [0.2, -0.5, 11.96], "to": [7.2, 4.5, 13.96], "rotationOrigin": [1.2049, 2.0, 8.0], "rotationZ": 15.0, "faces": {"north": {"texture": "#material", "uv": [0.0, 0.0, 5.0, 7.0], "rotation": 90}, "east": {"texture": "#material", "uv": [12, 0.0, 14, 5.0]}, "south": {"texture": "#material", "uv": [0.0, 0.0, 5.0, 7.0], "rotation": 90}, "west": {"texture": "#material", "uv": [12, 0.0, 14, 5.0]}, "up": {"texture": "#material", "uv": [12, 0.0, 14, 7.0], "rotation": 90}, "down": {"texture": "#material", "uv": [12, 0.0, 14, 7.0], "rotation": 90}}, "children": [{"name": "snow", "from": [0.0, 5.0, 0.0], "to": [7.0, 6.0, 2.0], "rotationOrigin": [1.2049, 2.0, 8.0], "faces": {"north": {"uv": [0.0, 5.0, 7.0, 6.0], "texture": "#snowcover"}, "east": {"uv": [11.96, 5.0, 13.96, 6.0], "texture": "#snowcover"}, "south": {"uv": [0.0, 5.0, 7.0, 6.0], "texture": "#snowcover"}, "west": {"uv": [11.96, 5.0, 13.96, 6.0], "texture": "#snowcover"}, "up": {"texture": "#snowcover", "uv": [12, 0.0, 14, 7.0], "rotation": 90}, "down": {"texture": "#snowcover", "uv": [12, 0.0, 14, 7.0], "rotation": 90}}}]}, {"name": "7", "from": [0.2, -0.5, 13.96], "to": [7.2, 4.5, 16.02], "rotationOrigin": [1.2049, 2.0, 8.0], "rotationZ": 15.0, "faces": {"north": {"texture": "#material", "uv": [0.0, 0.0, 5.0, 7.0], "rotation": 90}, "east": {"texture": "#material", "uv": [14, 0.0, 16, 5.0]}, "south": {"texture": "#material", "uv": [0.0, 0.0, 5.0, 7.0], "rotation": 90}, "west": {"texture": "#material", "uv": [14, 0.0, 16, 5.0]}, "up": {"texture": "#material", "uv": [14, 0.0, 16, 7.0], "rotation": 90}, "down": {"texture": "#material", "uv": [14, 0.0, 16, 7.0], "rotation": 90}}, "children": [{"name": "snow", "from": [0.0, 5.0, 0.0], "to": [7.0, 6.0, 2.0599999999999987], "rotationOrigin": [1.2049, 2.0, 8.0], "faces": {"north": {"uv": [0.0, 5.0, 7.0, 6.0], "texture": "#snowcover"}, "east": {"uv": [13.96, 5.0, 16, 6.0], "texture": "#snowcover"}, "south": {"uv": [0.0, 5.0, 7.0, 6.0], "texture": "#snowcover"}, "west": {"uv": [13.96, 5.0, 16, 6.0], "texture": "#snowcover"}, "up": {"texture": "#snowcover", "uv": [14, 0.0, 16, 7.0], "rotation": 90}, "down": {"texture": "#snowcover", "uv": [14, 0.0, 16, 7.0], "rotation": 90}}}]}]}, {"name": "3", "from": [0.0, 0.0, 0.0], "to": [0.0, 0.0, 0.0], "faces": {}, "children": [{"name": "0", "from": [-6.7951, -0.5, -0.04], "to": [0.2049, 4.5, 1.96], "rotationOrigin": [1.2049, 2.0, 8.0], "rotationZ": 15.0, "faces": {"north": {"texture": "#material", "uv": [0.0, 8.0, 5.0, 15.0], "rotation": 90}, "east": {"texture": "#material", "uv": [0, 0.0, 2, 5.0]}, "south": {"texture": "#material", "uv": [0.0, 8.0, 5.0, 15.0], "rotation": 90}, "west": {"texture": "#material", "uv": [0, 0.0, 2, 5.0]}, "up": {"texture": "#material", "uv": [0, 8.0, 2, 15.0], "rotation": 90}, "down": {"texture": "#material", "uv": [0, 8.0, 2, 15.0], "rotation": 90}}, "children": [{"name": "snow", "from": [0.0, 5.0, 0.04], "to": [7.0, 6.0, 2.0], "rotationOrigin": [1.2049, 2.0, 8.0], "faces": {"north": {"uv": [0.0, 5.0, 7.0, 6.0], "texture": "#snowcover"}, "east": {"uv": [0.0, 5.0, 1.96, 6.0], "texture": "#snowcover"}, "south": {"uv": [0.0, 5.0, 7.0, 6.0], "texture": "#snowcover"}, "west": {"uv": [0.0, 5.0, 1.96, 6.0], "texture": "#snowcover"}, "up": {"texture": "#snowcover", "uv": [0, 8.0, 2, 15.0], "rotation": 90}, "down": {"texture": "#snowcover", "uv": [0, 8.0, 2, 15.0], "rotation": 90}}}]}, {"name": "1", "from": [-6.7951, -0.5, 1.96], "to": [0.2049, 4.5, 3.96], "rotationOrigin": [1.2049, 2.0, 8.0], "rotationZ": 15.0, "faces": {"north": {"texture": "#material", "uv": [0.0, 8.0, 5.0, 15.0], "rotation": 90}, "east": {"texture": "#material", "uv": [2, 0.0, 4, 5.0]}, "south": {"texture": "#material", "uv": [0.0, 8.0, 5.0, 15.0], "rotation": 90}, "west": {"texture": "#material", "uv": [2, 0.0, 4, 5.0]}, "up": {"texture": "#material", "uv": [2, 8.0, 4, 15.0], "rotation": 90}, "down": {"texture": "#material", "uv": [2, 8.0, 4, 15.0], "rotation": 90}}, "children": [{"name": "snow", "from": [0.0, 5.0, 0.0], "to": [7.0, 6.0, 2.0], "rotationOrigin": [1.2049, 2.0, 8.0], "faces": {"north": {"uv": [0.0, 5.0, 7.0, 6.0], "texture": "#snowcover"}, "east": {"uv": [1.96, 5.0, 3.96, 6.0], "texture": "#snowcover"}, "south": {"uv": [0.0, 5.0, 7.0, 6.0], "texture": "#snowcover"}, "west": {"uv": [1.96, 5.0, 3.96, 6.0], "texture": "#snowcover"}, "up": {"texture": "#snowcover", "uv": [2, 8.0, 4, 15.0], "rotation": 90}, "down": {"texture": "#snowcover", "uv": [2, 8.0, 4, 15.0], "rotation": 90}}}]}, {"name": "2", "from": [-6.7951, -0.5, 3.96], "to": [0.2049, 4.5, 5.96], "rotationOrigin": [1.2049, 2.0, 8.0], "rotationZ": 15.0, "faces": {"north": {"texture": "#material", "uv": [0.0, 8.0, 5.0, 15.0], "rotation": 90}, "east": {"texture": "#material", "uv": [4, 0.0, 6, 5.0]}, "south": {"texture": "#material", "uv": [0.0, 8.0, 5.0, 15.0], "rotation": 90}, "west": {"texture": "#material", "uv": [4, 0.0, 6, 5.0]}, "up": {"texture": "#material", "uv": [4, 8.0, 6, 15.0], "rotation": 90}, "down": {"texture": "#material", "uv": [4, 8.0, 6, 15.0], "rotation": 90}}, "children": [{"name": "snow", "from": [0.0, 5.0, 0.0], "to": [7.0, 6.0, 2.0], "rotationOrigin": [1.2049, 2.0, 8.0], "faces": {"north": {"uv": [0.0, 5.0, 7.0, 6.0], "texture": "#snowcover"}, "east": {"uv": [3.96, 5.0, 5.96, 6.0], "texture": "#snowcover"}, "south": {"uv": [0.0, 5.0, 7.0, 6.0], "texture": "#snowcover"}, "west": {"uv": [3.96, 5.0, 5.96, 6.0], "texture": "#snowcover"}, "up": {"texture": "#snowcover", "uv": [4, 8.0, 6, 15.0], "rotation": 90}, "down": {"texture": "#snowcover", "uv": [4, 8.0, 6, 15.0], "rotation": 90}}}]}, {"name": "3", "from": [-6.7951, -0.5, 5.96], "to": [0.2049, 4.5, 7.96], "rotationOrigin": [1.2049, 2.0, 8.0], "rotationZ": 15.0, "faces": {"north": {"texture": "#material", "uv": [0.0, 8.0, 5.0, 15.0], "rotation": 90}, "east": {"texture": "#material", "uv": [6, 0.0, 8, 5.0]}, "south": {"texture": "#material", "uv": [0.0, 8.0, 5.0, 15.0], "rotation": 90}, "west": {"texture": "#material", "uv": [6, 0.0, 8, 5.0]}, "up": {"texture": "#material", "uv": [6, 8.0, 8, 15.0], "rotation": 90}, "down": {"texture": "#material", "uv": [6, 8.0, 8, 15.0], "rotation": 90}}, "children": [{"name": "snow", "from": [0.0, 5.0, 0.0], "to": [7.0, 6.0, 2.0], "rotationOrigin": [1.2049, 2.0, 8.0], "faces": {"north": {"uv": [0.0, 5.0, 7.0, 6.0], "texture": "#snowcover"}, "east": {"uv": [5.96, 5.0, 7.96, 6.0], "texture": "#snowcover"}, "south": {"uv": [0.0, 5.0, 7.0, 6.0], "texture": "#snowcover"}, "west": {"uv": [5.96, 5.0, 7.96, 6.0], "texture": "#snowcover"}, "up": {"texture": "#snowcover", "uv": [6, 8.0, 8, 15.0], "rotation": 90}, "down": {"texture": "#snowcover", "uv": [6, 8.0, 8, 15.0], "rotation": 90}}}]}, {"name": "4", "from": [-6.7951, -0.5, 7.96], "to": [0.2049, 4.5, 9.96], "rotationOrigin": [1.2049, 2.0, 8.0], "rotationZ": 15.0, "faces": {"north": {"texture": "#material", "uv": [0.0, 8.0, 5.0, 15.0], "rotation": 90}, "east": {"texture": "#material", "uv": [8, 0.0, 10, 5.0]}, "south": {"texture": "#material", "uv": [0.0, 8.0, 5.0, 15.0], "rotation": 90}, "west": {"texture": "#material", "uv": [8, 0.0, 10, 5.0]}, "up": {"texture": "#material", "uv": [8, 8.0, 10, 15.0], "rotation": 90}, "down": {"texture": "#material", "uv": [8, 8.0, 10, 15.0], "rotation": 90}}, "children": [{"name": "snow", "from": [0.0, 5.0, 0.0], "to": [7.0, 6.0, 2.000000000000001], "rotationOrigin": [1.2049, 2.0, 8.0], "faces": {"north": {"uv": [0.0, 5.0, 7.0, 6.0], "texture": "#snowcover"}, "east": {"uv": [7.96, 5.0, 9.96, 6.0], "texture": "#snowcover"}, "south": {"uv": [0.0, 5.0, 7.0, 6.0], "texture": "#snowcover"}, "west": {"uv": [7.96, 5.0, 9.96, 6.0], "texture": "#snowcover"}, "up": {"texture": "#snowcover", "uv": [8, 8.0, 10, 15.0], "rotation": 90}, "down": {"texture": "#snowcover", "uv": [8, 8.0, 10, 15.0], "rotation": 90}}}]}, {"name": "5", "from": [-6.7951, -0.5, 9.96], "to": [0.2049, 4.5, 11.96], "rotationOrigin": [1.2049, 2.0, 8.0], "rotationZ": 15.0, "faces": {"north": {"texture": "#material", "uv": [0.0, 8.0, 5.0, 15.0], "rotation": 90}, "east": {"texture": "#material", "uv": [10, 0.0, 12, 5.0]}, "south": {"texture": "#material", "uv": [0.0, 8.0, 5.0, 15.0], "rotation": 90}, "west": {"texture": "#material", "uv": [10, 0.0, 12, 5.0]}, "up": {"texture": "#material", "uv": [10, 8.0, 12, 15.0], "rotation": 90}, "down": {"texture": "#material", "uv": [10, 8.0, 12, 15.0], "rotation": 90}}, "children": [{"name": "snow", "from": [0.0, 5.0, 0.0], "to": [7.0, 6.0, 2.0], "rotationOrigin": [1.2049, 2.0, 8.0], "faces": {"north": {"uv": [0.0, 5.0, 7.0, 6.0], "texture": "#snowcover"}, "east": {"uv": [9.96, 5.0, 11.96, 6.0], "texture": "#snowcover"}, "south": {"uv": [0.0, 5.0, 7.0, 6.0], "texture": "#snowcover"}, "west": {"uv": [9.96, 5.0, 11.96, 6.0], "texture": "#snowcover"}, "up": {"texture": "#snowcover", "uv": [10, 8.0, 12, 15.0], "rotation": 90}, "down": {"texture": "#snowcover", "uv": [10, 8.0, 12, 15.0], "rotation": 90}}}]}, {"name": "6", "from": [-6.7951, -0.5, 11.96], "to": [0.2049, 4.5, 13.96], "rotationOrigin": [1.2049, 2.0, 8.0], "rotationZ": 15.0, "faces": {"north": {"texture": "#material", "uv": [0.0, 8.0, 5.0, 15.0], "rotation": 90}, "east": {"texture": "#material", "uv": [12, 0.0, 14, 5.0]}, "south": {"texture": "#material", "uv": [0.0, 8.0, 5.0, 15.0], "rotation": 90}, "west": {"texture": "#material", "uv": [12, 0.0, 14, 5.0]}, "up": {"texture": "#material", "uv": [12, 8.0, 14, 15.0], "rotation": 90}, "down": {"texture": "#material", "uv": [12, 8.0, 14, 15.0], "rotation": 90}}, "children": [{"name": "snow", "from": [0.0, 5.0, 0.0], "to": [7.0, 6.0, 2.0], "rotationOrigin": [1.2049, 2.0, 8.0], "faces": {"north": {"uv": [0.0, 5.0, 7.0, 6.0], "texture": "#snowcover"}, "east": {"uv": [11.96, 5.0, 13.96, 6.0], "texture": "#snowcover"}, "south": {"uv": [0.0, 5.0, 7.0, 6.0], "texture": "#snowcover"}, "west": {"uv": [11.96, 5.0, 13.96, 6.0], "texture": "#snowcover"}, "up": {"texture": "#snowcover", "uv": [12, 8.0, 14, 15.0], "rotation": 90}, "down": {"texture": "#snowcover", "uv": [12, 8.0, 14, 15.0], "rotation": 90}}}]}, {"name": "7", "from": [-6.7951, -0.5, 13.96], "to": [0.2049, 4.5, 16.02], "rotationOrigin": [1.2049, 2.0, 8.0], "rotationZ": 15.0, "faces": {"north": {"texture": "#material", "uv": [0.0, 8.0, 5.0, 15.0], "rotation": 90}, "east": {"texture": "#material", "uv": [14, 0.0, 16, 5.0]}, "south": {"texture": "#material", "uv": [0.0, 8.0, 5.0, 15.0], "rotation": 90}, "west": {"texture": "#material", "uv": [14, 0.0, 16, 5.0]}, "up": {"texture": "#material", "uv": [14, 8.0, 16, 15.0], "rotation": 90}, "down": {"texture": "#material", "uv": [14, 8.0, 16, 15.0], "rotation": 90}}, "children": [{"name": "snow", "from": [0.0, 5.0, 0.0], "to": [7.0, 6.0, 2.0599999999999987], "rotationOrigin": [1.2049, 2.0, 8.0], "faces": {"north": {"uv": [0.0, 5.0, 7.0, 6.0], "texture": "#snowcover"}, "east": {"uv": [13.96, 5.0, 16, 6.0], "texture": "#snowcover"}, "south": {"uv": [0.0, 5.0, 7.0, 6.0], "texture": "#snowcover"}, "west": {"uv": [13.96, 5.0, 16, 6.0], "texture": "#snowcover"}, "up": {"texture": "#snowcover", "uv": [14, 8.0, 16, 15.0], "rotation": 90}, "down": {"texture": "#snowcover", "uv": [14, 8.0, 16, 15.0], "rotation": 90}}}]}]}]}]}]}