[
  {
  "dependsOn": [ {"modid": "monoceros"}],
    "enabled": true,
    "op": "addmerge",
    "path": "/behaviorConfigs/rideableaccessories/wearableSlots/0/forCategoryCodes/-",
    "value": "tackbridle",
    "file": "monoceros:entities/tamedmonoceros.json",
    "side": "Server"
  },
  {
  "dependsOn": [ {"modid": "monoceros"}],
    "enabled": true,
    "op": "addmerge",
    "path": "/behaviorConfigs/rideableaccessories/wearableSlots/1/forCategoryCodes/-",
    "value": "tacksaddle",
    "file": "monoceros:entities/tamedmonoceros.json",
    "side": "Server"
  },
  {
  "dependsOn": [ {"modid": "monoceros"}],
    "enabled": true,
    "op": "addmerge",
    "path": "/behaviorConfigs/rideableaccessories/wearableSlots/2/forCategoryCodes/-",
    "value": "tackblanket",
    "file": "monoceros:entities/tamedmonoceros.json",
    "side": "Server"
  },
  {
    "enabled": false,
    "op": "addmerge",
    "path": "/behaviorConfigs/rideableaccessories/wearableSlots/4/forCategoryCodes/-",
    "value": "tackblanket",
    "file": "game:entities/land/hooved/elk-tamed.json",
    "side": "Server"
  },
  {
    "dependsOn": [ {"modid": "equus"}],
    "enabled": true,
    "op": "addmerge",
    "path": "/behaviorConfigs/rideableaccessories/wearableSlots/-",
    "value": { "code": "hoof-ferus", "forCategoryCodes": ["tackhorseshoes"], "attachmentPointCode": "HoofAP", "stepParentTo": { "": { "elementName": "HoofStorage" } } },
    "file": "equus:entities/tamedwildhorse.json",
    "side": "Server"
  }
]