[
  {
    "op": "add",
    "path": "/server/behaviors/-",
    "file": "game:entities/animal/mammal/fox-baby.json",
    "value": {
      "code": "tameable",
      "tameEntityCode": "foxtaming:tamefox-{type}-baby-{gender}",
      "treat": [
        {
          "code": "fruit-blueberry",
          "progress": 0.05,
          "cooldown": 2
        },
        {
          "code": "fruit-redcurrant",
          "progress": 0.05,
          "cooldown": 2
        },
        {
          "code": "fruit-whitecurrant",
          "progress": 0.05,
          "cooldown": 2
        },
        {
          "code": "fruit-blackcurrant",
          "progress": 0.05,
          "cooldown": 2
        },
        {
          "code": "bushmeat-raw",
          "progress": 0.05,
          "cooldown": 2
        },
        {
          "code": "redmeat-raw",
          "progress": 0.1,
          "cooldown": 3
        },
        {
          "code": "poultry-raw",
          "progress": 0.1,
          "cooldown": 3
        }
      ]
    }
  },
  {
    "op": "add",
    "path": "/server/behaviors/-",
    "file": "game:entities/animal/mammal/fox-baby.json",
    "value": {
      "code": "mouthinventory",
      "acceptStacks": [
        {
          "type": "item",
          "code": "fruit-blueberry"
        },
        {
          "type": "item",
          "code": "fruit-redcurrant"
        },
        {
          "type": "item",
          "code": "fruit-whitecurrant"
        },
        {
          "type": "item",
          "code": "fruit-blackcurrant"
        },
        {
          "type": "item",
          "code": "bushmeat-raw"
        },
        {
          "type": "item",
          "code": "redmeat-raw"
        },
        {
          "type": "item",
          "code": "poultry-raw"
        }
      ]
    }
  },
  {
    "op": "add",
    "path": "/client/behaviors/-",
    "file": "game:entities/animal/mammal/fox-baby.json",
    "value": {
      "code": "tameable",
      "treat": [
        {
          "code": "fruit-blueberry",
          "progress": 0.05,
          "cooldown": 2
        },
        {
          "code": "fruit-redcurrant",
          "progress": 0.05,
          "cooldown": 2
        },
        {
          "code": "fruit-whitecurrant",
          "progress": 0.05,
          "cooldown": 2
        },
        {
          "code": "fruit-blackcurrant",
          "progress": 0.05,
          "cooldown": 2
        },
        {
          "code": "bushmeat-raw",
          "progress": 0.05,
          "cooldown": 2
        },
        {
          "code": "redmeat-raw",
          "progress": 0.1,
          "cooldown": 3
        },
        {
          "code": "poultry-raw",
          "progress": 0.1,
          "cooldown": 3
        }
      ]
    }
  },
  {
    "op": "add",
    "path": "/client/behaviors/-",
    "file": "game:entities/animal/mammal/fox-baby.json",
    "value": {
      "code": "mouthinventory",
      "acceptStacks": [
        {
          "type": "item",
          "code": "fruit-blueberry"
        },
        {
          "type": "item",
          "code": "fruit-redcurrant"
        },
        {
          "type": "item",
          "code": "fruit-whitecurrant"
        },
        {
          "type": "item",
          "code": "fruit-blackcurrant"
        },
        {
          "type": "item",
          "code": "bushmeat-raw"
        },
        {
          "type": "item",
          "code": "redmeat-raw"
        },
        {
          "type": "item",
          "code": "poultry-raw"
        }
      ]
    }
  },
  {
    "op": "add",
    "path": "/server/behaviors/11/aitasks/-",
    "file": "game:entities/animal/mammal/fox-baby.json",
    "value": {
      "code": "useinventory",
      "animation": "eat",
      "animationSpeed": 0.75,
      "priority": 2.1,
      "priorityForCancel": 2.2,
      "eatItemCategories": [
        "Protein",
        "Fruit"
      ],
      "eatItemCodes": [
        "fruit-blueberry",
        "fruit-redcurrant",
        "fruit-whitecurrant",
        "fruit-blackcurrant",
        "bushmeat-raw",
        "redmeat-raw",
        "poultry-raw"
      ],
      "useTime": 1.5,
      "mincooldownHours": 1,
      "maxcooldownHours": 1.5
    }
  }
]
