[
	{
	"ingredientPattern": "BA,YT",
	"enabled": true,
	"requiresTrait": "clothier",
	"ingredients": {
		"B": { "type": "item", "code": "tailorsdelight:leatherbundle-blue" },
		"Y": { "type": "item", "code": "tailorsdelight:leatherbundle-yellow" },
		"A": { "type": "item", "code": "tailorsdelight:awl-*", "isTool": true },
		"T": { "type": "item", "code": "wool:twine-wool-yellow" }
	},
	"width": 2,
	"height": 2,
	"output": { "type": "item", "code": "game:clothes-head-alchemist" }
	},
	{
	"ingredientPattern": "BA,YT",
	"enabled": true,
	"requiresTrait": "tinkerer",
	"ingredients": {
		"B": { "type": "item", "code": "game:leather-normal-blue", "quantity": 3 },
		"Y": { "type": "item", "code": "game:leather-normal-yellow", "quantity": 3 },
		"A": { "type": "item", "code": "tailorsdelight:awl-*", "isTool": true, "toolDurabilityCost": 2 },
		"T": { "type": "item", "code": "wool:twine-wool-yellow", "quantity": 2 }
	},
	"recipeGroup": 2,
	"width": 2,
	"height": 2,
	"output": { "type": "item", "code": "game:clothes-head-alchemist" }
	},

	{
	"ingredientPattern": "PN,GT",
	"enabled": true,
	"requiresTrait": "clothier",
	"ingredients": {
		"P": { "type": "item", "code": "wool:cloth-wool-plain" },
		"G": { "type": "item", "code": "wool:cloth-wool-gray" },
		"N": { "type": "item", "code": "tailorsdelight:needle-*" },
		"T": { "type": "item", "code": "wool:twine-wool-gray" }
	},
	"width": 2,
	"height": 2,
	"output": { "type": "item", "code": "game:clothes-head-hunter-cape" }
	},
	{
	"ingredientPattern": "PN,GT",
	"enabled": true,
	"requiresTrait": "bowyer",
	"ingredients": {
		"P": { "type": "item", "code": "wool:cloth-wool-plain" },
		"G": { "type": "item", "code": "wool:cloth-wool-plain" },
		"N": { "type": "item", "code": "tailorsdelight:needle-*" },
		"T": { "type": "item", "code": "wool:twine-wool-gray", "quantity": 3 }
	},
	"recipeGroup": 2,
	"width": 2,
	"height": 2,
	"output": { "type": "item", "code": "game:clothes-head-hunter-cape" }
	}
]
