﻿{
  "code": "displaybutterflyslanted",
  "behaviors": [ { "name": "HorizontalOrientable" } ],
  "variantgroups": [
    {
      "code": "type",
      "states": [ "black" ],
      "loadFromProperties": "game:block/wood"
    },
    {
      "code": "side",
      "loadFromProperties": "abstract/horizontalorientation"
    }
  ],
  "textures": {
    "oak": { "base": "block/woodvariants/{type}*" }
  },
  "attributes": {
    "height": 1,
    "width": 0.5,
	"handbook": {
      "groupBy": [ "displaybutterflyslanted-*" ]
    },
  },
  "class": "BlockButterflyCase",
  "entityClass": "BEButterflyCaseSlanted",
  "creativeinventory": {
    "general": [ "*-north" ]
  },
  "shapebytype": {
    "*-north": {
      "base": "butterflycases:block/displaybutterfly/displaybutterflyslanted",
      "rotateY": 0
    },
    "*-east": {
      "base": "butterflycases:block/displaybutterfly/displaybutterflyslanted",
      "rotateY": 270
    },
    "*-south": {
      "base": "butterflycases:block/displaybutterfly/displaybutterflyslanted",
      "rotateY": 180
    },
    "*-west": {
      "base": "butterflycases:block/displaybutterfly/displaybutterflyslanted",
      "rotateY": 90
    }
  },
  "drawtype": "json",
  "blockmaterial": "Wood",
  "replaceable": 600,
  "resistance": 2,
  "lightAbsorption": 0,
  "fpHandTransform": {
    "translation": {
      "x": -0.2,
      "y": 0.8,
      "z": 0.5
    },
    "rotation": {
      "x": 0,
      "y": -103,
      "z": 0
    }
  },

  "tpHandTransform": {
    "translation": {
      "x": -1.7,
      "y": -1.4,
      "z": -0.8
    },
    "rotation": {
      "x": -89,
      "y": 53,
      "z": -105
    },
    "scale": 0.36
  },

  "guiTransform": {
    "translation": {
      "x": 0,
      "y": -2,
      "z": 0
    },
    "rotation": {
      "x": -22.6,
      "y": 138,
      "z": 0
    },
    "scale": 1.14
  },
  "heldTpIdleAnimation": "holdbothhandslarge",
  "heldTpUseAnimation": "twohandplaceblock",
  "sounds": {
    "walk": "game:player/buildhigh"
  },
  "collisionSelectionBoxesByType": {
    "*-north": [
      {
        "x1": 0.0625,
        "y1": 0.4375,
        "z1": 0.25,
        "x2": 0.5,
        "y2": 0.8004,
        "z2": 0.75
      },
      {
        "x1": 0.5,
        "y1": 0.4375,
        "z1": 0.25,
        "x2": 0.9375,
        "y2": 0.8004,
        "z2": 0.75
      },
      {
        "x1": 0.0625,
        "y1": 0.0625,
        "z1": 0.5,
        "x2": 0.5,
        "y2": 0.4375,
        "z2": 0.9375
      },
      {
        "x1": 0.5,
        "y1": 0.0625,
        "z1": 0.5,
        "x2": 0.9375,
        "y2": 0.4375,
        "z2": 0.9375
      }
    ],
    "*-east": [
      {
        "rotateY": 270,
        "x1": 0.0625,
        "y1": 0.4375,
        "z1": 0.25,
        "x2": 0.5,
        "y2": 0.8004,
        "z2": 0.75
      },
      {
        "rotateY": 270,
        "x1": 0.5,
        "y1": 0.4375,
        "z1": 0.25,
        "x2": 0.9375,
        "y2": 0.8004,
        "z2": 0.75
      },
      {
        "rotateY": 270,
        "x1": 0.0625,
        "y1": 0.0625,
        "z1": 0.5,
        "x2": 0.5,
        "y2": 0.4375,
        "z2": 0.9375
      },
      {
        "rotateY": 270,
        "x1": 0.5,
        "y1": 0.0625,
        "z1": 0.5,
        "x2": 0.9375,
        "y2": 0.4375,
        "z2": 0.9375
      }
    ],
    "*-south": [
      {
        "rotateY": 180,
        "x1": 0.0625,
        "y1": 0.4375,
        "z1": 0.25,
        "x2": 0.5,
        "y2": 0.8004,
        "z2": 0.75
      },
      {
        "rotateY": 180,
        "x1": 0.5,
        "y1": 0.4375,
        "z1": 0.25,
        "x2": 0.9375,
        "y2": 0.8004,
        "z2": 0.75
      },
      {
        "rotateY": 180,
        "x1": 0.0625,
        "y1": 0.0625,
        "z1": 0.5,
        "x2": 0.5,
        "y2": 0.4375,
        "z2": 0.9375
      },
      {
        "rotateY": 180,
        "x1": 0.5,
        "y1": 0.0625,
        "z1": 0.5,
        "x2": 0.9375,
        "y2": 0.4375,
        "z2": 0.9375
      }
    ],
    "*-west": [
      {
        "rotateY": 90,
        "x1": 0.0625,
        "y1": 0.4375,
        "z1": 0.25,
        "x2": 0.5,
        "y2": 0.8004,
        "z2": 0.75
      },
      {
        "rotateY": 90,
        "x1": 0.5,
        "y1": 0.4375,
        "z1": 0.25,
        "x2": 0.9375,
        "y2": 0.8004,
        "z2": 0.75
      },
      {
        "rotateY": 90,
        "x1": 0.0625,
        "y1": 0.0625,
        "z1": 0.5,
        "x2": 0.5,
        "y2": 0.4375,
        "z2": 0.9375
      },
      {
        "rotateY": 90,
        "x1": 0.5,
        "y1": 0.0625,
        "z1": 0.5,
        "x2": 0.9375,
        "y2": 0.4375,
        "z2": 0.9375
      }
    ]
  },
  "sideopaque": { "all": false },
  "sideao": { "all": true },
  "emitsideao": { "all": false },
  "sidesolid": { "all": false },
  "drops": [
    {
      "type": "block",
      "code": "displaybutterflyslanted-{type}-north",
      "quantity": { "avg": 1 }
    }
  ]
}