﻿{
  "code": "displaybutterflydome",
  "behaviors": [ { "name": "HorizontalOrientable" }, { "name": "WrenchOrientable", "properties": { "baseCode": "displaybutterflydome-{type}" } } ],
  "variantgroups": [
    {
      "code": "type",
      "states": [ "black" ],
      "loadFromProperties": "game:block/wood"
    },
    {
      "code": "side",
      "loadFromProperties": "abstract/horizontalorientation"
    }
  ],
  "textures": {
    "oak": { "base": "block/woodvariants/{type}*"  }
  },
  "attributes": {
    "height": 1,
    "width": 0.5,
	handbook: {
			groupBy: ["displaybutterflydome-*"]
		},
  },
  "class": "BlockButterflyCase",
  "entityClass": "BEButterflyCaseDome",
  "creativeinventory": {
    "general": [ "*-north" ]
  },
  "shapebytype": {
    "*-north": {
      "base": "butterflycases:block/displaybutterfly/displaybutterflydome",
      "rotateY": 0
    },
    "*-east": {
      "base": "butterflycases:block/displaybutterfly/displaybutterflydome",
      "rotateY": 270
    },
    "*-south": {
      "base": "butterflycases:block/displaybutterfly/displaybutterflydome",
      "rotateY": 180
    },
    "*-west": {
      "base": "butterflycases:block/displaybutterfly/displaybutterflydome",
      "rotateY": 90
    }
  },
  "drawtype": "json",
  "blockmaterial": "Wood",
  "replaceable": 600,
  "resistance": 2,
  "lightAbsorption": 0,
  "guiTransform": {
    "translation": {
      "x": -1,
      "y": -3,
      "z": 0
    },
    "rotation": {
      "x": -22.6,
      "y": 138,
      "z": 0
    },
    "scale": 1.2
  },
  "fpHandTransform": {
    "translation": {
      "x": 0,
      "y": 0.5,
      "z": 0.5
    }
  },
  "tpHandTransform": {
    "translation": {
      "x": -1.4,
      "y": -1,
      "z": -0.5
    },
    "rotation": {
      "x": -37,
      "y": 29,
      "z": -78
    },
    "scale": 0.5
  },
  "heldTpIdleAnimation": "holdbothhandslarge",
  "heldTpUseAnimation": "twohandplaceblock",
  "sounds": {
    "walk": "game:player/buildhigh"
  },
  "collisionSelectionBoxesByType": {
    "*-north": [
      {
        "x1": 0.22,
        "y1": 0,
        "z1": 0.22,
        "x2": 0.78,
        "y2": 0.875,
        "z2": 0.78
      }
    ],
    "*-east": [
      {
        "rotateY": 270,
        "x1": 0.22,
        "y1": 0,
        "z1": 0.22,
        "x2": 0.78,
        "y2": 0.875,
        "z2": 0.78
      }
    ],
    "*-south": [
      {
        "rotateY": 180,
        "x1": 0.22,
        "y1": 0,
        "z1": 0.22,
        "x2": 0.78,
        "y2": 0.875,
        "z2": 0.78
      }
    ],
    "*-west": [
      {
        "rotateY": 90,
        "x1": 0.22,
        "y1": 0,
        "z1": 0.22,
        "x2": 0.78,
        "y2": 0.875,
        "z2": 0.78
      }
    ]
  },
  "sideopaque": { "all": false },
  "sideao": { "all": true },
  "emitsideao": { "all": false },
  "sidesolid": { "all": false },
  "drops": [
    {
      "type": "block",
      "code": "displaybutterflydome-{type}-north",
      "quantity": { "avg": 1 }
    }
  ]
}