{
	"editor": {
		"backDropShape": "entity/humanoid/seraph",
		"allAngles": false,
		"entityTextureMode": true
	},
	"textureWidth": 16,
	"textureHeight": 16,
	"textureSizes": {
	},
	"textures": {
		"pin-butterfly": "entity/humanoid/seraphclothes/emblem/pin-butterfly"
	},
	"elements": [
		{
			"name": "ButterflyTorso",
			"stepParentName": "UpperTorso",
			"from": [ -0.5, 1.0, 4.1 ], 
			"to": [ 0.0, 2.0, 4.6 ], 
			"autoUnwrap": false,
			"uv": [ 1.0, 1.0 ],
			"rotationOrigin": [ -0.5, 1.5, 4.6 ],
			"faces": {
				"north": { "texture": "#pin-butterfly", "uv": [ 13.0, 7.0, 13.5, 8.0 ] },
				"east": { "texture": "#pin-butterfly", "uv": [ 1.0, 1.0, 1.5, 2.0 ], "enabled": false },
				"south": { "texture": "#pin-butterfly", "uv": [ 13.0, 7.0, 13.5, 8.0 ] },
				"west": { "texture": "#pin-butterfly", "uv": [ 13.0, 7.0, 13.5, 8.0 ] },
				"up": { "texture": "#pin-butterfly", "uv": [ 13.0, 7.0, 13.5, 7.5 ], "rotation": 90 },
				"down": { "texture": "#pin-butterfly", "uv": [ 13.0, 7.5, 13.5, 8.0 ], "rotation": 90 }
			},
			"children": [
				{
					"name": "ButterflyWingL",
					"from": [ 0.3, -1.0, -1.0 ], 
					"to": [ 0.3, 2.0, 0.0 ], 
					"uv": [ 12.0, 6.0 ],
					"rotationOrigin": [ 0.3, 0.5, 0.0 ],
					"rotationY": 22.5,
					"faces": {
						"north": { "texture": "#pin-butterfly", "uv": [ 0.0, 1.0, 1.0, 2.0 ], "enabled": false },
						"east": { "texture": "#pin-butterfly", "uv": [ 0.0, 1.0, 1.0, 2.0 ], "enabled": false },
						"south": { "texture": "#pin-butterfly", "uv": [ 1.0, 1.0, 2.0, 2.0 ], "enabled": false },
						"west": { "texture": "#pin-butterfly", "uv": [ 12.0, 6.0, 13.0, 9.0 ] },
						"up": { "texture": "#pin-butterfly", "uv": [ 0.0, 0.0, 1.0, 1.0 ], "enabled": false },
						"down": { "texture": "#pin-butterfly", "uv": [ 1.0, 0.0, 2.0, 1.0 ], "enabled": false }
					}
				},
				{
					"name": "ButterflyWingR",
					"from": [ 0.3, -1.0, 0.5 ], 
					"to": [ 0.3, 2.0, 1.5 ], 
					"uv": [ 12.0, 6.0 ],
					"rotationOrigin": [ 0.3, 0.5, 0.5 ],
					"rotationY": -22.5,
					"faces": {
						"north": { "texture": "#pin-butterfly", "uv": [ 0.0, 1.0, 1.0, 2.0 ], "enabled": false },
						"east": { "texture": "#pin-butterfly", "uv": [ 12.0, 6.0, 13.0, 9.0 ] },
						"south": { "texture": "#pin-butterfly", "uv": [ 1.0, 1.0, 2.0, 2.0 ], "enabled": false },
						"west": { "texture": "#pin-butterfly", "uv": [ 0.0, 6.0, 1.0, 9.0 ], "enabled": false },
						"up": { "texture": "#pin-butterfly", "uv": [ 0.0, 0.0, 1.0, 1.0 ], "enabled": false },
						"down": { "texture": "#pin-butterfly", "uv": [ 1.0, 0.0, 2.0, 1.0 ], "enabled": false }
					}
				}
			]
		}
	]}