﻿{
  "code": "displaybutterflywall",
  "behaviors": [ { "name": "HorizontalOrientable" } ],
  "variantgroups": [
    {
      "code": "type",
      "states": [ "black" ],
      "loadFromProperties": "game:block/wood"
    },
    {
      "code": "side",
      "loadFromProperties": "abstract/horizontalorientation"
    }
  ],
  "textures": {
    "oak": { "base": "block/woodvariants/{type}*" }
  },
  "attributes": {
    "height": 1,
    "width": 0.5,
	"handbook": {
      "groupBy": [ "displaybutterflywall-*" ]
    },
  },
  "class": "BlockButterflyCase",
  "entityClass": "BEButterflyCaseWall",
  "creativeinventory": {
    "general": [ "*-north" ]
  },
  "shapebytype": {
    "*-north": {
      "base": "butterflycases:block/displaybutterflywall/displaybutterflywall",
      "rotateY": 0
    },
    "*-east": {
      "base": "butterflycases:block/displaybutterflywall/displaybutterflywall",
      "rotateY": 270
    },
    "*-south": {
      "base": "butterflycases:block/displaybutterflywall/displaybutterflywall",
      "rotateY": 180
    },
    "*-west": {
      "base": "butterflycases:block/displaybutterflywall/displaybutterflywall",
      "rotateY": 90
    }
  },
  "drawtype": "json",
  "blockmaterial": "Wood",
  "replaceable": 600,
  "resistance": 2,
  "lightAbsorption": 0,
  "fpHandTransform": {
    "translation": {
      "x": 0,
      "y": 0.5,
      "z": 0.5
    }
  },
  "tpHandTransform": {
    "translation": {
      "x": -1.5,
      "y": -1.1,
      "z": -0.5
    },
    "rotation": {
      "x": -17,
      "y": 107,
      "z": -73
    },
    "scale": 0.5
  },
  "guiTransform": {
    "rotation": {
      "x": -22.6,
      "y": 138,
      "z": 0
    },
    "origin": {
      "x": 0.5,
      "y": 0.5,
      "z": 0
    },
    "scale": 1.14
  },
  "heldTpIdleAnimation": "holdbothhandslarge",
  "heldTpUseAnimation": "twohandplaceblock",
  "sounds": {
    "walk": "game:player/buildhigh"
  },
  "collisionSelectionBoxesByType": {
    "*-north": [
      {
        "x1": 0.0625,
        "y1": 0.5,
        "z1": 0,
        "x2": 0.5,
        "y2": 0.9375,
        "z2": 0.1875
      },
      {
        "x1": 0.5,
        "y1": 0.5,
        "z1": 0,
        "x2": 0.9375,
        "y2": 0.9375,
        "z2": 0.1875
      },
      {
        "x1": 0.0625,
        "y1": 0.0625,
        "z1": 0,
        "x2": 0.5,
        "y2": 0.5,
        "z2": 0.1875
      },
      {
        "x1": 0.5,
        "y1": 0.0625,
        "z1": 0,
        "x2": 0.9375,
        "y2": 0.5,
        "z2": 0.1875
      }
    ],
    "*-east": [
      {
        "rotateY": 270,
        "x1": 0.0625,
        "y1": 0.5,
        "z1": 0,
        "x2": 0.5,
        "y2": 0.9375,
        "z2": 0.1875
      },
      {
        "rotateY": 270,
        "x1": 0.5,
        "y1": 0.5,
        "z1": 0,
        "x2": 0.9375,
        "y2": 0.9375,
        "z2": 0.1875
      },
      {
        "rotateY": 270,
        "x1": 0.0625,
        "y1": 0.0625,
        "z1": 0,
        "x2": 0.5,
        "y2": 0.5,
        "z2": 0.1875
      },
      {
        "rotateY": 270,
        "x1": 0.5,
        "y1": 0.0625,
        "z1": 0,
        "x2": 0.9375,
        "y2": 0.5,
        "z2": 0.1875
      }
    ],
    "*-south": [
      {
        "rotateY": 180,
        "x1": 0.0625,
        "y1": 0.5,
        "z1": 0,
        "x2": 0.5,
        "y2": 0.9375,
        "z2": 0.1875
      },
      {
        "rotateY": 180,
        "x1": 0.5,
        "y1": 0.5,
        "z1": 0,
        "x2": 0.9375,
        "y2": 0.9375,
        "z2": 0.1875
      },
      {
        "rotateY": 180,
        "x1": 0.0625,
        "y1": 0.0625,
        "z1": 0,
        "x2": 0.5,
        "y2": 0.5,
        "z2": 0.1875
      },
      {
        "rotateY": 180,
        "x1": 0.5,
        "y1": 0.0625,
        "z1": 0,
        "x2": 0.9375,
        "y2": 0.5,
        "z2": 0.1875
      }
    ],
    "*-west": [
      {
        "rotateY": 90,
        "x1": 0.0625,
        "y1": 0.5,
        "z1": 0,
        "x2": 0.5,
        "y2": 0.9375,
        "z2": 0.1875
      },
      {
        "rotateY": 90,
        "x1": 0.5,
        "y1": 0.5,
        "z1": 0,
        "x2": 0.9375,
        "y2": 0.9375,
        "z2": 0.1875
      },
      {
        "rotateY": 90,
        "x1": 0.0625,
        "y1": 0.0625,
        "z1": 0,
        "x2": 0.5,
        "y2": 0.5,
        "z2": 0.1875
      },
      {
        "rotateY": 90,
        "x1": 0.5,
        "y1": 0.0625,
        "z1": 0,
        "x2": 0.9375,
        "y2": 0.5,
        "z2": 0.1875
      }
    ]
  },
  "sideopaque": { "all": false },
  "sideao": { "all": true },
  "emitsideao": { "all": false },
  "sidesolid": { "all": false },
  "drops": [
    {
      "type": "block",
      "code": "displaybutterflywall-{type}-north",
      "quantity": { "avg": 1 }
    }
  ]
}