[
  {
    "op": "add",
    "path": "/human/SkinnableParts/-",
    "dependsOn": [{ "modid": "goblinears" }],
    "value": {
      "code": "ears",
      "type": "shape",
      "shapeTemplate": {
        "base": "goblinears:entity/humanoid/seraphskinparts/head/{code}"
      },
	"targetSkinParts": ["baseskin"],
      "variants": [
	{
          "code": "none"
        },
        {
          "code": "variant1"
        },
	{
          "code": "variant2"
        },
	{
          "code": "variant3"
        },
	{
          "code": "variant4"
        },
	{
          "code": "variant5"
        },
	{
          "code": "variant6"
        }
      ]
    },
    "file": "humans:config/customplayermodels/human.json"
  },

{
    "op": "add",
    "path": "/ancestor/SkinnableParts/-",
    "dependsOn": [{ "modid": "goblinears" }],
    "value": {
      "code": "ears",
      "type": "shape",
      "shapeTemplate": {
        "base": "goblinears:entity/humanoid/seraphskinparts/head/{code}"
      },
	"targetSkinParts": ["baseskin"],
      "variants": [
	{
          "code": "none"
        },
        {
          "code": "variant1"
        },
	{
          "code": "variant2"
        },
	{
          "code": "variant3"
        },
	{
          "code": "variant4"
        },
	{
          "code": "variant5"
        },
	{
          "code": "variant6"
        }
      ]
    },
    "file": "humans:config/customplayermodels/ancestor.json"
  },

{
    "op": "add",
    "path": "/nadiyan/SkinnableParts/-",
    "dependsOn": [{ "modid": "goblinears" }],
    "value": {
      "code": "ears",
      "type": "shape",
      "shapeTemplate": {
        "base": "goblinears:entity/humanoid/seraphskinparts/head/{code}"
      },
	"targetSkinParts": ["baseskin"],
      "variants": [
	{
          "code": "none"
        },
        {
          "code": "variant1"
        },
	{
          "code": "variant2"
        },
	{
          "code": "variant3"
        },
	{
          "code": "variant4"
        },
	{
          "code": "variant5"
        },
	{
          "code": "variant6"
        }
      ]
    },
    "file": "humans:config/customplayermodels/nadiyan.json"
  },

{
    "op": "add",
    "path": "/nomad/SkinnableParts/-",
    "dependsOn": [{ "modid": "goblinears" }],
    "value": {
      "code": "ears",
      "type": "shape",
      "shapeTemplate": {
        "base": "goblinears:entity/humanoid/seraphskinparts/head/{code}"
      },
	"targetSkinParts": ["baseskin"],
      "variants": [
	{
          "code": "none"
        },
        {
          "code": "variant1"
        },
	{
          "code": "variant2"
        },
	{
          "code": "variant3"
        },
	{
          "code": "variant4"
        },
	{
          "code": "variant5"
        },
	{
          "code": "variant6"
        }
      ]
    },
    "file": "humans:config/customplayermodels/nomad.json"
  }
]