{
	"version": 2,
	"patches": {
		"integer": {
			"abcsredux:itemtypes/bag/minileatherbackpack.json": {
				"attributes/backpack/quantitySlots": "MINI_LEATHER_BACKPACK",
			},
			"abcsredux:itemtypes/bag/tallleatherbackpack.json": {
				"attributes/backpack/quantitySlots": "TALL_LEATHER_BACKPACK",
			},
			"abcsredux:itemtypes/bag/basicleatherbackpack.json": {
				"attributes/backpack/quantitySlots": "BASIC_LEATHER_BACKPACK",
			},
			"abcsredux:itemtypes/bag/superleatherbackpack.json": {
				"attributes/backpack/quantitySlots": "SUPER_LEATHER_BACKPACK",
			},
			"abcsredux:itemtypes/bag/megaleatherbackpack.json": {
				"attributes/backpack/quantitySlots": "MEGA_LEATHER_BACKPACK",
			},
			"abcsredux:itemtypes/bag/ultraleatherbackpack.json": {
				"attributes/backpack/quantitySlots": "ULTRA_LEATHER_BACKPACK",
			},
			
			"abcsredux:itemtypes/bag/minileatherbackpack-lantern.json": {
				"attributes/backpack/quantitySlots": "MINI_LEATHER_LANTERN_BACKPACK",
			},
			"abcsredux:itemtypes/bag/tallleatherbackpack-lantern.json": {
				"attributes/backpack/quantitySlots": "TALL_LEATHER_LANTERN_BACKPACK",
			},
			"abcsredux:itemtypes/bag/basicleatherbackpack-lantern.json": {
				"attributes/backpack/quantitySlots": "BASIC_LEATHER_LANTERN_BACKPACK",
			},
			"abcsredux:itemtypes/bag/superleatherbackpack-lantern.json": {
				"attributes/backpack/quantitySlots": "SUPER_LEATHER_LANTERN_BACKPACK",
			},
			"abcsredux:itemtypes/bag/megaleatherbackpack-lantern.json": {
				"attributes/backpack/quantitySlots": "MEGA_LEATHER_LANTERN_BACKPACK",
			},
			"abcsredux:itemtypes/bag/ultraleatherbackpack-lantern.json": {
				"attributes/backpack/quantitySlots": "ULTRA_LEATHER_LANTERN_BACKPACK",
			},
			
			"abcsredux:itemtypes/bag/ministurdybackpack.json": {
				"attributes/backpack/quantitySlots": "MINI_STURDY_LEATHER_BACKPACK",
			},
			"abcsredux:itemtypes/bag/tallsturdybackpack.json": {
				"attributes/backpack/quantitySlots": "TALL_STURDY_LEATHER_BACKPACK",
			},
			"abcsredux:itemtypes/bag/basicsturdybackpack.json": {
				"attributes/backpack/quantitySlots": "BASIC_STURDY_LEATHER_BACKPACK",
			},
			"abcsredux:itemtypes/bag/supersturdybackpack.json": {
				"attributes/backpack/quantitySlots": "SUPER_STURDY_LEATHER_BACKPACK",
			},
			"abcsredux:itemtypes/bag/megasturdybackpack.json": {
				"attributes/backpack/quantitySlots": "MEGA_STURDY_LEATHER_BACKPACK",
			},
			"abcsredux:itemtypes/bag/ultrasturdybackpack.json": {
				"attributes/backpack/quantitySlots": "ULTRA_STURDY_LEATHER_BACKPACK",
			},
			
			"abcsredux:itemtypes/bag/ministurdybackpack-lantern.json": {
				"attributes/backpack/quantitySlots": "MINI_STURDY_LEATHER_LANTERN_BACKPACK",
			},
			"abcsredux:itemtypes/bag/tallsturdybackpack-lantern.json": {
				"attributes/backpack/quantitySlots": "TALL_STURDY_LEATHER_LANTERN_BACKPACK",
			},
			"abcsredux:itemtypes/bag/basicsturdybackpack-lantern.json": {
				"attributes/backpack/quantitySlots": "BASIC_STURDY_LEATHER_LANTERN_BACKPACK",
			},
			"abcsredux:itemtypes/bag/supersturdybackpack-lantern.json": {
				"attributes/backpack/quantitySlots": "SUPER_STURDY_LEATHER_LANTERN_BACKPACK",
			},
			"abcsredux:itemtypes/bag/megasturdybackpack-lantern.json": {
				"attributes/backpack/quantitySlots": "MEGA_STURDY_LEATHER_LANTERN_BACKPACK",
			},
			"abcsredux:itemtypes/bag/ultrasturdybackpack-lantern.json": {
				"attributes/backpack/quantitySlots": "ULTRA_STURDY_LEATHER_LANTERN_BACKPACK",
			}
		}
	},
	"settings": {
		"integer": {
			"MINI_LEATHER_BACKPACK": {
				"name": "mini_leather_backpack",
				"comment": "abcsredux:mini_leather_backpack_comment",
				"ingui": "abcsredux:mini_leather_backpack",
				"default": 8,
				"weight": 1.0,
				"logarithmic": false,
				"range": {
					"min": 0,
					"max": 100
				}
			},
			"TALL_LEATHER_BACKPACK": {
				"name": "tall_leather_backpack",
				"comment": "abcsredux:tall_leather_backpack_comment",
				"ingui": "abcsredux:tall_leather_backpack",
				"default": 10,
				"weight": 1.1,
				"logarithmic": false,
				"range": {
					"min": 0,
					"max": 100
				}
			},
			"BASIC_LEATHER_BACKPACK": {
				"name": "basic_leather_backpack",
				"comment": "abcsredux:basic_leather_backpack_comment",
				"ingui": "abcsredux:basic_leather_backpack",
				"default": 12,
				"weight": 1.2,
				"logarithmic": false,
				"range": {
					"min": 0,
					"max": 100
				}
			},
			"SUPER_LEATHER_BACKPACK": {
				"name": "super_leather_backpack",
				"comment": "abcsredux:super_leather_backpack_comment",
				"ingui": "abcsredux:super_leather_backpack",
				"default": 16,
				"weight": 1.3,
				"logarithmic": false,
				"range": {
					"min": 0,
					"max": 100
				}
			},
			"MEGA_LEATHER_BACKPACK": {
				"name": "mega_leather_backpack",
				"comment": "abcsredux:mega_leather_backpack_comment",
				"ingui": "abcsredux:mega_leather_backpack",
				"default": 18,
				"weight": 1.4,
				"logarithmic": false,
				"range": {
					"min": 0,
					"max": 100
				}
			},
			"ULTRA_LEATHER_BACKPACK": {
				"name": "ultra_leather_backpack",
				"comment": "abcsredux:ultra_leather_backpack_comment",
				"ingui": "abcsredux:ultra_leather_backpack",
				"default": 20,
				"weight": 1.5,
				"logarithmic": false,
				"range": {
					"min": 0,
					"max": 100
				}
			},
			
			"MINI_LEATHER_LANTERN_BACKPACK": {
				"name": "mini_leather_lantern_backpack",
				"comment": "abcsredux:mini_leather_lantern_backpack_comment",
				"ingui": "abcsredux:mini_leather_lantern_backpack",
				"default": 8,
				"weight": 2.0,
				"logarithmic": false,
				"range": {
					"min": 0,
					"max": 100
				}
			},
			"TALL_LEATHER_LANTERN_BACKPACK": {
				"name": "tall_leather_lantern_backpack",
				"comment": "abcsredux:tall_leather_lantern_backpack_comment",
				"ingui": "abcsredux:tall_leather_lantern_backpack",
				"default": 10,
				"weight": 2.1,
				"logarithmic": false,
				"range": {
					"min": 0,
					"max": 100
				}
			},
			"BASIC_LEATHER_LANTERN_BACKPACK": {
				"name": "basic_leather_lantern_backpack",
				"comment": "abcsredux:basic_leather_lantern_backpack_comment",
				"ingui": "abcsredux:basic_leather_lantern_backpack",
				"default": 12,
				"weight": 2.2,
				"logarithmic": false,
				"range": {
					"min": 0,
					"max": 100
				}
			},
			"SUPER_LEATHER_LANTERN_BACKPACK": {
				"name": "super_leather_lantern_backpack",
				"comment": "abcsredux:super_leather_lantern_backpack_comment",
				"ingui": "abcsredux:super_leather_lantern_backpack",
				"default": 16,
				"weight": 2.3,
				"logarithmic": false,
				"range": {
					"min": 0,
					"max": 100
				}
			},
			"MEGA_LEATHER_LANTERN_BACKPACK": {
				"name": "mega_leather_lantern_backpack",
				"comment": "abcsredux:mega_leather_lantern_backpack_comment",
				"ingui": "abcsredux:mega_leather_lantern_backpack",
				"default": 18,
				"weight": 2.4,
				"logarithmic": false,
				"range": {
					"min": 0,
					"max": 100
				}
			},
			"ULTRA_LEATHER_LANTERN_BACKPACK": {
				"name": "ultra_leather_lantern_backpack",
				"comment": "abcsredux:ultra_leather_lantern_backpack_comment",
				"ingui": "abcsredux:ultra_leather_lantern_backpack",
				"default": 20,
				"weight": 2.5,
				"logarithmic": false,
				"range": {
					"min": 0,
					"max": 100
				}
			},
			
			"MINI_STURDY_LEATHER_BACKPACK": {
				"name": "mini_sturdy_leather_backpack",
				"comment": "abcsredux:mini_sturdy_leather_backpack_comment",
				"ingui": "abcsredux:mini_sturdy_leather_backpack",
				"default": 10,
				"weight": 3.0,
				"logarithmic": false,
				"range": {
					"min": 0,
					"max": 100
				}
			},
			"TALL_STURDY_LEATHER_BACKPACK": {
				"name": "tall_sturdy_leather_backpack",
				"comment": "abcsredux:tall_sturdy_leather_backpack_comment",
				"ingui": "abcsredux:tall_sturdy_leather_backpack",
				"default": 12,
				"weight": 3.1,
				"logarithmic": false,
				"range": {
					"min": 0,
					"max": 100
				}
			},
			"BASIC_STURDY_LEATHER_BACKPACK": {
				"name": "basic_sturdy_leather_backpack",
				"comment": "abcsredux:basic_sturdy_leather_backpack_comment",
				"ingui": "abcsredux:basic_sturdy_leather_backpack",
				"default": 14,
				"weight": 3.2,
				"logarithmic": false,
				"range": {
					"min": 0,
					"max": 100
				}
			},
			"SUPER_STURDY_LEATHER_BACKPACK": {
				"name": "super_sturdy_leather_backpack",
				"comment": "abcsredux:super_sturdy_leather_backpack_comment",
				"ingui": "abcsredux:super_sturdy_leather_backpack",
				"default": 18,
				"weight": 3.3,
				"logarithmic": false,
				"range": {
					"min": 0,
					"max": 100
				}
			},
			"MEGA_STURDY_LEATHER_BACKPACK": {
				"name": "mega_sturdy_leather_backpack",
				"comment": "abcsredux:mega_sturdy_leather_backpack_comment",
				"ingui": "abcsredux:mega_sturdy_leather_backpack",
				"default": 22,
				"weight": 3.4,
				"logarithmic": false,
				"range": {
					"min": 0,
					"max": 100
				}
			},
			"ULTRA_STURDY_LEATHER_BACKPACK": {
				"name": "ultra_sturdy_leather_backpack",
				"comment": "abcsredux:ultra_sturdy_leather_backpack_comment",
				"ingui": "abcsredux:ultra_sturdy_leather_backpack",
				"default": 26,
				"weight": 3.5,
				"logarithmic": false,
				"range": {
					"min": 0,
					"max": 100
				}
			},
			
			"MINI_STURDY_LEATHER_LANTERN_BACKPACK": {
				"name": "mini_sturdy_leather_lantern_backpack",
				"comment": "abcsredux:mini_sturdy_leather_lantern_backpack_comment",
				"ingui": "abcsredux:mini_sturdy_leather_lantern_backpack",
				"default": 10,
				"weight": 4.0,
				"logarithmic": false,
				"range": {
					"min": 0,
					"max": 100
				}
			},
			"TALL_STURDY_LEATHER_LANTERN_BACKPACK": {
				"name": "tall_sturdy_leather_lantern_backpack",
				"comment": "abcsredux:tall_sturdy_leather_lantern_backpack_comment",
				"ingui": "abcsredux:tall_sturdy_leather_lantern_backpack",
				"default": 12,
				"weight": 4.1,
				"logarithmic": false,
				"range": {
					"min": 0,
					"max": 100
				}
			},
			"BASIC_STURDY_LEATHER_LANTERN_BACKPACK": {
				"name": "basic_sturdy_leather_lantern_backpack",
				"comment": "abcsredux:basic_sturdy_leather_lantern_backpack_comment",
				"ingui": "abcsredux:basic_sturdy_leather_lantern_backpack",
				"default": 14,
				"weight": 4.2,
				"logarithmic": false,
				"range": {
					"min": 0,
					"max": 100
				}
			},
			"SUPER_STURDY_LEATHER_LANTERN_BACKPACK": {
				"name": "super_sturdy_leather_lantern_backpack",
				"comment": "abcsredux:super_sturdy_leather_lantern_backpack_comment",
				"ingui": "abcsredux:super_sturdy_leather_lantern_backpack",
				"default": 18,
				"weight": 4.3,
				"logarithmic": false,
				"range": {
					"min": 0,
					"max": 100
				}
			},
			"MEGA_STURDY_LEATHER_LANTERN_BACKPACK": {
				"name": "mega_sturdy_leather_lantern_backpack",
				"comment": "abcsredux:mega_sturdy_leather_lantern_backpack_comment",
				"ingui": "abcsredux:mega_sturdy_leather_lantern_backpack",
				"default": 22,
				"weight": 4.4,
				"logarithmic": false,
				"range": {
					"min": 0,
					"max": 100
				}
			},
			"ULTRA_STURDY_LEATHER_LANTERN_BACKPACK": {
				"name": "ultra_sturdy_leather_lantern_backpack",
				"comment": "abcsredux:ultra_sturdy_leather_lantern_backpack_comment",
				"ingui": "abcsredux:ultra_sturdy_leather_lantern_backpack",
				"default": 26,
				"weight": 4.5,
				"logarithmic": false,
				"range": {
					"min": 0,
					"max": 100
				}
			}
		}
	}
}