{
	"editor": {
		"backDropShape": "K:/VSModding/dog-wolf-updated_2",
		"collapsedPaths": "Root/Origin/Rear/Midsection/Chest/Neck/Head/L Ear,Root/LeatherArmor/LeatherArmour_Chest/Midsection_Bone_1,Root/Origin/Rear/Midsection/Chest/Neck/Head2/Nose2,Root/LeatherArmor/LeatherArmour_Chest/Chest_Bone_0,Root/LeatherArmor/LeatherArmour_Chest/Midsection_Bone_0,Root/Backpack_Group2,Root/LeatherArmor/LeatherArmour_Chest/Chest_Bone_1,Root/Origin/Rear/Midsection/Chest/Neck/Head2/L Eye2,Root/Origin/Rear/Midsection/Chest/Neck/Head2/R Eye2,Root/Origin/Rear/Midsection/Chest/Neck/Head/Fur Cheeks,Root/Origin/Rear/Midsection/Chest/Neck/Head2/L Ear2,Root/Origin/Rear/Midsection/Chest/Neck/Head2/Fur Cheeks2,Root/Origin/Rear/Midsection/Chest/Neck/Head/R Eye,Root/Origin/Rear/Midsection/Chest/Neck/Head/Nose/Jaw,Root/Origin/Rear/Midsection/Chest/Neck/Head2/R Ear2,Root/Origin/Rear/Midsection/Chest/Neck/Head/Nose/TeethUp,Root/Origin/Rear/Midsection/Chest/Neck/Head/L Eye,Root/Origin/Rear/Midsection/Chest/Neck/Head/Nose,Root/Origin/Rear/Midsection/Chest/Neck/Head/R Ear",
		"allAngles": false,
		"entityTextureMode": false
	},
	"textureWidth": 16,
	"textureHeight": 16,
	"textureSizes": {
	},
	"textures": {
		"leather": "game:block/leather/plain",
		"bone": "game:block/creature/bone/bone6",
		"rope": "game:item/resource/rope"
	},
	"elements": [
				{
					"name": "LeatherArmour_Chest",
					"stepParentName": "Chest",
					"from": [ 5.7, -0.2, 0.7 ],
					"to": [ 5.7, -0.2, 0.7 ],
					"rotationOrigin": [ 5.7, -0.2, 0.7 ],
					"faces": {
					},
					"children": [
						{
							"name": "Chest_1",
							"from": [ -4.4, 9.1, 0.0 ],
							"to": [ 1.3, 9.3, 5.4 ],
							"faces": {
								"north": { "texture": "#leather" },
								"east": { "texture": "#leather" },
								"south": { "texture": "#leather" },
								"west": { "texture": "#leather" },
								"up": { "texture": "#leather" },
								"down": { "texture": "#leather" }
							}
						},
						{
							"name": "Chest_Strap_0",
							"from": [ -1.0, 0.0, -0.8 ],
							"to": [ 0.0, 9.0, 6.2 ],
							"faces": {
										"north": { "texture": "#rope" },
										"east": { "texture": "#rope" },
										"south": { "texture": "#rope" },
										"west": { "texture": "#rope" },
										"up": { "texture": "#rope" },
										"down": { "texture": "#rope" }
							}
						},
						{
							"name": "Chest_Strap_1",
							"from": [ 1.0, 1.1, -0.8 ],
							"to": [ 2.0, 3.6, 6.2 ],
							"rotationOrigin": [ 2.0, 0.8, 0.0 ],
							"rotationZ": 46.0,
							"faces": {
										"north": { "texture": "#rope" },
										"east": { "texture": "#rope" },
										"south": { "texture": "#rope" },
										"west": { "texture": "#rope" },
										"up": { "texture": "#rope" },
										"down": { "texture": "#rope" }
							}
						},
						{
							"name": "Chest_Strap_2",
							"from": [ 1.0, 0.6, -0.2 ],
							"to": [ 2.0, 1.6, 5.7 ],
							"rotationOrigin": [ 2.0, 0.8, 0.0 ],
							"rotationZ": 46.0,
							"faces": {
										"north": { "texture": "#rope" },
										"east": { "texture": "#rope" },
										"south": { "texture": "#rope" },
										"west": { "texture": "#rope" },
										"up": { "texture": "#rope" },
										"down": { "texture": "#rope" }
							}
						},
						{
							"name": "Chest_0",
							"from": [ -4.4, 7.2, -0.9 ],
							"to": [ 1.3, 9.1, 6.3 ],
							"faces": {
								"north": { "texture": "#leather" },
								"east": { "texture": "#leather" },
								"south": { "texture": "#leather" },
								"west": { "texture": "#leather" },
								"up": { "texture": "#leather" },
								"down": { "texture": "#leather" }
							}
						},
						{
							"name": "Chest_Bone_0",
							"from": [ -5.9738, -7.4, 5.1011 ],
							"to": [ -5.9738, -7.4, 5.1011 ],
							"rotationOrigin": [ -5.9738, -7.4, 5.1011 ],
							"rotationY": -5.0,
							"faces": {
							},
							"children": [
								{
									"name": "Bone_0_Strap_0",
									"from": [ 4.3, 16.4, -4.0 ],
									"to": [ 5.5, 17.1, -3.6 ],
									"rotationOrigin": [ 6.3, 25.9, 0.7 ],
									"rotationY": 27.5,
									"faces": {
										"north": { "texture": "#rope" },
										"east": { "texture": "#rope" },
										"south": { "texture": "#rope" },
										"west": { "texture": "#rope" },
										"up": { "texture": "#rope" },
										"down": { "texture": "#rope" }
									}
								},
								{
									"name": "Bone_0_Strap_1",
									"from": [ 4.2, 16.4, -1.7 ],
									"to": [ 5.4, 17.05, -1.3 ],
									"rotationOrigin": [ 6.0, 7.3, -5.4 ],
									"rotationY": -30.0,
									"faces": {
										"north": { "texture": "#rope" },
										"east": { "texture": "#rope" },
										"south": { "texture": "#rope" },
										"west": { "texture": "#rope" },
										"up": { "texture": "#rope" },
										"down": { "texture": "#rope" }
									}
								},
								{
									"name": "Bone_0",
									"from": [ -1.1, 15.1, 8.3 ],
									"to": [ -0.5, 15.6, 9.0 ],
									"rotationOrigin": [ 0.0, 0.0, 0.0 ],
									"rotationX": -166.8362,
									"rotationY": 28.8875,
									"rotationZ": 173.5537,
									"faces": {
										"north": { "texture": "#bone" },
										"east": { "texture": "#bone" },
										"south": { "texture": "#bone" },
										"west": { "texture": "#bone" },
										"up": { "texture": "#bone" },
										"down": { "texture": "#bone" }
									}
								},
								{
									"name": "Bone_1",
									"from": [ 2.6, 16.0, -4.2 ],
									"to": [ 3.4, 17.0, -1.2 ],
									"rotationOrigin": [ 6.0, 7.4, -5.4 ],
									"faces": {
										"north": { "texture": "#bone" },
										"east": { "texture": "#bone" },
										"south": { "texture": "#bone" },
										"west": { "texture": "#bone" },
										"up": { "texture": "#bone", "rotation": 90 },
										"down": { "texture": "#bone" }
									}
								},
								{
									"name": "Bone_2",
									"from": [ 4.9, 15.1, 2.9 ],
									"to": [ 5.5, 15.6, 3.6 ],
									"rotationOrigin": [ 6.0, 0.0, -5.4 ],
									"rotationX": -13.1638,
									"rotationY": -28.8875,
									"rotationZ": -6.4463,
									"faces": {
										"north": { "texture": "#bone" },
										"east": { "texture": "#bone" },
										"south": { "texture": "#bone" },
										"west": { "texture": "#bone" },
										"up": { "texture": "#bone" },
										"down": { "texture": "#bone" }
									}
								},
								{
									"name": "Bone_3",
									"from": [ 1.3, 15.7, 0.2 ],
									"to": [ 2.0, 16.2, 0.9 ],
									"rotationOrigin": [ 6.0, 0.0, -5.4 ],
									"rotationX": -12.9734,
									"rotationY": 27.3535,
									"rotationZ": 6.0425,
									"faces": {
										"north": { "texture": "#bone" },
										"east": { "texture": "#bone" },
										"south": { "texture": "#bone" },
										"west": { "texture": "#bone" },
										"up": { "texture": "#bone" },
										"down": { "texture": "#bone" }
									}
								},
								{
									"name": "Bone_4",
									"from": [ -4.7, 15.7, 5.6 ],
									"to": [ -4.0, 16.2, 6.3 ],
									"rotationOrigin": [ 0.0, 0.0, 0.0 ],
									"rotationX": -167.0266,
									"rotationY": -27.3535,
									"rotationZ": -173.9575,
									"faces": {
										"north": { "texture": "#bone" },
										"east": { "texture": "#bone" },
										"south": { "texture": "#bone" },
										"west": { "texture": "#bone" },
										"up": { "texture": "#bone" },
										"down": { "texture": "#bone" }
									}
								}
							]
						},
						{
							"name": "Chest_Bone_1",
							"from": [ 2.2, -7.4, -0.1 ],
							"to": [ 2.2, -7.4, -0.1 ],
							"rotationOrigin": [ 2.2, -7.4, -0.1 ],
							"rotationX": -180.0,
							"rotationY": -5.0,
							"rotationZ": -180.0,
							"faces": {
							},
							"children": [
								{
									"name": "Bone_1_Strap_1",
									"from": [ 4.3, 16.4, -4.0 ],
									"to": [ 5.5, 17.1, -3.6 ],
									"rotationOrigin": [ 6.3, 25.9, 0.7 ],
									"rotationY": 27.5,
									"faces": {
										"north": { "texture": "#rope" },
										"east": { "texture": "#rope" },
										"south": { "texture": "#rope" },
										"west": { "texture": "#rope" },
										"up": { "texture": "#rope" },
										"down": { "texture": "#rope" }
									}
								},
								{
									"name": "Bone_0_Strap_2",
									"from": [ 4.2, 16.4, -1.7 ],
									"to": [ 5.4, 17.05, -1.3 ],
									"rotationOrigin": [ 6.0, 7.3, -5.4 ],
									"rotationY": -30.0,
									"faces": {
										"north": { "texture": "#rope" },
										"east": { "texture": "#rope" },
										"south": { "texture": "#rope" },
										"west": { "texture": "#rope" },
										"up": { "texture": "#rope" },
										"down": { "texture": "#rope" }
									}
								},
								{
									"name": "Bone_1",
									"from": [ -1.1, 15.1, 8.3 ],
									"to": [ -0.5, 15.6, 9.0 ],
									"rotationOrigin": [ 0.0, 0.0, 0.0 ],
									"rotationX": -166.8362,
									"rotationY": 28.8875,
									"rotationZ": 173.5537,
									"faces": {
										"north": { "texture": "#bone" },
										"east": { "texture": "#bone" },
										"south": { "texture": "#bone" },
										"west": { "texture": "#bone" },
										"up": { "texture": "#bone" },
										"down": { "texture": "#bone" }
									}
								},
								{
									"name": "Bone_2",
									"from": [ 2.6, 16.0, -4.2 ],
									"to": [ 3.4, 17.0, -1.2 ],
									"rotationOrigin": [ 6.0, 7.4, -5.4 ],
									"faces": {
										"north": { "texture": "#bone" },
										"east": { "texture": "#bone" },
										"south": { "texture": "#bone" },
										"west": { "texture": "#bone" },
										"up": { "texture": "#bone", "rotation": 90 },
										"down": { "texture": "#bone" }
									}
								},
								{
									"name": "Bone_3",
									"from": [ 4.9, 15.1, 2.9 ],
									"to": [ 5.5, 15.6, 3.6 ],
									"rotationOrigin": [ 6.0, 0.0, -5.4 ],
									"rotationX": -13.1638,
									"rotationY": -28.8875,
									"rotationZ": -6.4463,
									"faces": {
										"north": { "texture": "#bone" },
										"east": { "texture": "#bone" },
										"south": { "texture": "#bone" },
										"west": { "texture": "#bone" },
										"up": { "texture": "#bone" },
										"down": { "texture": "#bone" }
									}
								},
								{
									"name": "Bone_4",
									"from": [ 1.3, 15.7, 0.2 ],
									"to": [ 2.0, 16.2, 0.9 ],
									"rotationOrigin": [ 6.0, 0.0, -5.4 ],
									"rotationX": -12.9734,
									"rotationY": 27.3535,
									"rotationZ": 6.0425,
									"faces": {
										"north": { "texture": "#bone" },
										"east": { "texture": "#bone" },
										"south": { "texture": "#bone" },
										"west": { "texture": "#bone" },
										"up": { "texture": "#bone" },
										"down": { "texture": "#bone" }
									}
								},
								{
									"name": "Bone_5",
									"from": [ -4.7, 15.7, 5.6 ],
									"to": [ -4.0, 16.2, 6.3 ],
									"rotationOrigin": [ 0.0, 0.0, 0.0 ],
									"rotationX": -167.0266,
									"rotationY": -27.3535,
									"rotationZ": -173.9575,
									"faces": {
										"north": { "texture": "#bone" },
										"east": { "texture": "#bone" },
										"south": { "texture": "#bone" },
										"west": { "texture": "#bone" },
										"up": { "texture": "#bone" },
										"down": { "texture": "#bone" }
									}
								}
							]
						}
					]
				},
				{
					"name": "LeatherArmour_Rear",
					"stepParentName": "Rear",
					"from": [ 2.5, 6.8, -0.1 ],
					"to": [ 2.5, 6.8, -0.1 ],
					"rotationOrigin": [ 2.5, 6.8, -0.1 ],
					"faces": {
					},
					"children": [
						{
							"name": "Rear_Strap_0",
							"from": [ -0.5, -6.9, -0.2 ],
							"to": [ 0.5, 0.1, 5.6 ],
							"rotationOrigin": [ -6.8, -9.0, 0.0 ],
							"faces": {
										"north": { "texture": "#rope" },
										"east": { "texture": "#rope" },
										"south": { "texture": "#rope" },
										"west": { "texture": "#rope" },
										"up": { "texture": "#rope" },
										"down": { "texture": "#rope" }
							}
						},
						{
							"name": "Rear_0",
							"from": [ -1.7, -1.0, -0.3 ],
							"to": [ 1.5, 0.4, 5.7 ],
							"faces": {
								"north": { "texture": "#leather" },
								"east": { "texture": "#leather" },
								"south": { "texture": "#leather" },
								"west": { "texture": "#leather" },
								"up": { "texture": "#leather" },
								"down": { "texture": "#leather" }
							}
						},
						{
							"name": "Rear_1",
							"from": [ -1.7, 0.2, 0.4 ],
							"to": [ 2.6, 0.6, 5.0 ],
							"faces": {
								"north": { "texture": "#leather" },
								"east": { "texture": "#leather" },
								"south": { "texture": "#leather" },
								"west": { "texture": "#leather" },
								"up": { "texture": "#leather" },
								"down": { "texture": "#leather" }
							}
						}
					]
				},
				{
					"name": "LeatherArmour_Midsection",
					"stepParentName": "Midsection",
					"from": [ -0.3, -0.9, 0.2 ],
					"to": [ -0.3, -0.9, 0.2 ],
					"rotationOrigin": [ -0.3, -0.9, 0.2 ],
					"faces": {
					},
					"children": [
						{
							"name": "Midsection_0",
							"from": [ 1.2, 8.0, -0.3 ],
							"to": [ 6.4, 8.8, 5.7 ],
							"faces": {
								"north": { "texture": "#leather" },
								"east": { "texture": "#leather" },
								"south": { "texture": "#leather" },
								"west": { "texture": "#leather" },
								"up": { "texture": "#leather" },
								"down": { "texture": "#leather" }
							}
						},
						{
							"name": "Midsection_1",
							"from": [ 1.2, 8.7, 0.3 ],
							"to": [ 6.4, 9.1, 5.1 ],
							"faces": {
								"north": { "texture": "#leather" },
								"east": { "texture": "#leather" },
								"south": { "texture": "#leather" },
								"west": { "texture": "#leather" },
								"up": { "texture": "#leather" },
								"down": { "texture": "#leather" }
							}
						},
						{
							"name": "Midsection_Bone_1",
							"from": [ 6.0469, -7.5, 0.4096 ],
							"to": [ 6.0469, -7.5, 0.4096 ],
							"rotationOrigin": [ 6.0469, -7.5, 0.4096 ],
							"rotationX": 180.0,
							"rotationY": 7.5,
							"rotationZ": 180.0,
							"faces": {
							},
							"children": [
								{
									"name": "Midsection_Bone_1_Strap_0",
									"from": [ 4.3, 16.4, -4.0 ],
									"to": [ 5.5, 17.1, -3.6 ],
									"rotationOrigin": [ 6.3, 25.9, 0.7 ],
									"rotationY": 27.5,
									"faces": {
										"north": { "texture": "#rope" },
										"east": { "texture": "#rope" },
										"south": { "texture": "#rope" },
										"west": { "texture": "#rope" },
										"up": { "texture": "#rope" },
										"down": { "texture": "#rope" }
									}
								},
								{
									"name": "Midsection_Bone_1_Strap_1",
									"from": [ 4.2, 16.4, -1.7 ],
									"to": [ 5.4, 17.05, -1.3 ],
									"rotationOrigin": [ 6.0, 7.3, -5.4 ],
									"rotationY": -30.0,
									"faces": {
										"north": { "texture": "#rope" },
										"east": { "texture": "#rope" },
										"south": { "texture": "#rope" },
										"west": { "texture": "#rope" },
										"up": { "texture": "#rope" },
										"down": { "texture": "#rope" }
									}
								},
								{
									"name": "MidsectionBone_1_0",
									"from": [ -1.1, 15.1, 8.3 ],
									"to": [ -0.5, 15.6, 9.0 ],
									"rotationOrigin": [ 0.0, 0.0, 0.0 ],
									"rotationX": -166.8362,
									"rotationY": 28.8875,
									"rotationZ": 173.5537,
									"faces": {
										"north": { "texture": "#bone" },
										"east": { "texture": "#bone" },
										"south": { "texture": "#bone" },
										"west": { "texture": "#bone" },
										"up": { "texture": "#bone" },
										"down": { "texture": "#bone" }
									}
								},
								{
									"name": "MidsectionBone_1_1",
									"from": [ 2.6, 16.0, -4.2 ],
									"to": [ 3.4, 17.0, -1.2 ],
									"rotationOrigin": [ 6.0, 7.4, -5.4 ],
									"faces": {
										"north": { "texture": "#bone" },
										"east": { "texture": "#bone" },
										"south": { "texture": "#bone" },
										"west": { "texture": "#bone" },
										"up": { "texture": "#bone", "rotation": 90 },
										"down": { "texture": "#bone" }
									}
								},
								{
									"name": "MidsectionBone_1_2",
									"from": [ 4.9, 15.1, 2.9 ],
									"to": [ 5.5, 15.6, 3.6 ],
									"rotationOrigin": [ 6.0, 0.0, -5.4 ],
									"rotationX": -13.1638,
									"rotationY": -28.8875,
									"rotationZ": -6.4463,
									"faces": {
										"north": { "texture": "#bone" },
										"east": { "texture": "#bone" },
										"south": { "texture": "#bone" },
										"west": { "texture": "#bone" },
										"up": { "texture": "#bone" },
										"down": { "texture": "#bone" }
									}
								},
								{
									"name": "MidsectionBone_1_3",
									"from": [ 1.3, 15.7, 0.2 ],
									"to": [ 2.0, 16.2, 0.9 ],
									"rotationOrigin": [ 6.0, 0.0, -5.4 ],
									"rotationX": -12.9734,
									"rotationY": 27.3535,
									"rotationZ": 6.0425,
									"faces": {
										"north": { "texture": "#bone" },
										"east": { "texture": "#bone" },
										"south": { "texture": "#bone" },
										"west": { "texture": "#bone" },
										"up": { "texture": "#bone" },
										"down": { "texture": "#bone" }
									}
								},
								{
									"name": "MidsectionBone_1_4",
									"from": [ -4.7, 15.7, 5.6 ],
									"to": [ -4.0, 16.2, 6.3 ],
									"rotationOrigin": [ 0.0, 0.0, 0.0 ],
									"rotationX": -167.0266,
									"rotationY": -27.3535,
									"rotationZ": -173.9575,
									"faces": {
										"north": { "texture": "#bone" },
										"east": { "texture": "#bone" },
										"south": { "texture": "#bone" },
										"west": { "texture": "#bone" },
										"up": { "texture": "#bone" },
										"down": { "texture": "#bone" }
									}
								}
							]
						},
						{
							"name": "Midsection_Bone_0",
							"from": [ 2.2365, -7.4, 5.5972 ],
							"to": [ 2.2365, -7.4, 5.5972 ],
							"rotationOrigin": [ 2.2365, -7.4, 5.5972 ],
							"rotationY": 4.5,
							"faces": {
							},
							"children": [
								{
									"name": "MidsectionBone_0_Strap_0",
									"from": [ 4.3, 16.4, -4.0 ],
									"to": [ 5.5, 17.1, -3.6 ],
									"rotationOrigin": [ 6.3, 25.9, 0.7 ],
									"rotationY": 27.5,
									"faces": {
										"north": { "texture": "#rope" },
										"east": { "texture": "#rope" },
										"south": { "texture": "#rope" },
										"west": { "texture": "#rope" },
										"up": { "texture": "#rope" },
										"down": { "texture": "#rope" }
									}
								},
								{
									"name": "MidsectionBone_0_Strap_1",
									"from": [ 4.2, 16.4, -1.7 ],
									"to": [ 5.4, 17.05, -1.3 ],
									"rotationOrigin": [ 6.0, 7.3, -5.4 ],
									"rotationY": -30.0,
									"faces": {
										"north": { "texture": "#rope" },
										"east": { "texture": "#rope" },
										"south": { "texture": "#rope" },
										"west": { "texture": "#rope" },
										"up": { "texture": "#rope" },
										"down": { "texture": "#rope" }
									}
								},
								{
									"name": "MidsectionBone_0_0",
									"from": [ -1.1, 15.0, 8.3 ],
									"to": [ -0.5, 15.5, 9.0 ],
									"rotationOrigin": [ 0.0, -0.1, 0.0 ],
									"rotationX": -166.8362,
									"rotationY": 28.8875,
									"rotationZ": 173.5537,
									"faces": {
										"north": { "texture": "#bone" },
										"east": { "texture": "#bone" },
										"south": { "texture": "#bone" },
										"west": { "texture": "#bone" },
										"up": { "texture": "#bone" },
										"down": { "texture": "#bone" }
									}
								},
								{
									"name": "MidsectionBone_0_1",
									"from": [ 2.6, 16.0, -4.2 ],
									"to": [ 3.4, 16.9, -1.2 ],
									"rotationOrigin": [ 6.0, 7.4, -5.4 ],
									"faces": {
										"north": { "texture": "#bone" },
										"east": { "texture": "#bone" },
										"south": { "texture": "#bone" },
										"west": { "texture": "#bone" },
										"up": { "texture": "#bone", "rotation": 90 },
										"down": { "texture": "#bone" }
									}
								},
								{
									"name": "MidsectionBone_0_2",
									"from": [ 4.9, 15.0, 2.9 ],
									"to": [ 5.5, 15.5, 3.6 ],
									"rotationOrigin": [ 6.0, -0.1, -5.4 ],
									"rotationX": -13.1638,
									"rotationY": -28.8875,
									"rotationZ": -6.4463,
									"faces": {
										"north": { "texture": "#bone" },
										"east": { "texture": "#bone" },
										"south": { "texture": "#bone" },
										"west": { "texture": "#bone" },
										"up": { "texture": "#bone" },
										"down": { "texture": "#bone" }
									}
								},
								{
									"name": "MidsectionBone_0_3",
									"from": [ 1.3, 15.6, 0.2 ],
									"to": [ 2.0, 16.1, 0.9 ],
									"rotationOrigin": [ 6.0, -0.1, -5.4 ],
									"rotationX": -12.9734,
									"rotationY": 27.3535,
									"rotationZ": 6.0425,
									"faces": {
										"north": { "texture": "#bone" },
										"east": { "texture": "#bone" },
										"south": { "texture": "#bone" },
										"west": { "texture": "#bone" },
										"up": { "texture": "#bone" },
										"down": { "texture": "#bone" }
									}
								},
								{
									"name": "MidsectionBone_0_4",
									"from": [ -4.7, 15.6, 5.6 ],
									"to": [ -4.0, 16.1, 6.3 ],
									"rotationOrigin": [ 0.0, -0.1, 0.0 ],
									"rotationX": -167.0266,
									"rotationY": -27.3535,
									"rotationZ": -173.9575,
									"faces": {
										"north": { "texture": "#bone" },
										"east": { "texture": "#bone" },
										"south": { "texture": "#bone" },
										"west": { "texture": "#bone" },
										"up": { "texture": "#bone" },
										"down": { "texture": "#bone" }
									}
								}
							]
						}
					]
				}
	],
	"animations": [
	]
}