{
  "fseraph_s": {
    "ShapePath": "fseraph:entity/humanoid/seraph-faceless-s",
    "Group": "fseraphs",
    "MainTextureCode": "seraph",
    "SkinnableParts": [
			{
				"code": "baseskin",
				"type": "texture", 
				"textureTarget": "seraph",
				"overlayTexture": false,
				"overlayMode": "normal",
				"variants": [
					{ "code": "skin1", "texture": "entity/humanoid/seraphskinparts/body/skin1" },
					{ "code": "skin2", "texture": "entity/humanoid/seraphskinparts/body/skin2" },
					{ "code": "skin3", "texture": "entity/humanoid/seraphskinparts/body/skin3" },
					{ "code": "skin4", "texture": "entity/humanoid/seraphskinparts/body/skin4" },
					{ "code": "skin5", "texture": "entity/humanoid/seraphskinparts/body/skin5" },
					{ "code": "skin6", "texture": "entity/humanoid/seraphskinparts/body/skin6" },
					{ "code": "skin7", "texture": "entity/humanoid/seraphskinparts/body/skin7" },
					{ "code": "skin8", "texture": "entity/humanoid/seraphskinparts/body/skin8" },
					{ "code": "skin9", "texture": "entity/humanoid/seraphskinparts/body/skin9" },
					{ "code": "skin10", "texture": "entity/humanoid/seraphskinparts/body/skin10" },
					{ "code": "skin11", "texture": "entity/humanoid/seraphskinparts/body/skin11" },
					{ "code": "skin12", "texture": "entity/humanoid/seraphskinparts/body/skin12" },
					{ "code": "skin13", "texture": "entity/humanoid/seraphskinparts/body/skin13" },
					{ "code": "skin14", "texture": "entity/humanoid/seraphskinparts/body/skin14" },
					{ "code": "skin15", "texture": "entity/humanoid/seraphskinparts/body/skin15" },
					{ "code": "skin16", "texture": "entity/humanoid/seraphskinparts/body/skin16" },
					{ "code": "skin17", "texture": "entity/humanoid/seraphskinparts/body/skin17" },
					{ "code": "skin18", "texture": "entity/humanoid/seraphskinparts/body/skin18" },
					{ "code": "skin19", "texture": "entity/humanoid/seraphskinparts/body/skin19" },
					{ "code": "skin20", "texture": "entity/humanoid/seraphskinparts/body/skin20" }
				]
			},
			{
				"code": "eyecolor",
				"type": "texture",
				"textureTarget": "playermodellib-iris",
				"targetSkinParts": ["facialexpression"],
				"variants": [
					{ "code": "acid-green", "texture": "playermodellib:eyes/acid-green" },
					{ "code": "aquamarine", "texture": "playermodellib:eyes/aquamarine" },
					{ "code": "azure", "texture": "playermodellib:eyes/azure" },
					{ "code": "bitter-lemon", "texture": "playermodellib:eyes/bitter-lemon" },
					{ "code": "cadmium-orange", "texture": "playermodellib:eyes/cadmium-orange" },
					{ "code": "citron", "texture": "playermodellib:eyes/citron" },
					{ "code": "dark-green", "texture": "playermodellib:eyes/dark-green" },
					{ "code": "forest-green", "texture": "playermodellib:eyes/forest-green" },
					{ "code": "goldenrod", "texture": "playermodellib:eyes/goldenrod" },
					{ "code": "jade", "texture": "playermodellib:eyes/jade" },
					{ "code": "lavander", "texture": "playermodellib:eyes/lavander" },
					{ "code": "malachite", "texture": "playermodellib:eyes/malachite" },
					{ "code": "mantis", "texture": "playermodellib:eyes/mantis" },
					{ "code": "midnight", "texture": "playermodellib:eyes/midnight" },
					{ "code": "phthalo-blue", "texture": "playermodellib:eyes/phthalo-blue" },
					{ "code": "purple", "texture": "playermodellib:eyes/purple" },
					{ "code": "sand", "texture": "playermodellib:eyes/sand" },
					{ "code": "sapphire", "texture": "playermodellib:eyes/sapphire" },
					{ "code": "amethyst", "texture": "playermodellib:eyes/amethyst" },
					{ "code": "blackopal", "texture": "playermodellib:eyes/blackopal" },
					{ "code": "citrine", "texture": "playermodellib:eyes/citrine" },
					{ "code": "opal", "texture": "playermodellib:eyes/opal" },
					{ "code": "quartzrose", "texture": "playermodellib:eyes/quartzrose" },
					{ "code": "smokyquartz", "texture": "playermodellib:eyes/smokyquartz" }
				]
			},
			{
				"code": "underwear",
				"type": "texture", 
				"useDropDown": true,
				"textureTarget": "seraph",
				"overlayTexture": true,
				"overlayMode": "normal",
				"variants": [
					{ "code": "twopiece", "texture": "fseraph:entity/humanoid/seraphskinparts/underwear/twopiece" },
					{ "code": "leotard", "texture": "fseraph:entity/humanoid/seraphskinparts/underwear/leotard" }
				]
			},
			{
				"code": "voicetype",
				"type": "voice", 
				"useDropDown": true,
				"variants": [
					{ "code": "altoflute", "sound": "sounds/voice/altoflute" },
					{ "code": "harmonica", "sound": "sounds/voice/harmonica" },
					{ "code": "oboe", "sound": "sounds/voice/oboe" },
					{ "code": "clarinet", "sound": "sounds/voice/clarinet" },
					{ "code": "accordion", "sound": "sounds/voice/accordion" },
					{ "code": "trumpet", "sound": "sounds/voice/trumpet" },
					{ "code": "sax", "sound": "sounds/voice/sax" },
					{ "code": "tuba", "sound": "sounds/voice/tuba" }
				]
			},
			{
				"code": "voicepitch",
				"type": "voice", 
				"colbreak": true,
				"useDropDown": true,
				"variants": [
					{ "code": "verylow" },
					{ "code": "low" },
					{ "code": "medium" },
					{ "code": "high" }
				]
			},
			{
				"code": "hairbase",
				"type": "shape",
				"shapeTemplate": { "base": "game:entity/humanoid/seraphskinparts/hair-base/{code}" },
				"variants": [
					{ "code": "afro" },
					{ "code": "bald" },
					{ "code": "balding" },
					{ "code": "bowlcut" },
					{ "code": "boxbraids" },
					{ "code": "combed" },
					{ "code": "dreadlocks" },
					{ "code": "dreadlocksdense" },
					{ "code": "indigenousbalding" },
					{ "code": "iroquois" },
					{ "code": "kniaz" },
					{ "code": "layered" },
					{ "code": "longflowing" },
					{ "code": "longcurls" },
					{ "code": "longwithstrands" },
					{ "code": "mediumcurls" },
					{ "code": "mediumlength-bangs" },
					{ "code": "messy" },
					{ "code": "messy2" },
					{ "code": "classic" },
					{ "code": "rows" },
					{ "code": "rowsdense" },
					{ "code": "short" },
					{ "code": "shortcurls" },
					{ "code": "shortcurls2" },
					{ "code": "short-parted" },
					{ "code": "shortspiky" },
					{ "code": "short-trimmed" },
					{ "code": "tonsure" }
				]
			},
			{ 
				"code": "hairextra",
				"type": "shape", 
				"shapeTemplate": { "base": "game:entity/humanoid/seraphskinparts/hair-extra/{code}" },
				"variants": [
					{ "code": "none" },
					{ "code": "backbun" },
					{ "code": "backbuncurls" },
					{ "code": "backbunpuffy" },
					{ "code": "bunboxbraid" },
					{ "code": "braidedup" },
					{ "code": "classicponytail" },
					{ "code": "cobrasidebraids" },
					{ "code": "elaboratestickbun" },
					{ "code": "headsidebraid" },
					{ "code": "largestickbun" },
					{ "code": "knots" },
					{ "code": "neatbraid" },
					{ "code": "ponytail" },
					{ "code": "ponytailcurly" },
					{ "code": "ponytailcrest" },
					{ "code": "rolledbraidwithbun" },
					{ "code": "shortmessybraid" },
					{ "code": "segmentedtopknot" },
					{ "code": "sidebraids" },
					{ "code": "sidebuns" },
					{ "code": "sidebunscurly" },
					{ "code": "sidepuffs" },
					{ "code": "siderolls" },
					{ "code": "skepbun" },
					{ "code": "snood" },
					{ "code": "toproll" },
					{ "code": "backroll" },
					{ "code": "backrollbun" },
					{ "code": "thickroll" },
					{ "code": "fishtailbraid" },
					{ "code": "steppesidetails" },
					{ "code": "steppebraidloop" },
					{ "code": "steppebraids" },
					{ "code": "thicklongfrenchbraid" },
					{ "code": "tiedback" },
					{ "code": "tieddreads" },
					{ "code": "tiedtopknot" },
					{ "code": "topbun" },
					{ "code": "topbuncurly" },
					{ "code": "topbunvoluminous" },
					{ "code": "topknot" },
					{ "code": "unkempt" },
					{ "code": "vikingtopbraid" }
				]
			},
			{
				"code": "facialexpression",
				"type": "shape",
				"variants": [
					{ "code": "angry", "shape": { "base": "playermodellib:seraphfaces/angry" } },
					{ "code": "grin", "shape": { "base": "playermodellib:seraphfaces/grin" } },
					{ "code": "smirk", "shape": { "base": "playermodellib:seraphfaces/smirk" } },
					{ "code": "kind", "shape": { "base": "playermodellib:seraphfaces/kind" } },
					{ "code": "upset", "shape": { "base": "playermodellib:seraphfaces/upset" } },
					{ "code": "neutral", "shape": { "base": "playermodellib:seraphfaces/neutral" } },
					{ "code": "sad", "shape": { "base": "playermodellib:seraphfaces/sad" } },
					{ "code": "serious", "shape": { "base": "playermodellib:seraphfaces/serious" } },
					{ "code": "tired", "shape": { "base": "playermodellib:seraphfaces/tired" } },
					{ "code": "very-sad", "shape": { "base": "playermodellib:seraphfaces/very-sad" } },
					{ "code": "exhausted", "shape": { "base": "playermodellib:seraphfaces/exhausted" } },
					{ "code": "mellow", "shape": { "base": "playermodellib:seraphfaces/mellow" } },
					{ "code": "adequate", "shape": { "base": "playermodellib:seraphfaces/adequate" } },
					{ "code": "caring", "shape": { "base": "playermodellib:seraphfaces/caring" } },
					{ "code": "determined", "shape": { "base": "playermodellib:seraphfaces/determined" } },
					{ "code": "fierce", "shape": { "base": "playermodellib:seraphfaces/fierce" } },
					{ "code": "thoughtful", "shape": { "base": "playermodellib:seraphfaces/thoughtful" } },
					{ "code": "weary", "shape": { "base": "playermodellib:seraphfaces/weary" } },
					{ "code": "indifferent", "shape": { "base": "playermodellib:seraphfaces/indifferent" } }
				]
			},
			{ 
				"code": "haircolor",
				"type": "texture",
				"textureTarget": "hair",
				"targetSkinParts": ["hairbase", "hairextra"],
				"textureTemplate": "game:entity/humanoid/seraphskinparts/hair/{code}",
				"variants": [
					{ "code": "lightgray" },
					{ "code": "silverchalice" },
					{ "code": "slategray" },
					{ "code": "eerieblack" },
					{ "code": "mossgreen" },
					{ "code": "seagreen" },
					{ "code": "wintergreendream" },
					{ "code": "steelblue" },
					{ "code": "queenblue" },
					{ "code": "indigodye" },
					{ "code": "heliotropegray" },
					{ "code": "palatinatepurple" },
					{ "code": "darkpurple" },
					{ "code": "wheat" },
					{ "code": "ecru" },
					{ "code": "sanddune" },
					{ "code": "harvestgold" },
					{ "code": "cordovan" },
					{ "code": "rosewood" },
					{ "code": "russet" },
					{ "code": "liver" },
					{ "code": "oldburgundy" }
				]
			}
		]
  }
}