[
    {
        "ingredientPattern": "_B_,LLL",
        "ingredients": {
            "B": {
                "type": "item",
                "code": "game:backpack-normal"
            },
            "L": {
                "type": "item",
                "code": "game:leather-normal-plain"
            }
        },
        "width": 3,
        "height": 2,
        "output": {
            "type": "item",
            "code": "backpack-empty",
            "quantity": 1
        }
    }
]