{
	"editor": {
		"backDropShape": "D:/VSModding/Entitybackdrops/ferus-adult",
		"allAngles": false,
		"entityTextureMode": false
	},
	"textureWidth": 16,
	"textureHeight": 16,
	"textureSizes": {
	},
	"textures": {
		"mailmain": "block/metal/armor-generic/chain-iron"
	},
	"elements": [
		{
			"name": "OriginBlanket",
			"stepParentName": "Belly",
			"from": [ 6.615, 4.41, 3.22 ],
			"to": [ 7.7175, 5.5125, 4.3225 ],
			"rotationOrigin": [ 6.615, 4.41, 3.2175 ],
			"faces": {
				"north": { "texture": "#mailmain", "uv": [ 0.0, 0.0, 1.0, 1.0 ], "autoUv": false },
				"east": { "texture": "#mailmain", "uv": [ 0.0, 0.0, 1.0, 1.0 ], "autoUv": false },
				"south": { "texture": "#mailmain", "uv": [ 0.0, 0.0, 1.0, 1.0 ], "autoUv": false },
				"west": { "texture": "#mailmain", "uv": [ 0.0, 0.0, 1.0, 1.0 ], "autoUv": false },
				"up": { "texture": "#mailmain", "uv": [ 0.0, 0.0, 1.0, 1.0 ], "autoUv": false },
				"down": { "texture": "#mailmain", "uv": [ 0.0, 0.0, 1.0, 1.0 ], "autoUv": false }
			},
			"children": [
				{
					"name": "Blanket",
					"from": [ -4.9612, -1.7, -3.4177 ],
					"to": [ 8.2687, 5.5175, 5.9535 ],
					"rotationOrigin": [ -4.9612, -1.705, -3.4177 ],
					"faces": {
						"north": { "texture": "#mailmain", "uv": [ 1.5, 8.0, 13.5, 15.0 ], "autoUv": false },
						"east": { "texture": "#mailmain", "uv": [ 5.0, 4.5, 13.5, 11.5 ], "autoUv": false },
						"south": { "texture": "#mailmain", "uv": [ 2.5, 6.0, 15.5, 13.0 ] },
						"west": { "texture": "#mailmain", "uv": [ 3.0, 4.0, 11.5, 11.0 ], "autoUv": false },
						"up": { "texture": "#mailmain", "uv": [ 2.0, 5.0, 14.0, 14.0 ], "autoUv": false },
						"down": { "texture": "#mailmain", "uv": [ 2.5, 5.0, 14.5, 13.5 ], "autoUv": false }
					},
					"children": [
						{
							"name": "Blanket15",
							"from": [ 6.6, -4.12, 0.1 ],
							"to": [ 17.8299, 0.0975, 9.2712 ],
							"rotationOrigin": [ 6.6, -3.905, 0.1 ],
							"faces": {
								"north": { "texture": "#mailmain", "uv": [ 0.0, 0.0, 11.0, 4.0 ], "windMode": [-1,-1,-1,-1], "windData": [0,1,1,0] },
								"south": { "texture": "#mailmain", "uv": [ 0.0, 0.0, 11.0, 4.0 ], "windMode": [-1,-1,-1,-1], "windData": [0,0,1,1] }
							}
						},
						{
							"name": "Blanket17",
							"from": [ -1.6, -4.12, 0.1 ],
							"to": [ 6.6299, 0.0975, 9.2712 ],
							"rotationOrigin": [ -1.6, -3.905, 0.1 ],
							"faces": {
								"north": { "texture": "#mailmain", "uv": [ 3.0, 0.0, 11.0, 4.0 ], "windMode": [-1,-1,-1,-1], "windData": [0,1,1,0] },
								"south": { "texture": "#mailmain", "uv": [ 1.0, 0.0, 9.0, 4.0 ], "windMode": [-1,-1,-1,-1], "windData": [0,0,1,1] }
							}
						}
					]
				},
				{
					"name": "Blanket2",
					"stepParentName": "Hind",
					"from": [ -0.1102, -0.07, -0.1102 ],
					"to": [ 8.7947, 9.6988, 9.9225 ],
					"rotationOrigin": [ -0.1102, -0.0668, -0.1102 ],
					"faces": {
						"north": { "texture": "#mailmain", "uv": [ 2.0, 3.0, 10.5, 12.5 ], "windMode": [-1,-1,-1,-1], "windData": [1,1,1,1] },
						"east": { "texture": "#mailmain", "uv": [ 3.5, 3.5, 13.5, 13.0 ], "windMode": [-1,-1,-1,-1], "windData": [1,1,1,1] },
						"south": { "texture": "#mailmain", "uv": [ 3.5, 4.5, 12.0, 14.0 ], "windMode": [-1,-1,-1,-1], "windData": [1,1,1,1] },
						"west": { "texture": "#mailmain", "uv": [ 3.5, 6.5, 13.5, 16.0 ], "windMode": [-1,-1,-1,-1], "windData": [1,1,1,1] },
						"up": { "texture": "#mailmain", "uv": [ 4.5, 3.5, 13.0, 13.5 ], "windMode": [-1,-1,-1,-1], "windData": [1,1,1,1] },
						"down": { "texture": "#mailmain", "uv": [ 6.5, 2.0, 15.0, 12.0 ], "windMode": [-1,-1,-1,-1], "windData": [1,1,1,1] }
					},
					"children": [
						{
							"name": "BlanketExtra",
							"stepParentName": "tail",
							"from": [ -0.2, 4.5, -0.2 ],
							"to": [ 1.7049, 5.9688, 2.0327 ],
							"rotationOrigin": [ -0.2, 4.5, -0.2 ],
							"faces": {
								"north": { "texture": "#mailmain", "uv": [ 7.0, 3.0, 8.5, 4.0 ], "windMode": [-1,-1,-1,-1], "windData": [1,1,1,1] },
								"east": { "texture": "#mailmain", "uv": [ 3.5, 3.5, 5.5, 4.5 ], "windMode": [-1,-1,-1,-1], "windData": [1,1,1,1] },
								"south": { "texture": "#mailmain", "uv": [ 9.5, 4.5, 11.0, 5.5 ], "windMode": [-1,-1,-1,-1], "windData": [1,1,1,1] },
								"west": { "texture": "#mailmain", "uv": [ 3.5, 6.5, 5.5, 7.5 ], "windMode": [-1,-1,-1,-1], "windData": [1,1,1,1] },
								"up": { "texture": "#mailmain", "uv": [ 9.0, 3.5, 10.5, 5.5 ], "windMode": [-1,-1,-1,-1], "windData": [1,1,1,1] },
								"down": { "texture": "#mailmain", "uv": [ 6.0, 2.0, 7.5, 4.0 ], "windMode": [-1,-1,-1,-1], "windData": [1,1,1,1] }
							}
						},
						{
							"name": "BlanketExtra4",
							"from": [ 0.0, -0.5, 0.0 ],
							"to": [ 1.7049, 0.0, 10.0327 ],
							"rotationOrigin": [ 0.0, -0.5, 0.0 ],
							"faces": {
								"north": { "texture": "#mailmain", "uv": [ 7.0, 3.0, 8.5, 3.5 ], "windMode": [-1,-1,-1,-1], "windData": [1,1,1,1] },
								"east": { "texture": "#mailmain", "uv": [ 3.5, 3.5, 13.5, 4.0 ], "windMode": [-1,-1,-1,-1], "windData": [1,1,1,1] },
								"south": { "texture": "#mailmain", "uv": [ 9.5, 4.5, 11.0, 5.0 ], "windMode": [-1,-1,-1,-1], "windData": [1,1,1,1] },
								"west": { "texture": "#mailmain", "uv": [ 3.5, 6.5, 13.5, 7.0 ], "windMode": [-1,-1,-1,-1], "windData": [1,1,1,1] },
								"up": { "texture": "#mailmain", "uv": [ 9.0, 3.5, 10.5, 13.5 ], "windMode": [-1,-1,-1,-1], "windData": [1,1,1,1] },
								"down": { "texture": "#mailmain", "uv": [ 6.0, 2.0, 7.5, 12.0 ], "windMode": [-1,-1,-1,-1], "windData": [1,1,1,1] }
							}
						},
						{
							"name": "Blanket5",
							"from": [ 0.0, -3.8, 0.01 ],
							"to": [ 8.9049, -0.0312, 10.02 ],
							"rotationOrigin": [ -0.1, -0.03, 0.1 ],
							"rotationZ": 19.5,
							"faces": {
								"north": { "texture": "#mailmain", "uv": [ 2.0, 3.0, 10.5, 6.5 ], "windMode": [-1,-1,-1,-1], "windData": [1,1,1,1] },
								"east": { "texture": "#mailmain", "uv": [ 3.5, 3.5, 13.5, 7.0 ], "windMode": [-1,-1,-1,-1], "windData": [1,1,1,1] },
								"south": { "texture": "#mailmain", "uv": [ 3.5, 4.5, 12.0, 8.0 ], "windMode": [-1,-1,-1,-1], "windData": [1,1,1,1] },
								"up": { "texture": "#mailmain", "uv": [ 4.5, 3.5, 13.0, 13.5 ], "windMode": [-1,-1,-1,-1], "windData": [1,1,1,1] }
							}
						}
					]
				},
				{
					"name": "Blanket3",
					"stepParentName": "Chest",
					"from": [ -0.1, -0.04, -0.11 ],
					"to": [ 7.6125, 9.8263, 9.9227 ],
					"rotationOrigin": [ -0.1, 9.97, -0.1102 ],
					"faces": {
						"north": { "texture": "#mailmain", "uv": [ 7.5, 6.5, 15.0, 16.0 ], "windMode": [-1,-1,-1,-1], "windData": [1,1,1,0] },
						"south": { "texture": "#mailmain", "uv": [ 4.0, 5.0, 11.5, 14.5 ], "windMode": [-1,-1,-1,-1], "windData": [1,0,1,1] },
						"west": { "texture": "#mailmain", "uv": [ 4.0, 5.0, 14.0, 14.5 ], "windMode": [-1,-1,-1,-1], "windData": [1,1,1,1] },
						"up": { "texture": "#mailmain", "uv": [ 5.0, 4.0, 12.5, 14.0 ], "windMode": [-1,-1,-1,-1], "windData": [1,1,1,1] },
						"down": { "texture": "#mailmain", "uv": [ 3.0, 2.0, 13.0, 9.5 ], "rotation": 90, "windMode": [-1,-1,-1,-1], "windData": [1,0,0,1] }
					},
					"children": [
						{
							"name": "Blanket7",
							"stepParentName": "Neck1",
							"from": [ -0.1, -0.4, -0.1 ],
							"to": [ 8.8125, 8.0663, 6.01 ],
							"rotationOrigin": [ -0.1, -0.4, -0.1 ],
							"faces": {
								"north": { "texture": "#mailmain", "uv": [ 7.0, 5.5, 15.5, 13.5 ], "windMode": [-1,-1,-1,-1], "windData": [1,1,1,0] },
								"east": { "texture": "#mailmain", "uv": [ 4.0, 5.0, 10.0, 13.0 ], "windMode": [-1,-1,-1,-1], "windData": [0,1,1,0] },
								"south": { "texture": "#mailmain", "uv": [ 4.0, 5.0, 12.5, 13.0 ], "windMode": [-1,-1,-1,-1], "windData": [1,0,1,1] },
								"west": { "texture": "#mailmain", "uv": [ 4.0, 5.0, 10.0, 13.0 ], "windMode": [-1,-1,-1,-1], "windData": [1,1,1,1] },
								"up": { "texture": "#mailmain", "uv": [ 5.0, 4.0, 13.5, 10.0 ], "windMode": [-1,-1,-1,-1], "windData": [1,1,1,1] },
								"down": { "texture": "#mailmain", "uv": [ 4.0, 3.0, 12.5, 9.0 ], "windMode": [-1,-1,-1,-1], "windData": [1,0,0,1] }
							}
						},
						{
							"name": "Blanket12",
							"from": [ 0.0, -0.5, 0.01 ],
							"to": [ 7.7125, 4.0, 10.02 ],
							"rotationOrigin": [ 7.71, 4.0, 0.1 ],
							"rotationZ": 30.5,
							"faces": {
								"north": { "texture": "#mailmain", "uv": [ 7.0, 5.5, 14.5, 10.0 ], "windMode": [-1,-1,-1,-1], "windData": [1,1,1,1] },
								"south": { "texture": "#mailmain", "uv": [ 4.0, 5.0, 11.5, 9.5 ], "windMode": [-1,-1,-1,-1], "windData": [1,1,1,1] },
								"west": { "texture": "#mailmain", "uv": [ 4.0, 5.0, 14.0, 9.5 ], "windMode": [-1,-1,-1,-1], "windData": [1,1,1,1] }
							},
							"children": [
								{
									"name": "Blanket16",
									"from": [ 0.01, -1.0, 0.01 ],
									"to": [ 7.7225, 0.0, 10.0 ],
									"rotationOrigin": [ 0.0, -0.4, 0.29 ],
									"faces": {
										"north": { "texture": "#mailmain", "uv": [ 6.5, 5.5, 14.0, 6.5 ], "windMode": [-1,-1,-1,-1], "windData": [1,1,1,1] },
										"south": { "texture": "#mailmain", "uv": [ 3.5, 5.0, 11.0, 6.0 ], "windMode": [-1,-1,-1,-1], "windData": [1,1,1,1] },
										"west": { "texture": "#mailmain", "uv": [ 4.0, 2.0, 13.5, 3.0 ], "windMode": [-1,-1,-1,-1], "windData": [0,0,0,0] }
									}
								}
							]
						}
					]
				},
				{
					"name": "Blanket18",
					"from": [ 1.9, -0.52, 0.18 ],
					"to": [ 8.6125, 3.62, 3.53 ],
					"rotationOrigin": [ 1.9, -0.5, 0.1 ],
					"faces": {
						"north": { "texture": "#mailmain", "uv": [ 7.0, 5.5, 13.5, 9.5 ], "windMode": [-1,-1,-1,-1], "windData": [1,1,1,1] },
						"east": { "texture": "#mailmain", "uv": [ 0.0, 0.0, 3.0, 4.0 ], "windMode": [-1,-1,-1,-1], "windData": [1,1,1,1] },
						"south": { "texture": "#mailmain", "uv": [ 4.0, 5.0, 10.5, 9.0 ], "windMode": [-1,-1,-1,-1], "windData": [1,1,1,1] },
						"west": { "texture": "#mailmain", "uv": [ 4.0, 5.0, 7.0, 9.0 ], "windMode": [-1,-1,-1,-1], "windData": [1,1,1,1] },
						"up": { "texture": "#mailmain", "uv": [ 0.0, 0.0, 6.5, 3.0 ], "windMode": [-1,-1,-1,-1], "windData": [1,1,1,1] },
						"down": { "texture": "#mailmain", "uv": [ 0.0, 0.0, 6.5, 3.0 ], "windMode": [-1,-1,-1,-1], "windData": [1,1,1,1] }
					}
				},
				{
					"name": "Blanket19",
					"from": [ -0.01, -0.01, -0.05 ],
					"to": [ 5.45, 5.42, 4.45 ],
					"rotationOrigin": [ 0.8, -0.1, -0.1 ],
					"faces": {
						"north": { "texture": "#mailmain", "uv": [ 7.0, 5.5, 12.0, 10.5 ], "windMode": [-1,-1,-1,-1], "windData": [1,1,1,1] },
						"east": { "texture": "#mailmain", "uv": [ 0.0, 0.0, 4.5, 5.0 ], "windMode": [-1,-1,-1,-1], "windData": [1,1,1,1] },
						"south": { "texture": "#mailmain", "uv": [ 4.0, 5.0, 9.0, 10.0 ], "windMode": [-1,-1,-1,-1], "windData": [1,1,1,1] },
						"west": { "texture": "#mailmain", "uv": [ 4.0, 5.0, 8.5, 10.0 ], "windMode": [-1,-1,-1,-1], "windData": [1,1,1,1] },
						"up": { "texture": "#mailmain", "uv": [ 0.0, 0.0, 5.0, 4.5 ], "windMode": [-1,-1,-1,-1], "windData": [1,1,1,1] },
						"down": { "texture": "#mailmain", "uv": [ 0.0, 0.0, 5.0, 4.5 ], "windMode": [-1,-1,-1,-1], "windData": [1,1,1,1] }
					}
				},
				{
					"name": "Blanket20",
					"from": [ 1.8, -0.18, -0.09 ],
					"to": [ 5.1125, 1.32, 2.59 ],
					"rotationOrigin": [ 2.7, -0.2, -0.1 ],
					"faces": {
						"north": { "texture": "#mailmain", "uv": [ 7.0, 5.5, 10.0, 7.0 ], "windMode": [-1,-1,-1,-1], "windData": [1,1,1,1] },
						"east": { "texture": "#mailmain", "uv": [ 0.0, 0.0, 2.5, 1.5 ], "windMode": [-1,-1,-1,-1], "windData": [1,1,1,1] },
						"south": { "texture": "#mailmain", "uv": [ 4.0, 5.0, 7.0, 6.5 ], "windMode": [-1,-1,-1,-1], "windData": [1,1,1,1] },
						"west": { "texture": "#mailmain", "uv": [ 4.0, 5.0, 6.5, 6.5 ], "windMode": [-1,-1,-1,-1], "windData": [1,1,1,1] },
						"up": { "texture": "#mailmain", "uv": [ 0.0, 0.0, 3.0, 2.5 ], "windMode": [-1,-1,-1,-1], "windData": [1,1,1,1] },
						"down": { "texture": "#mailmain", "uv": [ 0.0, 0.0, 3.0, 2.5 ], "windMode": [-1,-1,-1,-1], "windData": [1,1,1,1] }
					}
				},
				{
					"name": "Blanket21",
					"from": [ 0.0, -0.18, -0.1 ],
					"to": [ 4.0125, 1.32, 2.6 ],
					"rotationOrigin": [ 0.9, -0.2, -0.1 ],
					"faces": {
						"north": { "texture": "#mailmain", "uv": [ 7.0, 5.5, 11.0, 7.0 ], "windMode": [-1,-1,-1,-1], "windData": [1,1,1,1] },
						"east": { "texture": "#mailmain", "uv": [ 0.0, 0.0, 2.5, 1.5 ], "windMode": [-1,-1,-1,-1], "windData": [1,1,1,1] },
						"south": { "texture": "#mailmain", "uv": [ 4.0, 5.0, 8.0, 6.5 ], "windMode": [-1,-1,-1,-1], "windData": [1,1,1,1] },
						"west": { "texture": "#mailmain", "uv": [ 4.0, 5.0, 6.5, 6.5 ], "windMode": [-1,-1,-1,-1], "windData": [1,1,1,1] },
						"up": { "texture": "#mailmain", "uv": [ 0.0, 0.0, 4.0, 2.5 ], "windMode": [-1,-1,-1,-1], "windData": [1,1,1,1] },
						"down": { "texture": "#mailmain", "uv": [ 0.0, 0.0, 4.0, 2.5 ], "windMode": [-1,-1,-1,-1], "windData": [1,1,1,1] }
					},
					"children": [
						{
							"name": "Blanket28",
							"from": [ 0.1, 0.4, 0.4 ],
							"to": [ 4.5125, 1.9, 2.3 ],
							"rotationOrigin": [ 0.1, 0.3, 0.4 ],
							"rotationZ": 4.0,
							"faces": {
								"north": { "texture": "#mailmain", "uv": [ 7.0, 5.5, 11.0, 7.0 ], "windMode": [-1,-1,-1,-1], "windData": [1,1,1,1] },
								"east": { "texture": "#mailmain", "uv": [ 0.0, 0.0, 1.5, 1.5 ], "windMode": [-1,-1,-1,-1], "windData": [1,1,1,1] },
								"south": { "texture": "#mailmain", "uv": [ 4.0, 5.0, 8.0, 6.5 ], "windMode": [-1,-1,-1,-1], "windData": [1,1,1,1] },
								"west": { "texture": "#mailmain", "uv": [ 4.0, 5.0, 5.5, 6.5 ], "windMode": [-1,-1,-1,-1], "windData": [1,1,1,1] },
								"up": { "texture": "#mailmain", "uv": [ 0.0, 0.0, 4.0, 1.5 ], "windMode": [-1,-1,-1,-1], "windData": [1,1,1,1] },
								"down": { "texture": "#mailmain", "uv": [ 0.0, 0.0, 4.0, 1.5 ], "windMode": [-1,-1,-1,-1], "windData": [1,1,1,1] }
							}
						}
					]
				},
				{
					"name": "Blanket22",
					"from": [ -0.1, -0.3, -0.1 ],
					"to": [ 0.6125, 0.9, 1.6 ],
					"rotationOrigin": [ 0.8, -0.3, -0.1 ],
					"faces": {
						"north": { "texture": "#mailmain", "uv": [ 7.0, 5.5, 7.5, 6.5 ], "windMode": [-1,-1,-1,-1], "windData": [1,1,1,1] },
						"east": { "texture": "#mailmain", "uv": [ 0.0, 0.0, 1.5, 1.0 ], "windMode": [-1,-1,-1,-1], "windData": [1,1,1,1] },
						"south": { "texture": "#mailmain", "uv": [ 4.0, 5.0, 4.5, 6.0 ], "windMode": [-1,-1,-1,-1], "windData": [1,1,1,1] },
						"west": { "texture": "#mailmain", "uv": [ 4.0, 5.0, 5.5, 6.0 ], "windMode": [-1,-1,-1,-1], "windData": [1,1,1,1] },
						"up": { "texture": "#mailmain", "uv": [ 0.0, 0.0, 0.5, 1.5 ], "windMode": [-1,-1,-1,-1], "windData": [1,1,1,1] },
						"down": { "texture": "#mailmain", "uv": [ 0.0, 0.0, 0.5, 1.5 ], "windMode": [-1,-1,-1,-1], "windData": [1,1,1,1] }
					}
				},
				{
					"name": "Blanket24",
					"from": [ -0.1, -0.3, -0.1 ],
					"to": [ 0.6125, 0.9, 1.6 ],
					"rotationOrigin": [ 0.8, -0.3, -0.1 ],
					"faces": {
						"north": { "texture": "#mailmain", "uv": [ 7.0, 5.5, 7.5, 6.5 ], "windMode": [-1,-1,-1,-1], "windData": [1,1,1,1] },
						"east": { "texture": "#mailmain", "uv": [ 0.0, 0.0, 1.5, 1.0 ], "windMode": [-1,-1,-1,-1], "windData": [1,1,1,1] },
						"south": { "texture": "#mailmain", "uv": [ 4.0, 5.0, 4.5, 6.0 ], "windMode": [-1,-1,-1,-1], "windData": [1,1,1,1] },
						"west": { "texture": "#mailmain", "uv": [ 4.0, 5.0, 5.5, 6.0 ], "windMode": [-1,-1,-1,-1], "windData": [1,1,1,1] },
						"up": { "texture": "#mailmain", "uv": [ 0.0, 0.0, 0.5, 1.5 ], "windMode": [-1,-1,-1,-1], "windData": [1,1,1,1] },
						"down": { "texture": "#mailmain", "uv": [ 0.0, 0.0, 0.5, 1.5 ], "windMode": [-1,-1,-1,-1], "windData": [1,1,1,1] }
					}
				},
				{
					"name": "Blanket31",
					"stepParentName": "wither",
					"from": [ -0.1, -0.12, -0.02 ],
					"to": [ 3.1125, 3.02, 6.93 ],
					"rotationOrigin": [ -0.1, -0.1, -0.1 ],
					"faces": {
						"north": { "texture": "#mailmain", "uv": [ 7.0, 5.5, 10.0, 8.5 ], "windMode": [-1,-1,-1,-1], "windData": [1,1,1,1] },
						"east": { "texture": "#mailmain", "uv": [ 0.0, 0.0, 6.5, 3.0 ], "windMode": [-1,-1,-1,-1], "windData": [1,1,1,1] },
						"south": { "texture": "#mailmain", "uv": [ 4.0, 5.0, 7.0, 8.0 ], "windMode": [-1,-1,-1,-1], "windData": [1,1,1,1] },
						"west": { "texture": "#mailmain", "uv": [ 4.0, 5.0, 10.5, 8.0 ], "windMode": [-1,-1,-1,-1], "windData": [1,1,1,1] },
						"up": { "texture": "#mailmain", "uv": [ 0.0, 0.0, 3.0, 6.5 ], "windMode": [-1,-1,-1,-1], "windData": [1,1,1,1] },
						"down": { "texture": "#mailmain", "uv": [ 0.0, 0.0, 3.0, 6.5 ], "windMode": [-1,-1,-1,-1], "windData": [1,1,1,1] }
					}
				},
				{
					"name": "Blanket32",
					"stepParentName": "wither2",
					"from": [ -0.01, -0.12, -0.02 ],
					"to": [ 3.4025, 3.12, 6.73 ],
					"rotationOrigin": [ -0.1, -0.1, -0.1 ],
					"faces": {
						"north": { "texture": "#mailmain", "uv": [ 8.0, 5.5, 11.0, 8.5 ], "windMode": [-1,-1,-1,-1], "windData": [1,1,1,1] },
						"east": { "texture": "#mailmain", "uv": [ 5.0, 5.0, 11.5, 8.0 ], "windMode": [-1,-1,-1,-1], "windData": [1,1,1,1] },
						"south": { "texture": "#mailmain", "uv": [ 8.5, 10.5, 11.5, 13.5 ], "windMode": [-1,-1,-1,-1], "windData": [1,1,1,1] },
						"west": { "texture": "#mailmain", "uv": [ 5.0, 5.5, 11.5, 8.5 ], "windMode": [-1,-1,-1,-1], "windData": [1,1,1,1] },
						"up": { "texture": "#mailmain", "uv": [ 4.0, 1.5, 7.0, 8.0 ], "windMode": [-1,-1,-1,-1], "windData": [1,1,1,1] },
						"down": { "texture": "#mailmain", "uv": [ 4.5, 2.0, 7.5, 8.5 ], "windMode": [-1,-1,-1,-1], "windData": [1,1,1,1] }
					}
				}
			]
		}
	],
	"animations": [
		{
			"name": "Gallop",
			"code": "gallop",
			"quantityframes": 49,
			"onActivityStopped": "Rewind",
			"onAnimationEnd": "Repeat",
			"keyframes": [
				{
					"frame": 0,
					"elements": {
						"Blanket5": { "rotationX": 0.0, "rotationY": 0.0, "rotationZ": 14.7033 },
						"Blanket12": { "rotationX": 0.0, "rotationY": 0.0, "rotationZ": -42.0 }
					}
				},
				{
					"frame": 6,
					"elements": {
						"Blanket5": { "rotationX": 0.0, "rotationY": 0.0, "rotationZ": 15.0 }
					}
				},
				{
					"frame": 12,
					"elements": {
						"Blanket5": { "rotationX": 0.0, "rotationY": 0.0, "rotationZ": 30.0 },
						"Blanket12": { "rotationX": 0.0, "rotationY": 0.0, "rotationZ": -47.5 }
					}
				},
				{
					"frame": 14,
					"elements": {
						"Blanket5": { "rotationX": 0.0, "rotationY": 0.0, "rotationZ": 34.283 }
					}
				},
				{
					"frame": 18,
					"elements": {
						"Blanket12": { "rotationX": 0.0, "rotationY": 0.0, "rotationZ": -50.25 }
					}
				},
				{
					"frame": 24,
					"elements": {
						"Blanket5": { "rotationX": 0.0, "rotationY": 0.0, "rotationZ": 37.6977 }
					}
				},
				{
					"frame": 30,
					"elements": {
						"Blanket12": { "rotationX": 0.0, "rotationY": 0.0, "rotationZ": -29.04 }
					}
				},
				{
					"frame": 42,
					"elements": {
						"Blanket5": { "rotationX": 0.0, "rotationY": 0.0, "rotationZ": 11.3571 },
						"Blanket12": { "rotationX": 0.0, "rotationY": 0.0, "rotationZ": -42.12 }
					}
				}
			]
		},

		{
			"name": "Trot",
			"code": "trot",
			"quantityframes": 60,
			"onActivityStopped": "Rewind",
			"onAnimationEnd": "Repeat",
			"keyframes": [
				{
					"frame": 0,
					"elements": {
						"Blanket5": { "rotationX": 0.0, "rotationY": 0.0, "rotationZ": 21.0 }
					}
				},
				{
					"frame": 20,
					"elements": {
						"Blanket12": { "rotationX": 0.0, "rotationY": 0.0, "rotationZ": -26.0 },
						"Blanket3": { "rotationX": 0.0, "rotationY": 0.0, "rotationZ": 0.0 },
						"Blanket5": { "rotationX": 0.0, "rotationY": 0.0, "rotationZ": 8.0 }
					}
				},
				{
					"frame": 30,
					"elements": {
						"Blanket12": { "rotationX": 0.0, "rotationY": 0.0, "rotationZ": -13.0 },
						"Blanket5": { "rotationX": 0.0, "rotationY": 0.0, "rotationZ": 20.75 }
					}
				},
				{
					"frame": 50,
					"elements": {
						"Blanket12": { "rotationX": 0.0, "rotationY": 0.0, "rotationZ": -22.2 }
					}
				},
				{
					"frame": 54,
					"elements": {
						"Blanket5": { "rotationX": 0.0, "rotationY": 0.0, "rotationZ": 11.55 }
					}
				}
			]
		},

		{
			"name": "Eat",
			"code": "eat",
			"quantityframes": 44,
			"onActivityStopped": "Rewind",
			"onAnimationEnd": "Repeat",
			"keyframes": [
				{
					"frame": 15,
					"elements": {
						"Blanket12": { "rotationX": 0.0, "rotationY": 0.0, "rotationZ": -5.0 },
						"Blanket5": { "rotationX": 0.0, "rotationY": 0.0, "rotationZ": 6.0 }
					}
				},
				{
					"frame": 23,
					"elements": {
						"Blanket12": { "rotationX": 0.0, "rotationY": 0.0, "rotationZ": -7.0 },
						"Blanket5": { "rotationX": 0.0, "rotationY": 0.0, "rotationZ": 9.0 }
					}
				},
				{
					"frame": 32,
					"elements": {
						"Blanket12": { "rotationX": 0.0, "rotationY": 0.0, "rotationZ": 0.5 },
						"Blanket5": { "rotationX": 0.0, "rotationY": 0.0, "rotationZ": 14.4265 }
					}
				},
				{
					"frame": 40,
					"elements": {
						"Blanket5": { "rotationX": 0.0, "rotationY": 0.0, "rotationZ": 13.5833 }
					}
				}
			]
		},

		{
			"name": "Walk",
			"code": "walk",
			"quantityframes": 49,
			"onActivityStopped": "Rewind",
			"onAnimationEnd": "Repeat",
			"keyframes": [
				{
					"frame": 4,
					"elements": {
						"Blanket12": { "rotationX": 0.0, "rotationY": 0.0, "rotationZ": -14.0 }
					}
				},
				{
					"frame": 8,
					"elements": {
						"Blanket12": { "rotationX": 0.0, "rotationY": 0.0, "rotationZ": -16.0 },
						"Blanket5": { "rotationX": 0.0, "rotationY": 0.0, "rotationZ": 9.0 }
					}
				},
				{
					"frame": 16,
					"elements": {
						"Blanket5": { "rotationX": 0.0, "rotationY": 0.0, "rotationZ": 27.0 }
					}
				},
				{
					"frame": 24,
					"elements": {
						"Blanket5": { "rotationX": 0.0, "rotationY": 0.0, "rotationZ": 10.4878 },
						"Blanket16": { "rotationX": 0.0, "rotationY": 0.0, "rotationZ": 3.0 }
					}
				},
				{
					"frame": 40,
					"elements": {
						"Blanket12": { "rotationX": 0.0, "rotationY": 0.0, "rotationZ": -1.8889 },
						"Blanket5": { "rotationX": 0.0, "rotationY": 0.0, "rotationZ": 27.4331 }
					}
				},
				{
					"frame": 48,
					"elements": {
						"Blanket5": { "rotationX": 0.0, "rotationY": 0.0, "rotationZ": 13.4058 }
					}
				}
			]
		},

		{
			"name": "Canter",
			"code": "canter",
			"quantityframes": 36,
			"onActivityStopped": "Rewind",
			"onAnimationEnd": "Repeat",
			"keyframes": [
				{
					"frame": 0,
					"elements": {
						"Blanket12": { "rotationX": 0.0, "rotationY": 0.0, "rotationZ": -39.0 },
						"Blanket5": { "rotationX": 0.0, "rotationY": 0.0, "rotationZ": 12.6891 }
					}
				},
				{
					"frame": 7,
					"elements": {
						"Blanket5": { "rotationX": 0.0, "rotationY": 0.0, "rotationZ": 14.0 }
					}
				},
				{
					"frame": 11,
					"elements": {
						"Blanket12": { "rotationX": 0.0, "rotationY": 0.0, "rotationZ": -17.0 }
					}
				},
				{
					"frame": 12,
					"elements": {
						"Blanket5": { "rotationX": 0.0, "rotationY": 0.0, "rotationZ": 9.0 }
					}
				},
				{
					"frame": 18,
					"elements": {
						"Blanket12": { "rotationX": 0.0, "rotationY": 0.0, "rotationZ": -32.16 }
					}
				},
				{
					"frame": 32,
					"elements": {
						"Blanket12": { "rotationX": 0.0, "rotationY": 0.0, "rotationZ": -33.48 },
						"Blanket5": { "rotationX": 0.0, "rotationY": 0.0, "rotationZ": -3.7742 }
					}
				}
			]
		},

		{
			"name": "WalkBack",
			"code": "walkback",
			"quantityframes": 49,
			"onActivityStopped": "Rewind",
			"onAnimationEnd": "Repeat",
			"keyframes": [
				{
					"frame": 0,
					"elements": {
						"Blanket5": { "rotationX": 0.0, "rotationY": 0.0, "rotationZ": 15.0 },
						"Blanket12": { "rotationX": 0.0, "rotationY": 0.0, "rotationZ": -24.0 },
						"Blanket16": { "rotationX": 0.0, "rotationY": 0.0, "rotationZ": 0.0 }
					}
				},
				{
					"frame": 8,
					"elements": {
						"Blanket5": { "rotationX": 0.0, "rotationY": 0.0, "rotationZ": 33.7949 },
						"Blanket16": { "rotationX": 0.0, "rotationY": 0.0, "rotationZ": 33.0 }
					}
				},
				{
					"frame": 16,
					"elements": {
						"Blanket5": { "rotationX": 0.0, "rotationY": 0.0, "rotationZ": 10.5897 },
						"Blanket12": { "rotationX": 0.0, "rotationY": 0.0, "rotationZ": -42.0 }
					}
				},
				{
					"frame": 32,
					"elements": {
						"Blanket5": { "rotationX": 0.0, "rotationY": 0.0, "rotationZ": 32.9621 },
						"Blanket12": { "rotationX": 0.0, "rotationY": 0.0, "rotationZ": -19.5152 }
					}
				},
				{
					"frame": 39,
					"elements": {
						"Blanket5": { "rotationX": 0.0, "rotationY": 0.0, "rotationZ": 14.0 },
						"Blanket12": { "rotationX": 0.0, "rotationY": 0.0, "rotationZ": -39.0677 }
					}
				},
				{
					"frame": 40,
					"elements": {
						"Blanket12": { "rotationX": 0.0, "rotationY": 0.0, "rotationZ": -42.961 }
					}
				}
			]
		},

		{
			"name": "Jump",
			"code": "jump",
			"quantityframes": 44,
			"onActivityStopped": "Rewind",
			"onAnimationEnd": "Repeat",
			"keyframes": [
				{
					"frame": 0,
					"elements": {
						"Blanket5": { "rotationX": 0.0, "rotationY": 0.0, "rotationZ": 5.0 }
					}
				},
				{
					"frame": 12,
					"elements": {
						"Blanket5": { "rotationX": 0.0, "rotationY": 0.0, "rotationZ": 19.0 },
						"Blanket12": { "rotationX": 0.0, "rotationY": 0.0, "rotationZ": -39.0 },
						"Blanket16": { "rotationX": 0.0, "rotationY": 0.0, "rotationZ": 15.0 }
					}
				},
				{
					"frame": 17,
					"elements": {
						"Blanket12": { "rotationX": 0.0, "rotationY": 0.0, "rotationZ": -37.1667 }
					}
				},
				{
					"frame": 18,
					"elements": {
						"Blanket16": { "rotationX": 0.0, "rotationY": 0.0, "rotationZ": 5.0 }
					}
				},
				{
					"frame": 30,
					"elements": {
						"Blanket5": { "rotationX": 0.0, "rotationY": 0.0, "rotationZ": 15.125 }
					}
				},
				{
					"frame": 36,
					"elements": {
						"Blanket3": { "rotationX": 0.0, "rotationY": 0.0, "rotationZ": 0.0 },
						"Blanket12": { "rotationX": 0.0, "rotationY": 0.0, "rotationZ": -11.0 }
					}
				},
				{
					"frame": 40,
					"elements": {
						"Blanket5": { "rotationX": 0.0, "rotationY": 0.0, "rotationZ": 10.8929 }
					}
				}
			]
		},

		{
			"name": "Sleep",
			"code": "Sleep",
			"quantityframes": 60,
			"onActivityStopped": "Rewind",
			"onAnimationEnd": "Repeat",
			"keyframes": [
				{
					"frame": 0,
					"elements": {
						"Blanket12": { "offsetX": 0.1, "offsetY": 1.9, "offsetZ": 0.6, "rotationX": 31.0, "rotationY": 0.0, "rotationZ": -29.0 },
						"Blanket17": { "offsetX": 0.0, "offsetY": 0.0, "offsetZ": 0.0, "rotationX": 0.0, "rotationY": 0.0, "rotationZ": 0.0 },
						"Blanket5": { "offsetX": 0.4, "offsetY": 1.2, "offsetZ": -0.3, "rotationX": 16.5, "rotationY": 16.5, "rotationZ": 22.5 },
						"Blanket2": { "rotationX": 0.0, "rotationY": 0.0, "rotationZ": 0.0 }
					}
				}
			]
		}
	]
}