{
	"editor": {
		"backDropShape": "D:/VSModding/Entitybackdrops/ferus-adult",
		"allAngles": false,
		"entityTextureMode": false
	},
	"textureWidth": 16,
	"textureHeight": 16,
	"textureSizes": {
		"blanket": [16,16],
		"top": [16,16],
		"blanketextra": [16,16],
		"steel": [16,16],
		"platemain": [16,16]
	},
	"textures": {
		"platemain": "block/metal/sheet/iron1"
	},
	"elements": [
		{
			"name": "OriginBlanket",
			"stepParentName": "Belly",
			"from": [ 6.615, 4.41, 3.22 ],
			"to": [ 7.7175, 5.5125, 4.3225 ],
			"rotationOrigin": [ 6.615, 4.41, 3.2175 ],
			"faces": {
				"north": { "texture": "#platemain", "uv": [ 0.0, 0.0, 1.0, 1.0 ], "autoUv": false },
				"east": { "texture": "#platemain", "uv": [ 0.0, 0.0, 1.0, 1.0 ], "autoUv": false },
				"south": { "texture": "#platemain", "uv": [ 0.0, 0.0, 1.0, 1.0 ], "autoUv": false },
				"west": { "texture": "#platemain", "uv": [ 0.0, 0.0, 1.0, 1.0 ], "autoUv": false },
				"up": { "texture": "#platemain", "uv": [ 0.0, 0.0, 1.0, 1.0 ], "autoUv": false },
				"down": { "texture": "#platemain", "uv": [ 0.0, 0.0, 1.0, 1.0 ], "autoUv": false }
			},
			"children": [
				{
					"name": "Blanket",
					"from": [ -4.9612, -1.7, -3.62 ],
					"to": [ 8.2687, 5.5175, 6.1512 ],
					"rotationOrigin": [ -4.9612, -1.705, -3.6177 ],
					"faces": {
						"north": { "texture": "#platemain", "uv": [ 1.5, 8.0, 13.5, 15.0 ], "autoUv": false },
						"east": { "texture": "#platemain", "uv": [ 5.0, 4.5, 13.5, 11.5 ], "autoUv": false },
						"south": { "texture": "#platemain", "uv": [ 2.5, 6.0, 15.5, 13.0 ] },
						"west": { "texture": "#platemain", "uv": [ 3.0, 4.0, 11.5, 11.0 ], "autoUv": false },
						"up": { "texture": "#platemain", "uv": [ 2.0, 5.0, 14.0, 14.0 ], "autoUv": false },
						"down": { "texture": "#platemain", "uv": [ 2.5, 5.0, 14.5, 13.5 ], "autoUv": false }
					},
					"children": [
						{
							"name": "Blanket15",
							"from": [ 6.6, -3.12, 0.1 ],
							"to": [ 17.8299, 0.0975, 9.6712 ],
							"rotationOrigin": [ 6.6, -2.905, 0.1 ],
							"faces": {
								"north": { "texture": "#platemain", "uv": [ 2.5, 13.0, 13.5, 16.0 ] },
								"east": { "texture": "#platemain", "uv": [ 4.0, 5.5, 12.5, 12.5 ], "autoUv": false },
								"south": { "texture": "#platemain", "uv": [ 2.5, 13.0, 13.5, 16.0 ] },
								"west": { "texture": "#platemain", "uv": [ 3.0, 5.0, 11.5, 12.0 ], "autoUv": false },
								"up": { "texture": "#platemain", "uv": [ 2.0, 5.0, 14.0, 14.0 ], "autoUv": false },
								"down": { "texture": "#platemain", "uv": [ 2.5, 5.0, 14.5, 13.5 ], "autoUv": false }
							}
						},
						{
							"name": "Blanket17",
							"from": [ -1.6, -3.12, 0.1 ],
							"to": [ 6.6299, 0.0975, 9.6712 ],
							"rotationOrigin": [ -1.6, -2.905, 0.1 ],
							"faces": {
								"north": { "texture": "#platemain", "uv": [ 4.0, 13.0, 12.0, 16.0 ] },
								"east": { "texture": "#platemain", "uv": [ 4.0, 5.5, 12.5, 12.5 ], "autoUv": false },
								"south": { "texture": "#platemain", "uv": [ 4.0, 13.0, 12.0, 16.0 ] },
								"west": { "texture": "#platemain", "uv": [ 3.0, 5.0, 11.5, 12.0 ], "autoUv": false },
								"up": { "texture": "#platemain", "uv": [ 2.0, 5.0, 14.0, 14.0 ], "autoUv": false },
								"down": { "texture": "#platemain", "uv": [ 2.5, 5.0, 14.5, 13.5 ], "autoUv": false }
							}
						},
						{
							"name": "Blanket23",
							"from": [ -1.9, -4.1, 0.1 ],
							"to": [ 6.1, -3.1, 9.6712 ],
							"rotationOrigin": [ -1.9, -6.005, 0.1 ],
							"faces": {
								"north": { "texture": "#platemain", "uv": [ 4.0, 11.5, 12.0, 12.5 ] },
								"east": { "texture": "#platemain", "uv": [ 4.0, 5.5, 12.5, 12.5 ], "autoUv": false },
								"south": { "texture": "#platemain", "uv": [ 4.5, 11.5, 12.5, 12.5 ] },
								"west": { "texture": "#platemain", "uv": [ 3.0, 5.0, 11.5, 12.0 ], "autoUv": false },
								"up": { "texture": "#platemain", "uv": [ 2.0, 5.0, 14.0, 14.0 ], "autoUv": false },
								"down": { "texture": "#platemain", "uv": [ 2.5, 5.0, 14.5, 13.5 ], "autoUv": false }
							}
						},
						{
							"name": "Blanket25",
							"from": [ 6.1, -4.1, 0.1 ],
							"to": [ 14.1, -3.1, 9.6712 ],
							"rotationOrigin": [ 6.1, -6.005, 0.1 ],
							"faces": {
								"north": { "texture": "#platemain", "uv": [ 4.0, 11.5, 12.0, 12.5 ] },
								"east": { "texture": "#platemain", "uv": [ 4.0, 5.5, 12.5, 12.5 ], "autoUv": false },
								"south": { "texture": "#platemain", "uv": [ 3.5, 11.0, 11.5, 12.0 ] },
								"west": { "texture": "#platemain", "uv": [ 3.0, 5.0, 11.5, 12.0 ], "autoUv": false },
								"up": { "texture": "#platemain", "uv": [ 2.0, 5.0, 14.0, 14.0 ], "autoUv": false },
								"down": { "texture": "#platemain", "uv": [ 2.5, 5.0, 14.5, 13.5 ], "autoUv": false }
							}
						}
					]
				},
				{
					"name": "Blanket2",
					"stepParentName": "Hind",
					"from": [ -0.1102, -0.57, -0.61 ],
					"to": [ 9.3947, 10.1988, 10.4227 ],
					"rotationOrigin": [ -0.1102, -0.5668, -0.6102 ],
					"faces": {
						"north": { "texture": "#platemain", "uv": [ 2.5, 3.0, 12.0, 13.5 ], "windMode": [-1,-1,-1,-1], "windData": [1,1,1,1] },
						"east": { "texture": "#platemain", "uv": [ 3.0, 3.0, 14.0, 13.5 ], "windMode": [-1,-1,-1,-1], "windData": [1,1,1,1] },
						"south": { "texture": "#platemain", "uv": [ 4.0, 3.0, 13.5, 13.5 ], "windMode": [-1,-1,-1,-1], "windData": [1,1,1,1] },
						"west": { "texture": "#platemain", "uv": [ 2.0, 2.0, 13.0, 12.5 ], "windMode": [-1,-1,-1,-1], "windData": [1,1,1,1] },
						"up": { "texture": "#platemain", "uv": [ 2.5, 4.0, 13.5, 13.5 ], "rotation": 270, "windMode": [-1,-1,-1,-1], "windData": [1,1,1,1] },
						"down": { "texture": "#platemain", "uv": [ 3.5, 2.0, 13.0, 13.0 ], "windMode": [-1,-1,-1,-1], "windData": [1,1,1,1] }
					},
					"children": [
						{
							"name": "BlanketExtra",
							"stepParentName": "tail",
							"from": [ -0.2, 4.5, -0.2 ],
							"to": [ 1.7049, 5.9688, 2.0327 ],
							"rotationOrigin": [ -0.2, 4.5, -0.2 ],
							"faces": {
								"north": { "texture": "#platemain", "uv": [ 7.0, 3.0, 8.5, 4.0 ], "windMode": [-1,-1,-1,-1], "windData": [1,1,1,1] },
								"east": { "texture": "#platemain", "uv": [ 3.5, 3.5, 5.5, 4.5 ], "windMode": [-1,-1,-1,-1], "windData": [1,1,1,1] },
								"south": { "texture": "#platemain", "uv": [ 9.5, 4.5, 11.0, 5.5 ], "windMode": [-1,-1,-1,-1], "windData": [1,1,1,1] },
								"west": { "texture": "#platemain", "uv": [ 3.5, 6.5, 5.5, 7.5 ], "windMode": [-1,-1,-1,-1], "windData": [1,1,1,1] },
								"up": { "texture": "#platemain", "uv": [ 9.0, 3.5, 10.5, 5.5 ], "windMode": [-1,-1,-1,-1], "windData": [1,1,1,1] },
								"down": { "texture": "#platemain", "uv": [ 6.0, 2.0, 7.5, 4.0 ], "windMode": [-1,-1,-1,-1], "windData": [1,1,1,1] }
							}
						},
						{
							"name": "BlanketExtra4",
							"from": [ 0.0, -0.5, 0.0 ],
							"to": [ 1.7049, 0.0, 10.0327 ],
							"rotationOrigin": [ 0.0, -0.5, 0.0 ],
							"faces": {
								"north": { "texture": "#platemain", "uv": [ 7.0, 3.0, 8.5, 3.5 ], "windMode": [-1,-1,-1,-1], "windData": [1,1,1,1] },
								"east": { "texture": "#platemain", "uv": [ 3.5, 3.5, 13.5, 4.0 ], "windMode": [-1,-1,-1,-1], "windData": [1,1,1,1] },
								"south": { "texture": "#platemain", "uv": [ 9.5, 4.5, 11.0, 5.0 ], "windMode": [-1,-1,-1,-1], "windData": [1,1,1,1] },
								"west": { "texture": "#platemain", "uv": [ 3.5, 6.5, 13.5, 7.0 ], "windMode": [-1,-1,-1,-1], "windData": [1,1,1,1] },
								"up": { "texture": "#platemain", "uv": [ 9.0, 3.5, 10.5, 13.5 ], "windMode": [-1,-1,-1,-1], "windData": [1,1,1,1] },
								"down": { "texture": "#platemain", "uv": [ 6.0, 2.0, 7.5, 12.0 ], "windMode": [-1,-1,-1,-1], "windData": [1,1,1,1] }
							}
						},
						{
							"name": "Blanket5",
							"from": [ 0.0, -3.8, 0.01 ],
							"to": [ 11.3049, -0.0312, 11.02 ],
							"rotationOrigin": [ -0.1, -0.03, 0.1 ],
							"rotationZ": 24.5,
							"faces": {
								"north": { "texture": "#platemain", "uv": [ 3.5, 12.5, 14.5, 16.0 ], "windMode": [-1,-1,-1,-1], "windData": [1,1,1,1] },
								"east": { "texture": "#platemain", "uv": [ 2.5, 12.5, 13.5, 16.0 ], "windMode": [-1,-1,-1,-1], "windData": [1,1,1,1] },
								"south": { "texture": "#platemain", "uv": [ 3.5, 12.5, 14.5, 16.0 ], "windMode": [-1,-1,-1,-1], "windData": [1,1,1,1] },
								"up": { "texture": "#platemain", "uv": [ 4.5, 3.5, 15.5, 14.5 ], "windMode": [-1,-1,-1,-1], "windData": [1,1,1,1] }
							},
							"children": [
								{
									"name": "Blanket6",
									"from": [ 0.0, -1.0, 0.0 ],
									"to": [ 11.3049, 0.0, 11.01 ],
									"rotationOrigin": [ -0.1, -0.03, 0.09 ],
									"faces": {
										"north": { "texture": "#platemain", "uv": [ 3.5, 12.5, 14.5, 13.5 ], "windMode": [-1,-1,-1,-1], "windData": [1,1,1,1] },
										"east": { "texture": "#platemain", "uv": [ 3.5, 3.5, 14.5, 4.5 ], "windMode": [-1,-1,-1,-1], "windData": [1,1,1,1] },
										"south": { "texture": "#platemain", "uv": [ 3.5, 12.5, 14.5, 13.5 ], "windMode": [-1,-1,-1,-1], "windData": [1,1,1,1] }
									}
								},
								{
									"name": "Blanket8",
									"from": [ 8.0, 3.77, 0.0 ],
									"to": [ 11.3049, 7.5388, 11.01 ],
									"rotationOrigin": [ 7.9, 7.47, 0.09 ],
									"faces": {
										"north": { "texture": "#platemain", "uv": [ 3.5, 12.5, 6.5, 16.0 ], "windMode": [-1,-1,-1,-1], "windData": [1,1,1,1] },
										"east": { "texture": "#platemain", "uv": [ 2.5, 12.5, 13.5, 16.0 ], "windMode": [-1,-1,-1,-1], "windData": [1,1,1,1] },
										"south": { "texture": "#platemain", "uv": [ 3.5, 12.5, 6.5, 16.0 ], "windMode": [-1,-1,-1,-1], "windData": [1,1,1,1] },
										"up": { "texture": "#platemain", "uv": [ 4.5, 3.5, 7.5, 14.5 ], "windMode": [-1,-1,-1,-1], "windData": [1,1,1,1] }
									}
								}
							]
						}
					]
				},
				{
					"name": "Blanket3",
					"stepParentName": "Chest",
					"from": [ -0.6, -0.54, -0.61 ],
					"to": [ 8.1125, 10.3263, 10.4227 ],
					"rotationOrigin": [ -0.6, 9.47, -0.6102 ],
					"faces": {
						"north": { "texture": "#platemain", "uv": [ 5.5, 3.0, 14.0, 13.5 ], "windMode": [-1,-1,-1,-1], "windData": [1,1,1,0] },
						"south": { "texture": "#platemain", "uv": [ 4.0, 5.0, 12.5, 15.5 ], "windMode": [-1,-1,-1,-1], "windData": [1,0,1,1] },
						"west": { "texture": "#platemain", "uv": [ 3.0, 3.0, 14.0, 13.5 ], "windMode": [-1,-1,-1,-1], "windData": [1,1,1,1] },
						"up": { "texture": "#platemain", "uv": [ 3.5, 2.5, 12.0, 13.5 ], "windMode": [-1,-1,-1,-1], "windData": [1,1,1,1] },
						"down": { "texture": "#platemain", "uv": [ 2.5, 2.5, 13.5, 11.0 ], "rotation": 90, "windMode": [-1,-1,-1,-1], "windData": [1,0,0,1] }
					},
					"children": [
						{
							"name": "Blanket12",
							"from": [ 0.0, -2.5, 0.01 ],
							"to": [ 8.7125, 0.0, 11.02 ],
							"rotationOrigin": [ 7.71, 3.0, 0.1 ],
							"faces": {
								"north": { "texture": "#platemain", "uv": [ 4.0, 10.5, 12.5, 13.0 ], "windMode": [-1,-1,-1,-1], "windData": [1,1,1,1] },
								"south": { "texture": "#platemain", "uv": [ 4.0, 10.5, 12.5, 13.0 ], "windMode": [-1,-1,-1,-1], "windData": [1,1,1,1] },
								"west": { "texture": "#platemain", "uv": [ 2.5, 10.5, 13.5, 13.0 ], "windMode": [-1,-1,-1,-1], "windData": [1,1,1,1] }
							},
							"children": [
								{
									"name": "Blanket13",
									"from": [ -0.1, -0.7, -0.05 ],
									"to": [ 8.7125, 0.3, 11.06 ],
									"rotationOrigin": [ 7.61, 0.3, -0.01 ],
									"faces": {
										"north": { "texture": "#platemain", "uv": [ 4.0, 10.5, 12.5, 11.5 ], "windMode": [-1,-1,-1,-1], "windData": [1,1,1,1] },
										"south": { "texture": "#platemain", "uv": [ 4.0, 10.5, 12.5, 11.5 ], "windMode": [-1,-1,-1,-1], "windData": [1,1,1,1] },
										"west": { "texture": "#platemain", "uv": [ 2.5, 10.5, 13.5, 11.5 ], "windMode": [-1,-1,-1,-1], "windData": [1,1,1,1] }
									}
								}
							]
						},
						{
							"name": "Mane32",
							"from": [ 7.5117, 1.5551, 2.45 ],
							"to": [ 11.0242, 9.0551, 4.76 ],
							"rotationOrigin": [ 7.5117, 1.5551, 2.4 ],
							"rotationZ": 3.0,
							"faces": {
								"north": { "texture": "#platemain", "uv": [ 7.5, 0.0, 11.0, 7.5 ], "windMode": [-1,-1,-1,-1], "windData": [1,1,1,0] },
								"east": { "texture": "#platemain", "uv": [ 6.0, 0.0, 8.0, 7.5 ], "windMode": [-1,-1,-1,-1], "windData": [0,1,1,0] },
								"south": { "texture": "#platemain", "uv": [ 5.0, 0.0, 8.5, 7.5 ], "windMode": [-1,-1,-1,-1], "windData": [1,0,1,1] },
								"west": { "texture": "#platemain", "uv": [ 5.5, -0.5, 7.5, 7.0 ], "windMode": [-1,-1,-1,-1], "windData": [1,1,1,1] },
								"up": { "texture": "#platemain", "uv": [ 5.0, 4.0, 8.5, 6.0 ], "windMode": [-1,-1,-1,-1], "windData": [1,1,1,1] },
								"down": { "texture": "#platemain", "uv": [ 4.0, 4.5, 7.5, 6.5 ], "windMode": [-1,-1,-1,-1], "windData": [1,0,0,1] }
							}
						},
						{
							"name": "Blanket4",
							"from": [ 7.7, -0.6, 0.01 ],
							"to": [ 13.4125, 9.2663, 11.02 ],
							"rotationOrigin": [ 7.7, -0.6, 0.1 ],
							"rotationZ": 25.0,
							"faces": {
								"north": { "texture": "#platemain", "uv": [ 5.5, 3.0, 11.0, 12.5 ], "windMode": [-1,-1,-1,-1], "windData": [1,1,1,0] },
								"south": { "texture": "#platemain", "uv": [ 4.0, 5.0, 9.5, 14.5 ], "windMode": [-1,-1,-1,-1], "windData": [1,0,1,1] },
								"west": { "texture": "#platemain", "uv": [ 3.0, 3.0, 14.0, 12.5 ], "windMode": [-1,-1,-1,-1], "windData": [1,1,1,1] },
								"up": { "texture": "#platemain", "uv": [ 3.5, 2.5, 9.0, 13.5 ], "windMode": [-1,-1,-1,-1], "windData": [1,1,1,1] },
								"down": { "texture": "#platemain", "uv": [ 2.5, 2.5, 13.5, 8.0 ], "rotation": 90, "windMode": [-1,-1,-1,-1], "windData": [1,0,0,1] }
							},
							"children": [
								{
									"name": "Blanket14",
									"from": [ -0.5, -2.1, 0.01 ],
									"to": [ 5.7125, 0.0, 11.0 ],
									"rotationOrigin": [ 7.21, 3.4, 0.1 ],
									"faces": {
										"north": { "texture": "#platemain", "uv": [ 4.0, 10.5, 10.0, 12.5 ], "windMode": [-1,-1,-1,-1], "windData": [1,1,1,1] },
										"south": { "texture": "#platemain", "uv": [ 4.0, 10.5, 10.0, 12.5 ], "windMode": [-1,-1,-1,-1], "windData": [1,1,1,1] },
										"west": { "texture": "#platemain", "uv": [ 2.5, 10.5, 13.0, 12.5 ], "windMode": [-1,-1,-1,-1], "windData": [1,1,1,1] }
									},
									"children": [
										{
											"name": "Blanket14",
											"from": [ 0.3, -0.7, -0.05 ],
											"to": [ 6.3125, 0.3, 11.06 ],
											"rotationOrigin": [ 8.01, 0.3, 0.09 ],
											"faces": {
												"north": { "texture": "#platemain", "uv": [ 4.0, 10.5, 10.0, 11.5 ], "windMode": [-1,-1,-1,-1], "windData": [1,1,1,1] },
												"south": { "texture": "#platemain", "uv": [ 4.0, 10.5, 10.0, 11.5 ], "windMode": [-1,-1,-1,-1], "windData": [1,1,1,1] },
												"west": { "texture": "#platemain", "uv": [ 2.5, 10.5, 13.5, 11.5 ], "windMode": [-1,-1,-1,-1], "windData": [1,1,1,1] }
											}
										}
									]
								},
								{
									"name": "Mane33",
									"from": [ 7.5117, 1.5551, 2.45 ],
									"to": [ 11.0242, 9.0551, 4.76 ],
									"rotationOrigin": [ 7.5117, 1.5551, 2.4 ],
									"rotationZ": 3.0,
									"faces": {
										"north": { "texture": "#platemain", "uv": [ 7.5, 0.0, 11.0, 7.5 ], "windMode": [-1,-1,-1,-1], "windData": [1,1,1,0] },
										"east": { "texture": "#platemain", "uv": [ 6.0, 0.0, 8.0, 7.5 ], "windMode": [-1,-1,-1,-1], "windData": [0,1,1,0] },
										"south": { "texture": "#platemain", "uv": [ 5.0, 0.0, 8.5, 7.5 ], "windMode": [-1,-1,-1,-1], "windData": [1,0,1,1] },
										"west": { "texture": "#platemain", "uv": [ 5.5, -0.5, 7.5, 7.0 ], "windMode": [-1,-1,-1,-1], "windData": [1,1,1,1] },
										"up": { "texture": "#platemain", "uv": [ 5.0, 4.0, 8.5, 6.0 ], "windMode": [-1,-1,-1,-1], "windData": [1,1,1,1] },
										"down": { "texture": "#platemain", "uv": [ 4.0, 4.5, 7.5, 6.5 ], "windMode": [-1,-1,-1,-1], "windData": [1,0,0,1] }
									}
								}
							]
						}
					]
				},
				{
					"name": "Blanket18",
					"from": [ 1.9, -0.52, 0.18 ],
					"to": [ 8.6125, 3.62, 3.53 ],
					"rotationOrigin": [ 1.9, -0.5, 0.1 ],
					"faces": {
						"north": { "texture": "#platemain", "uv": [ 7.0, 5.5, 13.5, 9.5 ], "windMode": [-1,-1,-1,-1], "windData": [1,1,1,1] },
						"east": { "texture": "#platemain", "uv": [ 0.0, 0.0, 3.0, 4.0 ], "windMode": [-1,-1,-1,-1], "windData": [1,1,1,1] },
						"south": { "texture": "#platemain", "uv": [ 4.0, 5.0, 10.5, 9.0 ], "windMode": [-1,-1,-1,-1], "windData": [1,1,1,1] },
						"west": { "texture": "#platemain", "uv": [ 4.0, 5.0, 7.0, 9.0 ], "windMode": [-1,-1,-1,-1], "windData": [1,1,1,1] },
						"up": { "texture": "#platemain", "uv": [ 0.0, 0.0, 6.5, 3.0 ], "windMode": [-1,-1,-1,-1], "windData": [1,1,1,1] },
						"down": { "texture": "#platemain", "uv": [ 0.0, 0.0, 6.5, 3.0 ], "windMode": [-1,-1,-1,-1], "windData": [1,1,1,1] }
					}
				},
				{
					"name": "Blanket19",
					"from": [ -0.01, -0.01, -0.05 ],
					"to": [ 5.45, 5.42, 4.45 ],
					"rotationOrigin": [ 0.8, -0.1, -0.1 ],
					"faces": {
						"north": { "texture": "#platemain", "uv": [ 7.0, 5.5, 12.0, 10.5 ], "windMode": [-1,-1,-1,-1], "windData": [1,1,1,1] },
						"east": { "texture": "#platemain", "uv": [ 0.0, 0.0, 4.5, 5.0 ], "windMode": [-1,-1,-1,-1], "windData": [1,1,1,1] },
						"south": { "texture": "#platemain", "uv": [ 4.0, 5.0, 9.0, 10.0 ], "windMode": [-1,-1,-1,-1], "windData": [1,1,1,1] },
						"west": { "texture": "#platemain", "uv": [ 4.0, 5.0, 8.5, 10.0 ], "windMode": [-1,-1,-1,-1], "windData": [1,1,1,1] },
						"up": { "texture": "#platemain", "uv": [ 0.0, 0.0, 5.0, 4.5 ], "windMode": [-1,-1,-1,-1], "windData": [1,1,1,1] },
						"down": { "texture": "#platemain", "uv": [ 0.0, 0.0, 5.0, 4.5 ], "windMode": [-1,-1,-1,-1], "windData": [1,1,1,1] }
					}
				},
				{
					"name": "Blanket20",
					"from": [ 1.8, -0.18, -0.09 ],
					"to": [ 5.1125, 1.32, 2.59 ],
					"rotationOrigin": [ 2.7, -0.2, -0.1 ],
					"faces": {
						"north": { "texture": "#platemain", "uv": [ 7.0, 5.5, 10.0, 7.0 ], "windMode": [-1,-1,-1,-1], "windData": [1,1,1,1] },
						"east": { "texture": "#platemain", "uv": [ 0.0, 0.0, 2.5, 1.5 ], "windMode": [-1,-1,-1,-1], "windData": [1,1,1,1] },
						"south": { "texture": "#platemain", "uv": [ 4.0, 5.0, 7.0, 6.5 ], "windMode": [-1,-1,-1,-1], "windData": [1,1,1,1] },
						"west": { "texture": "#platemain", "uv": [ 4.0, 5.0, 6.5, 6.5 ], "windMode": [-1,-1,-1,-1], "windData": [1,1,1,1] },
						"up": { "texture": "#platemain", "uv": [ 0.0, 0.0, 3.0, 2.5 ], "windMode": [-1,-1,-1,-1], "windData": [1,1,1,1] },
						"down": { "texture": "#platemain", "uv": [ 0.0, 0.0, 3.0, 2.5 ], "windMode": [-1,-1,-1,-1], "windData": [1,1,1,1] }
					}
				},
				{
					"name": "Blanket21",
					"from": [ 0.0, -0.18, -0.1 ],
					"to": [ 4.0125, 1.32, 2.6 ],
					"rotationOrigin": [ 0.9, -0.2, -0.1 ],
					"faces": {
						"north": { "texture": "#platemain", "uv": [ 7.0, 5.5, 11.0, 7.0 ], "windMode": [-1,-1,-1,-1], "windData": [1,1,1,1] },
						"east": { "texture": "#platemain", "uv": [ 0.0, 0.0, 2.5, 1.5 ], "windMode": [-1,-1,-1,-1], "windData": [1,1,1,1] },
						"south": { "texture": "#platemain", "uv": [ 4.0, 5.0, 8.0, 6.5 ], "windMode": [-1,-1,-1,-1], "windData": [1,1,1,1] },
						"west": { "texture": "#platemain", "uv": [ 4.0, 5.0, 6.5, 6.5 ], "windMode": [-1,-1,-1,-1], "windData": [1,1,1,1] },
						"up": { "texture": "#platemain", "uv": [ 0.0, 0.0, 4.0, 2.5 ], "windMode": [-1,-1,-1,-1], "windData": [1,1,1,1] },
						"down": { "texture": "#platemain", "uv": [ 0.0, 0.0, 4.0, 2.5 ], "windMode": [-1,-1,-1,-1], "windData": [1,1,1,1] }
					},
					"children": [
						{
							"name": "Blanket28",
							"from": [ 0.1, 0.4, 0.4 ],
							"to": [ 4.5125, 1.9, 2.3 ],
							"rotationOrigin": [ 0.1, 0.3, 0.4 ],
							"rotationZ": 4.0,
							"faces": {
								"north": { "texture": "#platemain", "uv": [ 7.0, 5.5, 11.0, 7.0 ], "windMode": [-1,-1,-1,-1], "windData": [1,1,1,1] },
								"east": { "texture": "#platemain", "uv": [ 0.0, 0.0, 1.5, 1.5 ], "windMode": [-1,-1,-1,-1], "windData": [1,1,1,1] },
								"south": { "texture": "#platemain", "uv": [ 4.0, 5.0, 8.0, 6.5 ], "windMode": [-1,-1,-1,-1], "windData": [1,1,1,1] },
								"west": { "texture": "#platemain", "uv": [ 4.0, 5.0, 5.5, 6.5 ], "windMode": [-1,-1,-1,-1], "windData": [1,1,1,1] },
								"up": { "texture": "#platemain", "uv": [ 0.0, 0.0, 4.0, 1.5 ], "windMode": [-1,-1,-1,-1], "windData": [1,1,1,1] },
								"down": { "texture": "#platemain", "uv": [ 0.0, 0.0, 4.0, 1.5 ], "windMode": [-1,-1,-1,-1], "windData": [1,1,1,1] }
							}
						}
					]
				},
				{
					"name": "Blanket22",
					"from": [ -0.1, -0.3, -0.1 ],
					"to": [ 0.6125, 0.9, 1.6 ],
					"rotationOrigin": [ 0.8, -0.3, -0.1 ],
					"faces": {
						"north": { "texture": "#platemain", "uv": [ 7.0, 5.5, 7.5, 6.5 ], "windMode": [-1,-1,-1,-1], "windData": [1,1,1,1] },
						"east": { "texture": "#platemain", "uv": [ 0.0, 0.0, 1.5, 1.0 ], "windMode": [-1,-1,-1,-1], "windData": [1,1,1,1] },
						"south": { "texture": "#platemain", "uv": [ 4.0, 5.0, 4.5, 6.0 ], "windMode": [-1,-1,-1,-1], "windData": [1,1,1,1] },
						"west": { "texture": "#platemain", "uv": [ 4.0, 5.0, 5.5, 6.0 ], "windMode": [-1,-1,-1,-1], "windData": [1,1,1,1] },
						"up": { "texture": "#platemain", "uv": [ 0.0, 0.0, 0.5, 1.5 ], "windMode": [-1,-1,-1,-1], "windData": [1,1,1,1] },
						"down": { "texture": "#platemain", "uv": [ 0.0, 0.0, 0.5, 1.5 ], "windMode": [-1,-1,-1,-1], "windData": [1,1,1,1] }
					}
				},
				{
					"name": "Blanket24",
					"from": [ -0.1, -0.3, -0.1 ],
					"to": [ 0.6125, 0.9, 1.6 ],
					"rotationOrigin": [ 0.8, -0.3, -0.1 ],
					"faces": {
						"north": { "texture": "#platemain", "uv": [ 7.0, 5.5, 7.5, 6.5 ], "windMode": [-1,-1,-1,-1], "windData": [1,1,1,1] },
						"east": { "texture": "#platemain", "uv": [ 0.0, 0.0, 1.5, 1.0 ], "windMode": [-1,-1,-1,-1], "windData": [1,1,1,1] },
						"south": { "texture": "#platemain", "uv": [ 4.0, 5.0, 4.5, 6.0 ], "windMode": [-1,-1,-1,-1], "windData": [1,1,1,1] },
						"west": { "texture": "#platemain", "uv": [ 4.0, 5.0, 5.5, 6.0 ], "windMode": [-1,-1,-1,-1], "windData": [1,1,1,1] },
						"up": { "texture": "#platemain", "uv": [ 0.0, 0.0, 0.5, 1.5 ], "windMode": [-1,-1,-1,-1], "windData": [1,1,1,1] },
						"down": { "texture": "#platemain", "uv": [ 0.0, 0.0, 0.5, 1.5 ], "windMode": [-1,-1,-1,-1], "windData": [1,1,1,1] }
					}
				},
				{
					"name": "Blanket31",
					"stepParentName": "wither",
					"from": [ -0.1, -0.12, -0.02 ],
					"to": [ 3.1125, 3.02, 6.93 ],
					"rotationOrigin": [ -0.1, -0.1, -0.1 ],
					"faces": {
						"north": { "texture": "#platemain", "uv": [ 7.0, 5.5, 10.0, 8.5 ], "windMode": [-1,-1,-1,-1], "windData": [1,1,1,1] },
						"east": { "texture": "#platemain", "uv": [ 0.0, 0.0, 6.5, 3.0 ], "windMode": [-1,-1,-1,-1], "windData": [1,1,1,1] },
						"south": { "texture": "#platemain", "uv": [ 4.0, 5.0, 7.0, 8.0 ], "windMode": [-1,-1,-1,-1], "windData": [1,1,1,1] },
						"west": { "texture": "#platemain", "uv": [ 4.0, 5.0, 10.5, 8.0 ], "windMode": [-1,-1,-1,-1], "windData": [1,1,1,1] },
						"up": { "texture": "#platemain", "uv": [ 0.0, 0.0, 3.0, 6.5 ], "windMode": [-1,-1,-1,-1], "windData": [1,1,1,1] },
						"down": { "texture": "#platemain", "uv": [ 0.0, 0.0, 3.0, 6.5 ], "windMode": [-1,-1,-1,-1], "windData": [1,1,1,1] }
					}
				},
				{
					"name": "Blanket32",
					"stepParentName": "wither2",
					"from": [ -0.01, -0.12, -0.02 ],
					"to": [ 3.4025, 3.12, 6.73 ],
					"rotationOrigin": [ -0.1, -0.1, -0.1 ],
					"faces": {
						"north": { "texture": "#platemain", "uv": [ 8.0, 5.5, 11.0, 8.5 ], "windMode": [-1,-1,-1,-1], "windData": [1,1,1,1] },
						"east": { "texture": "#platemain", "uv": [ 5.0, 5.0, 11.5, 8.0 ], "windMode": [-1,-1,-1,-1], "windData": [1,1,1,1] },
						"south": { "texture": "#platemain", "uv": [ 8.5, 10.5, 11.5, 13.5 ], "windMode": [-1,-1,-1,-1], "windData": [1,1,1,1] },
						"west": { "texture": "#platemain", "uv": [ 5.0, 5.5, 11.5, 8.5 ], "windMode": [-1,-1,-1,-1], "windData": [1,1,1,1] },
						"up": { "texture": "#platemain", "uv": [ 4.0, 1.5, 7.0, 8.0 ], "windMode": [-1,-1,-1,-1], "windData": [1,1,1,1] },
						"down": { "texture": "#platemain", "uv": [ 4.5, 2.0, 7.5, 8.5 ], "windMode": [-1,-1,-1,-1], "windData": [1,1,1,1] }
					}
				},
				{
					"name": "Blanket7",
					"from": [ -4.7021, -3.4613, -2.42 ],
					"to": [ 5.2104, 5.605, 4.69 ],
					"rotationOrigin": [ -4.7021, -3.4613, -2.42 ],
					"rotationZ": 62.5,
					"faces": {
						"north": { "texture": "#platemain", "uv": [ 7.0, 5.5, 16.5, 14.5 ], "windMode": [-1,-1,-1,-1], "windData": [1,1,1,0] },
						"east": { "texture": "#platemain", "uv": [ 4.0, 5.0, 11.0, 14.0 ], "windMode": [-1,-1,-1,-1], "windData": [0,1,1,0] },
						"south": { "texture": "#platemain", "uv": [ 4.0, 5.0, 13.5, 14.0 ], "windMode": [-1,-1,-1,-1], "windData": [1,0,1,1] },
						"west": { "texture": "#platemain", "uv": [ 4.0, 5.0, 11.0, 14.0 ], "windMode": [-1,-1,-1,-1], "windData": [1,1,1,1] },
						"up": { "texture": "#platemain", "uv": [ 5.0, 4.0, 14.5, 11.0 ], "windMode": [-1,-1,-1,-1], "windData": [1,1,1,1] },
						"down": { "texture": "#platemain", "uv": [ 4.0, 3.0, 13.5, 10.0 ], "windMode": [-1,-1,-1,-1], "windData": [1,0,0,1] }
					},
					"children": [
						{
							"name": "Mane32",
							"from": [ 7.5117, 1.5551, 2.45 ],
							"to": [ 11.0242, 9.0551, 4.76 ],
							"rotationOrigin": [ 7.5117, 1.5551, 2.4 ],
							"rotationZ": 3.0,
							"faces": {
								"north": { "texture": "#platemain", "uv": [ 7.5, 0.0, 11.0, 7.5 ], "windMode": [-1,-1,-1,-1], "windData": [1,1,1,0] },
								"east": { "texture": "#platemain", "uv": [ 6.0, 0.0, 8.0, 7.5 ], "windMode": [-1,-1,-1,-1], "windData": [0,1,1,0] },
								"south": { "texture": "#platemain", "uv": [ 5.0, 0.0, 8.5, 7.5 ], "windMode": [-1,-1,-1,-1], "windData": [1,0,1,1] },
								"west": { "texture": "#platemain", "uv": [ 5.5, -0.5, 7.5, 7.0 ], "windMode": [-1,-1,-1,-1], "windData": [1,1,1,1] },
								"up": { "texture": "#platemain", "uv": [ 5.0, 4.0, 8.5, 6.0 ], "windMode": [-1,-1,-1,-1], "windData": [1,1,1,1] },
								"down": { "texture": "#platemain", "uv": [ 4.0, 4.5, 7.5, 6.5 ], "windMode": [-1,-1,-1,-1], "windData": [1,0,0,1] }
							}
						}
					]
				}
			]
		}
	],
	"animations": [
		{
			"name": "Gallop",
			"code": "gallop",
			"quantityframes": 49,
			"onActivityStopped": "Rewind",
			"onAnimationEnd": "Repeat",
			"keyframes": [
				{
					"frame": 0,
					"elements": {
						"Blanket5": { "rotationX": 0.0, "rotationY": 0.0, "rotationZ": 14.7033 },
						"Blanket12": { "rotationX": 0.0, "rotationY": 0.0, "rotationZ": -42.0 }
					}
				},
				{
					"frame": 6,
					"elements": {
						"Blanket5": { "rotationX": 0.0, "rotationY": 0.0, "rotationZ": 15.0 }
					}
				},
				{
					"frame": 12,
					"elements": {
						"Blanket5": { "rotationX": 0.0, "rotationY": 0.0, "rotationZ": 30.0 },
						"Blanket12": { "rotationX": 0.0, "rotationY": 0.0, "rotationZ": -47.5 }
					}
				},
				{
					"frame": 14,
					"elements": {
						"Blanket5": { "rotationX": 0.0, "rotationY": 0.0, "rotationZ": 34.283 }
					}
				},
				{
					"frame": 18,
					"elements": {
						"Blanket12": { "rotationX": 0.0, "rotationY": 0.0, "rotationZ": -50.25 }
					}
				},
				{
					"frame": 24,
					"elements": {
						"Blanket5": { "rotationX": 0.0, "rotationY": 0.0, "rotationZ": 37.6977 }
					}
				},
				{
					"frame": 30,
					"elements": {
						"Blanket12": { "rotationX": 0.0, "rotationY": 0.0, "rotationZ": -29.04 }
					}
				},
				{
					"frame": 42,
					"elements": {
						"Blanket5": { "rotationX": 0.0, "rotationY": 0.0, "rotationZ": 11.3571 },
						"Blanket12": { "rotationX": 0.0, "rotationY": 0.0, "rotationZ": -42.12 }
					}
				}
			]
		},

		{
			"name": "Trot",
			"code": "trot",
			"quantityframes": 60,
			"onActivityStopped": "Rewind",
			"onAnimationEnd": "Repeat",
			"keyframes": [
				{
					"frame": 0,
					"elements": {
						"Blanket5": { "rotationX": 0.0, "rotationY": 0.0, "rotationZ": 21.0 }
					}
				},
				{
					"frame": 20,
					"elements": {
						"Blanket12": { "rotationX": 0.0, "rotationY": 0.0, "rotationZ": -26.0 },
						"Blanket3": { "rotationX": 0.0, "rotationY": 0.0, "rotationZ": 0.0 },
						"Blanket5": { "rotationX": 0.0, "rotationY": 0.0, "rotationZ": 8.0 }
					}
				},
				{
					"frame": 30,
					"elements": {
						"Blanket12": { "rotationX": 0.0, "rotationY": 0.0, "rotationZ": -13.0 },
						"Blanket5": { "rotationX": 0.0, "rotationY": 0.0, "rotationZ": 20.75 }
					}
				},
				{
					"frame": 50,
					"elements": {
						"Blanket12": { "rotationX": 0.0, "rotationY": 0.0, "rotationZ": -22.2 }
					}
				},
				{
					"frame": 54,
					"elements": {
						"Blanket5": { "rotationX": 0.0, "rotationY": 0.0, "rotationZ": 11.55 }
					}
				}
			]
		},

		{
			"name": "Eat",
			"code": "eat",
			"quantityframes": 44,
			"onActivityStopped": "Rewind",
			"onAnimationEnd": "Repeat",
			"keyframes": [
				{
					"frame": 15,
					"elements": {
						"Blanket12": { "rotationX": 0.0, "rotationY": 0.0, "rotationZ": -5.0 }
					}
				},
				{
					"frame": 23,
					"elements": {
						"Blanket12": { "rotationX": 0.0, "rotationY": 0.0, "rotationZ": -7.0 }
					}
				},
				{
					"frame": 32,
					"elements": {
						"Blanket12": { "rotationX": 0.0, "rotationY": 0.0, "rotationZ": 0.5 }
					}
				}
			]
		},

		{
			"name": "Walk",
			"code": "walk",
			"quantityframes": 49,
			"onActivityStopped": "Rewind",
			"onAnimationEnd": "Repeat",
			"keyframes": [
				{
					"frame": 4,
					"elements": {
						"Blanket12": { "rotationX": 0.0, "rotationY": 0.0, "rotationZ": -14.0 }
					}
				},
				{
					"frame": 8,
					"elements": {
						"Blanket12": { "rotationX": 0.0, "rotationY": 0.0, "rotationZ": -16.0 },
						"Blanket5": { "rotationX": 0.0, "rotationY": 0.0, "rotationZ": 9.0 }
					}
				},
				{
					"frame": 16,
					"elements": {
						"Blanket5": { "rotationX": 0.0, "rotationY": 0.0, "rotationZ": 27.0 }
					}
				},
				{
					"frame": 24,
					"elements": {
						"Blanket5": { "rotationX": 0.0, "rotationY": 0.0, "rotationZ": 10.4878 }
					}
				},
				{
					"frame": 40,
					"elements": {
						"Blanket12": { "rotationX": 0.0, "rotationY": 0.0, "rotationZ": -1.8889 },
						"Blanket5": { "rotationX": 0.0, "rotationY": 0.0, "rotationZ": 27.4331 }
					}
				},
				{
					"frame": 48,
					"elements": {
						"Blanket5": { "rotationX": 0.0, "rotationY": 0.0, "rotationZ": 13.4058 }
					}
				}
			]
		},

		{
			"name": "Canter",
			"code": "canter",
			"quantityframes": 36,
			"onActivityStopped": "Rewind",
			"onAnimationEnd": "Repeat",
			"keyframes": [
				{
					"frame": 0,
					"elements": {
						"Blanket12": { "rotationX": 0.0, "rotationY": 0.0, "rotationZ": -39.0 },
						"Blanket5": { "rotationX": 0.0, "rotationY": 0.0, "rotationZ": 12.6891 }
					}
				},
				{
					"frame": 7,
					"elements": {
						"Blanket5": { "rotationX": 0.0, "rotationY": 0.0, "rotationZ": 14.0 }
					}
				},
				{
					"frame": 11,
					"elements": {
						"Blanket12": { "rotationX": 0.0, "rotationY": 0.0, "rotationZ": -17.0 }
					}
				},
				{
					"frame": 12,
					"elements": {
						"Blanket5": { "rotationX": 0.0, "rotationY": 0.0, "rotationZ": 9.0 }
					}
				},
				{
					"frame": 18,
					"elements": {
						"Blanket12": { "rotationX": 0.0, "rotationY": 0.0, "rotationZ": -32.16 }
					}
				},
				{
					"frame": 32,
					"elements": {
						"Blanket12": { "rotationX": 0.0, "rotationY": 0.0, "rotationZ": -33.48 },
						"Blanket5": { "rotationX": 0.0, "rotationY": 0.0, "rotationZ": -3.7742 }
					}
				}
			]
		},

		{
			"name": "WalkBack",
			"code": "walkback",
			"quantityframes": 49,
			"onActivityStopped": "Rewind",
			"onAnimationEnd": "Repeat",
			"keyframes": [
				{
					"frame": 0,
					"elements": {
						"Blanket5": { "rotationX": 0.0, "rotationY": 0.0, "rotationZ": 15.0 },
						"Blanket12": { "rotationX": 0.0, "rotationY": 0.0, "rotationZ": -24.0 }
					}
				},
				{
					"frame": 8,
					"elements": {
						"Blanket5": { "rotationX": 0.0, "rotationY": 0.0, "rotationZ": 33.7949 }
					}
				},
				{
					"frame": 16,
					"elements": {
						"Blanket5": { "rotationX": 0.0, "rotationY": 0.0, "rotationZ": 10.5897 },
						"Blanket12": { "rotationX": 0.0, "rotationY": 0.0, "rotationZ": -42.0 }
					}
				},
				{
					"frame": 32,
					"elements": {
						"Blanket5": { "rotationX": 0.0, "rotationY": 0.0, "rotationZ": 32.9621 },
						"Blanket12": { "rotationX": 0.0, "rotationY": 0.0, "rotationZ": -19.5152 }
					}
				},
				{
					"frame": 39,
					"elements": {
						"Blanket5": { "rotationX": 0.0, "rotationY": 0.0, "rotationZ": 14.0 },
						"Blanket12": { "rotationX": 0.0, "rotationY": 0.0, "rotationZ": -39.0677 }
					}
				},
				{
					"frame": 40,
					"elements": {
						"Blanket12": { "rotationX": 0.0, "rotationY": 0.0, "rotationZ": -42.961 }
					}
				}
			]
		},

		{
			"name": "Jump",
			"code": "jump",
			"quantityframes": 44,
			"onActivityStopped": "Rewind",
			"onAnimationEnd": "Repeat",
			"keyframes": [
				{
					"frame": 0,
					"elements": {
						"Blanket5": { "rotationX": 0.0, "rotationY": 0.0, "rotationZ": 5.0 }
					}
				},
				{
					"frame": 12,
					"elements": {
						"Blanket5": { "rotationX": 0.0, "rotationY": 0.0, "rotationZ": 19.0 },
						"Blanket12": { "rotationX": 0.0, "rotationY": 0.0, "rotationZ": -39.0 }
					}
				},
				{
					"frame": 17,
					"elements": {
						"Blanket12": { "rotationX": 0.0, "rotationY": 0.0, "rotationZ": -37.1667 }
					}
				},
				{
					"frame": 30,
					"elements": {
						"Blanket5": { "rotationX": 0.0, "rotationY": 0.0, "rotationZ": 15.125 }
					}
				},
				{
					"frame": 36,
					"elements": {
						"Blanket3": { "rotationX": 0.0, "rotationY": 0.0, "rotationZ": 0.0 },
						"Blanket12": { "rotationX": 0.0, "rotationY": 0.0, "rotationZ": -11.0 }
					}
				},
				{
					"frame": 40,
					"elements": {
						"Blanket5": { "rotationX": 0.0, "rotationY": 0.0, "rotationZ": 10.8929 }
					}
				}
			]
		},

		{
			"name": "Sleep",
			"code": "Sleep",
			"quantityframes": 60,
			"onActivityStopped": "Rewind",
			"onAnimationEnd": "Repeat",
			"keyframes": [
				{
					"frame": 0,
					"elements": {
						"Blanket12": { "offsetX": 0.1, "offsetY": 1.9, "offsetZ": 0.6, "rotationX": 31.0, "rotationY": 0.0, "rotationZ": -29.0 },
						"Blanket17": { "offsetX": 0.0, "offsetY": 0.0, "offsetZ": 0.0, "rotationX": 0.0, "rotationY": 0.0, "rotationZ": 0.0 },
						"Blanket5": { "offsetX": 0.4, "offsetY": 1.2, "offsetZ": -0.3, "rotationX": 16.5, "rotationY": 16.5, "rotationZ": 22.5 },
						"Blanket2": { "rotationX": 0.0, "rotationY": 0.0, "rotationZ": 0.0 }
					}
				}
			]
		}
	]
}