{
	"editor": {
		"allAngles": false,
		"singleTexture": false
	},
	"textureWidth": 16,
	"textureHeight": 16,
	"textures": {
		"bottom": "block/hay/bed/bottom",
		"top1": "block/hay/bed/top1",
		"side2": "block/hay/bed/side2",
		"side1": "block/hay/bed/side1"
	},
	"elements": [
		{
			"name": "Cube2",
			"from": [ 0.0, 0.0, 1.0 ], 
			"to": [ 15.0, 4.0, 15.0 ], 
			"faces": {
				"north": { "texture": "#side1", "uv": [ 0.0, 12.0, 15.0, 16.0 ] },
				"east": { "texture": "#side2", "uv": [ 1.6, 4.0, 15.6, 8.0 ] },
				"south": { "texture": "#side1", "uv": [ 1.0, 0.0, 16.0, 4.0 ] },
				"west": { "texture": "#bottom", "uv": [ 0.0, 3.0, 14.0, 7.0 ] },
				"up": { "texture": "#top1", "uv": [ 0.0, 1.0, 15.0, 15.0 ], "rotation": 180 },
				"down": { "texture": "#bottom", "uv": [ 1.0, 1.0, 16.0, 15.0 ] }
			}
		}
	]}