[
    {
        "code": "chamomilecandle2",
        "perishableProps": {
            "type": "None",
            "freshHours": { "avg": 48 },
            "transitionHours": { "avg": 48 },
            "transitionRatio": 1,
            "transitionedStack": { "type": "item", "code": "candle-chamomile" }
        },
        "shape": { "base": "block/food/meal/liquid" },
        "ingredients": [
            {
                "code": "candle",
                "validStacks": [ { "type": "item", "code": "game:candle" } ],
                "minQuantity": 3,
                "maxQuantity": 3
            },
            {
                "code": "chamomileoil",
                "validStacks": [ { "type": "item", "code": "oil-chamomile" } ],
                "minQuantity": 1,
                "maxQuantity": 1,
                "portionSizeLitres": 1
            }
        ],
        "cooksInto": { "type": "item", "code": "candle-chamomile", "quantity": 3 }
    },
    {
        "code": "hibiscuscandle2",
        "perishableProps": {
            "type": "None",
            "freshHours": { "avg": 48 },
            "transitionHours": { "avg": 48 },
            "transitionRatio": 1,
            "transitionedStack": { "type": "item", "code": "candle-hibiscus" }
        },
        "shape": { "base": "block/food/meal/liquid" },
        "ingredients": [
            {
                "code": "candle",
                "validStacks": [ { "type": "item", "code": "game:candle" } ],
                "minQuantity": 3,
                "maxQuantity": 3
            },
            {
                "code": "hibiscusoil",
                "validStacks": [ { "type": "item", "code": "oil-hibiscus" } ],
                "minQuantity": 1,
                "maxQuantity": 1,
                "portionSizeLitres": 1
            }
        ],
        "cooksInto": { "type": "item", "code": "candle-hibiscus", "quantity": 3 }
    },
    {
        "code": "lavendercandle2",
        "perishableProps": {
            "type": "None",
            "freshHours": { "avg": 48 },
            "transitionHours": { "avg": 48 },
            "transitionRatio": 1,
            "transitionedStack": { "type": "item", "code": "candle-lavender" }
        },
        "shape": { "base": "block/food/meal/liquid" },
        "ingredients": [
            {
                "code": "candle",
                "validStacks": [ { "type": "item", "code": "game:candle" } ],
                "minQuantity": 3,
                "maxQuantity": 3
            },
            {
                "code": "lavenderoil",
                "validStacks": [ { "type": "item", "code": "oil-lavender" } ],
                "minQuantity": 1,
                "maxQuantity": 1,
                "portionSizeLitres": 1
            }
        ],
        "cooksInto": { "type": "item", "code": "candle-lavender", "quantity": 3 }
    },
    {
        "code": "calendulacandle2",
        "perishableProps": {
            "type": "None",
            "freshHours": { "avg": 48 },
            "transitionHours": { "avg": 48 },
            "transitionRatio": 1,
            "transitionedStack": { "type": "item", "code": "candle-calendula" }
        },
        "shape": { "base": "block/food/meal/liquid" },
        "ingredients": [
            {
                "code": "candle",
                "validStacks": [ { "type": "item", "code": "game:candle" } ],
                "minQuantity": 3,
                "maxQuantity": 3
            },
            {
                "code": "calendulaoil",
                "validStacks": [ { "type": "item", "code": "oil-calendula" } ],
                "minQuantity": 1,
                "maxQuantity": 1,
                "portionSizeLitres": 1
            }
        ],
        "cooksInto": { "type": "item", "code": "candle-calendula", "quantity": 3 }
    },
    {
        "code": "mintcandle2",
        "perishableProps": {
            "type": "None",
            "freshHours": { "avg": 48 },
            "transitionHours": { "avg": 48 },
            "transitionRatio": 1,
            "transitionedStack": { "type": "item", "code": "candle-mint" }
        },
        "shape": { "base": "block/food/meal/liquid" },
        "ingredients": [
            {
                "code": "candle",
                "validStacks": [ { "type": "item", "code": "game:candle" } ],
                "minQuantity": 3,
                "maxQuantity": 3
            },
            {
                "code": "mintoil",
                "validStacks": [ { "type": "item", "code": "oil-mint" } ],
                "minQuantity": 1,
                "maxQuantity": 1,
                "portionSizeLitres": 1
            }
        ],
        "cooksInto": { "type": "item", "code": "candle-mint", "quantity": 3 }
    }
]