[
    {
        "code": "shea",
        "perishableProps": {
            "type": "None",
            "freshHours": { "avg": 3360 },
            "transitionHours": { "avg": 48 },
            "transitionRatio": 1,
            "transitionedStack": { "type": "item", "code": "shea-butter" }
        },
        "shape": { "base": "block/food/meal/liquid" },
        "ingredients": [
            {
                "code": "sheakernal",
                "validStacks": [ { "type": "item", "code": "shea-kernel" } ],
                "minQuantity": 1,
                "maxQuantity": 1
            },
            {
                "code": "water",
                "validStacks": [ { "type": "item", "code": "game:waterportion" } ],
                "minQuantity": 1,
                "maxQuantity": 1,
                "portionSizeLitres": 1
            }
        ],
        "cooksInto": { "type": "item", "code": "shea-butter", "quantity": 2 }
    }
]