[
    {
        "code": "chamomiletea",
        "perishableProps": {
            "type": "None",
            "freshHours": { "avg": 72 },
            "transitionHours": { "avg": 168 },
            "transitionRatio": 0.5,
            "transitionedStack": { "type": "item", "code": "game:rot" }
        },
        "shape": { "base": "block/food/meal/liquid" },
        "ingredients": [
            {
                "code": "water1",
                "validStacks": [ { "type": "item", "code": "game:waterportion" } ],
                "minQuantity": 1,
                "maxQuantity": 1,
                "portionSizeLitres": 1
            },
            {
                "code": "driedchamomile",
                "validStacks": [ { "type": "item", "code": "herb-chamomile-dried" } ],
                "minQuantity": 2,
                "maxQuantity": 2
            }
        ],
        "isFood": true,
        "cooksInto": { "type": "item", "code": "tea-chamomile", "quantity": 100 }
    },
    {
        "code": "hibiscustea",
        "perishableProps": {
            "type": "None",
            "freshHours": { "avg": 72 },
            "transitionHours": { "avg": 168 },
            "transitionRatio": 0.5,
            "transitionedStack": { "type": "item", "code": "game:rot" }
        },
        "shape": { "base": "block/food/meal/liquid" },
        "ingredients": [
            {
                "code": "water1",
                "validStacks": [ { "type": "item", "code": "game:waterportion" } ],
                "minQuantity": 1,
                "maxQuantity": 1,
                "portionSizeLitres": 1
            },
            {
                "code": "driedhibiscus",
                "validStacks": [ { "type": "item", "code": "herb-hibiscus-dried" } ],
                "minQuantity": 2,
                "maxQuantity": 2
            }
        ],
        "isFood": true,
        "cooksInto": { "type": "item", "code": "tea-hibiscus", "quantity": 100 }
    },
    {
        "code": "lavendertea",
        "perishableProps": {
            "type": "None",
            "freshHours": { "avg": 72 },
            "transitionHours": { "avg": 168 },
            "transitionRatio": 0.5,
            "transitionedStack": { "type": "item", "code": "game:rot" }
        },
        "shape": { "base": "block/food/meal/liquid" },
        "ingredients": [
            {
                "code": "water1",
                "validStacks": [ { "type": "item", "code": "game:waterportion" } ],
                "minQuantity": 1,
                "maxQuantity": 1,
                "portionSizeLitres": 1
            },
            {
                "code": "driedlavender",
                "validStacks": [ { "type": "item", "code": "herb-lavender-dried" } ],
                "minQuantity": 2,
                "maxQuantity": 2
            }
        ],
        "isFood": true,
        "cooksInto": { "type": "item", "code": "tea-lavender", "quantity": 100 }
    },
    {
        "code": "calendulatea",
        "perishableProps": {
            "type": "None",
            "freshHours": { "avg": 72 },
            "transitionHours": { "avg": 168 },
            "transitionRatio": 0.5,
            "transitionedStack": { "type": "item", "code": "game:rot" }
        },
        "shape": { "base": "block/food/meal/liquid" },
        "ingredients": [
            {
                "code": "water1",
                "validStacks": [ { "type": "item", "code": "game:waterportion" } ],
                "minQuantity": 1,
                "maxQuantity": 1,
                "portionSizeLitres": 1
            },
            {
                "code": "driedcalendula",
                "validStacks": [ { "type": "item", "code": "herb-calendula-dried" } ],
                "minQuantity": 2,
                "maxQuantity": 2
            }
        ],
        "isFood": true,
        "cooksInto": { "type": "item", "code": "tea-calendula", "quantity": 100 }
    },
    {
        "code": "minttea",
        "perishableProps": {
            "type": "None",
            "freshHours": { "avg": 72 },
            "transitionHours": { "avg": 168 },
            "transitionRatio": 0.5,
            "transitionedStack": { "type": "item", "code": "game:rot" }
        },
        "shape": { "base": "block/food/meal/liquid" },
        "ingredients": [
            {
                "code": "water1",
                "validStacks": [ { "type": "item", "code": "game:waterportion" } ],
                "minQuantity": 1,
                "maxQuantity": 1,
                "portionSizeLitres": 1
            },
            {
                "code": "driedmint",
                "validStacks": [ { "type": "item", "code": "herb-mint-dried" } ],
                "minQuantity": 2,
                "maxQuantity": 2
            }
        ],
        "isFood": true,
        "cooksInto": { "type": "item", "code": "tea-mint", "quantity": 100 }
    }
]