 [
    {
        "file": "game:blocktypes/metal/lantern.json",
        "op": "addmerge",
        "path": "/attributesByType/*-up/attachableToEntity/attachedShapeBySlotCode",
        "value": {
            "neck-ferus": {
                "base": "equus:item/wearable/lantern1-ferus"
            }
        },
        "side": "server"
    },
    {
        "enabled": true,
        "dependsOn": [
            {
                "modid": "cervinae",
                "invert": true
            }
        ],
        "op": "remove",
        "path": "/attributesByType/bed-hay-*/attachableToEntity/attachedShape",
        "file": "game:blocktypes/wood/bed.json",
        "side": "Server"
    },
    {
        "file": "game:blocktypes/wood/bed.json",
        "op": "addmerge",
        "path": "/attributesByType/bed-hay-*/attachableToEntity/attachedShapeBySlotCode",
        "value":{
                    "low*rback": {
                        "base": "block/hay/strawbed-inventory"
                    },
                    "lowerback-ferus": {
                        "base": "equus:item/wearable/strawbed"
            }
        },
        "side": "server"
    }
]