[
    {
        "op": "add",
        "path": "/server/behaviors/-",
        "value": {
            "code": "tameable",
            "tameEntityCode": "wolftaming:dog-wolf-pup",
            "treat": [
                {
                    "code": "bone",
                    "progress": 0.05,
                    "cooldown": 2
                },
                {
                    "code": "bushmeat-raw",
                    "progress": 0.05,
                    "cooldown": 2
                },
                {
                    "code": "redmeat-raw",
                    "progress": 0.1,
                    "cooldown": 3
                },
                {
                    "code": "poultry-raw",
                    "progress": 0.1,
                    "cooldown": 3
                }
            ]
        },
        "file": "game:entities/animal/mammal/wolf-baby.json"
    },
    {
        "op": "add",
        "path": "/server/behaviors/-",
        "value": {
            "code": "mouthinventory",
            "acceptStacks": [
                {
                    "type": "item",
                    "code": "bone"
                },
                {
                    "type": "item",
                    "code": "bushmeat-raw"
                },
                {
                    "type": "item",
                    "code": "redmeat-raw"
                },
                {
                    "type": "item",
                    "code": "poultry-raw"
                }
            ]
        },
        "file": "game:entities/animal/mammal/wolf-baby.json"
    },
    {
        "op": "add",
        "path": "/client/behaviors/-",
        "value": {
            "code": "tameable",
            "treat": [
                {
                    "code": "bone",
                    "progress": 0.05,
                    "cooldown": 2
                },
                {
                    "code": "bushmeat-raw",
                    "progress": 0.05,
                    "cooldown": 2
                },
                {
                    "code": "redmeat-raw",
                    "progress": 0.1,
                    "cooldown": 3
                },
                {
                    "code": "poultry-raw",
                    "progress": 0.1,
                    "cooldown": 3
                }
            ]
        },
        "file": "game:entities/animal/mammal/wolf-baby.json"
    },
    {
        "op": "add",
        "path": "/client/behaviors/-",
        "value": {
            "code": "mouthinventory",
            "acceptStacks": [
                {
                    "type": "item",
                    "code": "bone"
                },
                {
                    "type": "item",
                    "code": "bushmeat-raw"
                },
                {
                    "type": "item",
                    "code": "redmeat-raw"
                },
                {
                    "type": "item",
                    "code": "poultry-raw"
                }
            ]
        },
        "file": "game:entities/animal/mammal/wolf-baby.json"
    },
    {
        "op": "add",
        "path": "/server/behaviors/10/aitasks/-",
        "value": {
            "code": "useinventory",
            "animation": "eat",
            "animationSpeed": 0.75,
            "priority": 2.1,
            "priorityForCancel": 2.2,
            "eatItemCategories": [
                "Protein"
            ],
            "eatItemCodes": [
                "bone",
                "bushmeat-raw",
                "redmeat-raw",
                "poultry-raw"
            ],
            "useTime": 1.5,
            "mincooldownHours": 1,
            "maxcooldownHours": 1.5
        },
        "file": "game:entities/animal/mammal/wolf-baby.json"
    }
]