{
	"editor": {
		"allAngles": false,
		"entityTextureMode": false
	},
	"textureWidth": 16,
	"textureHeight": 16,
	"textureSizes": {
	},
	"textures": {
		"straps": "game:item/bag/backpack/straps",
		"leather": "game:block/leather/chromium",
		"linen": "game:item/tool/material/linen",
		"quartz": "game:item/resource/ungraded/clearquartz",
		"lapislazuli": "game:item/resource/ungraded/lapislazuli",
		"emerald": "game:block/stone/gem/emerald",
		"diamond": "game:block/stone/gem/diamond"
	},
	"elements": [
		{
			"name": "backpack",
			"from": [ 5.75, 5.9, 5.3 ],
			"to": [ 10.75, 10.9, 8.8 ],
			"rotationOrigin": [ 8.0, -0.7, 7.3 ],
			"faces": {
				"north": { "texture": "#leather", "uv": [ 0.0, 3.5, 5.0, 8.5 ] },
				"east": { "texture": "#leather", "uv": [ 1.0, 3.5, 4.5, 8.5 ] },
				"south": { "texture": "#leather", "uv": [ 5.0, 3.0, 10.0, 8.0 ], "autoUv": false },
				"west": { "texture": "#leather", "uv": [ 10.0, 3.5, 13.5, 8.5 ] },
				"up": { "texture": "#leather", "uv": [ 5.0, 1.0, 10.0, 4.5 ] },
				"down": { "texture": "#leather", "uv": [ 0.0, 7.0, 5.0, 10.5 ] }
			},
			"children": [
				{
					"name": "bottom",
					"from": [ 0.0, -0.5, 0.5 ],
					"to": [ 5.0, 0.0, 3.5 ],
					"faces": {
						"north": { "texture": "#leather", "uv": [ 0.0, 5.0, 5.0, 5.5 ] },
						"east": { "texture": "#leather", "uv": [ 1.0, 5.0, 4.0, 5.5 ] },
						"south": { "texture": "#leather", "uv": [ 11.0, 5.0, 16.0, 5.5 ] },
						"west": { "texture": "#leather", "uv": [ 11.0, 5.0, 14.0, 5.5 ] },
						"down": { "texture": "#leather", "uv": [ 6.0, 11.0, 11.0, 14.0 ] }
					}
				},
				{
					"name": "L pocket",
					"from": [ -0.7, 1.5, 0.6 ],
					"to": [ 0.3, 4.5, 3.1 ],
					"rotationOrigin": [ -0.2, 4.5, 2.0 ],
					"rotationZ": -10.0,
					"faces": {
						"north": { "texture": "#leather", "uv": [ 2.5, 8.5, 3.5, 11.5 ] },
						"east": { "texture": "#leather", "uv": [ 0.5, 2.0, 3.0, 5.0 ] },
						"south": { "texture": "#leather", "uv": [ 3.0, 9.5, 4.0, 12.5 ] },
						"west": { "texture": "#leather", "uv": [ 3.5, 6.5, 11.0, 12.5 ], "autoUv": false },
						"up": { "texture": "#leather", "uv": [ 3.5, 0.0, 11.0, 7.0 ], "rotation": 90, "autoUv": false },
						"down": { "texture": "#leather", "uv": [ 3.0, 7.0, 4.0, 9.5 ] }
					}
				},
				{
					"name": "R pocket",
					"from": [ 4.7, 1.5, 0.6 ],
					"to": [ 5.7, 4.5, 3.1 ],
					"rotationOrigin": [ 5.2, 4.5, 1.6 ],
					"rotationZ": 10.0,
					"faces": {
						"north": { "texture": "#leather", "uv": [ 13.0, 7.0, 14.0, 10.0 ] },
						"east": { "texture": "#leather", "uv": [ 4.0, 6.5, 11.0, 12.5 ], "autoUv": false },
						"south": { "texture": "#leather", "uv": [ 13.0, 8.0, 14.0, 11.0 ] },
						"up": { "texture": "#leather", "uv": [ 4.0, 1.5, 11.0, 7.0 ], "rotation": 270, "autoUv": false },
						"down": { "texture": "#leather", "uv": [ 2.0, 6.5, 3.0, 9.0 ] }
					}
				},
				{
					"name": "top pocket",
					"from": [ 1.0, 0.2, 3.0 ],
					"to": [ 4.0, 5.2, 4.0 ],
					"rotationOrigin": [ 2.5, 5.1, 3.0 ],
					"rotationX": -15.0,
					"faces": {
						"east": { "texture": "#leather", "uv": [ 9.5, 1.5, 10.5, 6.5 ] },
						"south": { "texture": "#leather", "uv": [ 6.0, 2.0, 9.0, 7.0 ] },
						"west": { "texture": "#leather", "uv": [ 2.5, 1.5, 3.5, 6.5 ] },
						"up": { "texture": "#leather", "uv": [ 0.0, 3.0, 3.0, 4.0 ] },
						"down": { "texture": "#leather", "uv": [ 6.0, 6.0, 9.0, 7.0 ] }
					}
				},
				{
					"name": "L wood",
					"from": [ -0.1, -3.1, -0.1 ],
					"to": [ 0.9, 5.9, 0.9 ],
					"rotationOrigin": [ 0.4, 5.9, 0.0 ],
					"rotationX": 2.0,
					"rotationZ": -3.0,
					"faces": {
						"north": { "texture": "#straps", "uv": [ 7.5, 4.0, 8.5, 13.0 ] },
						"east": { "texture": "#straps", "uv": [ 8.0, 5.0, 9.0, 14.0 ] },
						"south": { "texture": "#straps", "uv": [ 3.0, 7.0, 4.0, 16.0 ] },
						"west": { "texture": "#straps", "uv": [ 1.5, 1.5, 2.5, 10.5 ] },
						"up": { "texture": "#straps", "uv": [ 2.0, 5.0, 3.0, 6.0 ] },
						"down": { "texture": "#straps", "uv": [ 1.5, 2.0, 2.5, 3.0 ] }
					}
				},
				{
					"name": "R wood",
					"from": [ 4.3, -3.1, -0.1 ],
					"to": [ 5.3, 5.9, 0.9 ],
					"rotationOrigin": [ 4.8, 5.9, 0.0 ],
					"rotationX": 2.0,
					"rotationZ": 3.0,
					"faces": {
						"north": { "texture": "#straps", "uv": [ 7.0, 6.5, 8.0, 15.5 ] },
						"east": { "texture": "#straps", "uv": [ 7.5, 5.0, 8.5, 14.0 ] },
						"south": { "texture": "#straps", "uv": [ 6.0, 1.5, 7.0, 10.5 ] },
						"west": { "texture": "#straps", "uv": [ 7.5, 5.0, 8.5, 14.0 ] },
						"up": { "texture": "#straps", "uv": [ 7.0, 3.0, 8.0, 4.0 ] },
						"down": { "texture": "#straps", "uv": [ 0.0, 0.0, 1.0, 1.0 ] }
					}
				},
				{
					"name": "Matras",
					"from": [ -0.5, 2.0, 2.8 ],
					"to": [ 5.5, 4.0, 4.8 ],
					"rotationOrigin": [ 0.0, 4.0, 4.0 ],
					"rotationX": 180.0,
					"faces": {
						"north": { "texture": "#linen", "uv": [ 4.25, 6.5, 10.25, 8.5 ] },
						"east": { "texture": "#linen", "uv": [ 4.0, 4.5, 9.5, 7.0 ], "autoUv": false },
						"south": { "texture": "#linen", "uv": [ 1.25, 1.0, 14.0, 15.0 ], "autoUv": false },
						"west": { "texture": "#linen", "uv": [ 6.5, 5.5, 8.5, 7.5 ] },
						"up": { "texture": "#linen", "uv": [ 1.5, 1.0, 14.25, 15.0 ], "autoUv": false },
						"down": { "texture": "#linen", "uv": [ 1.5, 1.5, 14.5, 13.5 ], "autoUv": false }
					},
					"children": [
						{
							"name": "storpa L",
							"from": [ 1.0, -0.2, -0.2 ],
							"to": [ 1.5, 2.2, 2.2 ],
							"rotationOrigin": [ -5.0, 0.0, -1.0 ],
							"faces": {
								"north": { "texture": "#leather", "uv": [ 11.5, 7.5, 14.5, 14.5 ], "autoUv": false },
								"east": { "texture": "#leather", "uv": [ 11.5, 6.0, 14.0, 14.0 ], "autoUv": false },
								"south": { "texture": "#leather", "uv": [ 11.5, 6.0, 14.5, 10.5 ], "autoUv": false },
								"west": { "texture": "#leather", "uv": [ 11.5, 7.0, 14.0, 13.5 ], "autoUv": false },
								"up": { "texture": "#leather", "uv": [ 12.0, 7.0, 14.5, 14.5 ], "autoUv": false },
								"down": { "texture": "#leather", "uv": [ 12.0, 7.0, 15.0, 13.0 ], "autoUv": false }
							}
						},
						{
							"name": "stropa R",
							"from": [ 4.4, -0.2, -0.2 ],
							"to": [ 4.9, 2.2, 2.2 ],
							"rotationOrigin": [ 5.0, 1.0, 0.0 ],
							"faces": {
								"north": { "texture": "#leather", "uv": [ 1.5, 7.0, 4.0, 13.5 ], "autoUv": false },
								"east": { "texture": "#leather", "uv": [ 1.5, 6.5, 4.0, 13.5 ], "autoUv": false },
								"south": { "texture": "#leather", "uv": [ 1.0, 7.0, 4.5, 15.0 ], "autoUv": false },
								"west": { "texture": "#leather", "uv": [ 1.5, 6.0, 4.0, 14.0 ], "autoUv": false },
								"up": { "texture": "#leather", "uv": [ 2.0, 6.0, 4.5, 14.0 ], "autoUv": false },
								"down": { "texture": "#leather", "uv": [ 1.5, 6.5, 4.0, 13.0 ], "autoUv": false }
							}
						},
						{
							"name": "center",
							"from": [ -0.2, 0.2, 0.25 ],
							"to": [ 6.2, 1.8, 1.75 ],
							"rotationOrigin": [ 1.0, 2.0, 0.0 ],
							"faces": {
								"north": { "texture": "#linen", "uv": [ 0.0, 0.0, 6.25, 1.5 ] },
								"east": { "texture": "#linen", "uv": [ 0.0, 0.0, 1.5, 1.5 ] },
								"south": { "texture": "#linen", "uv": [ 0.0, 0.0, 6.25, 1.5 ] },
								"west": { "texture": "#linen", "uv": [ 0.0, 0.0, 1.5, 1.5 ] },
								"up": { "texture": "#linen", "uv": [ 0.0, 0.0, 6.25, 1.5 ] },
								"down": { "texture": "#linen", "uv": [ 0.0, 0.0, 6.25, 1.5 ] }
							}
						},
						{
							"name": "center mini",
							"from": [ -0.6, 0.4, 0.4 ],
							"to": [ 6.6, 1.6, 1.6 ],
							"rotationOrigin": [ 1.0, 2.0, 0.0 ],
							"faces": {
								"north": { "texture": "#linen", "uv": [ 4.5, 6.0, 8.75, 10.0 ], "autoUv": false },
								"east": { "texture": "#linen", "uv": [ 3.75, 4.0, 10.75, 10.5 ], "autoUv": false },
								"south": { "texture": "#linen", "uv": [ 4.75, 6.5, 9.25, 9.5 ], "autoUv": false },
								"west": { "texture": "#linen", "uv": [ 4.25, 6.0, 10.5, 12.5 ], "autoUv": false },
								"up": { "texture": "#linen", "uv": [ 3.0, 5.0, 7.5, 2.0 ], "autoUv": false },
								"down": { "texture": "#linen", "uv": [ 2.5, 5.0, 5.5, 9.0 ], "autoUv": false }
							}
						}
					]
				},
				{
					"name": "base",
					"from": [ -0.5, -4.0, 0.4 ],
					"to": [ 5.5, 3.0, 4.4 ],
					"rotationOrigin": [ -0.5, -4.0, -0.1 ],
					"faces": {
						"north": { "texture": "#leather", "uv": [ 9.5, 8.0, 15.5, 15.0 ] },
						"east": { "texture": "#leather", "uv": [ 0.5, 9.0, 4.5, 16.0 ] },
						"south": { "texture": "#leather", "uv": [ 4.5, 5.0, 10.5, 12.0 ], "autoUv": false },
						"west": { "texture": "#leather", "uv": [ 10.0, 9.0, 14.0, 16.0 ] },
						"up": { "texture": "#leather", "uv": [ 4.5, 0.5, 10.5, 5.5 ], "autoUv": false },
						"down": { "texture": "#leather", "uv": [ 1.5, 10.0, 7.5, 14.0 ] }
					},
					"children": [
						{
							"name": "bottom 1",
							"from": [ 0.5, -0.5, 0.0 ],
							"to": [ 5.5, 0.0, 3.5 ],
							"rotationOrigin": [ 0.0, -0.5, -0.5 ],
							"faces": {
								"north": { "texture": "#leather", "uv": [ 5.5, 3.0, 10.5, 3.5 ] },
								"east": { "texture": "#leather", "uv": [ 2.5, 3.5, 6.0, 4.0 ] },
								"south": { "texture": "#leather", "uv": [ 5.5, 4.0, 10.5, 4.5 ] },
								"west": { "texture": "#leather", "uv": [ 10.0, 3.0, 13.5, 3.5 ] },
								"down": { "texture": "#leather", "uv": [ 5.5, 0.5, 10.5, 4.0 ] }
							}
						}
					]
				},
				{
					"name": "L large pocket",
					"from": [ -1.7, -3.8, 0.5 ],
					"to": [ -0.2, 1.1, 4.0 ],
					"rotationOrigin": [ -1.0, 1.0, 2.4 ],
					"rotationZ": 15.0,
					"faces": {
						"north": { "texture": "#leather", "uv": [ 6.5, 8.0, 10.0, 15.0 ], "autoUv": false },
						"east": { "texture": "#leather", "uv": [ 0.0, 0.0, 3.5, 4.5 ] },
						"south": { "texture": "#leather", "uv": [ 5.0, 8.0, 8.0, 13.5 ], "autoUv": false },
						"west": { "texture": "#leather", "uv": [ 4.0, 6.5, 11.0, 13.5 ], "autoUv": false },
						"up": { "texture": "#leather", "uv": [ 4.0, -0.5, 11.0, 7.0 ], "rotation": 90, "autoUv": false },
						"down": { "texture": "#leather", "uv": [ 0.0, 1.0, 1.5, 4.5 ] }
					}
				},
				{
					"name": "R large pocket",
					"from": [ 5.4, -3.5, 0.5 ],
					"to": [ 6.9, 1.4, 4.0 ],
					"rotationOrigin": [ 5.9, 2.0, 2.0 ],
					"rotationZ": -15.0,
					"faces": {
						"north": { "texture": "#leather", "uv": [ 4.0, 8.0, 7.5, 14.5 ], "autoUv": false },
						"east": { "texture": "#leather", "uv": [ 3.5, 6.5, 11.0, 13.5 ], "autoUv": false },
						"south": { "texture": "#leather", "uv": [ 7.5, 8.5, 11.0, 13.0 ], "autoUv": false },
						"west": { "texture": "#leather", "uv": [ 6.5, 0.5, 10.0, 5.0 ] },
						"up": { "texture": "#leather", "uv": [ 3.5, 3.5, 11.0, 7.0 ], "rotation": 270, "autoUv": false },
						"down": { "texture": "#leather", "uv": [ 1.0, 0.5, 2.5, 4.0 ] }
					}
				},
				{
					"name": "Gudziki",
					"from": [ 0.0, 0.0, 0.0 ],
					"to": [ 1.0, 1.0, 1.0 ],
					"faces": {
						"north": { "texture": "#lapislazuli", "uv": [ 0.0, 0.0, 1.0, 1.0 ] },
						"east": { "texture": "#lapislazuli", "uv": [ 0.0, 0.0, 1.0, 1.0 ] },
						"south": { "texture": "#lapislazuli", "uv": [ 0.0, 0.0, 1.0, 1.0 ] },
						"west": { "texture": "#lapislazuli", "uv": [ 0.0, 0.0, 1.0, 1.0 ] },
						"up": { "texture": "#lapislazuli", "uv": [ 0.0, 0.0, 1.0, 1.0 ] },
						"down": { "texture": "#lapislazuli", "uv": [ 0.0, 0.0, 1.0, 1.0 ] }
					},
					"children": [
						{
							"name": "Wooden01",
							"from": [ -1.84, 0.46, 2.0 ],
							"to": [ -1.44, 0.96, 2.5 ],
							"rotationOrigin": [ -2.0, 1.0, 2.0 ],
							"rotationZ": 12.0,
							"faces": {
								"north": { "texture": "#straps", "uv": [ 4.5, 5.5, 5.0, 6.0 ] },
								"east": { "texture": "#straps", "uv": [ 4.5, 4.0, 5.0, 4.5 ] },
								"south": { "texture": "#straps", "uv": [ 4.5, 6.0, 5.0, 6.5 ] },
								"west": { "texture": "#straps", "uv": [ 4.5, 4.0, 5.0, 4.5 ] },
								"up": { "texture": "#straps", "uv": [ 4.5, 4.0, 5.0, 4.5 ] },
								"down": { "texture": "#straps", "uv": [ 4.5, 4.0, 5.0, 4.5 ] }
							}
						},
						{
							"name": "Wooden02",
							"from": [ -0.72, 4.54, 1.76 ],
							"to": [ -0.47, 4.89, 2.1 ],
							"rotationOrigin": [ -2.0, 5.0, 2.0 ],
							"rotationZ": -10.0,
							"faces": {
								"north": { "texture": "#straps", "uv": [ 4.5, 5.5, 5.0, 6.0 ] },
								"east": { "texture": "#straps", "uv": [ 4.5, 4.0, 5.0, 4.5 ] },
								"south": { "texture": "#straps", "uv": [ 4.5, 6.0, 5.0, 6.5 ] },
								"west": { "texture": "#straps", "uv": [ 4.5, 4.0, 5.0, 4.5 ] },
								"up": { "texture": "#straps", "uv": [ 4.5, 4.0, 5.0, 4.5 ] },
								"down": { "texture": "#straps", "uv": [ 4.5, 4.0, 5.0, 4.5 ] }
							}
						},
						{
							"name": "Wooden03",
							"from": [ 5.43, 4.04, 1.68 ],
							"to": [ 5.68, 4.39, 2.02 ],
							"rotationOrigin": [ 4.0, 5.0, 2.0 ],
							"rotationZ": 10.0,
							"faces": {
								"north": { "texture": "#straps", "uv": [ 4.5, 5.5, 5.0, 6.0 ] },
								"east": { "texture": "#straps", "uv": [ 4.5, 4.0, 5.0, 4.5 ] },
								"south": { "texture": "#straps", "uv": [ 4.5, 6.0, 5.0, 6.5 ] },
								"west": { "texture": "#straps", "uv": [ 4.5, 4.0, 5.0, 4.5 ] },
								"up": { "texture": "#straps", "uv": [ 4.5, 4.0, 5.0, 4.5 ] },
								"down": { "texture": "#straps", "uv": [ 4.5, 4.0, 5.0, 4.5 ] }
							}
						},
						{
							"name": "Wooden04",
							"from": [ 6.4, 0.94, 1.9 ],
							"to": [ 6.8, 1.44, 2.4 ],
							"rotationOrigin": [ 6.0, 1.0, 2.0 ],
							"rotationZ": -12.0,
							"faces": {
								"north": { "texture": "#straps", "uv": [ 4.5, 5.5, 5.0, 6.0 ] },
								"east": { "texture": "#straps", "uv": [ 4.5, 4.0, 5.0, 4.5 ] },
								"south": { "texture": "#straps", "uv": [ 4.5, 6.0, 5.0, 6.5 ] },
								"west": { "texture": "#straps", "uv": [ 4.5, 4.0, 5.0, 4.5 ] },
								"up": { "texture": "#straps", "uv": [ 4.5, 4.0, 5.0, 4.5 ] },
								"down": { "texture": "#straps", "uv": [ 4.5, 4.0, 5.0, 4.5 ] }
							}
						}
					]
				}
			]
		}
	]}