{
	"code": "tamedwildhorse",
	"class": "EntityAgent",
	"tags": ["animal", "huntable", "habitat-land", "tamed"],
	"inheritFrom": "entities/wildwildhorse",
	"attributes": {
		"tamedByType": { "*": true },
		"killedByInfoText": "deadcreature-killed",
		"basketCatchable": true,
		"trapChanceByType": { "*": 0.0 },
		"trapDestroyChanceByType": { "*-baby-*": 0.85, "*": 0.99 },
		"minGenerationToAllowHealing": 0,
		"creatureDiet": {
			"foodCategories": ["Fruit","Grain","Vegetable"],
			"foodTags": ["fruitmash","grass","nibblecrop"]
		},
		"handbook": {
			"groupcode": "creaturegroup-tamedwildhorse-{type}"
		}
	},
	"drops": [],
	"behaviorConfigs": {
		"rideableaccessories": {
			"enabledByType": {
				"*adult*": true,
				"*": false
			},
			"wearableSlots": [
				{ "code": "head-{type}", "forCategoryCodes": ["bridle", "tackbridle"], "attachmentPointCode": "HeadAP","stepParentTo": { "": { "elementName": "Head" } } }, 
				{ "code": "middleback-{type}", "forCategoryCodes": ["saddle", "tacksaddle"], "attachmentPointCode": "MidAP","stepParentTo": { "": { "elementName": "MidStorage" } } },
				{ "code": "middlebackunder-{type}", "forCategoryCodes": ["blanket", "tackblanket"], "attachmentPointCode": "MidUnderAP", "stepParentTo": { "": { "elementName": "MidUnderStorage" } } },
				{ "code": "lowerbackside-{type}", "forCategoryCodes": ["sidebags"], "attachmentPointCode": "RearSideAP", "stepParentTo": { "": { "elementName": "RearSideStorage" } } },
				{ "code": "neck-{type}", "forCategoryCodes": ["lantern"], "attachmentPointCode": "NeckAP", "stepParentTo": { "": { "elementName": "NeckStorage" } } },
				{ "code": "lowerback-ferus", "forCategoryCodes": ["bedroll"], "attachmentPointCode": "RearAP", "stepParentTo": { "": { "elementName": "RearStorage" } } },
				{ "code": "face-{type}", "forCategoryCodes": ["face"], "attachmentPointCode": "FaceAP", "stepParentTo": { "": { "elementName": "FaceStorage" } } },
				{ "code": "Riding-{type}", "forCategoryCodes": [], "attachmentPointCode": "RidingAP", "stepParentTo": { "": { "elementName": "RidingStorage" } } }
			]},
			"selectionboxes": {
				"enabledByType": {"*adult*": true,"*": false},
				"selectionBoxes": [ "HeadAP", "MidAP", "MidUnderAP", "RearSideAP", "NeckAP", "RearAP", "FaceAP", "RidingAP" ]
			},
		"jaunt:rideable": {
			"enabledByType": {
				"*adult*": true,
				"*": false
			},
			"saddleBreaksRequired": { "avg": 0, "var": 0 }
		},
			"ownable": {
				"enabledByType": {
					"*adult*": true,
					"*": false
				},
				"groupCode": "ferus"		
		},
		"genelib.multiply": {
            "enabledByType": { "*-adult-female-*" : true, "*": false },
			"spawnEntityCodes": [ { "code":"equus:wildhorse-baby-female-{type}"}, { "code": "equus:wildhorse-baby-male-{type}"} ],
			"requiresNearbyEntityCode": "equus:tamedwildhorse-adult-male-{type}",
			"requiresNearbyEntityRange": 10,
			"spawnQuantityMin": 1,
			"spawnQuantityMax": 1.005,
			"pregnancyDays": 85,
			"multiplyCooldownDaysMin": 6,
			"multiplyCooldownDaysMax": 11,
			"portionsEatenForMultiply": 10,
            "eatAnyway": true
		}
	},
	"client": {
		"behaviors": [
			{ "code": "repulseagents" },
			{ "code": "controlledphysics"},
			{ "code": "mortallywoundable"},
			{ "code": "floatupwhenstuck"},
			{ "code": "interpolateposition" },
			{ "code": "health" },
			{ "code": "harvestable"},
			{ "code": "genelib.multiply"},
			{ "code": "milkable", "enabledByType": { "*-adult-female-*" : true, "*": false }},
			{ "code": "ownable"},
			{ "code": "rideableaccessories"},
			{ "code": "jaunt:rideable"},
			{ "code": "selectionboxes"},
			{ "code": "jaunt:stamina" },
			{ "code": "jaunt:gait" },
			{ "code": "ropetieable" },
			{ "code": "genelib.info", "showtagonlywhentargeted": true }
		]
	},
	"server": {
		"behaviors": [
			{ "code": "ownable" },
			{ "code": "repulseagents" },
			{ "code": "controlledphysics" },
			{ "code": "mortallywoundable" },
			{ "code": "health" },
			{ "code": "deaddecay" },
			{ "code": "floatupwhenstuck" },
			{ "code": "harvestable" },
			{ "code": "genelib.info", "showtagonlywhentargeted": true },
			{ "code": "breathe" },
			{
				"code": "genelib.genetics",
				"genomeType": "equus:equine"
			},
			{ "code": "genelib.multiply" },
			{
				"code": "milkable",
				"enabledByType": {
					"*-adult-female-*": true,
					"*": false
				}
			},
			{
				"code": "grow",
				"enabledByType": {
					"*-baby-*": true,
					"*": false
				},
				"hoursToGrowByType": { "*": 1200 },
				"adultEntityCodesByType": {
					"*-baby-male-*": [ "equus:wildhorse-adult-male-{type}" ],
					"*-baby-female-*": [ "equus:wildhorse-adult-female-{type}" ]
				}
			},
			{ "code": "emotionstates" },
			{ "code": "taskai" },
			{ "code": "pettable" },
			{ "code": "selectionboxes" },
			{ "code": "rideableaccessories" },
			{ "code": "jaunt:gait" },
			{ "code": "jaunt:rideable" },
			{ "code": "jaunt:stamina" },
			{ "code": "ropetieable" },
			{ "code": "entitystatetags" }
		]
}}
