[
	{
	"name": "nadiyan-coat",
	"enabled": true,
	"ingredientPattern": "BLB,BPB,TST",
	"requiresTrait": "clothier",
	"ingredients": {
		"B": { "type": "item", "code": "game:cloth-brown" },
		"P": { "type": "item", "code": "game:cloth-plain" },
		"S": { "type": "item", "code": "game:sewingkit" },
		"T": { "type": "item", "code": "tailorsdelight:twine-brown" },
		"L": { "type": "item", "code": "tailorsdelight:leatherbundle-nadiyan" }
	},
	"width": 3,
	"height": 3,
	"output": { "type": "item", "code": "game:clothes-nadiya-upperbodyover-coat-long" }
	},

	{
	"name": "nadiyan-pristine-miner-bolero",
	"enabled": true,
	"ingredientPattern": "WSW,BWB,ODO",
	"requiresTrait": "clothier",
	"ingredients": {
		"W": { "type": "item", "code": "tailorsdelight:checkeredcloth-brown" },
		"S": { "type": "item", "code": "game:sewingkit" },
		"O": { "type": "item", "code": "tailorsdelight:twine-orange" },
		"B": { "type": "item", "code": "tailorsdelight:twine-darkbrown" },
		"D": { "type": "item", "code": "tailorsdelight:twine-darkblue" }
	},
	"width": 3,
	"height": 3,
	"output": { "type": "item", "code": "game:clothes-nadiya-upperbodyover-miner-clean" }
	},

	{
	"name": "nadiyan-pristine-miner-bolero",
	"enabled": true,
	"ingredientPattern": "WNW,BWB,ODO",
	"requiresTrait": "hardy",
	"ingredients": {
		"W": { "type": "item", "code": "tailorsdelight:checkeredcloth-brown" },
		"N": { "type": "item", "code": "tailorsdelight:needle-*" },
		"O": { "type": "item", "code": "tailorsdelight:twine-orange", "quantity": 2 },
		"B": { "type": "item", "code": "tailorsdelight:twine-darkbrown" },
		"D": { "type": "item", "code": "tailorsdelight:twine-darkblue", "quantity": 2 }
	},
	"width": 3,
	"height": 3,
	"output": { "type": "item", "code": "game:clothes-nadiya-upperbodyover-miner-clean" }
	},


	{
	"name": "nadiyan-beekeeper-tunic",
	"enabled": true,
	"ingredientPattern": "WNW,BWB,DTD",
	"requiresTrait": "clothier",
	"ingredients": {
		"W": { "type": "item", "code": "game:cloth-white" },
		"N": { "type": "item", "code": "game:sewingkit" },
		"T": { "type": "item", "code": "tailorsdelight:twine-darkbrown", "quantity": 1 },
		"B": { "type": "item", "code": "game:cloth-gray" },
		"D": { "type": "item", "code": "tailorsdelight:twine-darkblue", "quantity": 1 }
	},
	"width": 3,
	"height": 3,
	"output": { "type": "item", "code": "game:clothes-nadiya-upperbodyover-beekeeper" }
	}
]
