[
  {
    "op": "add",
    "path": "/fseraph/SkinnableParts/-",
    "dependsOn": [{ "modid": "animalears" }],
    "value": {
      "code": "animalears",
      "type": "shape",
      "targetSkinParts": ["baseskin"],
      "shapeTemplate": {
        "base": "animalears:entity/humanoid/seraphskinparts/head/{code}"
      },
      "variants": [
	{
          "code": "none"
        },
        {
          "code": "foxears"
        }
      ]
    },
    "file": "fseraph:config/customplayermodels/fseraph.json"
  },
  {
    "op": "add",
    "path": "/fseraph_l/SkinnableParts/-",
    "dependsOn": [{ "modid": "animalears" }],
    "value": {
      "code": "animalears",
      "type": "shape",
      "targetSkinParts": ["baseskin"],
      "shapeTemplate": {
        "base": "animalears:entity/humanoid/seraphskinparts/head/{code}"
      },
      "variants": [
	{
          "code": "none"
        },
        {
          "code": "foxears"
        }
      ]
    },
    "file": "fseraph:config/customplayermodels/fseraph_l.json"
  },
  {
    "op": "add",
    "path": "/fseraph_s/SkinnableParts/-",
    "dependsOn": [{ "modid": "animalears" }],
    "value": {
      "code": "animalears",
      "type": "shape",
      "targetSkinParts": ["baseskin"],
      "shapeTemplate": {
        "base": "animalears:entity/humanoid/seraphskinparts/head/{code}"
      },
      "variants": [
	{
          "code": "none"
        },
        {
          "code": "foxears"
        }
      ]
    },
    "file": "fseraph:config/customplayermodels/fseraph_s.json"
  },
]