[
  {
    "op": "addmerge",
    "path": "/fseraph/WearableModelReplacersByShape",
    "dependsOn": [{ "modid": "armory" }],
    "value": {
	"armory:armor/brigandine/torso": "fseraph:entity/humanoid/seraph/armor/brigandine/body"
    },
    "file": "fseraph:config/customplayermodels/fseraph.json"
  },
  {
    "op": "addmerge",
    "path": "/fseraph/WearableModelReplacersByShape",
    "dependsOn": [{ "modid": "armory" }],
    "value": {
	"armory:armor/plate/torso": "fseraph:entity/humanoid/seraph/armor/plate/body"
    },
    "file": "fseraph:config/customplayermodels/fseraph.json"
  },
  {
    "op": "addmerge",
    "path": "/fseraph/WearableModelReplacersByShape",
    "dependsOn": [{ "modid": "armory" }],
    "value": {
	"armory:armor/scale/torso": "fseraph:entity/humanoid/seraph/armor/scale/body"
    },
    "file": "fseraph:config/customplayermodels/fseraph.json"
  },
  {
    "op": "addmerge",
    "path": "/fseraph/WearableModelReplacersByShape",
    "dependsOn": [{ "modid": "armory" }],
    "value": {
	"armory:armor/chain/torso": "fseraph:entity/humanoid/seraph/armor/chain/body"
    },
    "file": "fseraph:config/customplayermodels/fseraph.json"
  },
  {
    "op": "addmerge",
    "path": "/fseraph_s/WearableModelReplacersByShape",
    "dependsOn": [{ "modid": "armory" }],
    "value": {
	"armory:armor/brigandine/torso": "fseraph:entity/humanoid/seraph_s/armor/brigandine/body"
    },
    "file": "fseraph:config/customplayermodels/fseraph_s.json"
  },
  {
    "op": "addmerge",
    "path": "/fseraph_s/WearableModelReplacersByShape",
    "dependsOn": [{ "modid": "armory" }],
    "value": {
	"armory:armor/plate/torso": "fseraph:entity/humanoid/seraph_s/armor/plate/body"
    },
    "file": "fseraph:config/customplayermodels/fseraph_s.json"
  },
  {
    "op": "addmerge",
    "path": "/fseraph_s/WearableModelReplacersByShape",
    "dependsOn": [{ "modid": "armory" }],
    "value": {
	"armory:armor/scale/torso": "fseraph:entity/humanoid/seraph_s/armor/scale/body"
    },
    "file": "fseraph:config/customplayermodels/fseraph_s.json"
  },
  {
    "op": "addmerge",
    "path": "/fseraph_s/WearableModelReplacersByShape",
    "dependsOn": [{ "modid": "armory" }],
    "value": {
	"armory:armor/chain/torso": "fseraph:entity/humanoid/seraph_s/armor/chain/body"
    },
    "file": "fseraph:config/customplayermodels/fseraph_s.json"
  },
  {
    "op": "addmerge",
    "path": "/fseraph_l/WearableModelReplacersByShape",
    "dependsOn": [{ "modid": "armory" }],
    "value": {
	"armory:armor/brigandine/torso": "fseraph:entity/humanoid/seraph_l/armor/brigandine/body"
    },
    "file": "fseraph:config/customplayermodels/fseraph_l.json"
  },
  {
    "op": "addmerge",
    "path": "/fseraph_l/WearableModelReplacersByShape",
    "dependsOn": [{ "modid": "armory" }],
    "value": {
	"armory:armor/plate/torso": "fseraph:entity/humanoid/seraph_l/armor/plate/body"
    },
    "file": "fseraph:config/customplayermodels/fseraph_l.json"
  },
  {
    "op": "addmerge",
    "path": "/fseraph_l/WearableModelReplacersByShape",
    "dependsOn": [{ "modid": "armory" }],
    "value": {
	"armory:armor/scale/torso": "fseraph:entity/humanoid/seraph_l/armor/scale/body"
    },
    "file": "fseraph:config/customplayermodels/fseraph_l.json"
  },
  {
    "op": "addmerge",
    "path": "/fseraph_l/WearableModelReplacersByShape",
    "dependsOn": [{ "modid": "armory" }],
    "value": {
	"armory:armor/chain/torso": "fseraph:entity/humanoid/seraph_l/armor/chain/body"
    },
    "file": "fseraph:config/customplayermodels/fseraph_l.json"
  }
]