[
  {
    "op": "addmerge",
    "path": "/fseraph/WearableModelReplacersByShape",
    "dependsOn": [{ "modid": "fagreenwich" }],
    "value": {
	"fagreenwich:entity/armor/greenwich/greenwichbody": "fseraph:entity/humanoid/seraph/armor/greenwich/greenwichbody"
    },
    "file": "fseraph:config/customplayermodels/fseraph.json"
  },
  {
    "op": "addmerge",
    "path": "/fseraph_l/WearableModelReplacersByShape",
    "dependsOn": [{ "modid": "fagreenwich" }],
    "value": {
	"fagreenwich:entity/armor/greenwich/greenwichbody": "fseraph:entity/humanoid/seraph_l/armor/greenwich/greenwichbody"
    },
    "file": "fseraph:config/customplayermodels/fseraph_l.json"
  },
  {
    "op": "addmerge",
    "path": "/fseraph_s/WearableModelReplacersByShape",
    "dependsOn": [{ "modid": "fagreenwich" }],
    "value": {
	"fagreenwich:entity/armor/greenwich/greenwichbody": "fseraph:entity/humanoid/seraph_s/armor/greenwich/greenwichbody"
    },
    "file": "fseraph:config/customplayermodels/fseraph_s.json"
  }
]