[
  {
    "op": "add",
    "path": "/fseraph/SkinnableParts/-",
    "dependsOn": [{ "modid": "goblinears" }],
    "value": {
      "code": "ears",
      "type": "shape",
      "targetSkinParts": ["baseskin"],
      "shapeTemplate": {
        "base": "goblinears:entity/humanoid/seraphskinparts/head/{code}"
      },
      "variants": [
	{
          "code": "none"
        },
        {
          "code": "variant1"
        },
	{
          "code": "variant2"
        },
	{
          "code": "variant3"
        },
	{
          "code": "variant4"
        },
	{
          "code": "variant5"
        },
	{
          "code": "variant6"
        }
      ]
    },
    "file": "fseraph:config/customplayermodels/fseraph.json"
  },
  {
    "op": "add",
    "path": "/fseraph_l/SkinnableParts/-",
    "dependsOn": [{ "modid": "goblinears" }],
    "value": {
      "code": "ears",
      "type": "shape",
      "targetSkinParts": ["baseskin"],
      "shapeTemplate": {
        "base": "goblinears:entity/humanoid/seraphskinparts/head/{code}"
      },
      "variants": [
	{
          "code": "none"
        },
        {
          "code": "variant1"
        },
	{
          "code": "variant2"
        },
	{
          "code": "variant3"
        },
	{
          "code": "variant4"
        },
	{
          "code": "variant5"
        },
	{
          "code": "variant6"
        }
      ]
    },
    "file": "fseraph:config/customplayermodels/fseraph_l.json"
  },
  {
    "op": "add",
    "path": "/fseraph_s/SkinnableParts/-",
    "dependsOn": [{ "modid": "goblinears" }],
    "value": {
      "code": "ears",
      "type": "shape",
      "targetSkinParts": ["baseskin"],
      "shapeTemplate": {
        "base": "goblinears:entity/humanoid/seraphskinparts/head/{code}"
      },
      "variants": [
	{
          "code": "none"
        },
        {
          "code": "variant1"
        },
	{
          "code": "variant2"
        },
	{
          "code": "variant3"
        },
	{
          "code": "variant4"
        },
	{
          "code": "variant5"
        },
	{
          "code": "variant6"
        }
      ]
    },
    "file": "fseraph:config/customplayermodels/fseraph_s.json"
  }
]