[
  {
    "op": "add",
    "path": "/fseraph/SkinnableParts/2/variants/-",
    "dependsOn": [{ "modid": "nudemod" }],
    "value": {"code": "nude", "texture": "nudemod:entity/nude"},
    "file": "fseraph:config/customplayermodels/fseraph.json"
  },
  {
    "op": "add",
    "path": "/fseraph_s/SkinnableParts/2/variants/-",
    "dependsOn": [{ "modid": "nudemod" }],
    "value": {"code": "nude", "texture": "nudemod:entity/nude"},
    "file": "fseraph:config/customplayermodels/fseraph_s.json"
  },
  {
    "op": "add",
    "path": "/fseraph_l/SkinnableParts/2/variants/-",
    "dependsOn": [{ "modid": "nudemod" }],
    "value": {"code": "nude", "texture": "nudemod:entity/nude"},
    "file": "fseraph:config/customplayermodels/fseraph_l.json"
  }
]