[
   {
	"op": "add",
	"path": "/fseraph/SkinnableParts/-",
	"dependsOn": [{ "modid": "tailsmod" }],
	"value": {
	"code": "tails",
	"type": "shape",
	"shapeTemplate": {
		"base": "tailsmod:entity/humanoid/seraphskinparts/tail/{code}"
	},
	"variants": [
		{
		"code": "none"
		},
		{
		"code": "base1"
		},
		{
		"code": "b1variant1"
		},
		{
		"code": "b1variant2"
		},
		{
		"code": "b1variant3"
		}
	]
	},
	"file": "fseraph:config/customplayermodels/fseraph.json"
   },
   {
	"op": "add",
	"path": "/fseraph_l/SkinnableParts/-",
	"dependsOn": [{ "modid": "tailsmod" }],
	"value": {
	"code": "tails",
	"type": "shape",
	"shapeTemplate": {
		"base": "tailsmod:entity/humanoid/seraphskinparts/tail/{code}"
	},
	"variants": [
		{
		"code": "none"
		},
		{
		"code": "base1"
		},
		{
		"code": "b1variant1"
		},
		{
		"code": "b1variant2"
		},
		{
		"code": "b1variant3"
		}
	]
	},
	"file": "fseraph:config/customplayermodels/fseraph_l.json"
   },
   {
	"op": "add",
	"path": "/fseraph_s/SkinnableParts/-",
	"dependsOn": [{ "modid": "tailsmod" }],
	"value": {
	"code": "tails",
	"type": "shape",
	"shapeTemplate": {
		"base": "tailsmod:entity/humanoid/seraphskinparts/tail/{code}"
	},
	"variants": [
		{
		"code": "none"
		},
		{
		"code": "base1"
		},
		{
		"code": "b1variant1"
		},
		{
		"code": "b1variant2"
		},
		{
		"code": "b1variant3"
		}
	]
	},
	"file": "fseraph:config/customplayermodels/fseraph_s.json"
   }
]