[
  {
    "file": "fseraph:config/model-replacements-byshape.json",
    "op": "addmerge",
    "path": "/fseraph:fseraph",
    "dependsOn": [{ "modid": "wool" }],
    "value": {
      "wool:item/wearable/sweater": "fseraph:entity/humanoid/seraph/clothing/upperbodyover/sweater"
    }
  },
  {
    "file": "fseraph:config/model-replacements-byshape.json",
    "op": "addmerge",
    "path": "/fseraph:fseraph_l",
    "dependsOn": [{ "modid": "wool" }],
    "value": {
      "wool:item/wearable/sweater": "fseraph:entity/humanoid/seraph_l/clothing/upperbodyover/sweater"
    }
  },
  {
    "file": "fseraph:config/model-replacements-byshape.json",
    "op": "addmerge",
    "path": "/fseraph:fseraph_s",
    "dependsOn": [{ "modid": "wool" }],
    "value": {
      "wool:item/wearable/sweater": "fseraph:entity/humanoid/seraph_s/clothing/upperbodyover/sweater"
    }
  },
  {
    "file": "wool:itemtypes/wearable/upperbodyover.json",
    "op": "replace",
    "path": "/attributes/clothescategory",
    "dependsOn": [{ "modid": "wool" }],
    "value": "upperbodyover"
  }
]
