[
	{
	"ingredientPattern": "CAC,FLF,WLW",
	"requiresTrait": "clothier",
	"ingredients": {
		"C": { "type": "item", "code": "wool:cloth-wool-plain" },
		"L": { "type": "item", "code": "tailorsdelight:leatherbundle-gray" },
		"A": { "type": "item", "code": "tailorsdelight:awl-*", "isTool": true },
		"F": { "type": "item", "code": "wool:twine-wool-plain", "quantity": 2 },
		"W": { "type": "item", "code": "game:fat" }
	},
	"recipeGroup": 5,
	"width": 3,
	"height": 3,
	"output": { "type": "item", "code": "game:clothes-upperbodyover-surgeon" }
	}
]
