{
	"editor": {
		"backDropShape": "entity/humanoid/seraph",
		"allAngles": false,
		"entityTextureMode": true
	},
	"textureWidth": 28,
	"textureHeight": 72,
	"textureSizes": {
		"shouldertexture": [28,72]
	},
	"textures": {
		"shouldertexture": "entity/humanoid/seraphclothes/shoulder/malefactor-cloak"
	},
	"elements": [
		{
			"name": "UpperTorsoOrigin",
			"stepParentName": "UpperTorso",
			"from": [ -0.04, -0.04, -0.04 ],
			"to": [ 5.04, 5.04, 6.24 ],
			"unwrapMode": 4,
			"autoUnwrap": false,
			"uv": [ 10.0, 0.0 ],
			"rotationOrigin": [ 2.0, 2.0, 3.25 ],
			"faces": {
				"north": { "texture": "#shouldertexture", "uv": [ 1.0, 5.5, 6.0, 10.5 ], "windMode": [-1,-1,-1,-1], "windData": [1,1,1,1] },
				"east": { "texture": "#shouldertexture", "uv": [ 17.0, 5.5, 23.0, 10.5 ], "windMode": [-1,-1,-1,-1] },
				"south": { "texture": "#shouldertexture", "uv": [ 12.0, 5.5, 17.0, 10.5 ] },
				"west": { "texture": "#shouldertexture", "uv": [ 6.0, 5.5, 12.0, 10.5 ] },
				"up": { "texture": "#shouldertexture", "uv": [ 6.0, 0.5, 12.0, 5.5 ], "rotation": 90 },
				"down": { "texture": "#shouldertexture", "uv": [ 19.0, 31.5, 25.0, 36.5 ], "rotation": 90, "windMode": [-1,-1,-1,-1] }
			},
			"children": [
				{
					"name": "Blackout",
					"from": [ 0.1, 0.8, 0.6 ],
					"to": [ 4.9, 4.8, 5.6 ],
					"autoUnwrap": false,
					"uv": [ 23.0, 9.0 ],
					"rotationOrigin": [ 0.1, 0.8, 0.6 ],
					"faces": {
						"north": { "texture": "#shouldertexture", "uv": [ 0.0, 0.0, 4.5, 4.0 ] },
						"east": { "texture": "#shouldertexture", "uv": [ 1.0, 0.0, 5.0, 5.0 ], "rotation": 90, "windMode": [-1,-1,-1,-1], "windData": [1,1,1,1] },
						"south": { "texture": "#shouldertexture", "uv": [ 0.0, 1.0, 4.5, 5.0 ], "windMode": [-1,-1,-1,-1], "windData": [1,1,1,1] },
						"west": { "texture": "#shouldertexture", "uv": [ 0.5, 0.0, 4.5, 5.0 ], "rotation": 90, "windMode": [-1,-1,-1,-1], "windData": [1,1,1,1] },
						"up": { "texture": "#shouldertexture", "uv": [ 0.0, 0.0, 4.5, 5.0 ] },
						"down": { "texture": "#shouldertexture", "uv": [ 0.5, 0.0, 5.0, 5.0 ] }
					}
				},
				{
					"name": "Breasts",
					"from": [ -2.42, 1.28, 0.03 ],
					"to": [ 0.08, 4.78, 6.25 ],
					"unwrapMode": 1,
					"autoUnwrap": false,
					"uv": [ -2.0, -0.5 ],
					"rotationOrigin": [ -1.0, 1.0, 0.0 ],
					"rotationZ": -35.0,
					"faces": {
						"north": { "texture": "#shouldertexture", "uv": [ 4.0, 5.5, 6.5, 9.0 ] },
						"east": { "texture": "#shouldertexture", "uv": [ -2.0, 5.5, 4.0, 9.0 ] },
						"south": { "texture": "#shouldertexture", "uv": [ 12.0, 5.5, 14.5, 9.0 ] },
						"west": { "texture": "#shouldertexture", "uv": [ 6.0, 5.5, 12.0, 9.0 ] },
						"up": { "texture": "#shouldertexture", "uv": [ 6.0, 3.5, 12.0, 6.0 ], "rotation": 270, "windMode": [-1,-1,-1,-1], "windData": [1,1,1,1] },
						"down": { "texture": "#shouldertexture", "uv": [ 6.0, 8.0, 12.0, 10.5 ], "rotation": 90, "windMode": [-1,-1,-1,-1], "windData": [1,1,1,1] }
					}
				},
				{
					"name": "BreastR",
					"from": [ 0.0, 0.0, 0.0 ],
					"to": [ 0.0, 0.0, 0.0 ],
					"uv": [ 0.0, 0.0 ],
					"faces": {
						"north": { "texture": "#shouldertexture", "uv": [ 0.0, 1.0, 1.0, 2.0 ] },
						"east": { "texture": "#shouldertexture", "uv": [ 1.0, 1.0, 2.0, 2.0 ] },
						"south": { "texture": "#shouldertexture", "uv": [ 2.0, 1.0, 3.0, 2.0 ] },
						"west": { "texture": "#shouldertexture", "uv": [ 3.0, 1.0, 4.0, 2.0 ] },
						"up": { "texture": "#shouldertexture", "uv": [ 0.0, 0.0, 1.0, 1.0 ] },
						"down": { "texture": "#shouldertexture", "uv": [ 1.0, 0.0, 2.0, 1.0 ] }
					}
				},
				{
					"name": "BreastL",
					"from": [ 0.0, 0.0, 0.0 ],
					"to": [ 0.0, 0.0, 0.0 ],
					"uv": [ 0.0, 0.0 ],
					"faces": {
						"north": { "texture": "#shouldertexture", "uv": [ 0.0, 1.0, 1.0, 2.0 ] },
						"east": { "texture": "#shouldertexture", "uv": [ 1.0, 1.0, 2.0, 2.0 ] },
						"south": { "texture": "#shouldertexture", "uv": [ 2.0, 1.0, 3.0, 2.0 ] },
						"west": { "texture": "#shouldertexture", "uv": [ 3.0, 1.0, 4.0, 2.0 ] },
						"up": { "texture": "#shouldertexture", "uv": [ 0.0, 0.0, 1.0, 1.0 ] },
						"down": { "texture": "#shouldertexture", "uv": [ 1.0, 0.0, 2.0, 1.0 ] }
					}
				}
			]
		},
		{
			"name": "LowerTorsoOrigin",
			"stepParentName": "LowerTorso",
			"from": [ -0.04, -0.04, -0.04 ],
			"to": [ 5.04, 5.04, 6.04 ],
			"unwrapMode": 4,
			"autoUnwrap": false,
			"uv": [ 9.0, 10.0 ],
			"rotationOrigin": [ 3.0, 3.0, 3.0 ],
			"faces": {
				"north": { "texture": "#shouldertexture", "uv": [ 1.0, 10.5, 6.0, 15.5 ] },
				"east": { "texture": "#shouldertexture", "uv": [ 17.0, 10.5, 23.0, 15.5 ] },
				"south": { "texture": "#shouldertexture", "uv": [ 12.0, 10.5, 17.0, 15.5 ] },
				"west": { "texture": "#shouldertexture", "uv": [ 6.0, 10.5, 12.0, 15.5 ] },
				"up": { "texture": "#shouldertexture", "uv": [ 19.0, 31.5, 25.0, 36.56 ], "rotation": 270, "autoUv": false, "windMode": [-1,-1,-1,-1], "windData": [1,1,1,1] },
				"down": { "texture": "#shouldertexture", "uv": [ 0.0, 31.5, 6.0, 36.5 ], "rotation": 90, "windMode": [-1,-1,-1,-1] }
			},
			"children": [
				{
					"name": "shouldertextureFrontTile",
					"from": [ 0.0, -6.08, 0.0 ],
					"to": [ 1.08, 0.0, 6.08 ],
					"autoUnwrap": false,
					"uv": [ 4.5, 38.85 ],
					"rotationOrigin": [ 0.0, 0.0, 3.0 ],
					"rotationZ": -3.5,
					"faces": {
						"north": { "texture": "#shouldertexture", "uv": [ 5.0, 15.5, 6.0, 21.5 ], "windMode": [-1,-1,-1,-1] },
						"south": { "texture": "#shouldertexture", "uv": [ 12.0, 15.5, 13.0, 21.5 ], "windMode": [-1,-1,-1,-1] },
						"west": { "texture": "#shouldertexture", "uv": [ 6.0, 15.5, 12.0, 21.5 ], "windMode": [-1,-1,-1,-1] }
					}
				},
				{
					"name": "shouldertextureBackTile",
					"from": [ 4.0, -6.08, 0.0 ],
					"to": [ 5.08, 0.0, 6.08 ],
					"unwrapMode": 2,
					"autoUnwrap": false,
					"uv": [ 24.0, 14.0 ],
					"rotationOrigin": [ 5.08, 0.0, 3.0 ],
					"rotationZ": -5.0,
					"faces": {
						"north": { "texture": "#shouldertexture", "uv": [ 1.0, 15.5, 2.0, 21.5 ], "windMode": [-1,-1,-1,-1] },
						"east": { "texture": "#shouldertexture", "uv": [ 17.0, 15.5, 23.0, 21.5 ], "windMode": [-1,-1,-1,-1] },
						"south": { "texture": "#shouldertexture", "uv": [ 16.0, 15.5, 17.0, 21.5 ], "windMode": [-1,-1,-1,-1] }
					}
				}
			]
		},
		{
			"name": "UpperFootLorigin",
			"stepParentName": "UpperFootL",
			"from": [ -0.04, -0.04, -0.04 ],
			"to": [ 4.24, 9.04, 3.24 ],
			"unwrapMode": 3,
			"autoUnwrap": false,
			"uv": [ 15.0, 19.62 ],
			"rotationOrigin": [ 2.0, 9.0, 3.2 ],
			"faces": {
				"east": { "texture": "#shouldertexture", "uv": [ 20.0, 22.0, 23.0, 31.0 ], "windMode": [-1,-1,-1,-1] },
				"south": { "texture": "#shouldertexture", "uv": [ 16.0, 22.0, 20.0, 31.0 ], "windMode": [-1,-1,-1,-1] },
				"west": { "texture": "#shouldertexture", "uv": [ 13.0, 22.0, 16.0, 31.0 ] },
				"up": { "texture": "#shouldertexture", "uv": [ 12.5, 11.0, 16.5, 14.0 ], "windMode": [-1,-1,-1,-1], "windData": [1,1,1,1] }
			}
		},
		{
			"name": "UpperFootRorigin",
			"stepParentName": "UpperFootR",
			"from": [ -0.04, -0.04, -0.04 ],
			"to": [ 4.24, 9.04, 3.24 ],
			"unwrapMode": 1,
			"autoUnwrap": false,
			"uv": [ 1.0, 19.62 ],
			"rotationOrigin": [ 2.0, 9.0, 0.0 ],
			"faces": {
				"north": { "texture": "#shouldertexture", "uv": [ 4.0, 22.0, 8.0, 31.0 ], "windMode": [-1,-1,-1,-1], "windData": [0,1,1,0] },
				"east": { "texture": "#shouldertexture", "uv": [ 1.0, 22.0, 4.0, 31.0 ], "windMode": [-1,-1,-1,-1] },
				"west": { "texture": "#shouldertexture", "uv": [ 8.0, 22.0, 11.0, 31.0 ], "windMode": [-1,-1,-1,-1] },
				"up": { "texture": "#shouldertexture", "uv": [ 1.5, 11.0, 5.5, 14.0 ], "rotation": 180, "windMode": [-1,-1,-1,-1], "windData": [1,1,1,1] }
			}
		},
		{
			"name": "UpperArmROrigin",
			"stepParentName": "UpperArmR",
			"from": [ -0.04, -0.04, -0.04 ],
			"to": [ 3.04, 7.04, 2.04 ],
			"unwrapMode": 1,
			"autoUnwrap": false,
			"uv": [ 8.0, 21.0 ],
			"rotationOrigin": [ 1.5, 7.0, 1.0 ],
			"faces": {
				"north": { "texture": "#shouldertexture", "uv": [ 4.0, 37.0, 7.0, 44.0 ] },
				"east": { "texture": "#shouldertexture", "uv": [ 2.0, 37.0, 4.0, 44.0 ] },
				"south": { "texture": "#shouldertexture", "uv": [ 9.0, 37.0, 12.0, 44.0 ] },
				"west": { "texture": "#shouldertexture", "uv": [ 7.0, 37.0, 9.0, 44.0 ] },
				"up": { "texture": "#shouldertexture", "uv": [ 7.0, 34.0, 9.0, 37.0 ], "rotation": 90, "windMode": [-1,-1,-1,-1] },
				"down": { "texture": "#shouldertexture", "uv": [ 10.0, 33.0, 12.0, 36.0 ], "rotation": 90, "windMode": [-1,-1,-1,-1] }
			}
		},
		{
			"name": "UpperArmLorigin",
			"stepParentName": "UpperArmL",
			"from": [ -0.04, -0.04, -0.04 ],
			"to": [ 3.04, 7.04, 2.04 ],
			"unwrapMode": 3,
			"autoUnwrap": false,
			"uv": [ 0.0, 13.0 ],
			"rotationOrigin": [ 1.5, 6.9, 1.0 ],
			"faces": {
				"north": { "texture": "#shouldertexture", "uv": [ 13.0, 37.0, 16.0, 44.0 ] },
				"east": { "texture": "#shouldertexture", "uv": [ 21.0, 37.0, 23.0, 44.0 ], "windMode": [-1,-1,-1,-1] },
				"south": { "texture": "#shouldertexture", "uv": [ 18.0, 37.0, 21.0, 44.0 ], "windMode": [-1,-1,-1,-1] },
				"west": { "texture": "#shouldertexture", "uv": [ 16.0, 37.0, 18.0, 44.0 ] },
				"up": { "texture": "#shouldertexture", "uv": [ 16.0, 34.0, 18.0, 37.0 ], "rotation": 90, "windMode": [-1,-1,-1,-1] },
				"down": { "texture": "#shouldertexture", "uv": [ 13.0, 33.0, 15.0, 36.0 ], "rotation": 90, "windMode": [-1,-1,-1,-1] }
			}
		},
		{
			"name": "LowerArmROrigin",
			"stepParentName": "LowerArmR",
			"from": [ -0.04, -0.04, -0.04 ],
			"to": [ 2.54, 8.04, 2.04 ],
			"unwrapMode": 1,
			"autoUnwrap": false,
			"uv": [ 0.0, 0.0 ],
			"rotationOrigin": [ 1.3, 7.8, 1.0 ],
			"faces": {
				"north": { "texture": "#shouldertexture", "uv": [ 4.5, 44.0, 7.0, 52.0 ] },
				"east": { "texture": "#shouldertexture", "uv": [ 2.0, 44.0, 4.0, 52.0 ] },
				"south": { "texture": "#shouldertexture", "uv": [ 9.0, 44.0, 11.5, 52.0 ] },
				"west": { "texture": "#shouldertexture", "uv": [ 7.0, 44.0, 9.0, 52.0 ] },
				"up": { "texture": "#shouldertexture", "uv": [ 10.0, 33.5, 12.0, 36.0 ], "rotation": 90, "windMode": [-1,-1,-1,-1] },
				"down": { "texture": "#shouldertexture", "uv": [ 7.0, 52.0, 9.0, 54.5 ], "rotation": 90, "windMode": [-1,-1,-1,-1] }
			}
		},
		{
			"name": "LowerArmLorigin",
			"stepParentName": "LowerArmL",
			"from": [ -0.04, -0.04, -0.04 ],
			"to": [ 2.54, 8.04, 2.04 ],
			"unwrapMode": 3,
			"autoUnwrap": false,
			"uv": [ 0.0, 8.0 ],
			"rotationOrigin": [ 1.3, 7.8, 1.0 ],
			"faces": {
				"north": { "texture": "#shouldertexture", "uv": [ 13.5, 44.0, 16.0, 52.0 ] },
				"east": { "texture": "#shouldertexture", "uv": [ 21.0, 44.0, 23.0, 52.0 ], "windMode": [-1,-1,-1,-1] },
				"south": { "texture": "#shouldertexture", "uv": [ 18.0, 44.0, 20.5, 52.0 ] },
				"west": { "texture": "#shouldertexture", "uv": [ 16.0, 44.0, 18.0, 52.0 ] },
				"up": { "texture": "#shouldertexture", "uv": [ 13.0, 33.5, 15.0, 36.0 ], "rotation": 90, "windMode": [-1,-1,-1,-1] },
				"down": { "texture": "#shouldertexture", "uv": [ 16.0, 52.0, 18.0, 54.5 ], "rotation": 90, "windMode": [-1,-1,-1,-1] }
			}
		},
		{
			"name": "Hood",
			"stepParentName": "Head",
			"from": [ -0.55, -2.4, -0.62 ],
			"to": [ 6.55, 5.6, 5.58 ],
			"unwrapMode": 4,
			"autoUnwrap": false,
			"uv": [ 1.0, 56.3 ],
			"rotationOrigin": [ 0.0, -2.4, 0.0 ],
			"faces": {
				"north": { "texture": "#shouldertexture", "uv": [ 1.0, 63.5, 8.0, 71.5 ] },
				"east": { "texture": "#shouldertexture", "uv": [ 21.0, 63.5, 27.0, 71.5 ] },
				"south": { "texture": "#shouldertexture", "uv": [ 14.0, 63.5, 21.0, 71.5 ] },
				"west": { "texture": "#shouldertexture", "uv": [ 8.0, 63.5, 14.0, 71.5 ] },
				"up": { "texture": "#shouldertexture", "uv": [ 8.0, 56.5, 14.0, 63.5 ], "rotation": 90 },
				"down": { "texture": "#shouldertexture", "uv": [ 1.0, 55.5, 7.0, 62.5 ], "rotation": 90 }
			}
		},
		{
			"name": "hidecollar",
			"stepParentName": "Neck",
			"from": [ -0.04, 0.5, -0.04 ],
			"to": [ 3.04, 2.5, 3.04 ],
			"unwrapMode": 4,
			"uv": [ 13.0, 2.5 ],
			"rotationOrigin": [ 0.0, 0.5, 0.0 ],
			"faces": {
				"north": { "texture": "#shouldertexture", "uv": [ 13.0, 2.5, 16.0, 4.5 ] },
				"east": { "texture": "#shouldertexture", "uv": [ 22.0, 2.5, 25.0, 4.5 ] },
				"south": { "texture": "#shouldertexture", "uv": [ 19.0, 2.5, 22.0, 4.5 ] },
				"west": { "texture": "#shouldertexture", "uv": [ 16.0, 2.5, 19.0, 4.5 ] }
			}
		}
	],
	"animations": [
		{
			"name": "SneakWalk",
			"code": "sneakwalk",
			"quantityframes": 40,
			"onActivityStopped": "Rewind",
			"onAnimationEnd": "Repeat",
			"keyframes": [
				{
					"frame": 0,
					"elements": {
						"shouldertextureBackTile": { "rotationX": 1.0, "rotationY": 0.0, "rotationZ": -32.0 },
						"shouldertextureFrontTile": { "rotationX": 0.0, "rotationY": 0.0, "rotationZ": -32.0 }
					}
				},
				{
					"frame": 20,
					"elements": {
						"shouldertextureBackTile": { "rotationX": 1.0, "rotationY": 0.0, "rotationZ": -27.0 },
						"shouldertextureFrontTile": { "rotationX": 0.0, "rotationY": 0.0, "rotationZ": -27.0 }
					}
				}
			]
		},

		{
			"name": "SneakIdle",
			"code": "sneakidle",
			"quantityframes": 35,
			"onActivityStopped": "Rewind",
			"onAnimationEnd": "Repeat",
			"keyframes": [
				{
					"frame": 0,
					"elements": {
						"shouldertextureBackTile": { "rotationX": 0.1, "rotationY": 0.0, "rotationZ": -24.0 },
						"shouldertextureFrontTile": { "rotationX": 0.1, "rotationY": 0.0, "rotationZ": -24.0 }
					}
				}
			]
		}
	]
}