{
  "code": "attunementcore",
  "classByType": {
    "*-evocation": "ItemWearable",
    "*-alteration": "ItemWearable",
    "*-incantation": "ItemWearable",
    "*-conjuration": "ItemWearable"
  },
  //"class": "ItemWearable", //"ItemWearableSoulboundRM",
  "enabled": true,

  "storageFlags": 128,

  "variantgroups": [
    {
      "code": "variant",
      "states": [
        "basic",
        "advanced"
      ]
    },
    {
      "code": "type",
      "states": [
        "evocation",
        "alteration",
        "incantation",
        "conjuration"
      ]
    }
  ],
  //"skipVariants": [ "*" ],

  "behaviorsByType": {
    "*-evocation": [
      { "name": "CollectibleBehaviorMagicEquipStatsDisplayRM" },
      { "name": "CollectibleBehaviorWearableSoulbindRM" }
    ],
    "*-alteration": [
      { "name": "CollectibleBehaviorMagicEquipStatsDisplayRM" },
      { "name": "CollectibleBehaviorWearableSoulbindRM" }
    ],
    "*-incantation": [
      { "name": "CollectibleBehaviorMagicEquipStatsDisplayRM" },
      { "name": "CollectibleBehaviorWearableSoulbindRM" }
    ],
    "*-conjuration": [
      { "name": "CollectibleBehaviorMagicEquipStatsDisplayRM" },
      { "name": "CollectibleBehaviorWearableSoulbindRM" }
    ]
  },

  "attributesByType": {
    "*": {
      "handbookByType": {
        "*-basic-evocation": {
          "groupBy": [ "attunementcore-*" ],
          "extraSections": [
            {
              "title": "game:Created by",
              "text": "rustboundmagic:handbook-attunementcorecreationevocation-text"
            },
            {
              "title": "rustboundmagic:handbook-spellschoolattunementsystem-title",
              "text": "rustboundmagic:handbook-spellschoolattunementsystem-text"
            }
          ]
        },
        "*-basic-alteration": {
          "groupBy": [ "attunementcore-*" ],
          "extraSections": [
            {
              "title": "game:Created by",
              "text": "rustboundmagic:handbook-attunementcorecreationalteration-text"
            },
            {
              "title": "rustboundmagic:handbook-spellschoolattunementsystem-title",
              "text": "rustboundmagic:handbook-spellschoolattunementsystem-text"
            }
          ]
        },
        "*-basic-incantation": {
          "groupBy": [ "attunementcore-*" ],
          "extraSections": [
            {
              "title": "game:Created by",
              "text": "rustboundmagic:handbook-attunementcorecreationincantation-text"
            },
            {
              "title": "rustboundmagic:handbook-spellschoolattunementsystem-title",
              "text": "rustboundmagic:handbook-spellschoolattunementsystem-text"
            }
          ]
        },
        "*-basic-conjuration": {
          "groupBy": [ "attunementcore-*" ],
          "extraSections": [
            {
              "title": "game:Created by",
              "text": "rustboundmagic:handbook-attunementcorecreationconjuration-text"
            },
            {
              "title": "rustboundmagic:handbook-spellschoolattunementsystem-title",
              "text": "rustboundmagic:handbook-spellschoolattunementsystem-text"
            }
          ]
        },



        "*-advanced-evocation": {
          "groupBy": [ "attunementcore-*" ],
          "extraSections": [
            //{
            //  "title": "game:Created by",
            //  "text": "rustboundmagic:handbook-attunementcorecreationevocation-text"
            //},
            {
              "title": "rustboundmagic:handbook-spellschoolattunementsystem-title",
              "text": "rustboundmagic:handbook-spellschoolattunementsystem-text"
            }
          ]
        },
        "*-advanced-alteration": {
          "groupBy": [ "attunementcore-*" ],
          "extraSections": [
            //{
            //  "title": "game:Created by",
            //  "text": "rustboundmagic:handbook-attunementcorecreationalteration-text"
            //},
            {
              "title": "rustboundmagic:handbook-spellschoolattunementsystem-title",
              "text": "rustboundmagic:handbook-spellschoolattunementsystem-text"
            }
          ]
        },
        "*-advanced-incantation": {
          "groupBy": [ "attunementcore-*" ],
          "extraSections": [
            //{
            //  "title": "game:Created by",
            //  "text": "rustboundmagic:handbook-attunementcorecreationincantation-text"
            //},
            {
              "title": "rustboundmagic:handbook-spellschoolattunementsystem-title",
              "text": "rustboundmagic:handbook-spellschoolattunementsystem-text"
            }
          ]
        },
        "*-advanced-conjuration": {
          "groupBy": [ "attunementcore-*" ],
          "extraSections": [
            //{
            //  "title": "game:Created by",
            //  "text": "rustboundmagic:handbook-attunementcorecreationconjuration-text"
            //},
            {
              "title": "rustboundmagic:handbook-spellschoolattunementsystem-title",
              "text": "rustboundmagic:handbook-spellschoolattunementsystem-text"
            }
          ]
        }
      },

      "groundStorageTransform": {
        "origin": {
          "x": 0.5,
          "y": 0,
          "z": 0.5
        },
        "scale": 0.5
      },

      "wearableAttachment": true,
      "clothescategoryByType": {
        "*-evocation": "emblem",
        "*-alteration": "emblem",
        "*-incantation": "emblem",
        "*-conjuration": "emblem"
      },
      "eyeprotective": true,
      "warmth": 0,

      "manacostforsoulbindingByType": {
        "*-basic-*": 50,
        "*-advanced-*": 150
      },

      "magicStatModifiersByType": {
        "*-advanced-evocation": {
          //"essenceattunementtype": 3,
          "maxmana": -50,
          "manaregen": 2,

          "evocationmodifiermanacost": -0.25,
          "evocationmodifiercasttime": -0.25,
          "evocationmodifierduration": 0.50,
          "evocationmodifierdamage": 0.50,
          "evocationmodifierstats": 0.50
        },
        "*-advanced-alteration": {
          //"essenceattunementtype": 3,
          //"maxmana": 10,
          "maxmana": -50,
          "manaregen": 2,

          "alterationmodifiermanacost": -0.25,
          "alterationmodifiercasttime": -0.25,
          "alterationmodifierduration": 0.50,
          "alterationmodifierdamage": 0.50,
          "alterationmodifierstats": 0.50
        },
        "*-advanced-incantation": {
          //"essenceattunementtype": 3,
          //"maxmana": 10,
          "maxmana": -50,
          "manaregen": 2,

          "incantationmodifiermanacost": -0.25,
          "incantationmodifiercasttime": -0.25,
          "incantationmodifierduration": 0.50,
          "incantationmodifierdamage": 0.50,
          "incantationmodifierstats": 0.50
        },
        "*-advanced-conjuration": {
          //"essenceattunementtype": 3,
          //"maxmana": 10,
          "maxmana": -50,
          "manaregen": 2,

          "conjurationmodifiermanacost": -0.25,
          "conjurationmodifiercasttime": -0.25,
          "conjurationmodifierduration": 0.50,
          "conjurationmodifierdamage": 0.50,
          "conjurationmodifierstats": 0.50
        }
      }
    }
  },

  "creativeinventory": {
    "general": [ "*" ],
    "items": [ "*" ],
    "clothing": [ "*" ],
    "rustboundmagicequipment": [ "*" ]
  },

  //"shapeinventoryByType": {
  //  "*": {
  //    "base": "entities/humanoids/essencelacrima"
  //  }
  //},
  //"shapeinventory": { "base": "game:block/wood/bed-inventory" },

  "shapeByType": {
    "*-evocation": {
      "base": "entities/humanoids/emblem/attunementcore-{type}"
    },
    "*-alteration": {
      "base": "entities/humanoids/emblem/attunementcore-{type}"
    },
    "*-incantation": {
      "base": "entities/humanoids/emblem/attunementcore-{type}"
    },
    "*-conjuration": {
      "base": "entities/humanoids/emblem/attunementcore-{type}"
    }
  },

  "texturesByType": {
    "*-evocation": {
      "seraph": { "base": "game:block/transparent" },
      "default": { "base": "default" },
      "material1": { "base": "color-red" },
      "outerenergy": { "base": "color-red" }
    },
    "*-alteration": {
      "seraph": { "base": "game:block/transparent" },
      "default": { "base": "default" },
      "material1": { "base": "color-teal" },
      "outerenergy": { "base": "color-teal" }
    },
    "*-incantation": {
      "seraph": { "base": "game:block/transparent" },
      "default": { "base": "default" },
      "material1": { "base": "color-purple" },
      "outerenergy": { "base": "color-purple" }
    },
    "*-conjuration": {
      "seraph": { "base": "game:block/transparent" },
      "default": { "base": "default" },
      "material1": { "base": "color-orange" },
      "outerenergy": { "base": "color-orange" }
    }
  },

  "heldTpUseAnimation": "interactstatic",

  "renderAlphaTest": 0.25,

  "guiTransformByType": {
    "*-evocation": {
      "rotation": {
        "x": 90,
        "y": 0,
        "z": 0
      },
      "origin": {
        "x": 0.5,
        "y": 0.5,
        "z": 0.5
      },
      "scale": 6
    },
    "*-alteration": {
      "rotation": {
        "x": 90,
        "y": 0,
        "z": 0
      },
      "origin": {
        "x": 0.5,
        "y": 0.5,
        "z": 0.5
      },
      "scale": 6
    },
    "*-incantation": {
      "rotation": {
        "x": 90,
        "y": 0,
        "z": 0
      },
      "origin": {
        "x": 0.5,
        "y": 0.5,
        "z": 0.5
      },
      "scale": 6
    },
    "*-conjuration": {
      "rotation": {
        "x": 90,
        "y": 0,
        "z": 0
      },
      "origin": {
        "x": 0.5,
        "y": 0.5,
        "z": 0.5
      },
      "scale": 6
    }
  },
  "tpHandTransformByType": {
    "*-evocation": {
      "translation": {
        "x": 0.85,
        "y": -0.43,
        "z": -0.37
      },
      "rotation": {
        "x": 0,
        "y": 0,
        "z": -180
      },
      "origin": {
        "x": 4.15,
        "y": 1.22,
        "z": 0.52
      },
      "scale": 1.47
    },
    "*-alteration": {
      "translation": {
        "x": 0.85,
        "y": -0.43,
        "z": -0.37
      },
      "rotation": {
        "x": 0,
        "y": 0,
        "z": -180
      },
      "origin": {
        "x": 4.15,
        "y": 1.22,
        "z": 0.52
      },
      "scale": 1.47
    },
    "*-incantation": {
      "translation": {
        "x": 0.85,
        "y": -0.43,
        "z": -0.37
      },
      "rotation": {
        "x": 0,
        "y": 0,
        "z": -180
      },
      "origin": {
        "x": 4.15,
        "y": 1.22,
        "z": 0.52
      },
      "scale": 1.47
    },
    "*-conjuration": {
      "translation": {
        "x": 0.85,
        "y": -0.43,
        "z": -0.37
      },
      "rotation": {
        "x": 0,
        "y": 0,
        "z": -180
      },
      "origin": {
        "x": 4.15,
        "y": 1.22,
        "z": 0.52
      },
      "scale": 1.47
    }
  },
  "groundTransformByType": {
    "*-evocation": {
      "translation": {
        "x": 0,
        "y": 0,
        "z": 0
      },
      "rotation": {
        "x": 0,
        "y": 0,
        "z": 0
      },
      "origin": {
        "x": 0.5,
        "y": 1.65,
        "z": 0.5
      },
      "scale": 6
    },
    "*-alteration": {
      "translation": {
        "x": 0,
        "y": 0,
        "z": 0
      },
      "rotation": {
        "x": 0,
        "y": 0,
        "z": 0
      },
      "origin": {
        "x": 0.5,
        "y": 1.65,
        "z": 0.5
      },
      "scale": 6
    },
    "*-incantation": {
      "translation": {
        "x": 0,
        "y": 0,
        "z": 0
      },
      "rotation": {
        "x": 0,
        "y": 0,
        "z": 0
      },
      "origin": {
        "x": 0.5,
        "y": 1.65,
        "z": 0.5
      },
      "scale": 6
    },
    "*-conjuration": {
      "translation": {
        "x": 0,
        "y": 0,
        "z": 0
      },
      "rotation": {
        "x": 0,
        "y": 0,
        "z": 0
      },
      "origin": {
        "x": 0.5,
        "y": 1.65,
        "z": 0.5
      },
      "scale": 6
    }
  }
}
