[
	{
		"op": "addmerge",
		"path": "/attributes",
		"value": {
			"antlerMountable": true,
			"onAntlerMountTransformByType": {
				"*-falx-*": {
					"translation": { "x": -0.7, "y": -0.18, "z": -0.03 },
					"rotation": { "x": -4, "y": -180, "z": -92 },
					"scale": 0.8
				},
				"*-blackguard-*": {
					"translation": { "x": 0, "y": -0.07, "z": 0 },
					"rotation": { "x": 0, "y": 0, "z": -88 },
					"scale": 0.8
				},
				"*-scrap-*": {
					"translation": { "x": 0.14, "y": 0.12, "z": 0 },
					"rotation": { "x": 0, "y": 0, "z": -88 }
				},
				"*-*": {
					"translation": { "x": 0.08, "y": -0.07, "z": 0 },
					"rotation": { "x": 0, "y": 0, "z": -86 },
					"scale": 0.8
				}
			}
		},
		"file": "game:itemtypes/tool/blade",
		"side": "Server"
	},

	{
		"op": "addmerge",
		"path": "/attributes",
		"value": {
			"antlerMountable": true,
			"onAntlerMountTransformByType": {
				"*-generic-*": {
					"translation": { "x": -0.84, "y": -0.12, "z": 0.06 },
					"rotation": { "x": 0, "y": 90, "z": -88 },
					"origin": { "x": 0.5, "y": 0.5, "z": -0 }
				},
				"*-*": {
					"translation": { "x": -0.84, "y": -0.02, "z": 0 },
					"rotation": { "x": 0, "y": 90, "z": -88 },
					"origin": { "x": 0.5, "y": 0.5, "z": -0 }
				}
			}
		},
		"file": "game:itemtypes/tool/knife",
		"side": "Server"
	},

	{
		"op": "addmerge",
		"path": "/attributes",
		"value": {
			"antlerMountable": true,
			"onAntlerMountTransformByType": {
				"*axe-bardiche-ruined": {
					"translation": { "x": -0.12, "y": 0.18, "z": 0.28 },
					"rotation": { "x": 0, "y": -45, "z": -90 },
					"scaleXyz": { "x": -0.8, "y": 0.8, "z": 0.8 }
				},
				"*": {
					"translation": { "x": 0.1, "y": -0.14, "z": 0 },
					"rotation": { "x": 0, "y": 0, "z": -95 },
					"scaleXyz": { "x": -1, "y": 1, "z": 1 }
				}
			}
		},
		"file": "game:itemtypes/tool/axe-metal",
		"side": "Server"
	},
	{
		"op": "addmerge",
		"path": "/attributes",
		"value": {
			"antlerMountable": true,
			"onAntlerMountTransform": {
				"translation": { "x": 0.1, "y": -0.14, "z": 0 },
				"rotation": { "x": 0, "y": 0, "z": -95 },
				"scaleXyz": { "x": -1, "y": 1, "z": 1 }
			}
		},
		"file": "game:itemtypes/tool/axe-stone",
		"side": "Server"
	},
	{
		"op": "addmerge",
		"path": "/attributes",
		"value": {
			"antlerMountable": true,
			"onAntlerMountTransform": {
				"translation": { "x": 0.1, "y": -0.14, "z": 0 },
				"rotation": { "x": 0, "y": 0, "z": -95 },
				"scaleXyz": { "x": -1, "y": 1, "z": 1 }
			}
		},
		"file": "game:itemtypes/tool/hoe",
		"side": "Server"
	},
	{
		"op": "addmerge",
		"path": "/attributes",
		"value": {
			"antlerMountable": true,
			"onAntlerMountTransform": {
				"translation": { "x": 0.08, "y": -0.63, "z": 0 },
				"rotation": { "x": 0, "y": 0, "z": -88 },
				"scaleXyz": { "x": -0.85, "y": 0.85, "z": 0.85 }
			}
		},
		"file": "game:itemtypes/tool/scythe",
		"side": "Server"
	},
	{
		"op": "addmerge",
		"path": "/attributes",
		"value": {
			"antlerMountable": true,
			"onAntlerMountTransformByType": {
				"*-generic-wood": {
					"translation": { "x": -0.32, "y": -0.11, "z": 0.03 },
					"rotation": { "x": 180, "y": 0, "z": -81 }
				},
				"*-scrapmace-scrap": {
					"translation": { "x": 0.16, "y": 0, "z": 0 },
					"rotation": { "x": 0, "y": 0, "z": -89 },
					"scaleXyz": { "x": -1, "y": 1, "z": 1 }
				},
				"*-*": {
					"translation": { "x": 0.2, "y": -0.46, "z": 0 },
					"rotation": { "x": 0, "y": 0, "z": -88 },
					"scaleXyz": { "x": -1, "y": 1, "z": 1 }
				}
			}
		},
		"file": "game:itemtypes/tool/club",
		"side": "Server"
	},

	{
		"op": "addmerge",
		"path": "/attributes",
		"value": {
			"antlerMountable": true,
			"onAntlerMountTransform": {
				"translation": { "x": 0.1, "y": -0.14, "z": 0 },
				"rotation": { "x": 0, "y": 0, "z": -94 },
				"scaleXyz": { "x": -1, "y": 1, "z": 1 }
			}
		},
		"file": "game:itemtypes/tool/pickaxe",
		"side": "Server"
	},
	{
		"op": "addmerge",
		"path": "/attributes",
		"value": {
			"antlerMountable": true,
			"onAntlerMountTransform": {
				"translation": { "x": 0.1, "y": -0.14, "z": 0 },
				"rotation": { "x": 0, "y": 0, "z": -94 },
				"scaleXyz": { "x": -1, "y": 1, "z": 1 }
			}
		},
		"file": "game:itemtypes/tool/prospectingpick",
		"side": "Server"
	},
	{
		"op": "addmerge",
		"path": "/attributes",
		"value": {
			"antlerMountable": true,
			"onAntlerMountTransform": {
				"translation": { "x": 0.14, "y": -0.49, "z": 0 },
				"rotation": { "x": 0, "y": 0, "z": -88 },
				"scaleXyz": { "x": -1, "y": 1, "z": 1 }
			}
		},
		"file": "game:itemtypes/tool/shovel",
		"side": "Server"
	},
	{
		"op": "addmerge",
		"path": "/attributes",
		"value": {
			"antlerMountable": true,
			"onAntlerMountTransformByType": {
				"*-voulge-*": {
					"translation": { "x": -0.26, "y": -0.44, "z": 0.2 },
					"rotation": { "x": -6, "y": 50, "z": 97 },
					"origin": { "x": 0.5, "y": 0.5, "z": 1 }
				},
				"*-generic-erel": {
					"translation": { "x": -0.33, "y": 0.31, "z": -0.475 },
					"rotation": { "x": 0, "y": -90, "z": 90 }
				},
				"*-*": {
					"translation": { "x": -0.33, "y": -0.44, "z": -0.45 },
					"rotation": { "x": 0, "y": -90, "z": 90 }
				}
			}
		},
		"file": "game:itemtypes/tool/spear",
		"side": "Server"
	},
	{
		"op": "addmerge",
		"path": "/attributes",
		"value": {
			"antlerMountable": true,
			"onAntlerMountTransform": {
				"translation": { "x": 0.18, "y": -0.4, "z": 0 },
				"rotation": { "x": 0, "y": 0, "z": -88 }
			}
		},
		"file": "game:itemtypes/tool/oar",
		"side": "Server"
	},
	{
		"op": "addmerge",
		"path": "/attributes",
		"value": {
			"antlerMountable": true,
			"onAntlerMountTransform": {
				"translation": { "x": -0.34, "y": -0.35, "z": 0 },
				"rotation": { "x": 0, "y": 0, "z": -88 }
			}
		},
		"file": "game:itemtypes/tool/tongs",
		"side": "Server"
	},


	{
		"op": "addmerge",
		"path": "/attributes",
		"value": {
			"antlerMountable": true,
			"onAntlerMountTransform": {
				"translation": { "x": -0.36, "y": -0.05, "z": 0 },
				"rotation": { "x": 0, "y": 0, "z": 90 },
			}
		},
		"file": "game:itemtypes/tool/hammer",
		"side": "Server"
	},
	{
		"op": "addmerge",
		"path": "/attributes",
		"value": {
			"antlerMountable": true,
			"onAntlerMountTransform": {
				"translation": { "x": -0.81, "y": -0.03, "z": 0 },
				"rotation": { "x": 0, "y": 0, "z": 90 }
			}
		},
		"file": "game:itemtypes/tool/wrench",
		"side": "Server"
	},
	{
		"op": "addmerge",
		"path": "/attributes",
		"value": {
			"antlerMountable": true,
			"onAntlerMountTransform": {
				"translation": { "x": -0.37, "y": -0.04, "z": 0 },
				"rotation": { "x": 90, "y": 0, "z": 90 }
			}
		},
		"file": "game:itemtypes/tool/saw",
		"side": "Server"
	},
	{
		"op": "addmerge",
		"path": "/attributes",
		"value": {
			"antlerMountable": true,
			"onAntlerMountTransform": {
				"translation": { "x": -0.38, "y": -0.12, "z": 0.03 },
				"rotation": { "x": 3, "y": 90, "z": -90 }
			}
		},
		"file": "game:itemtypes/tool/cleaver",
		"side": "Server"
	},


	{
		"op": "addmerge",
		"path": "/attributes",
		"value": {
			"antlerMountable": true,
			"onAntlerMountTransform": {
				"translation": { "x": 0.12, "y": 0.07, "z": -0.02 },
				"rotation": { "x": 0, "y": 0, "z": -90 }
			}
		},
		"file": "game:itemtypes/tool/bow",
		"side": "Server"
	},
	{
		"op": "addmerge",
		"path": "/attributes",
		"value": {
			"antlerMountable": true,
			"onAntlerMountTransform": {
				"translation": { "x": -0.02, "y": 0.12, "z": -0.27 },
				"rotation": { "x": 95, "y": 14, "z": -176 },
				"scale": 0.65
			}
		},
		"file": "game:itemtypes/tool/arrow",
		"side": "Server"
	},
	{
		"op": "addmerge",
		"path": "/attributes",
		"value": {
			"antlerMountable": true,
			"onAntlerMountTransformByType": {
				"*-crude": {
					"translation": { "x": -0.58, "y": -0.37, "z": 0 },
					"rotation": { "x": 0, "y": 90, "z": -90 },
					"origin": { "x": 0.5, "y": 0.5, "z": 0 }
				},
				"*-*": {
					"translation": { "x": -0.57, "y": 0.43, "z": 0.065 },
					"rotation": { "x": 0, "y": 90, "z": 0 },
					"origin": { "x": 0.5, "y": 0.5, "z": -0 }
				}
			}
		},
		"file": "game:itemtypes/tool/shield",
		"side": "Server"
	},
]