[
	{
		"op": "addmerge",
		"path": "/attributes",
		"value": {
			"antlerMountableByType": {
				"*-gunbai": true,
				"*-art/gear*": true,
				"*-art/zoolite*": true,
				"*-art/bronze-tablet": true,
				"*-art/natufian-stone": true,
				"*-deviceproto": true,
				"*-amber-insect": true,
			},
			"onAntlerMountTransformByType": {
				"*-gunbai": {
					"translation": { "x": 0.11, "y": 0, "z": 0 },
					"rotation": { "x": 180, "y": 0, "z": -90 }
				},
				"*-amber-insect": {
					"translation": { "x": 0.09, "y": 0, "z": 0 },
					"rotation": { "x": 0, "y": 0, "z": -90 }
				},
				"*-art/gear1": {
					"translation": { "x": -0.38, "y": 0.249, "z": 0 },
					"rotation": { "x": 0, "y": 90, "z": 0 }
				},
				"*-art/gear3": {
					"translation": { "x": -0.35, "y": 0.09, "z": 0 },
					"rotation": { "x": 0, "y": 90, "z": 0 }
				},
				"*-art/zoolite1": {
					"translation": { "x": -0.33, "y": 0.41, "z": 0 },
					"rotation": { "x": 0, "y": 90, "z": 0 }
				},
				"*-art/zoolite2": {
					"translation": { "x": 0.09, "y": 0.065, "z": 0 },
					"rotation": { "x": 90, "y": 0, "z": -90 }
				},
				"*-art/natufian-stone": {
					"translation": { "x": 0.09, "y": 0.05, "z": 0 },
					"rotation": { "x": 90, "y": 0, "z": -90 }
				},
				"*-*": {
					"translation": { "x": 0.09, "y": 0, "z": 0 },
					"rotation": { "x": 90, "y": 0, "z": -90 }
				}
			}
		},
		"file": "game:itemtypes/clutter",
		"side": "Server"
	},

	{
		"op": "addmerge",
		"path": "/attributes",
		"value": {
			"antlerMountable": true,
			"onAntlerMountTransform": {
				"translation": { "x": 0.07, "y": 0, "z": 0 },
				"rotation": { "x": 90, "y": 0, "z": -90 }
			}
		},
		"file": "game:itemtypes/utility/schematic",
		"side": "Server"
	},
	{
		"op": "addmerge",
		"path": "/attributes",
		"value": {
			"antlerMountable": true,
			"onAntlerMountTransform": {
				"translation": { "x": -0.29, "y": -0.22, "z": 0 },
				"rotation": { "x": 90, "y": 65, "z": -90 }
			}
		},
		"file": "game:itemtypes/utility/locatormap",
		"side": "Server"
	},
	{
		"op": "addmerge",
		"path": "/attributes",
		"value": {
			"antlerMountableByType": {
				"*-paper": true,
			},
			"onAntlerMountTransformByType": {
				"*-paper": {
					"translation": { "x": -0.29, "y": -0.22, "z": 0 },
					"rotation": { "x": 90, "y": 65, "z": -90 }
				}
			}
		},
		"file": "game:itemtypes/lore/lore",
		"side": "Server"
	},
	{
		"op": "addmerge",
		"path": "/attributes",
		"enabled": false,
		"value": {
			"antlerMountable": true,
			"onAntlerMountTransform": {
				"translation": { "x": 0.02, "y": -0.03, "z": 0 },
				"rotation": { "x": 90, "y": 7, "z": -90 }
			}
		},
		"file": "game:itemtypes/lore/letter",
		"side": "Server"
	},

	{
		"op": "addmerge",
		"path": "/attributes",
		"value": {
			"antlerMountable": true,
			"onAntlerMountTransform": {
				"translation": { "x": -0.78, "y": -0, "z": 0.085 },
				"rotation": { "x": 45, "y": 0, "z": 90 }
			}
		},
		"file": "game:itemtypes/part/boss",
		"side": "Server"
	},

	{
		"op": "addmerge",
		"path": "/attributes",
		"value": {
			"antlerMountable": true,
			"onAntlerMountTransformByType": {
				"*-huge": {
					"translation": { "x": 0.13, "y": -0.56, "z": 0 },
					"rotation": { "x": -90, "y": -4, "z": -90 }
				},
				"*-small": {
					"translation": { "x": 0.1, "y": 0, "z": 0 },
					"rotation": { "x": -90, "y": -4, "z": -90 }
				},
				"*-*": {
					"translation": { "x": 0.13, "y": -0.4, "z": 0 },
					"rotation": { "x": -90, "y": -4, "z": -90 }
				}
			}
		},
		"file": "game:itemtypes/resource/hide",
		"side": "Server"
	},
	{
		"op": "addmerge",
		"path": "/attributes",
		"value": {
			"antlerMountable": true,
			"onAntlerMountTransformByType": {
				"*-head": {
					"translation": { "x": -0.08, "y": 0.25, "z": 0.02 },
					"rotation": { "x": 90, "y": 38, "z": -90 },
					"scale": 0.75
				},
				"*-bear-sun-complete":{ 
					"translation": { "x": 0.17, "y": -1, "z": -0 },
					"rotation": { "x": 90, "y": 4, "z": -90 }
				},
				"*-bear-*-complete": {
					"translation": { "x": 0.17, "y": -1.25, "z": -0 },
					"rotation": { "x": 90, "y": 4, "z": -90 }
				},
				"*-bear-sun-*": {
					"translation": { "x": 0.13, "y": -0.4, "z": 0 },
					"rotation": { "x": -90, "y": -4, "z": -90 }
				},
				"*-*": {
					"translation": { "x": 0.13, "y": -0.56, "z": 0 },
					"rotation": { "x": -90, "y": -4, "z": -90 }
				}
			}
		},
		"file": "game:itemtypes/resource/hide-species",
		"side": "Server"
	},

	{
		"op": "addmerge",
		"path": "/attributes",
		"value": {
			"antlerMountableByType": { "*-face-*": true },
			"onAntlerMountTransform": {
				"translation": { "x": 0.36, "y": 0.01, "z": 0 },
				"rotation": { "x": 0, "y": 180, "z": 89 },
				"scale": 1.5
			}
		},
		"file": "game:itemtypes/wearable/animal/hooved",
		"side": "Server"
	},

	{
		"op": "addmerge",
		"path": "/attributes",
		"value": {
			"antlerMountable": true,
			"onAntlerMountTransformByType": {
				"*-siren": {
					"translation": { "x": -0.3, "y": 0, "z": 0 },
					"rotation": { "x": 90, "y": 90, "z": -90 },
					"scale": 0.6
				},
				"*-gear": {
					"translation": { "x": -0.33, "y": -0.05, "z": 0 },
					"scale": 0.6
				},
				"*-skull": {
					"translation": { "x": -0.3, "y": 0.09, "z": 0 },
					"rotation": { "x": 90, "y": 67.5, "z": -90 },
					"scale": 0.6
				},
				"*-seamonster": {
					"translation": { "x": -0.21, "y": 0.13, "z": 0 },
					"rotation": { "x": 90, "y": 67.5, "z": -90 },
					"scale": 0.6
				},
				"*-eidolon": {
					"translation": { "x": -0.19, "y": 0.04, "z": 0 },
					"rotation": { "x": 90, "y": 82.5, "z": -90 },
					"scale": 0.6
				},
				"*": {
					"translation": { "x": -0.31, "y": 0.01, "z": 0 },
					"rotation": { "x": 90, "y": 45, "z": -90 },
					"scale": 0.6
				}
			}
		},
		"file": "game:blocktypes/wood/woodtyped/figurehead",
		"side": "Server"
	},
	
	{
		"op": "addmerge",
		"path": "/attributes",
		"value": {
			"antlerMountable": true,
			"onAntlerMountTransform": {
				"translation": { "x": -0.12, "y": -0.02, "z": -0.02 },
				"rotation": { "x": 0, "y": 0, "z": -90 },
				"scale": 0.6
			}
		},
		"file": "game:itemtypes/creature-butterfly-dead",
		"side": "Server"
	},
	
	{
		"op": "addmerge",
		"path": "/attributes",
		"value": {
			"antlerMountableByType": {
				"*-eidolon2tr": true
			},
			"onAntlerMountTransformByType": {
				"*-eidolon2tr": {
					"translation": { "x": -0.45, "y": 0.3, "z": 0 },
					"rotation": { "x": 0, "y": -90, "z": 0 }
				}
			}
		},
		"file": "game:itemtypes/jonas/rustypart.json",
		"side": "Server"
	},
]