[
	{
		"op": "addmerge",
		"path": "/attributes",
		"value": {
			"antlerMountableByType": {
				"@.*-(malefactor-mask|forlorn-veil|sheepskull|crow|hummingbird|corroded|cat|festivecat|marketeer|rotwalker|rottenking|surgeon|surgeonhood|forgotten|snow-goggles)": true
			},
			"onAntlerMountTransformByType": {
				"*-sheepskull": {
					"translation": { "x": -1.02, "y": -0.98, "z": 0 },
					"rotation": { "x": 0, "y": 180, "z": 25 }
				},
				"*-malefactor-mask": {
					"translation": { "x": -0.53, "y": -1.15, "z": 0 },
					"rotation": { "x": 0, "y": 180, "z": 0 }
				},
				"*-hummingbird": {
					"translation": { "x": -0.53, "y": -1.15, "z": 0 },
					"rotation": { "x": 0, "y": 180, "z": 0 }
				},
				"*-forlorn-veil": {
					"translation": { "x": -0.53, "y": -1, "z": 0 },
					"rotation": { "x": 0, "y": 180, "z": 0 }
				},
				"*-*": {
					"translation": { "x": -0.53, "y": -1.18, "z": 0 },
					"rotation": { "x": 0, "y": 180, "z": 0 }
				}
			}
		},
		"file": "game:itemtypes/wearable/seraph/face",
		"side": "Server"
	},

	{
		"op": "addmerge",
		"path": "/attributes",
		"value": {
			"antlerMountable": true,
			"onAntlerMountTransformByType": {
				"*-pillory": {
					"translation": { "x": 0.68, "y": 0.2, "z": 0 },
					"rotation": { "x": 0, "y": 180, "z": -99 }
				},
				"*-copper-torc": {
					"translation": { "x": -1.36, "y": -0.15, "z": 0 },
					"rotation": { "x": 0, "y": 180, "z": 77 }
				},
				"*-marketeer": {
					"translation": { "x": -0.53, "y": -1.1, "z": 0 },
					"rotation": { "x": 0, "y": 180, "z": 0 }
				},
				"@.*-(gorget|gorget-vulture|lunula)": {
					"translation": { "x": -0.54, "y": -1.1, "z": 0 },
					"rotation": { "x": 0, "y": 180, "z": 0 },
					"scale": 1.25
				},
				"*-*": {
					"translation": { "x": -0.56, "y": -1.02, "z": 0 },
					"rotation": { "x": 0, "y": 180, "z": 0 },
					"scale": 1.25
				}
			}
		},
		"file": "game:itemtypes/wearable/seraph/neck",
		"side": "Server"
	},
	{
		"op": "addmerge",
		"path": "/attributes",
		"value": {
			"antlerMountable": true,
			"onAntlerMountTransform": {
				"translation": { "x": -0.54, "y": -1.1, "z": 0 },
				"rotation": { "x": 0, "y": 180, "z": 0 },
				"scale": 1.25
			}
		},
		"file": "game:itemtypes/wearable/seraph/villager/nadiya/neck",
		"side": "Server"
	},

	{
		"op": "addmerge",
		"path": "/attributes",
		"value": {
			"antlerMountable": true,
			"onAntlerMountTransformByType": {
				"*-brass-ruby-brooch": {
					"translation": { "x": -0.53, "y": -0.8, "z": 0 },
					"rotation": { "x": 0, "y": 180, "z": 0 }
				},
				"*-squire-emblem": {
					"translation": { "x": -0.53, "y": -0.85, "z": -0.105 },
					"rotation": { "x": 0, "y": 180, "z": 0 }
				},
				"*-blue-seal": {
					"translation": { "x": -0.53, "y": -0.85, "z": -0.105 },
					"rotation": { "x": 0, "y": 180, "z": 0 }
				},
				"*-falcon": {
					"translation": { "x": -0.6, "y": -1.32, "z": 0 },
					"rotation": { "x": 0, "y": 180, "z": 0 },
					"scale": 1.5
				},
				"*-silver-brooch": {
					"translation": { "x": -0.67, "y": -1.8, "z": -0.135 },
					"rotation": { "x": 0, "y": 180, "z": 0 },
					"scale": 2
				},
				"*-lily": {
					"translation": { "x": -0.82, "y": -2.74, "z": 0.26 },
					"rotation": { "x": 0, "y": 180, "z": 0 },
					"scale": 3
				},
				"*-fibula": {
					"translation": { "x": -0.8, "y": -2.83, "z": -0.3 },
					"rotation": { "x": 0, "y": 180, "z": 0 },
					"scale": 3
				},
				"*-silver-pin": {
					"translation": { "x": -0.6, "y": -1.34, "z": -0.13 },
					"rotation": { "x": 0, "y": 180, "z": 0 },
					"scale": 1.5
				},
				"*-*": {
					"translation": { "x": -0.53, "y": -0.9, "z": -0.105 },
					"rotation": { "x": 0, "y": 180, "z": 0 }
				}
			}
		},
		"file": "game:itemtypes/wearable/seraph/emblem",
		"side": "Server"
	},
	{
		"op": "addmerge",
		"path": "/attributes",
		"value": {
			"antlerMountable": true,
			"onAntlerMountTransform": {
				"translation": { "x": -0.58, "y": -1, "z": 0.1 },
				"rotation": { "x": 0, "y": 180, "z": 0 },
				"scale": 1.25
			}
		},
		"file": "game:itemtypes/wearable/seraph/emblem-butterflypin",
		"side": "Server"
	},
	{
		"op": "addmerge",
		"path": "/attributes",
		"value": {
			"antlerMountable": true,
			"onAntlerMountTransform": {
				"translation": { "x": -0.5, "y": -1.26, "z": 0 },
				"rotation": { "x": 0, "y": 180, "z": 0 }
			}
		},
		"file": "game:itemtypes/jonas/nightvisiondevice",
		"side": "Server"
	},
	{
		"op": "addmerge",
		"path": "/attributes",
		"value": {
			"antlerMountableByType": {
				"@.*-(gold-waist-chain|fortune-teller-hip-scarf|heavy-belt|prince-waistband|sturdy-leather-belt|squire-belt|miner|jambiya-belt)": true,
			},
			"onAntlerMountTransformByType": {
				"*-gold-waist-chain": {
					"translation": { "x": -0.49, "y": -0.4, "z": 0 },
					"rotation": { "x": 0, "y": 180, "z": 0 },
				},
				"*-fortune-teller-hip-scarf": {
					"translation": { "x": -0.62, "y": -0.49, "z": 0 },
					"scale": 1.34
				},
				"*-heavy-belt": {
					"translation": { "x": -0.59, "y": -0.61, "z": 0 },
					"rotation": { "x": 0, "y": 180, "z": 0 },
					"scale": 1.34
				},
				"*-prince-waistband": {
					"translation": { "x": -0.57, "y": -0.65, "z": 0 },
					"rotation": { "x": 0, "y": 180, "z": 0 },
					"scale": 1.34
				},
				"*-sturdy-leather-belt": {
					"translation": { "x": -0.59, "y": -0.52, "z": 0 },
					"rotation": { "x": 0, "y": 180, "z": 0 },
					"scale": 1.3
				},
				"*-squire-belt": {
					"translation": { "x": -0.71, "y": -0.58, "z": 0.01 },
					"rotation": { "x": 0, "y": 65, "z": 0 },
					"scale": 1.3
				},
				"*-miner": {
					"translation": { "x": -0.57, "y": -0.75, "z": 0 },
					"rotation": { "x": 0, "y": 180, "z": 0 },
					"scale": 1.34
				},
				"*": {
					"translation": { "x": -0.58, "y": -0.73, "z": 0 },
					"rotation": { "x": 0, "y": 180, "z": 0 },
					"scale": 1.34
				},
			}
		},
		"file": "game:itemtypes/wearable/seraph/waist",
		"side": "Server"
	},
	{
		"op": "addmerge",
		"path": "/attributes",
		"value": {
			"antlerMountableByType": {
				"@.*-(guard|hunter|winter1|winter2)": true,
			},
			"onAntlerMountTransformByType": {
				"*-hunter": {
					"translation": { "x": -0.66, "y": -0.64, "z": -0.03 },
					"rotation": { "x": 0, "y": 90, "z": 0 },
					"scale": 1.3
				},
				"*": {
					"translation": { "x": -0.58, "y": -0.69, "z": 0 },
					"rotation": { "x": 0, "y": 180, "z": 0 },
					"scale": 1.34
				},
			}
		},
		"file": "game:itemtypes/wearable/seraph/villager/nadiya/waist",
		"side": "Server"
	},
	{
		"op": "addmerge",
		"path": "/attributes",
		"value": {
			"antlerMountableByType": {
				"*-head-brigandine-*": true,
				"*-head-chain-*": true,
				"*-head-scale-*": true,
				"*-head-plate-*": true,
				"*-head-antique-*-pristine": true,
				"*-head-antique-*-damaged": true
			},
			"onAntlerMountTransformByType": {
				"*-plate-*": {
					"translation": { "x": -0.5, "y": -1.25, "z": 0 },
					"rotation": { "x": 0, "y": 180, "z": 0 }
				},
				"*-antique-*": {
					"translation": { "x": -0.5, "y": -1.25, "z": 0 },
					"rotation": { "x": 0, "y": 180, "z": 0 }
				},
				"*": {
					"translation": { "x": -0.49, "y": -1.3, "z": 0 },
					"rotation": { "x": 0, "y": 180, "z": 0 }
				}
			}
		},
		"file": "game:itemtypes/wearable/seraph/armor",
		"side": "Server"
	},
	{
		"op": "addmerge",
		"path": "/attributes",
		"value": {
			"antlerMountableByType": {
				"*-head-*": true,
			},
			"onAntlerMountTransform": {
				"translation": { "x": -0.49, "y": -1.3, "z": 0 },
				"rotation": { "x": 0, "y": 180, "z": 0 }
			}
		},
		"file": "game:itemtypes/wearable/seraph/armor-hide",
		"side": "Server"
	},
	{
		"op": "addmerge",
		"path": "/attributes",
		"value": {
			"antlerMountableByType": {
				"*-rotwalker": true,
			},
			"onAntlerMountTransform": {
				"translation": { "x": -0.53, "y": -1.18, "z": 0 },
				"rotation": { "x": 0, "y": 180, "z": 0 }
			}
		},
		"file": "game:itemtypes/wearable/seraph/head",
		"side": "Server"
	},
	{
		"op": "addmerge",
		"path": "/attributesByType/@.*-(blacksmith|beekeeper)",
		"value": {
			"antlerMountable": true,
			"onAntlerMountTransform": {
				"translation": { "x": -0.53, "y": -1.18, "z": 0 },
				"rotation": { "x": 0, "y": 180, "z": 0 }
			}
		},
		"file": "game:itemtypes/wearable/seraph/villager/nadiya/head",
		"side": "Server"
	},
	{
		"op": "addmerge",
		"path": "/attributes",
		"value": {
			"antlerMountableByType": {
				"@.*-(alchemist|barber|blacksmith|miner)": true,
			},
			"onAntlerMountTransform": {
				"translation": { "x": -0.53, "y": -1.18, "z": 0 },
				"rotation": { "x": 0, "y": 180, "z": 0 }
			}
		},
		"file": "game:itemtypes/wearable/seraph/villager/nadiya/face",
		"side": "Server"
	},
]