[
	{
		"op": "addmerge",
		"path": "/attributes",
		"value": {
			"rackableByType": {
				"*-face-*": true,
				"*-head-*": true
			},
			"toolrackTransformByType": {
				"*-face-*": {
					"translation": { "x": -0.37, "y": -0.72, "z": -0.09 },
					"rotation": { "x": 180, "y": 0, "z": 0 },
					"scale": 1.5
				},
				"*-head-*": {
					"translation": { "x": -0.59, "y": -0.74, "z": 0 },
					"rotation": { "x": 0, "y": 0, "z": 174 },
					"scale": 1.5
				}
			}
		},
		"file": "game:itemtypes/wearable/animal/hooved",
		"side": "Server"
	},
	{
		"op": "addmerge",
		"path": "/attributes",
		"value": {
			"rackable": true,
			"toolrackTransform": {
				"translation": { "x": 0.34, "y": -0.56, "z": -0.4 },
				"rotation": { "x": 180, "y": 0, "z": 0 },
				"scale": 1.34
			}
		},
		"file": "game:itemtypes/wearable/animal/pillion",
		"side": "Server"
	},
	
	{
		"op": "addmerge",
		"path": "/attributes",
		"value": {
			"rackable": true,
			"toolrackTransform": {
				"translation": { "x": 0, "y": 0.5, "z": 0 }
			}
		},
		"file": "game:itemtypes/tool/arrow",
		"side": "Server"
	},
]