{
	"editor": {
		"allAngles": false,
		"entityTextureMode": false
	},
	"textureWidth": 16,
	"textureHeight": 16,
	"textureSizes": {
	},
	"textures": {
		"paperbacksmall": "block/paperbacksmall",
		"oak": "block/woodvariants/oak",
		"clear": "game:block/wood/displaycase/clear"
	},
	"elements": [
		{
			"name": "origin",
			"from": [ 8.0, 8.0, 0.0 ], 
			"to": [ 8.0, 8.0, 0.0 ], 
			"rotationOrigin": [ 8.0, 8.0, 0.0 ],
			"rotationX": 90.0,
			"faces": {
				"north": { "texture": "#ornament", "uv": [ 0.0, 0.0, 0.5, 0.5 ], "enabled": false, "autoUv": false },
				"east": { "texture": "#ornament", "uv": [ 0.0, 0.0, 0.5, 0.5 ], "enabled": false },
				"south": { "texture": "#ornament", "uv": [ 0.0, 0.0, 0.5, 0.5 ], "enabled": false },
				"west": { "texture": "#ornament", "uv": [ 0.0, 0.0, 0.5, 0.5 ], "enabled": false },
				"up": { "texture": "#ornament", "uv": [ 0.0, 0.0, 0.5, 0.5 ], "enabled": false },
				"down": { "texture": "#ornament", "uv": [ 0.0, 0.0, 0.5, 0.5 ], "enabled": false }
			},
			"children": [
				{
					"name": "wood",
					"from": [ -4.5, 0.0, -4.5 ], 
					"to": [ 4.5, 1.0, 4.5 ], 
					"faces": {
						"north": { "texture": "#oak", "uv": [ 4.0, 0.0, 13.0, 1.0 ], "rotation": 180 },
						"east": { "texture": "#oak", "uv": [ 14.5, 2.5, 15.5, 11.5 ], "rotation": 90 },
						"south": { "texture": "#oak", "uv": [ 3.0, 0.5, 12.0, 1.5 ] },
						"west": { "texture": "#oak", "uv": [ 0.0, 4.0, 1.0, 13.0 ], "rotation": 270 },
						"up": { "texture": "#paperbacksmall", "uv": [ 0.0, 0.0, 16.0, 16.0 ], "autoUv": false },
						"down": { "texture": "#oak", "uv": [ 0.0, 0.0, 16.0, 16.0 ], "autoUv": false }
					},
					"children": [
						{
							"name": "glass",
							"from": [ 1.0, 2.0, 1.0 ], 
							"to": [ 8.0, 3.0, 8.0 ], 
							"renderPass": 3,
							"rotationOrigin": [ 8.0, 2.0, 8.0 ],
							"faces": {
								"north": { "texture": "#clear", "uv": [ 0.0, 0.0, 7.0, 1.0 ], "windData": [1,1,1,1] },
								"east": { "texture": "#clear", "uv": [ 0.0, 0.0, 7.0, 1.0 ], "windData": [1,1,1,1] },
								"south": { "texture": "#clear", "uv": [ 0.0, 0.0, 7.0, 1.0 ], "windData": [1,1,1,1] },
								"west": { "texture": "#clear", "uv": [ 0.0, 0.0, 7.0, 1.0 ], "windData": [1,1,1,1] },
								"up": { "texture": "#clear", "uv": [ 1.5, 1.0, 8.5, 8.0 ], "windData": [1,1,1,1] },
								"down": { "texture": "#clear", "uv": [ 0.0, 0.0, 7.0, 7.0 ], "enabled": false }
							}
						},
						{
							"name": "Cube1",
							"from": [ 0.0, 1.0, 0.0 ], 
							"to": [ 1.0, 2.0, 8.0 ], 
							"rotationOrigin": [ 0.0, 1.0, 0.0 ],
							"faces": {
								"north": { "texture": "#oak", "uv": [ 0.0, 0.0, 1.0, 1.0 ] },
								"east": { "texture": "#oak", "uv": [ 1.0, 0.0, 9.0, 1.0 ] },
								"south": { "texture": "#oak", "uv": [ 0.0, 0.0, 1.0, 1.0 ] },
								"west": { "texture": "#oak", "uv": [ 4.0, 0.0, 12.0, 1.0 ] },
								"up": { "texture": "#oak", "uv": [ 0.0, 0.0, 1.0, 8.0 ] },
								"down": { "texture": "#null", "uv": [ 0.0, 0.0, 1.0, 16.0 ], "enabled": false, "autoUv": false }
							}
						},
						{
							"name": "Cube5",
							"from": [ 8.0, 1.0, 1.0 ], 
							"to": [ 9.0, 2.0, 9.0 ], 
							"rotationOrigin": [ 8.0, 1.0, 1.0 ],
							"faces": {
								"north": { "texture": "#oak", "uv": [ 0.0, 0.0, 1.0, 1.0 ] },
								"east": { "texture": "#oak", "uv": [ 14.5, 1.5, 15.5, 9.5 ], "rotation": 90 },
								"south": { "texture": "#oak", "uv": [ 0.0, 0.0, 1.0, 1.0 ] },
								"west": { "texture": "#oak", "uv": [ 0.0, 0.0, 8.0, 1.0 ] },
								"up": { "texture": "#oak", "uv": [ 15.0, 0.0, 16.0, 8.0 ] },
								"down": { "texture": "#null", "uv": [ 0.0, 0.0, 1.0, 16.0 ], "enabled": false, "autoUv": false }
							}
						},
						{
							"name": "Cube6",
							"from": [ 1.0, 1.0, 0.0 ], 
							"to": [ 9.0, 2.0, 1.0 ], 
							"rotationOrigin": [ 1.0, 1.0, 0.0 ],
							"faces": {
								"north": { "texture": "#oak", "uv": [ 3.5, 0.0, 11.5, 1.0 ] },
								"east": { "texture": "#oak", "uv": [ 0.0, 0.0, 1.0, 1.0 ] },
								"south": { "texture": "#oak", "uv": [ 1.0, 0.0, 9.0, 1.0 ] },
								"west": { "texture": "#oak", "uv": [ 0.0, 0.0, 1.0, 1.0 ] },
								"up": { "texture": "#oak", "uv": [ 0.0, 0.0, 8.0, 1.0 ] },
								"down": { "texture": "#null", "uv": [ 0.0, 0.0, 1.0, 16.0 ], "enabled": false, "autoUv": false }
							}
						},
						{
							"name": "Cube7",
							"from": [ 0.0, 1.0, 8.0 ], 
							"to": [ 8.0, 2.0, 9.0 ], 
							"rotationOrigin": [ 0.0, 1.0, 9.0 ],
							"faces": {
								"north": { "texture": "#oak", "uv": [ 0.0, 0.0, 8.0, 1.0 ] },
								"east": { "texture": "#oak", "uv": [ 0.0, 0.0, 1.0, 1.0 ] },
								"south": { "texture": "#oak", "uv": [ 3.5, 0.0, 11.5, 1.0 ] },
								"west": { "texture": "#oak", "uv": [ 0.0, 0.0, 1.0, 1.0 ] },
								"up": { "texture": "#oak", "uv": [ 5.5, 0.0, 13.5, 1.0 ] },
								"down": { "texture": "#null", "uv": [ 0.0, 0.0, 1.0, 16.0 ], "enabled": false, "autoUv": false }
							}
						}
					]
				}
			]
		}
	]}