[
    {
        "recipeGroup": 1,
        "ingredientPattern": "H,F,T",
        "ingredients": {
            "H": {
                "type": "item",
                "code": "soaplyeandbloom:flower-chamomile-fresh"
            },
            "F": {
                "type": "item",
                "code": "soaplyeandbloom:flower-mint-fresh"
            },
            "T": {
                "type": "item",
                "code": "alchemy:mortarpestle-*",
                "isTool": true
            }
        },
        "shapeless": true,
        "width": 1,
        "height": 3,
        "output": {
            "type": "item",
            "code": "alchemy:potionbase-speed-weak"
        }
    },
    {
        "recipeGroup": 1,
        "ingredientPattern": "H,F,T",
        "ingredients": {
            "H": {
                "type": "item",
                "code": "alchemy:cuttings-chamomile-cooked"
            },
            "F": {
                "type": "item",
                "code": "alchemy:cuttings-mint-cooked"
            },
            "T": {
                "type": "item",
                "code": "alchemy:mortarpestle-*",
                "isTool": true
            }
        },
        "shapeless": true,
        "width": 1,
        "height": 3,
        "output": {
            "type": "item",
            "code": "alchemy:potionbase-speed-strong"
        }
    }
]