[
	{	_Comment: "A Mini Leather Backpack With A Lantern",
		ingredientPattern: "LNB",
		ingredients: {
			
			"L": { type: "block", code: "game:lantern-*"},
			"N": { type: "item", code: "game:metalnailsandstrips-*"},
			"B": { type: "item",  code: "abcsredux:megaleatherbackpack"},
		},
		width: 3,
		height: 1,
		recipeGroup: 1,	
		output: { type: "item", code: "abcsredux:megaleatherbackpack-lantern"}
	},
	{	_Comment: "Super to Mega Plain Leather",
		ingredientPattern: "SNK,PBP,PMP",
		ingredients: {
			
			"S": { type: "item", code: "game:shears-*", isTool: true, toolDurabilityCost: 10  },
			"K": { type: "item",  code: "game:sewingkit"},
			"N": { type: "item",  code: "game:metalnailsandstrips-*"},
			
			"P": { type: "item", code: "abcsredux:leatherpouch"},
			"B": { type: "item",  code: "abcsredux:superleatherbackpack-lantern" },
			
			"M": { type: "item", code: "game:metalplate-*bronze", quantity: 1 }
		},
		width: 3,
		height: 3,
		recipeGroup: 1,	
		output: { type: "item", code: "abcsredux:megaleatherbackpack-lantern"}
	}
]