[
	{	_Comment: "Standard to Mini Sturdy Leather",
		ingredientPattern: "S_K,PBP,_L_",
		ingredients: {
			
			"S": { type: "item", code: "game:shears-*", isTool: true, toolDurabilityCost: 10  },
			"K": { type: "item",  code: "game:sewingkit"},
			
			"P": { type: "item", code: "abcsredux:sturdyleatherpouch"},
			"B": { type: "item",  code: "game:backpack-sturdy" },
			"L": { type: "item",  code: "game:leather-sturdy-*" }
		},
		width: 3,
		height: 3,
		recipeGroup: 1,	
		output: { type: "item", code: "abcsredux:ministurdybackpack"}
	}
]