[
	{	_Comment: "Mini leather to Mini Sturdy",
		ingredientPattern: "STN,PBP,LLL",
		ingredients: {
			"S": { type: "item", code: "game:shears-*", isTool: true, toolDurabilityCost: 10  },
			"N": { type: "item", code: "game:sewingkit" },
			"P": { type: "item", code: "abcsredux:sturdyleatherpouch"},			
			"B": { type: "item",  code: "abcsredux:minileatherbackpack" },
			"T": { type: "item",  code: "game:flaxtwine", quantity: 2 },
			"L": { type: "item",  code: "game:leather-sturdy-*", quantity: 1 }
		},
		width: 3,
		height: 3,
		recipeGroup: 2,	
		output: { type: "item", code: "abcsredux:ministurdybackpack", quantity: 1 }
	},	
	
	{	_Comment: "Tall leather to Tall Sturdy",
		ingredientPattern: "STN,PBP,LLL",
		ingredients: {
			"S": { type: "item", code: "game:shears-*", isTool: true, toolDurabilityCost: 10  },
			"N": { type: "item", code: "game:sewingkit" },
			"P": { type: "item", code: "abcsredux:sturdyleatherpouch"},			
			"B": { type: "item",  code: "abcsredux:tallleatherbackpack" },
			"T": { type: "item",  code: "game:flaxtwine", quantity: 2 },
			"L": { type: "item",  code: "game:leather-sturdy-*", quantity: 2 }
		},
		width: 3,
		height: 3,
		recipeGroup: 2,	
		output: { type: "item", code: "abcsredux:tallsturdybackpack", quantity: 1 }
	},		
		

	{	_Comment: "Basic leather to Basic Sturdy",
		ingredientPattern: "STN,PBP,LLL",
		ingredients: {
			"S": { type: "item", code: "game:shears-*", isTool: true, toolDurabilityCost: 10  },
			"N": { type: "item", code: "game:sewingkit" },
			"P": { type: "item", code: "abcsredux:sturdyleatherpouch"},			
			"B": { type: "item",  code: "abcsredux:basicleatherbackpack"},
			"T": { type: "item",  code: "game:flaxtwine", quantity: 2 },
			"L": { type: "item",  code: "game:leather-sturdy-*", quantity: 3 }
		},
		width: 3,
		height: 3,
		recipeGroup: 2,	
		output: { type: "item", code: "abcsredux:basicsturdybackpack", quantity: 1 }
	},
		
		
		
	{	_Comment: "Super leather to Super Sturdy",
		ingredientPattern: "STN,PBP,LLL",
		ingredients: {
			"S": { type: "item", code: "game:shears-*", isTool: true, toolDurabilityCost: 10  },
			"N": { type: "item", code: "game:sewingkit" },
			"P": { type: "item", code: "abcsredux:sturdyleatherpouch"},			
			"B": { type: "item",  code: "abcsredux:superleatherbackpack"},
			"T": { type: "item",  code: "game:flaxtwine", quantity: 2 },
			"L": { type: "item",  code: "game:leather-sturdy-*", quantity: 3 }
		},
		width: 3,
		height: 3,
		recipeGroup: 2,	
		output: { type: "item", code: "abcsredux:supersturdybackpack", quantity: 1 }
	},		
		
		
	{	_Comment: "Mega leather to Mega Sturdy",
		ingredientPattern: "STN,PBP,LLL",
		ingredients: {
			"S": { type: "item", code: "game:shears-*", isTool: true, toolDurabilityCost: 10  },
			"N": { type: "item", code: "game:sewingkit" },
			"P": { type: "item", code: "abcsredux:sturdyleatherpouch"},			
			"B": { type: "item",  code: "abcsredux:megaleatherbackpack"},
			"T": { type: "item",  code: "game:flaxtwine", quantity: 2 },
			"L": { type: "item",  code: "game:leather-sturdy-*", quantity: 3 }
		},
		width: 3,
		height: 3,
		recipeGroup: 2,	
		output: { type: "item", code: "abcsredux:megasturdybackpack", quantity: 1 }
	},

	{	_Comment: "Ultra leather to Ultra Sturdy",
		ingredientPattern: "S_N,PBP,PPP",
		ingredients: {
			"S": { type: "item", code: "game:shears-*", isTool: true, toolDurabilityCost: 10  },
			"N": { type: "item", code: "game:sewingkit" },
			"P": { type: "item", code: "abcsredux:sturdyleatherpouch"},			
			"B": { type: "item",  code: "abcsredux:ultraleatherbackpack"}
		},
		width: 3,
		height: 3,
		recipeGroup: 2,	
		output: { type: "item", code: "abcsredux:ultrasturdybackpack", quantity: 1 }
	}
]