[
	{	_Comment: "A Sturdy Leather Pouch",
		ingredientPattern: "STK,LBL,_L_",
		ingredients: {
			
			"S": { type: "item", code: "game:shears-*", isTool: true, toolDurabilityCost: 2  },
			"T": { type: "item", code: "game:flaxtwine", quantity: 1 },
			"K": { type: "item", code: "game:sewingkit" },
			
			"B": { type: "block",  code: "game:linen-*" },
			"L": { type: "item", code: "game:leather-sturdy-plain", quantity: 2}
		},
		width: 3,
		height: 3,
		recipeGroup: 1,	
		output: { type: "item", code: "abcsredux:sturdyleatherpouch"}
	}
]