[
	{	_Comment: "A Mini sturdy Backpack With A Lantern",
		ingredientPattern: "LNB",
		ingredients: {
			
			"L": { type: "block", code: "game:lantern-*"},
			"N": { type: "item", code: "game:metalnailsandstrips-*"},
			"B": { type: "item",  code: "abcsredux:supersturdybackpack"},
		},
		width: 3,
		height: 1,
		recipeGroup: 1,	
		output: { type: "item", code: "abcsredux:supersturdybackpack-lantern"}
	},
	{	_Comment: "Basic to Super Sturdy Leather",
		ingredientPattern: "SPK,PBP,PMP",
		ingredients: {
			
			"S": { type: "item", code: "game:shears-*", isTool: true, toolDurabilityCost: 10  },
			"K": { type: "item",  code: "game:sewingkit"},
			
			"P": { type: "item", code: "abcsredux:sturdyleatherpouch"},
			"B": { type: "item",  code: "abcsredux:basicsturdybackpack-lantern" },
			
			"M": { type: "item", code: "game:metalplate-copper", quantity: 1 }
		},
		width: 3,
		height: 3,
		recipeGroup: 1,	
		output: { type: "item", code: "abcsredux:supersturdybackpack-lantern"}
	}
]