[
	{	_Comment: "Basic to Super Plain Leather",
		ingredientPattern: "SPK,PBP,PMP",
		ingredients: {
			
			"S": { type: "item", code: "game:shears-*", isTool: true, toolDurabilityCost: 10  },
			"K": { type: "item",  code: "game:sewingkit"},
			
			"P": { type: "item", code: "abcsredux:leatherpouch"},
			"B": { type: "item",  code: "abcsredux:basicleatherbackpack" },
			
			"M": { type: "item", code: "game:metalplate-copper", quantity: 1 }
		},
		width: 3,
		height: 3,
		recipeGroup: 1,	
		output: { type: "item", code: "abcsredux:superleatherbackpack"}
	}
]