[
	{	_Comment: "Mini To Tall Plain Leather",
		ingredientPattern: "SNK,PBP,_P_",
		ingredients: {
			
			"S": { type: "item", code: "game:shears-*", isTool: true, toolDurabilityCost: 10  },
			"K": { type: "item",  code: "game:sewingkit"},
			"N": { type: "item",  code: "game:metalnailsandstrips-*"},
			
			"P": { type: "item", code: "abcsredux:leatherpouch"},
			"B": { type: "item",  code: "abcsredux:minileatherbackpack" }
		},
		width: 3,
		height: 3,
		recipeGroup: 1,	
		output: { type: "item", code: "abcsredux:tallleatherbackpack"}
	}
]