[
	{	_Comment: "A Mini sturdy Backpack With A Lantern",
		ingredientPattern: "LNB",
		ingredients: {
			
			"L": { type: "block", code: "game:lantern-*"},
			"N": { type: "item", code: "game:metalnailsandstrips-*"},
			"B": { type: "item",  code: "abcsredux:tallsturdybackpack"},
		},
		width: 3,
		height: 1,
		recipeGroup: 1,	
		output: { type: "item", code: "abcsredux:tallsturdybackpack-lantern"}
	},
	{	_Comment: "Mini To Tall Sturdy Leather",
		ingredientPattern: "SNK,PBP,_P_",
		ingredients: {
			
			"S": { type: "item", code: "game:shears-*", isTool: true, toolDurabilityCost: 10  },
			"K": { type: "item",  code: "game:sewingkit"},
			"N": { type: "item",  code: "game:metalnailsandstrips-*"},
			
			"P": { type: "item", code: "abcsredux:sturdyleatherpouch"},
			"B": { type: "item",  code: "abcsredux:ministurdybackpack-lantern" }
		},
		width: 3,
		height: 3,
		recipeGroup: 1,	
		output: { type: "item", code: "abcsredux:tallsturdybackpack-lantern"}
	}
]