[
  {
    "op": "addEach",
    "path": "/server/behaviors/-",
    "file": "game:entities/animal/mammal/hare-baby.json",
    "value": [
      {
        "code": "tameable",
        "size": "small",
        "tameEntityCode": "harepet:hare-{type}-baby-{gender}",
        "treat": [
          { "code": "drygrass", "progress": 0.05, "cooldown": 0.2 },
          { "code": "grain-spelt", "progress": 0.1, "cooldown": 0.5 },
          { "code": "grain-rye", "progress": 0.1, "cooldown": 0.5 },
          { "code": "grain-flax", "progress": 0.1, "cooldown": 0.5 },
          { "code": "grain-rice", "progress": 0.1, "cooldown": 0.5 },
          { "code": "grain-amaranth", "progress": 0.1, "cooldown": 0.5 },
          { "code": "grain-sunflower", "progress": 0.1, "cooldown": 0.5 },
          { "code": "vegetable-carrot", "progress": 0.2, "cooldown": 1 },
          { "code": "vegetable-cabbage", "progress": 0.2, "cooldown": 1 },
          { "code": "vegetable-onion", "progress": 0.2, "cooldown": 1 },
          { "code": "vegetable-turnip", "progress": 0.2, "cooldown": 1 },
          { "code": "vegetable-parsnip", "progress": 0.2, "cooldown": 1 },
          {
            "code": "vegetable-cookedcattailroot",
            "progress": 0.2,
            "cooldown": 1
          },
          { "code": "vegetable-pumpkin", "progress": 0.2, "cooldown": 1 },
          { "code": "vegetable-cassava", "progress": 0.2, "cooldown": 1 },
          {
            "code": "vegetable-cookedpapyrusroot",
            "progress": 0.2,
            "cooldown": 1
          },
          { "code": "vegetable-bellpepper", "progress": 0.2, "cooldown": 1 },
          { "code": "vegetable-olive", "progress": 0.2, "cooldown": 1 }
        ]
      },
      {
        "code": "mouthinventory",
        "acceptStacks": [
          { "type": "item", "code": "drygrass" },
          { "type": "item", "code": "grain-spelt" },
          { "type": "item", "code": "grain-rye" },
          { "type": "item", "code": "grain-flax" },
          { "type": "item", "code": "grain-rice" },
          { "type": "item", "code": "grain-amaranth" },
          { "type": "item", "code": "grain-sunflower" },
          { "type": "item", "code": "vegetable-carrot" },
          { "type": "item", "code": "vegetable-cabbage" },
          { "type": "item", "code": "vegetable-onion" },
          { "type": "item", "code": "vegetable-turnip" },
          { "type": "item", "code": "vegetable-parsnip" },
          { "type": "item", "code": "vegetable-cookedcattailroot" },
          { "type": "item", "code": "vegetable-pumpkin" },
          { "type": "item", "code": "vegetable-cassava" },
          { "type": "item", "code": "vegetable-cookedpapyrusroot" },
          { "type": "item", "code": "vegetable-bellpepper" },
          { "type": "item", "code": "vegetable-olive" }
        ]
      }
    ]
  },
  {
    "op": "addEach",
    "path": "/client/behaviors/-",
    "file": "game:entities/animal/mammal/hare-baby.json",
    "value": [
      {
        "code": "tameable",
        "size": "small",
        "treat": [
          { "code": "drygrass", "progress": 0.05, "cooldown": 0.2 },
          { "code": "grain-spelt", "progress": 0.1, "cooldown": 0.5 },
          { "code": "grain-rye", "progress": 0.1, "cooldown": 0.5 },
          { "code": "grain-flax", "progress": 0.1, "cooldown": 0.5 },
          { "code": "grain-rice", "progress": 0.1, "cooldown": 0.5 },
          { "code": "grain-amaranth", "progress": 0.1, "cooldown": 0.5 },
          { "code": "grain-sunflower", "progress": 0.1, "cooldown": 0.5 },
          { "code": "vegetable-carrot", "progress": 0.2, "cooldown": 1 },
          { "code": "vegetable-cabbage", "progress": 0.2, "cooldown": 1 },
          { "code": "vegetable-onion", "progress": 0.2, "cooldown": 1 },
          { "code": "vegetable-turnip", "progress": 0.2, "cooldown": 1 },
          { "code": "vegetable-parsnip", "progress": 0.2, "cooldown": 1 },
          {
            "code": "vegetable-cookedcattailroot",
            "progress": 0.2,
            "cooldown": 1
          },
          { "code": "vegetable-pumpkin", "progress": 0.2, "cooldown": 1 },
          { "code": "vegetable-cassava", "progress": 0.2, "cooldown": 1 },
          {
            "code": "vegetable-cookedpapyrusroot",
            "progress": 0.2,
            "cooldown": 1
          },
          { "code": "vegetable-bellpepper", "progress": 0.2, "cooldown": 1 },
          { "code": "vegetable-olive", "progress": 0.2, "cooldown": 1 }
        ]
      },
      {
        "code": "mouthinventory",
        "acceptStacks": [
          { "type": "item", "code": "drygrass" },
          { "type": "item", "code": "grain-spelt" },
          { "type": "item", "code": "grain-rye" },
          { "type": "item", "code": "grain-flax" },
          { "type": "item", "code": "grain-rice" },
          { "type": "item", "code": "grain-amaranth" },
          { "type": "item", "code": "grain-sunflower" },
          { "type": "item", "code": "vegetable-carrot" },
          { "type": "item", "code": "vegetable-cabbage" },
          { "type": "item", "code": "vegetable-onion" },
          { "type": "item", "code": "vegetable-turnip" },
          { "type": "item", "code": "vegetable-parsnip" },
          { "type": "item", "code": "vegetable-cookedcattailroot" },
          { "type": "item", "code": "vegetable-pumpkin" },
          { "type": "item", "code": "vegetable-cassava" },
          { "type": "item", "code": "vegetable-cookedpapyrusroot" },
          { "type": "item", "code": "vegetable-bellpepper" },
          { "type": "item", "code": "vegetable-olive" }
        ]
      }
    ]
  },
  {
    "op": "addEach",
    "path": "/server/behaviors/9/aitasks/-",
    "file": "game:entities/animal/mammal/hare-baby.json",
    "value": [
      {
        "code": "useinventory",
        "animation": "eat",
        "animationSpeed": 0.75,
        "priority": 1.6,
        "priorityForCancel": 1.7,
        "eatItemCategories": [ "Vegetable", "Fruit" ],
        "eatItemCodes": [
          "drygrass",
          "grain-spelt",
          "grain-rye",
          "grain-flax",
          "grain-rice",
          "grain-amaranth",
          "grain-sunflower",
          "vegetable-carrot",
          "vegetable-cabbage",
          "vegetable-onion",
          "vegetable-turnip",
          "vegetable-parsnip",
          "vegetable-cookedcattailroot",
          "vegetable-pumpkin",
          "vegetable-cassava",
          "vegetable-cookedpapyrusroot",
          "vegetable-bellpepper",
          "vegetable-olive"
        ],
        "useTime": 1.5,
        "mincooldownHours": 1,
        "maxcooldownHours": 1.5
      },
      {
        "code": "stayclosetoentity",
        "priority": 1.4,
        "entityCode": "harepet:hare-{type}-adult-female",
        "movespeed": 0.02,
        "animationSpeed": 3,
        "maxDistance": 5,
        "searchRange": 25,
        "animation": "Run"
      }
    ]
  }
]
