[
	{
	"op": "move",
	"comment": "* must be come last...",
	"frompath": "/attributesByType/*",
	"path": "/attributesByType/dressmakers-temp",
	"file": "game:itemtypes/wearable/seraph/upperbodyover.json",
	"side": "Server"
	},
	{
	"op": "addmerge",
	"path": "/attributesByType/*-hunter-coat",
	"value": {
		"clothescategory": "upperbodyover",
		"inCharacterCreationDialog": false,
		"warmth": 2.5
	},
	"file": "game:itemtypes/wearable/seraph/upperbodyover.json",
	"side": "Server"
	},
	{
	"op": "move",
	"frompath": "/attributesByType/dressmakers-temp",
	"path": "/attributesByType/*",
	"file": "game:itemtypes/wearable/seraph/upperbodyover.json",
	"side": "Server"
	},

	{
	"op": "move",
	"comment": "* must be come last...",
	"frompath": "/attributesByType/*",
	"path": "/attributesByType/dressmakers-temp",
	"file": "game:itemtypes/wearable/seraph/villager/nadiya/upperbodyover.json",
	"side": "Server"
	},
	{
	"op": "addmerge",
	"path": "/attributesByType/*-coat-long",
	"value": { "warmth": 2.8 },
	"file": "game:itemtypes/wearable/seraph/villager/nadiya/upperbodyover.json",
	"side": "Server"
	},
	{
	"op": "move",
	"frompath": "/attributesByType/dressmakers-temp",
	"path": "/attributesByType/*",
	"file": "game:itemtypes/wearable/seraph/villager/nadiya/upperbodyover.json",
	"side": "Server"
	}
]
