[
	{
		"op": "addmerge",
		"path": "/attributes",
		"value": {
			"antlermountable": true,
			"onAntlerMountTransform": {
				"translation": { "x": -0.75, "y": 0.01, "z": 0 },
				"rotation": { "x": 90, "y": 0, "z": 90 },
			},
			"scrollrackable": true,
			"onscrollrackTransform": {
				"translation": { "x": -0.41, "y": -0.18, "z": 0.5 },
				"rotation": { "x": 0, "y": -180, "z": 0 }
			}
		},
		"file": "aculinaryartillery:itemtypes/rollingpin",
		"side": "Server",
		"dependsOn": [{ "modid": "aculinaryartillery" }]
	},

	{
		"op": "addmerge",
		"path": "/attributes",
		"value": {
			"shelvable": true,
			"onshelfTransform": {
				"translation": { "x": 0, "y": -1.78, "z": 0 },
				"rotation": { "x": 0, "y": 90, "z": 0 }
			},
			"groundStorageTransform": {
				"translation": { "x": 0, "y": -1.78, "z": 0 },
				"rotation": { "x": 0, "y": 90, "z": 0 }
			}
		},
		"file": "aculinaryartillery:itemtypes/wearable/chefhead",
		"side": "Server",
		"dependsOn": [{ "modid": "aculinaryartillery" }]
	},
	{
		"op": "addmerge",
		"path": "/behaviors",
		"value": [
			{ "name": "GroundStorable", "properties": { "layout": "Quadrants", "collisionBox": { "x1": 0, "y1": 0, "z1": 0, "x2": 1, "y2": 0.125, "z2": 1 } } }
		],
		"file": "aculinaryartillery:itemtypes/wearable/chefhead",
		"side": "Server",
		"dependsOn": [{ "modid": "aculinaryartillery" }]
	},

	{
		"op": "addmerge",
		"path": "/attributes",
		"value": {
			"scrollrackable": true,
			"onscrollrackTransform": {
					"translation": { "x": -0.46, "y": -0.17, "z": 0.5 },
					"rotation": { "x": -45, "y": 0, "z": -90 },
					"origin": { "x": 0.5, "y": 0.1, "z": 0.5 }
				}
			},
		"file": "aculinaryartillery:blocktypes/bottle",
		"side": "Server",
		"dependsOn": [{ "modid": "aculinaryartillery" }]
	},

	{
		"op": "addmerge",
		"path": "/attributes",
		"value": {
			"antlermountable": true,
			"onAntlerMountTransform": {
				"translation": { "x": 0.09, "y": -0.01, "z": 0 },
				"rotation": { "x": 90, "y": 0, "z": -90 }
			},
			"moldrackable": true,
			"onmoldrackTransform": {
				"translation": { "x": 0.81, "y": -0.1, "z": 0 },
				"rotation": { "x": 90, "y": 6, "z": -90 }
			}
		},
		"file": "aculinaryartillery:blocktypes/saucepan",
		"side": "Server",
		"dependsOn": [{ "modid": "aculinaryartillery" }]
	},
]