[
	{
		"op": "addmerge",
		"path": "/attributes",
		"value": {
			"scrollrackable": true,
			"onscrollrackTransform": {
				"translation": { "x": -0.42, "y": -0.24, "z": 0.55 },
				"rotation": { "x": 78, "y": 2, "z": 0 },
				"origin": { "x": 0.5, "y": 0.1, "z": 0.5 }
			},
			"pigment": {
				"name": "Engraves signs",
				"color": { "red": 38, "green": 37, "blue": 34 }
			}
		},
		"file": "chiseltools:itemtypes/qpultchisel",
		"side": "Server",
		"dependsOn": [{ "modid": "chiseltools" }]
	},
	{
		"op": "addmerge",
		"path": "/attributes",
		"value": {
			"scrollrackable": true,
			"onscrollrackTransform": {
				"translation": { "x": -0.42, "y": -0.24, "z": 0.55 },
				"rotation": { "x": 78, "y": 2, "z": 0 },
				"origin": { "x": 0.5, "y": 0.1, "z": 0.5 }
			},
			"pigment": {
				"name": "Engraves signs",
				"color": { "red": 38, "green": 37, "blue": 34 }
			}
		},
		"file": "chiseltools:itemtypes/truechisel",
		"side": "Server",
		"dependsOn": [{ "modid": "chiseltools" }]
	},
	{
		"op": "addmerge",
		"path": "/attributes",
		"value": {
			"scrollrackable": true,
			"onscrollrackTransform": {
				"translation": { "x": -0.42, "y": -0.24, "z": 0.55 },
				"rotation": { "x": 78, "y": 2, "z": 0 },
				"origin": { "x": 0.5, "y": 0.1, "z": 0.5 }
			}
		},
		"file": "chiseltools:itemtypes/handwedge",
		"side": "Server",
		"dependsOn": [{ "modid": "chiseltools" }]
	},

	{
		"op": "addmerge",
		"path": "/attributes",
		"value": {
			"scrollrackable": true,
			"onscrollrackTransform": {
			"translation": { "x": -0.4, "y": -0.18, "z": 0.49 }
			}
		},
		"file": "chiseltools:itemtypes/laddermaker",
		"side": "Server",
		"dependsOn": [{ "modid": "chiseltools" }]
	},

	{
		"op": "addmerge",
		"path": "/attributes",
		"value": {
			"scrollrackable": true,
			"onscrollrackTransform": {
				"translation": { "x": -0.4, "y": -0.14, "z": 0.5 },
				"rotation": { "x": 0, "y": -180, "z": 0 },
				"origin": { "x": 0.5, "y": 0.1, "z": 0.5 }
			},
			"pigment": {
				"name": "Ink black",
				"color": { "red": 25, "green": 24, "blue": 22 }
			}
		},
		"file": "chiseltools:itemtypes/paintbrush",
		"side": "Server",
		"dependsOn": [{ "modid": "chiseltools" }]
	},
	{
		"op": "addmerge",
		"path": "/attributes",
		"value": {
			"scrollrackable": true,
			"onscrollrackTransform": {
				"translation": { "x": -0.4, "y": -0.14, "z": 0.5 },
				"rotation": { "x": 0, "y": -180, "z": 0 },
				"origin": { "x": 0.5, "y": 0.1, "z": 0.5 }
			}
		},
		"file": "chiseltools:itemtypes/paintscraper",
		"side": "Server",
		"dependsOn": [{ "modid": "chiseltools" }]
	},
	{
		"op": "addmerge",
		"path": "/attributes",
		"value": {
			"scrollrackable": true,
			"onscrollrackTransform": {
				"translation": { "x": -0.4, "y": -0.14, "z": 0.5 },
				"rotation": { "x": 0, "y": -180, "z": 0 },
				"origin": { "x": 0.5, "y": 0.1, "z": 0.5 }
			}
		},
		"file": "chiseltools:itemtypes/handplaner",
		"side": "Server",
		"dependsOn": [{ "modid": "chiseltools" }]
	},
]