[
	{
		"op": "addmerge",
		"path": "/behaviors",
		"value": [{ "name": "GroundStorable", "properties": { "layout": "Quadrants", "collisionBox": { "x1": 0, "y1": 0, "z1": 0, "x2": 1, "y2": 0.25, "z2": 1 }}}],
		"file": "armory:itemtypes/armor/plate-helmets",
		"side": "Server",
		"dependsOn": [{ "modid": "armory" }]
	},
	{
		"op": "addmerge",
		"path": "/attributes",
		"value": {
			"shelvable": true,
			"displaycaseable": true,
			"onDisplayTransformByType": {
				"*-meteoriciron-light": {
					"translation": { "x": 0, "y": -1.7, "z": 0 },
					"rotation": { "x": 0, "y": 90, "z": 0 }
				},
				"*-iron-light": {
					"translation": { "x": 0, "y": -1.62, "z": 0 },
					"rotation": { "x": 0, "y": 90, "z": 0 }
				},
				"*-copper-light": {
					"translation": { "x": 0, "y": -1.64, "z": 0 },
					"rotation": { "x": 0, "y": 90, "z": 0 }
				},
				"*-light": {
					"translation": { "x": 0, "y": -1.55, "z": 0 },
					"rotation": { "x": 0, "y": 90, "z": 0 }
				},
				"*": {
					"translation": { "x": 0, "y": -1.68, "z": 0 },
					"rotation": { "x": 0, "y": 90, "z": 0 }
				}
			},
			"groundStorageTransformByType": {
				"*-meteoriciron-light": {
					"translation": { "x": 0, "y": -1.7, "z": 0 },
					"rotation": { "x": 0, "y": 90, "z": 0 }
				},
				"*-iron-light": {
					"translation": { "x": 0, "y": -1.62, "z": 0 },
					"rotation": { "x": 0, "y": 90, "z": 0 }
				},
				"*-copper-light": {
					"translation": { "x": 0, "y": -1.64, "z": 0 },
					"rotation": { "x": 0, "y": 90, "z": 0 }
				},
				"*-light": {
					"translation": { "x": 0, "y": -1.55, "z": 0 },
					"rotation": { "x": 0, "y": 90, "z": 0 }
				},
				"*": {
					"translation": { "x": 0, "y": -1.68, "z": 0 },
					"rotation": { "x": 0, "y": 90, "z": 0 }
				}
			}
		},
		"file": "armory:itemtypes/armor/plate-helmets",
		"side": "Server",
		"dependsOn": [{ "modid": "armory" }]
	},

	{
		"op": "addmerge",
		"path": "/behaviors",
		"value": [{ "name": "GroundStorable", "properties": { "layout": "Quadrants", "collisionBox": { "x1": 0, "y1": 0, "z1": 0, "x2": 1, "y2": 0.25, "z2": 1 }}}],
		"file": "armory:itemtypes/armor/chain-coif",
		"side": "Server",
		"dependsOn": [{ "modid": "armory" }]
	},
	{
		"op": "addmerge",
		"path": "/attributes",
		"value": {
			"shelvable": true,
			"displaycaseable": true,
			"onDisplayTransform": {
				"translation": { "x": 0, "y": -1.54, "z": 0 },
				"rotation": { "x": 0, "y": 90, "z": 0 }
			},
			"groundStorageTransform": {
				"translation": { "x": 0, "y": -1.54, "z": 0 },
				"rotation": { "x": 0, "y": 90, "z": 0 }
			}
		},
		"file": "armory:itemtypes/armor/chain-coif",
		"side": "Server",
		"dependsOn": [{ "modid": "armory" }]
	},

	{
		"op": "addmerge",
		"path": "/behaviors",
		"value": [{ "name": "GroundStorable", "properties": { "layout": "Quadrants", "collisionBox": { "x1": 0, "y1": 0, "z1": 0, "x2": 1, "y2": 0.25, "z2": 1 }}}],
		"file": "armory:itemtypes/armor/jerkin-helmet",
		"dependsOn": [{ "modid": "armory" }]
	},
	{
		"op": "addmerge",
		"path": "/attributes",
		"value": {
			"shelvable": true,
			"displaycaseable": true,
			"onDisplayTransform": {
				"translation": { "x": 0, "y": -1.63, "z": 0 },
				"rotation": { "x": 0, "y": 90, "z": 0 }
			},
			"groundStorageTransform": {
				"translation": { "x": 0, "y": -1.63, "z": 0 },
				"rotation": { "x": 0, "y": 90, "z": 0 }
			}
		},
		"file": "armory:itemtypes/armor/jerkin-helmet",
		"side": "Server",
		"dependsOn": [{ "modid": "armory" }]
	},

	{
		"op": "addmerge",
		"path": "/attributes",
		"value": {
			"antlermountable": true,
			"onAntlerMountTransform": {
				"translation": { "x": -0.35, "y": 0.1, "z": -0.3 },
				"rotation": { "x": -90, "y": 88, "z": 0 },
				"scale": 0.6
			},
			"scrollrackable": true,
			"onscrollrackTransform": {
				"translation": { "x": -0.26, "y": -0.21, "z": 0.56 },
				"rotation": { "x": 90, "y": -180, "z": 0 },
				"origin": { "x": 0.5, "y": 0.1, "z": 0.5 },
				"scale": 0.6
			}
		},
		"file": "armory:itemtypes/weapons/sword-short",
		"side": "Server",
		"dependsOn": [{ "modid": "armory" }]
	},
	{
		"op": "addmerge",
		"path": "/attributes",
		"value": {
			"antlermountable": true,
			"onAntlerMountTransform": {
				"translation": { "x": -0.35, "y": 0.1, "z": -0.3 },
				"rotation": { "x": -90, "y": 86, "z": 0 },
				"scale": 0.6
			},
			"scrollrackable": true,
			"onscrollrackTransform": {
				"translation": { "x": -0.3, "y": -0.1, "z": 0.5 },
				"rotation": { "x": 0, "y": -180, "z": -12 },
				"origin": { "x": 0.5, "y": 0.1, "z": 0.5 },
				"scale": 0.6
			}
		},
		"file": "armory:itemtypes/weapons/sabre",
		"side": "Server",
		"dependsOn": [{ "modid": "armory" }]
	},
	{
		"op": "addmerge",
		"path": "/attributes",
		"value": {
			"antlermountable": true,
			"onAntlerMountTransform": {
				"translation": { "x": -0.35, "y": 0.1, "z": -0.3 },
				"rotation": { "x": -90, "y": 86, "z": 0 },
				"scale": 0.6
			},
			"scrollrackable": true,
			"onscrollrackTransform": {
				"translation": { "x": -0.39, "y": -0.21, "z": 0.56 },
				"rotation": { "x": 0, "y": -180, "z": -12 },
				"origin": { "x": 0.5, "y": 0.1, "z": 0.5 },
				"scale": 0.6
			}
		},
		"file": "armory:itemtypes/weapons/sword-long",
		"side": "Server",
		"dependsOn": [{ "modid": "armory" }]
	},
	{
		"op": "addmerge",
		"path": "/attributes",
		"value": {
			"antlermountable": true,
			"onAntlerMountTransform": {
				"translation": { "x": -0.35, "y": 0.1, "z": -0.3 },
				"rotation": { "x": -90, "y": 86, "z": 0 },
				"scale": 0.6
			}
		},
		"file": "armory:itemtypes/weapons/sword-great",
		"side": "Server",
		"dependsOn": [{ "modid": "armory" }]
	},

	{
		"op": "addmerge",
		"path": "/attributes",
		"value": {
			"antlermountable": true,
			"onAntlerMountTransform": {
				"translation": { "x": -0.3, "y": -1.16, "z": 0.4 },
				"rotation": { "x": 90, "y": 92, "z": 0 },
				"scale": 0.8
			}
		},
		"file": "armory:itemtypes/weapons/club",
		"side": "Server",
		"dependsOn": [{ "modid": "armory" }]
	},
	{
		"op": "addmerge",
		"path": "/attributes",
		"value": {
			"antlermountable": true,
			"onAntlerMountTransform": {
				"translation": { "x": -0.3, "y": -0.5, "z": 0.4 },
				"rotation": { "x": 90, "y": 92, "z": 0 },
				"scale": 0.8
			},
			"scrollrackable": true,
			"onscrollrackTransform": {
				"translation": { "x": -1.3, "y": -0.1, "z": 0.5 }
			}
		},
		"file": "armory:itemtypes/weapons/mace",
		"side": "Server",
		"dependsOn": [{ "modid": "armory" }]
	},

	{
		"op": "addmerge",
		"path": "/attributes",
		"value": {
			"antlermountable": true,
			"onAntlerMountTransform": {
				"translation": { "x": -0.34, "y": -0.2, "z": 0.5 },
				"rotation": { "x": 90, "y": 92, "z": 0 }
			}
		},
		"file": "armory:itemtypes/weapons/javelin",
		"side": "Server",
		"dependsOn": [{ "modid": "armory" }]
	},
	{
		"op": "addmerge",
		"path": "/attributes",
		"value": {
			"antlermountable": true,
			"onAntlerMountTransform": {
				"translation": { "x": -0.35, "y": 0.14, "z": 0.4 },
				"rotation": { "x": 90, "y": 92, "z": 0 },
				"scale": 0.8
			}
		},
		"file": "armory:itemtypes/weapons/axe-long",
		"side": "Server",
		"dependsOn": [{ "modid": "armory" }]
	},
	{
		"op": "addmerge",
		"path": "/attributes",
		"value": {
			"antlermountable": true,
			"onAntlerMountTransform": {
				"translation": { "x": -0.35, "y": 0.14, "z": 0.4 },
				"rotation": { "x": 90, "y": 92, "z": 0 },
				"scale": 0.8
			}
		},
		"file": "armory:itemtypes/weapons/halberd",
		"side": "Server",
		"dependsOn": [{ "modid": "armory" }]
	},
	{
		"op": "addmerge",
		"path": "/attributes",
		"value": {
			"antlermountable": true,
			"onAntlerMountTransform": {
				"translation": { "x": -0.35, "y": 0.14, "z": 0.4 },
				"rotation": { "x": 90, "y": 92, "z": 0 },
				"scale": 0.8
			}
		},
		"file": "armory:itemtypes/weapons/pike",
		"side": "Server",
		"dependsOn": [{ "modid": "armory" }]
	},
	{
		"op": "addmerge",
		"path": "/attributes",
		"value": {
			"antlermountable": true,
			"onAntlerMountTransform": {
				"translation": { "x": -0.35, "y": 0.14, "z": 0.4 },
				"rotation": { "x": 90, "y": 92, "z": 0 },
				"scale": 0.8
			}
		},
		"file": "armory:itemtypes/weapons/poleaxe",
		"side": "Server",
		"dependsOn": [{ "modid": "armory" }]
	},
	{
		"op": "addmerge",
		"path": "/attributes",
		"value": {
			"antlermountable": true,
			"onAntlerMountTransform": {
				"translation": { "x": -0.35, "y": 0.14, "z": 0.4 },
				"rotation": { "x": 90, "y": 92, "z": 0 },
				"scale": 0.8
			}
		},
		"file": "armory:itemtypes/weapons/quarterstaff",
		"side": "Server",
		"dependsOn": [{ "modid": "armory" }]
	},


	{
		"op": "addmerge",
		"path": "/attributes",
		"value": {
			"antlermountable": true,
			"onAntlerMountTransform": {
				"translation": { "x": -0.02, "y": 0, "z": 0 },
				"rotation": { "x": 90, "y": 0, "z": -90 },
				"scale": 0.8
			},
			"shelvable": "SingleCenter",
			"onshelfTransform": {
				"translation": { "x": 0.438, "y": -0.17, "z": -0.43 },
				"rotation": { "x": -90, "y": 0, "z": 0 }
			}
		},
		"file": "armory:itemtypes/weapons/shield-light",
		"side": "Server",
		"dependsOn": [{ "modid": "armory" }]
	},
	{
		"op": "addmerge",
		"path": "/attributes",
		"value": {
			"antlermountable": true,
			"onAntlerMountTransform": {
				"translation": { "x": 0.01, "y": 0, "z": 0 },
				"rotation": { "x": 90, "y": 0, "z": -90 },
				"scale": 0.8
			},
			"shelvable": "SingleCenter",
			"onshelfTransform": {
				"translation": { "x": 0.438, "y": -0.17, "z": -0.43 },
				"rotation": { "x": -90, "y": 0, "z": 0 }
			}
		},
		"file": "armory:itemtypes/weapons/shield-heavy",
		"side": "Server",
		"dependsOn": [{ "modid": "armory" }]
	},
]