[
	{
		"op": "addmerge",
		"path": "/behaviors",
		"value": [{ "name": "GroundStorable", "properties": { "layout": "Quadrants", "collisionBox": { "x1": 0, "y1": 0, "z1": 0, "x2": 1, "y2": 0.125, "z2": 1 } } }],
		"file": "game:itemtypes/combatoverhaul/arrowhead",
		"side": "Server",
		"dependsOn": [{ "modid": "combatoverhaul" }]
	},
	{
		"op": "addmerge",
		"path": "/attributes",
		"value": {
			"antlermountable": true,
			"onAntlerMountTransform": {
				"translation": { "x": 0.12, "y": 0.07, "z": -0.02 },
				"rotation": { "x": 0, "y": 0, "z": -90 }
			},
			"scrollrackable": true,
			"onscrollrackTransform": {
				"translation": { "x": -0.62, "y": -0.24, "z": 0.6 },
				"rotation": { "x": 90, "y": 0, "z": 0 },
				"origin": { "x": 0.5, "y": 0.1, "z": 0.5 }
			}
		},
		"file": "game:itemtypes/combatoverhaul/bow",
		"side": "Server",
		"dependsOn": [{ "modid": "combatoverhaul" }]
	},

	{
		"op": "addmerge",
		"path": "/attributes",
		"value": {
			"antlermountable": true,
			"onAntlerMountTransformByType": {
				"*-falx-*": {
					"translation": { "x": -0.7, "y": -0.18, "z": -0.03 },
					"rotation": { "x": -4, "y": -180, "z": -92 },
					"scale": 0.8
				},
				"*-blackguard-*": {
					"translation": { "x": -0.09, "y": -0.07, "z": 0 },
					"rotation": { "x": 0, "y": 0, "z": -88 },
					"scale": 0.6
				},
				"*-scrap-*": {
					"translation": { "x": 0.14, "y": 0.12, "z": 0 },
					"rotation": { "x": 0, "y": 0, "z": -88 }
				},
				"*": {
					"translation": { "x": -0.03, "y": -0.07, "z": 0 },
					"rotation": { "x": 0, "y": 0, "z": -86 },
					"scale": 0.6
				}
			},
			"scrollrackable": true,
			"onscrollrackTransformByType": {
				"*-falx-*": {
					"translation": { "x": -0.48, "y": -0.18, "z": 0.48 },
					"rotation": { "x": -19, "y": -180, "z": 0 },
					"origin": { "x": 0.5, "y": 0.1, "z": 0.5 },
					"scale": 0.8
				},
				"*-blackguard-*": {
					"translation": { "x": -0.41, "y": -0.2, "z": 0.5 },
					"rotation": { "x": 0, "y": -180, "z": 0 },
					"origin": { "x": 0.5, "y": 0.1, "z": 0.5 },
					"scale": 0.6
				},
				"*-scrap-*": {
					"translation": { "x": -0.36, "y": -0.15, "z": 0.5 },
					"rotation": { "x": 5, "y": -180, "z": 0 },
					"origin": { "x": 0.5, "y": 0.1, "z": 0.5 },
					"scale": 0.9
				},
				"*": {
					"translation": { "x": -0.41, "y": -0.19, "z": 0.56 },
					"rotation": { "x": 90, "y": -171, "z": 0 },
					"origin": { "x": 0.5, "y": 0.1, "z": 0.5 },
					"scale": 0.6
				}
			}
		},
		"file": "game:itemtypes/combatoverhaul/sword",
		"side": "Server",
		"dependsOn": [{ "modid": "combatoverhaul" }]
	},

	{
		"op": "addmerge",
		"path": "/attributes",
		"value": {
			"antlermountable": true,
			"onAntlerMountTransform": {
				"translation": { "x": -0.3, "y": -1.16, "z": 0.4 },
				"rotation": { "x": 90, "y": 92, "z": 0 },
				"scale": 0.8
			}
		},
		"file": "game:itemtypes/combatoverhaul/club",
		"side": "Server",
		"dependsOn": [{ "modid": "combatoverhaul" }]
	},
	{
		"op": "addmerge",
		"path": "/attributes",
		"value": {
			"antlermountable": true,
			"onAntlerMountTransform": {
				"translation": { "x": 0.16, "y": 0, "z": 0 },
				"rotation": { "x": 0, "y": 0, "z": -89 },
				"scaleXyz": { "x": -1, "y": 1, "z": 1 }
			}
		},
		"file": "game:itemtypes/combatoverhaul/scrap/mace",
		"side": "Server",
		"dependsOn": [{ "modid": "combatoverhaul" }]
	},

	{
		"op": "addmerge",
		"path": "/attributes",
		"value": {
			"antlermountable": true,
			"onAntlerMountTransform": {
				"translation": { "x": -0.35, "y": 0.14, "z": 0.4 },
				"rotation": { "x": 90, "y": 92, "z": 0 },
				"scale": 0.8
			}
		},
		"file": "game:itemtypes/combatoverhaul/spear",
		"side": "Server",
		"dependsOn": [{ "modid": "combatoverhaul" }]
	},
	{
		"op": "addmerge",
		"path": "/attributes",
		"value": {
			"antlermountable": true,
			"onAntlerMountTransform": {
				"translation": { "x": -0.33, "y": 0.14, "z": 0.4 },
				"rotation": { "x": 90, "y": 92, "z": 0 },
				"scale": 0.8
			}
		},
		"file": "game:itemtypes/combatoverhaul/scrap/spear",
		"side": "Server",
		"dependsOn": [{ "modid": "combatoverhaul" }]
	},


	{
		"op": "addmerge",
		"path": "/behaviors",
		"value": [{ "name": "GroundStorable", "propertiesByType": {
			"*-head-*":	{
				"layout": "Quadrants",
				"collisionBox": { "x1": 0, "y1": 0, "z1": 0, "x2": 1, "y2": 0.25, "z2": 1 }
			},
			"*-legs-*": {
				"layout": "Quadrants",
				"collisionBox": { "x1": 0, "y1": 0, "z1": 0, "x2": 1, "y2": 0.25, "z2": 1 }
			}
		}}],
		"file": "game:itemtypes/wearable/seraph/armor",
		"side": "Server",
		"dependsOn": [{ "modid": "combatoverhaul" }]
	},

]