[
	{
		"op": "addmerge",
		"path": "/attributes",
		"value": {
			"scrollrackable": true,
			"onscrollrackTransform": {
				"translation": { "x": -0.42, "y": -0.24, "z": 0.55 },
				"rotation": { "x": 78, "y": 2, "z": 0 },
				"origin": { "x": 0.5, "y": 0.1, "z": 0.5 }
			},
			"pigment": {
				"name": "Engraves signs",
				"color": { "red": 38, "green": 37, "blue": 34 },
			}
		},
		"file": "earlychiseling:itemtypes/tool/chisel-flint",
		"side": "Server",
		"dependsOn": [{ "modid": "earlychiseling" }]
	},

	{
		"op": "addmerge",
		"path": "/attributes",
		"value": {
			"antlermountable": true,
			"onAntlerMountTransform": {
				"translation": { "x": -0.36, "y": -0.05, "z": 0 },
				"rotation": { "x": 0, "y": 0, "z": 90 },
			},
			"scrollrackable": true,
			"onscrollrackTransform": {
				"translation": { "x": -0.5, "y": -0.63, "z": 0.5 },
				"rotation": { "x": -90, "y": 0, "z": 0 }
			}
		},
		"file": "earlychiseling:itemtypes/tool/hamer-wood",
		"side": "Server",
		"dependsOn": [{ "modid": "earlychiseling" }]
	},
]