[
	{
		"op": "addmerge",
		"path": "/attributes",
		"value": {
			"inContainerTexture": { "base": "game:block/food/grain/rye" }
		},
		"file": "expandedfoods:itemtypes/breadcrumbfeed",
		"side": "Server",
		"dependsOn": [{ "modid": "expandedfoods" }]
	},
	{
		"op": "addmerge",
		"path": "/attributes",
		"value": {
			"inContainerTexture": { "base": "game:block/food/grain/rye" }
		},
		"file": "expandedfoods:itemtypes/food/breadcrumbs",
		"side": "Server",
		"dependsOn": [{ "modid": "expandedfoods" }]
	},
	{
		"op": "addmerge",
		"path": "/attributes",
		"value": {
			"displayInsideCrate": "true"
		},
		"file": "expandedfoods:itemtypes/food/gelatin",
		"side": "Server",
		"dependsOn": [{ "modid": "expandedfoods" }]
	},
	{
		"op": "addmerge",
		"path": "/attributes",
		"value": {
			"displayInsideCrate": "true"
		},
		"file": "expandedfoods:itemtypes/food/gelatinfish",
		"side": "Server",
		"dependsOn": [{ "modid": "expandedfoods" }]
	},
	{
		"op": "addmerge",
		"path": "/attributes",
		"value": {
			"displayInsideCrate": "true"
		},
		"file": "expandedfoods:blocktypes/hardlard",
		"side": "Server",
		"dependsOn": [{ "modid": "expandedfoods" }]
	},

	{
		"op": "addmerge",
		"path": "/attributes",
		"value": {
			"inContainerTexture": { "base": "game:block/food/pie/fill-{fruit}" }
		},
		"file": "expandedfoods:itemtypes/food/candiedfruit",
		"side": "Server",
		"dependsOn": [{ "modid": "expandedfoods" }]
	},
	{
		"op": "addmerge",
		"path": "/attributes",
		"value": {
			"inContainerTextureByType": {
				"@.*-(red|pink|yellow)apple": { "base": "game:block/food/pie/fill-apple" },
				"*": { "base": "game:block/food/pie/fill-{fruit}" }
			},
		},
		"file": "expandedfoods:itemtypes/food/dehydratedfruit",
		"side": "Server",
		"dependsOn": [{ "modid": "expandedfoods" }]
	},
	{
		"op": "addmerge",
		"path": "/attributes",
		"value": {
			"inContainerTextureByType": {
				"@.*-(red|pink|yellow)apple": { "base": "game:block/food/pie/fill-apple" },
				"*": { "base": "game:block/food/pie/fill-{fruit}" }
			}
		},
		"file": "expandedfoods:itemtypes/food/dryfruit",
		"side": "Server",
		"dependsOn": [{ "modid": "expandedfoods" }]
	},


	{
		"op": "addmerge",
		"path": "/attributes",
		"value": {
			"inContainerTextureByType": {
				"*root-*": { "base": "game:block/food/grain/rice" },
				"*-cassava*": { "base": "game:block/wood/barrel/peeled-cassava" },
				"*-pickledcarrot-*": { "base": "game:block/wood/barrel/pickled-carrot" },
				"*-pickledonion-*": { "base": "game:block/wood/barrel/pickled-onion" },
				"*-pickledturnip-*": { "base": "game:block/wood/barrel/pickled-turnip" },
				"*-pickledparsnip-*": { "base": "game:block/wood/barrel/pickled-parsnip" },
				"*-pickledpumpkin-*": { "base": "game:block/wood/barrel/pickled-pumpkin" },
				"*": { "base": "game:block/wood/barrel/raw-{type}" }
			}
		},
		"file": "expandedfoods:itemtypes/food/choppedvegetable",
		"side": "Server",
		"dependsOn": [{ "modid": "expandedfoods" }]
	},
	{
		"op": "addmerge",
		"path": "/attributes",
		"value": {
			"inContainerTextureByType": {
				"*root-*": { "base": "game:block/food/grain/rice" },
				"*-cassava-charred": { "base": "game:block/wood/barrel/raw-cassava" },
				"*-cassava-*": { "base": "game:block/wood/barrel/soaked-cassava" },
				"*-pickledcarrot-*": { "base": "game:block/wood/barrel/pickled-carrot" },
				"*-pickledonion-*": { "base": "game:block/wood/barrel/pickled-onion" },
				"*-pickledturnip-*": { "base": "game:block/wood/barrel/pickled-turnip" },
				"*-pickledparsnip-*": { "base": "game:block/wood/barrel/pickled-parsnip" },
				"*-pickledpumpkin-*": { "base": "game:block/wood/barrel/pickled-pumpkin" },
				"*": { "base": "game:block/wood/barrel/raw-{type}" }
			}
		},
		"file": "expandedfoods:itemtypes/food/cookedvegetable",
		"side": "Server",
		"dependsOn": [{ "modid": "expandedfoods" }]
	},
	{
		"op": "addmerge",
		"path": "/attributes",
		"value": {
			"inContainerTextureByType": {
				"*root-*": { "base": "game:block/food/grain/rice" },
				"*-cassava-charred": { "base": "game:block/wood/barrel/raw-cassava" },
				"*-cassava-*": { "base": "game:block/wood/barrel/soaked-cassava" },
				"*-pickledcarrot-*": { "base": "game:block/wood/barrel/pickled-carrot" },
				"*-pickledonion-*": { "base": "game:block/wood/barrel/pickled-onion" },
				"*-pickledturnip-*": { "base": "game:block/wood/barrel/pickled-turnip" },
				"*-pickledparsnip-*": { "base": "game:block/wood/barrel/pickled-parsnip" },
				"*-pickledpumpkin-*": { "base": "game:block/wood/barrel/pickled-pumpkin" },
				"*": { "base": "game:block/wood/barrel/raw-{type}" }
			}
		},
		"file": "expandedfoods:itemtypes/food/cookedchoppedvegetable",
		"side": "Server",
		"dependsOn": [{ "modid": "expandedfoods" }]
	},

	{
		"op": "addmerge",
		"path": "/attributes",
		"value": {
			"inContainerTexture": { "base": "game:block/food/pie/fill-seaweed" }
		},
		"file": "expandedfoods:itemtypes/food/driedseaweed",
		"side": "Server",
		"dependsOn": [{ "modid": "expandedfoods" }]
	},
	{
		"op": "addmerge",
		"path": "/attributes",
		"value": {
			"inContainerTexture": { "base": "game:block/food/pie/fill-fish" }
		},
		"file": "expandedfoods:itemtypes/food/fermentedfish",
		"side": "Server",
		"dependsOn": [{ "modid": "expandedfoods" }]
	},


	{
		"op": "addmerge",
		"path": "/attributes",
		"value": {
			"inContainerTextureByType": {
				"@.*-(cooked|tender)*": { "base": "block/food/pie/fill-fish" },
				"*-cured*": { "base": "game:block/wood/barrel/cured-fish" },
				"*": { "base": "game:block/wood/barrel/raw-fish" }
			}
		},
		"file": "expandedfoods:itemtypes/food/fishnugget",
		"side": "Server",
		"dependsOn": [{ "modid": "expandedfoods" }]
	},
	{
		"op": "addmerge",
		"path": "/attributes",
		"value": {
			"inContainerTextureByType": {
				"@.*-(cooked|tender)*": { "base": "game:block/wood/barrel/cooked-{meat}" },
				"*-cured*": { "base": "game:block/wood/barrel/cured-{meat}" },
				"*": { "base": "game:block/wood/barrel/raw-{meat}" }
			}
		},
		"file": "expandedfoods:itemtypes/food/meatnugget",
		"side": "Server",
		"dependsOn": [{ "modid": "expandedfoods" }]
	},
	{
		"op": "addmerge",
		"path": "/attributes",
		"value": {
			"inContainerTextureByType": {
				"@.*-(cooked|tender)*": { "base": "game:block/wood/barrel/cooked-{meat}" },
				"*": { "base": "game:block/wood/barrel/cured-{meat}" }
			}
		},
		"file": "expandedfoods:itemtypes/food/agedmeat",
		"side": "Server",
		"dependsOn": [{ "modid": "expandedfoods" }]
	},
	{
		"op": "addmerge",
		"path": "/attributes",
		"value": {
			"inContainerTextureByType": {
				"@.*-poultry*-(cooked|charred|dried)*": { "base": "game:block/wood/barrel/cooked-poultry" },
				"*-poultry*-raw": { "base": "game:block/wood/barrel/raw-poultry" },
				"*-poultry*": { "base": "game:block/wood/barrel/cured-poultry" },
				"@.*-redmeat*-(cooked|charred|dried)*": { "base": "game:block/wood/barrel/cooked-redmeat" },
				"*-redmeat*-raw": { "base": "game:block/wood/barrel/raw-redmeat" },
				"*-redmeat*": { "base": "game:block/wood/barrel/cured-redmeat" },
				"@.*-bushmeat*-(cooked|charred|dried)*": { "base": "game:block/wood/barrel/cooked-bushmeat" },
				"*-bushmeat*-raw": { "base": "game:block/wood/barrel/raw-bushmeat" },
				"*": { "base": "game:block/wood/barrel/cured-bushmeat" }
			}
		},
		"file": "expandedfoods:itemtypes/food/mixing/sausage",
		"side": "Server",
		"dependsOn": [{ "modid": "expandedfoods" }]
	},
	{
		"op": "addmerge",
		"path": "/attributes",
		"value": {
			"inContainerTextureByType": {
				"@.*-(cooked|charred|dried)*": { "base": "game:block/food/pie/fill-fish" },
				"*-raw": { "base": "game:block/wood/barrel/cooked-fish" },
				"*": { "base": "game:block/wood/barrel/cured-fish" }
			}
		},
		"file": "expandedfoods:itemtypes/food/sausagefish",
		"side": "Server",
		"dependsOn": [{ "modid": "expandedfoods" }]
	},

	{
		"op": "addmerge",
		"path": "/attributes",
		"value": {
			"inContainerTexture": { "base": "expandedfoods:item/food/gozinaki" }
		},
		"file": "expandedfoods:itemtypes/food/mixing/gozinaki",
		"side": "Server",
		"dependsOn": [{ "modid": "expandedfoods" }]
	},
	{
		"op": "replace",
		"path": "/attributes/inContainerTexture/base",
		"value": "game:block/food/grain/rice",
		"file": "expandedfoods:itemtypes/food/mixing/pasta",
		"side": "Server",
		"dependsOn": [{ "modid": "expandedfoods" }]
	},

	{
		"op": "addmerge",
		"path": "/attributes",
		"value": {
			"inContainerTextureByType": {
				"*-raw": { "base": "expandedfoods:item/food/pemmican/pemmican-ball-bushmeat" },
				"*-partbaked": { "base": "expandedfoods:item/food/pemmican/pemmican-partbaked-bushmeat" },
				"*-cooked": { "base": "expandedfoods:item/food/pemmican/pemmican-plain-bushmeat" },
				"*-raw": { "base": "expandedfoods:item/food/pemmican/pemmican-charred-bushmeat" },
			}
		},
		"file": "expandedfoods:itemtypes/food/mixing/pemmican",
		"side": "Server",
		"dependsOn": [{ "modid": "expandedfoods" }]
	},
	{
		"op": "addmerge",
		"path": "/attributes",
		"value": {
			"inContainerTextureByType": {
				"*-raw": { "base": "expandedfoods:item/food/pemmican/fish/pemmicanfish-ball" },
				"*-partbaked": { "base": "expandedfoods:item/food/pemmican/fish/pemmicanfish-partbaked" },
				"*-cooked": { "base": "expandedfoods:item/food/pemmican/fish/pemmicanfish-plain" },
				"*-raw": { "base": "expandedfoods:item/food/pemmican/fish/pemmicanfish-charred" },
			}
		},
		"file": "expandedfoods:itemtypes/food/mixing/pemmicanfish",
		"side": "Server",
		"dependsOn": [{ "modid": "expandedfoods" }]
	},
	{
		"op": "addmerge",
		"path": "/attributes",
		"value": {
			"inContainerTextureByType": {
				"*-raw": { "base": "expandedfoods:item/food/pemmican/crab/pemmicancrab-ball" },
				"*-partbaked": { "base": "expandedfoods:item/food/pemmican/crab/pemmicancrab-partbaked" },
				"*-cooked": { "base": "expandedfoods:item/food/pemmican/crab/pemmicancrab-plain" },
				"*-raw": { "base": "expandedfoods:item/food/pemmican/crab/pemmicancrab-charred" },
			}
		},
		"file": "expandedfoods:itemtypes/food/primitivesurvival/mixing/pemmicancrab",
		"side": "Server",
		"dependsOn": [{ "modid": "expandedfoods" }]
	},
	{
		"op": "addmerge",
		"path": "/attributes",
		"value": {
			"inContainerTextureByType": {
				"*-raw": { "base": "expandedfoods:item/food/pemmican/crab/pemmicancrab-ball" },
				"*-partbaked": { "base": "expandedfoods:item/food/pemmican/crab/pemmicancrab-partbaked" },
				"*-cooked": { "base": "expandedfoods:item/food/pemmican/crab/pemmicancrab-plain" },
				"*-raw": { "base": "expandedfoods:item/food/pemmican/crab/pemmicancrab-charred" },
			}
		},
		"file": "expandedfoods:itemtypes/food/primitivesurvival/mixing/pemmicansnake",
		"side": "Server",
		"dependsOn": [{ "modid": "expandedfoods" }]
	},
]