[
	{
		"op": "addmerge",
		"path": "/attributes",
		"value": {
			"moldrackable": true,
			"onmoldrackTransform": {
				"translation": { "x": 0.36, "y": 0.2, "z": 0 },
				"rotation": { "x": 0, "y": -4, "z": 10 },
				"scale": 1.25
			}
		},
		"file": "fromgoldencombs:itemtypes/beeframe",
		"side": "Server",
		"dependsOn": [{ "modid": "fromgoldencombs" }]
	},
	{
		"op": "addmerge",
		"path": "/attributes",
		"value": {
			"moldrackable": true,
			"onmoldrackTransform": {
				"translation": { "x": -0.01, "y": -0.4, "z": 0 },
				"rotation": { "x": -90, "y": -15, "z": 90 }
			}
		},
		"file": "fromgoldencombs:itemtypes/frameliner",
		"side": "Server",
		"dependsOn": [{ "modid": "fromgoldencombs" }]
	},
	{
		"op": "addmerge",
		"path": "/attributes",
		"value": {
			"moldrackable": true,
			"onmoldrackTransform": {
				"translation": { "x": -0.01, "y": -0.4, "z": 0 },
				"rotation": { "x": -90, "y": -15, "z": 90 }
			}
		},
		"file": "fromgoldencombs:itemtypes/langstrothparts/langstrothside",
		"side": "Server",
		"dependsOn": [{ "modid": "fromgoldencombs" }]
	},
]