[
	{
		"op": "addmerge",
		"path": "/attributes",
		"value": {
			"inContainerTexture": { "base": "game:block/food/pie/fill-crab" }
		},
		"file": "primitivesurvival:itemtypes/food/crabmeat",
		"side": "Server",
		"dependsOn": [{ "modid": "primitivesurvival" }]
	},
	{
		"op": "addmerge",
		"path": "/attributes",
		"value": {
			"inContainerTexture": { "base": "game:block/food/pie/fill-crab" }
		},
		"file": "expandedfoods:itemtypes/food/primitivesurvival/crabnugget",
		"side": "Server",
		"dependsOn": [{ "modid": "primitivesurvival" }]
	},
	{
		"op": "addmerge",
		"path": "/attributes",
		"value": {
			"inContainerTexture": { "base": "game:block/food/pie/fill-snake" }
		},
		"file": "expandedfoods:itemtypes/food/primitivesurvival/mixing/sausagecrab",
		"side": "Server",
		"dependsOn": [{ "modid": "primitivesurvival" }]
	},

	{
		"op": "addmerge",
		"path": "/attributes",
		"value": {
			"inContainerTexture": { "base": "game:block/food/pie/fill-snake" }
		},
		"file": "primitivesurvival:itemtypes/food/snakemeat",
		"side": "Server",
		"dependsOn": [{ "modid": "primitivesurvival" }]
	},
	{
		"op": "addmerge",
		"path": "/attributes",
		"value": {
			"inContainerTexture": { "base": "game:block/food/pie/fill-snake" }
		},
		"file": "expandedfoods:itemtypes/food/primitivesurvival/snakenugget",
		"side": "Server",
		"dependsOn": [{ "modid": "primitivesurvival" }]
	},
	{
		"op": "addmerge",
		"path": "/attributes",
		"value": {
			"inContainerTexture": { "base": "game:block/food/pie/fill-snake" }
		},
		"file": "expandedfoods:itemtypes/food/primitivesurvival/mixing/sausagesnake",
		"side": "Server",
		"dependsOn": [{ "modid": "primitivesurvival" }]
	},

	{
		"op": "addmerge",
		"path": "/attributes/inContainerTextureByType",
		"value": {
			"*": { "base": "game:block/wood/barrel/{type}-fish" }
		},
		"file": "primitivesurvival:itemtypes/food/jerky-fish",
		"side": "Server",
		"dependsOn": [{ "modid": "primitivesurvival" }]
	},
	{
		"op": "addmerge",
		"path": "/attributes/inContainerTextureByType",
		"value": {
			"*": { "base": "game:block/wood/barrel/{type}-bushmeat" }
		},
		"file": "primitivesurvival:itemtypes/food/jerky-bushmeat",
		"side": "Server",
		"dependsOn": [{ "modid": "primitivesurvival" }]
	},
	{
		"op": "addmerge",
		"path": "/attributes/inContainerTextureByType",
		"value": {
			"*": { "base": "game:block/wood/barrel/{type}-redmeat" }
		},
		"file": "primitivesurvival:itemtypes/food/jerky-redmeat",
		"side": "Server",
		"dependsOn": [{ "modid": "primitivesurvival" }]
	},
	{
		"op": "addmerge",
		"path": "/attributes",
		"value": {
			"inContainerTextureByType": {
				"*-smoked": { "base": "primitivesurvival:block/pie/fill-smoked-{type}" },
				"*": { "base": "game:block/wood/barrel/raw-{type}" }
			}
		},
		"file": "primitivesurvival:itemtypes/food/trussedmeat",
		"side": "Server",
		"dependsOn": [{ "modid": "primitivesurvival" }]
	},

	{
		"op": "addmerge",
		"path": "/attributes",
		"value": {
			"inContainerTexture": { "base": "game:block/wood/barrel/cooked-fish" }
		},
		"file": "primitivesurvival:itemtypes/fishing/psfish",
		"side": "Server",
		"dependsOn": [{ "modid": "primitivesurvival" }]
	},
	{
		"op": "addmerge",
		"path": "/attributes",
		"value": {
			"inContainerTexture": { "base": "game:block/food/pie/fill-crab" }
		},
		"file": "primitivesurvival:itemtypes/fishing/fisheggs",
		"side": "Server",
		"dependsOn": [{ "modid": "primitivesurvival" }]
	},
	{
		"op": "addmerge",
		"path": "/attributes",
		"value": {
			"inContainerTexture": { "base": "game:block/food/pie/fill-crab" }
		},
		"file": "primitivesurvival:itemtypes/fishing/fisheggscooked",
		"side": "Server",
		"dependsOn": [{ "modid": "primitivesurvival" }]
	},
	{
		"op": "addmerge",
		"path": "/attributes",
		"value": {
			"inContainerTexture": { "base": "game:block/food/pie/fill-crab" }
		},
		"file": "primitivesurvival:itemtypes/fishing/caviar",
		"side": "Server",
		"dependsOn": [{ "modid": "primitivesurvival" }]
	},
	{
		"op": "addmerge",
		"path": "/attributes",
		"value": {
			"inContainerTextureByType": {
				"*-raw": { "base": "game:block/wood/barrel/raw-fish" },
				"*": { "base": "game:block/food/pie/fill-fish" }
			}
		},
		"file": "primitivesurvival:itemtypes/fishing/fishfillet",
		"side": "Server",
		"dependsOn": [{ "modid": "primitivesurvival" }]
	},


	{
		"op": "addmerge",
		"path": "/attributes",
		"value": {
			"antlermountable": true,
			"onAntlerMountTransform": {
				"translation": { "x": -0.33, "y": -0.44, "z": -0.45 },
				"rotation": { "x": 0, "y": -90, "z": 90 }
			}
		},
		"file": "primitivesurvival:itemtypes/fishing/fishingspear",
		"side": "Server",
		"dependsOn": [{ "modid": "primitivesurvival" }]
	},

	{
		"op": "addmerge",
		"path": "/attributes",
		"value": {
			"antlermountable": true,
			"onAntlerMountTransform": {
				"translation": { "x": 0.13, "y": -0.56, "z": 0 },
				"rotation": { "x": -90, "y": -4, "z": -90 }
			}
		},
		"file": "primitivesurvival:blocktypes/hide/bearhide",
		"side": "Server",
		"dependsOn": [{ "modid": "primitivesurvival" }]
	},

	{
		"op": "addmerge",
		"path": "/attributes",
		"value": {
			"antlermountable": true,
			"onAntlerMountTransform": {
				"translation": { "x": 0.13, "y": -0.4, "z": 0 },
				"rotation": { "x": -90, "y": -4, "z": -90 }
			}
		},
		"file": "primitivesurvival:blocktypes/hide/pighide",
		"side": "Server",
		"dependsOn": [{ "modid": "primitivesurvival" }]
	},
	{
		"op": "addmerge",
		"path": "/attributes",
		"value": {
			"antlermountable": true,
			"onAntlerMountTransform": {
				"translation": { "x": 0.13, "y": -0.4, "z": 0 },
				"rotation": { "x": -90, "y": -4, "z": -90 }
			}
		},
		"file": "primitivesurvival:blocktypes/hide/sheephide",
		"side": "Server",
		"dependsOn": [{ "modid": "primitivesurvival" }]
	},
	{
		"op": "addmerge",
		"path": "/attributes",
		"value": {
			"antlermountable": true,
			"onAntlerMountTransform": {
				"translation": { "x": 0.13, "y": -0.4, "z": 0 },
				"rotation": { "x": -90, "y": -4, "z": -90 }
			}
		},
		"file": "primitivesurvival:blocktypes/hide/wolfhide",
		"side": "Server",
		"dependsOn": [{ "modid": "primitivesurvival" }]
	},
	{
		"op": "addmerge",
		"path": "/attributes",
		"value": {
			"antlermountable": true,
			"onAntlerMountTransform": {
				"translation": { "x": 0.13, "y": -0.4, "z": 0 },
				"rotation": { "x": -90, "y": -4, "z": -90 }
			}
		},
		"file": "primitivesurvival:blocktypes/hide/hyenahide",
		"side": "Server",
		"dependsOn": [{ "modid": "primitivesurvival" }]
	},

	{
		"op": "addmerge",
		"path": "/attributes",
		"value": {
			"antlermountable": true,
			"onAntlerMountTransform": {
				"translation": { "x": 0.1, "y": 0, "z": 0 },
				"rotation": { "x": -90, "y": -4, "z": -90 }
			}
		},
		"file": "primitivesurvival:blocktypes/hide/foxhide",
		"side": "Server",
		"dependsOn": [{ "modid": "primitivesurvival" }]
	},
	{
		"op": "addmerge",
		"path": "/attributes",
		"value": {
			"antlermountable": true,
			"onAntlerMountTransform": {
				"translation": { "x": 0.1, "y": 0, "z": 0 },
				"rotation": { "x": -90, "y": -4, "z": -90 }
			}
		},
		"file": "primitivesurvival:blocktypes/hide/harehide",
		"side": "Server",
		"dependsOn": [{ "modid": "primitivesurvival" }]
	},
	{
		"op": "addmerge",
		"path": "/attributes",
		"value": {
			"antlermountable": true,
			"onAntlerMountTransform": {
				"translation": { "x": 0.1, "y": 0, "z": 0 },
				"rotation": { "x": -90, "y": -4, "z": -90 }
			}
		},
		"file": "primitivesurvival:blocktypes/hide/raccoonhide",
		"side": "Server",
		"dependsOn": [{ "modid": "primitivesurvival" }]
	},

	{
		"op": "addmerge",
		"path": "/attributes",
		"value": {
			"shelvable": true,
			"bookshelveable": true,
			"displaycaseable": true,
			"onshelfTransform": {
				"translation": { "x": 0, "y": -0.25, "z": 0 },
				"scale": 0.5
			}
		},
		"file": "primitivesurvival:blocktypes/relic/statue/*",
		"side": "Server",
		"dependsOn": [{ "modid": "primitivesurvival" }]
	},
]