[
	
	{
		"op": "addmerge",
		"path": "/attributes",
		"value": {
			"antlermountable": true,
			"onAntlerMountTransformByType": {
				"*-wedge-*": {
					"translation": { "x": -0.82, "y": 0.14, "z": 0 },
					"rotation": { "x": 0, "y": 0, "z": 79 }
				},
				"*": {
					"translation": { "x": -0.84, "y": 0, "z": 0 },
					"rotation": { "x": 0, "y": 0, "z": 90 }
				}
			},
			"scrollrackable": true,
			"onscrollrackTransformByType": {
				"*-wedge-*": {
					"translation": { "x": -0.4, "y": -0.49, "z": 0 },
					"rotation": { "x": -90, "y": 160, "z": 0 }
				},
				"*": {
					"translation": { "x": -0.42, "y": -0.24, "z": 0.55 },
					"rotation": { "x": 78, "y": 2, "z": 0 },
					"origin": { "x": 0.5, "y": 0.1, "z": 0.5 }
				}
			}
		},
		"file": "stonequarry:itemtypes/tool/chisel",
		"side": "Server",
		"dependsOn": [{ "modid": "stonequarry" }]
	},
	{
		"op": "addmerge",
		"path": "/attributes",
		"value": {
			"antlermountable": true,
			"onAntlerMountTransform": {
				"translation": { "x": -0.72, "y": -0.11, "z": 0 },
				"rotation": { "x": 0, "y": 0, "z": 94 }
			},
			"scrollrackable": true,
			"onscrollrackTransform": {
				"translation": { "x": -0.62, "y": -0.26, "z": 0.51 },
				"rotation": { "x": -90, "y": 0, "z": 0 },
				"origin": { "x": 0.5, "y": 0.1, "z": 0.5 }
			}
		},
		"file": "stonequarry:itemtypes/tool/rubblehammer",
		"side": "Server",
		"dependsOn": [{ "modid": "stonequarry" }]
	},
	{
		"op": "addmerge",
		"path": "/attributes",
		"value": {
			"antlerMountable": true,
			"onAntlerMountTransform": {
				"translation": { "x": -0.36, "y": -0.05, "z": 0 },
				"rotation": { "x": 0, "y": 0, "z": 90 },
			},
			"scrollrackable": true,
			"onscrollrackTransform": {
				"translation": { "x": -0.5, "y": -0.63, "z": 0.5 },
				"rotation": { "x": -90, "y": 0, "z": 0 }
			}
		},
		"file": "stonequarry:itemtypes/tool/adminhammer",
		"side": "Server",
		"dependsOn": [{ "modid": "stonequarry" }]
	},
	
	{
		"op": "addmerge",
		"path": "/behaviors",
		"value": [{ "name": "GroundStorable", "properties": { "layout": "Quadrants", "collisionBox": { "x1": 0, "y1": 0, "z1": 0, "x2": 1, "y2": 0.125, "z2": 1 } } }],
		"file": "stonequarry:itemtypes/toolhead/finishingchiselhead",
		"side": "Server",
		"dependsOn": [{ "modid": "stonequarry" }]
	},
	{
		"op": "addmerge",
		"path": "/attributes",
		"value": {
			"shelvable": true,
			"displaycaseable": true,
			"groundStorageTransform": {
				"translation": { "x": 0, "y": 0, "z": 0.2 },
				"rotation": { "x": 0, "y": 90, "z": 0 }
			},
			"onDisplayTransform": {
				"translation": { "x": 0, "y": 0, "z": 0.2 },
				"rotation": { "x": 0, "y": 90, "z": 0 }
			}
		},
		"file": "stonequarry:itemtypes/toolhead/finishingchiselhead",
		"side": "Server",
		"dependsOn": [{ "modid": "stonequarry" }]
	},
	
	{
		"op": "addmerge",
		"path": "/behaviors",
		"value": [{ "name": "GroundStorable", "properties": { "layout": "Quadrants",
			"placeRemoveSound": "sounds/effect/crusher-impact*",
		"collisionBox": { "x1": 0, "y1": 0, "z1": 0, "x2": 1, "y2": 0.125, "z2": 1 } } }],
		"file": "stonequarry:itemtypes/toolhead/rubblehammerhead",
		"side": "Server",
		"dependsOn": [{ "modid": "stonequarry" }]
	},
	{
		"op": "addmerge",
		"path": "/attributes",
		"value": {
			"shelvable": true,
			"displaycaseable": true,
			"groundStorageTransform": {
				"translation": { "x": -0.33, "y": 0, "z": 0.33 },
				"rotation": { "x": 0, "y": 45, "z": 0 }
			},
			"onDisplayTransform": {
				"translation": { "x": -0.33, "y": 0, "z": 0.33 },
				"rotation": { "x": 0, "y": 45, "z": 0 }
			}
		},
		"file": "stonequarry:itemtypes/toolhead/rubblehammerhead",
		"side": "Server",
		"dependsOn": [{ "modid": "stonequarry" }]
	},
	
	
	{
		"op": "addmerge",
		"path": "/behaviors",
		"value": [{ "name": "GroundStorable", "properties": { "layout": "Quadrants", "collisionBox": { "x1": 0, "y1": 0, "z1": 0, "x2": 1, "y2": 0.125, "z2": 1 } } }],
		"file": "stonequarry:itemtypes/toolhead/wedgechiselhead",
		"side": "Server",
		"dependsOn": [{ "modid": "stonequarry" }]
	},
	{
		"op": "addmerge",
		"path": "/attributes",
		"value": {
			"shelvable": true,
			"displaycaseable": true,
			"groundStorageTransform": {
				"translation": { "x": 0, "y": 0.09, "z": 0 },
				"rotation": { "x": 0, "y": 90, "z": -21 }
			},
			"onDisplayTransform": {
				"translation": { "x": 0, "y": 0.09, "z": 0 },
				"rotation": { "x": 0, "y": 90, "z": -21 }
			}
		},
		"file": "stonequarry:itemtypes/toolhead/wedgechiselhead",
		"side": "Server",
		"dependsOn": [{ "modid": "stonequarry" }]
	},
]