{
	"editor": {
		"allAngles": false,
		"entityTextureMode": false
	},
	"textureWidth": 8,
	"textureHeight": 8,
	"textureSizes": {
		"saguaro": [8,8],
		"ripe": [16,16],
		"shea": [16,16],
		"kernel": [16,16]
	},
	"textures": {
	},
	"elements": [
		{
			"name": "origin",
			"from": [ 8.0, 0.0, 8.0 ],
			"to": [ 8.0, 0.0, 8.0 ],
			"rotationOrigin": [ 8.0, 0.0, 8.0 ],
			"faces": {
			},
			"children": [
				{
					"name": "body",
					"from": [ -0.35, 1.45, -0.8 ],
					"to": [ 1.25, 3.45, 0.8 ],
					"rotationOrigin": [ 1.05, 1.4, 0.6 ],
					"rotationZ": 90.0,
					"faces": {
						"north": { "texture": "#kernel", "uv": [ 3.5, 5.0, 7.5, 10.0 ], "autoUv": false },
						"east": { "texture": "#kernel", "uv": [ 7.5, 3.0, 11.5, 8.0 ], "autoUv": false },
						"south": { "texture": "#kernel", "uv": [ 3.5, 10.0, 7.5, 15.0 ], "autoUv": false },
						"west": { "texture": "#kernel", "uv": [ 6.0, 3.0, 10.0, 8.0 ], "autoUv": false },
						"up": { "texture": "#kernel", "uv": [ 8.0, 6.5, 12.0, 10.5 ], "rotation": 90, "autoUv": false },
						"down": { "texture": "#kernel", "uv": [ 8.5, 8.0, 12.5, 12.0 ], "rotation": 90, "autoUv": false }
					}
				}
			]
		}
	]}