{
	"editor": {
		"allAngles": false,
		"entityTextureMode": false
	},
	"textureWidth": 8,
	"textureHeight": 8,
	"textureSizes": {
		"saguaro": [8,8],
		"ripe": [16,16],
		"shea": [16,16],
		"nut": [16,16]
	},
	"textures": {
	},
	"elements": [
		{
			"name": "origin",
			"from": [ 8.0, 0.0, 8.0 ],
			"to": [ 8.0, 0.0, 8.0 ],
			"rotationOrigin": [ 8.0, 0.0, 8.0 ],
			"faces": {
			},
			"children": [
				{
					"name": "body",
					"from": [ -0.15, 1.45, -1.0 ],
					"to": [ 1.85, 3.85, 1.0 ],
					"rotationOrigin": [ 1.25, 1.4, 0.4 ],
					"rotationZ": 90.0,
					"faces": {
						"north": { "texture": "#nut", "uv": [ 9.0, 1.5, 13.0, 6.5 ], "autoUv": false },
						"east": { "texture": "#nut", "uv": [ 3.5, 6.5, 7.5, 11.5 ], "autoUv": false },
						"south": { "texture": "#nut", "uv": [ 4.5, 5.5, 8.5, 10.5 ], "autoUv": false },
						"west": { "texture": "#nut", "uv": [ 7.0, 4.0, 11.0, 9.0 ], "autoUv": false },
						"up": { "texture": "#nut", "uv": [ 3.0, 7.5, 7.0, 11.5 ], "autoUv": false },
						"down": { "texture": "#nut", "uv": [ 6.5, 9.5, 10.5, 13.5 ], "autoUv": false }
					}
				}
			]
		}
	]}