{
  "code": "elementalcrystals",
  "class": "BlockElementalCrystalRM",
  "entityclassByType": {
    "*-unstable-*": "BlockEntityElementalCrystalRM"
  },
  "enabled": true,

  "storageFlags": 131073,


  "variantgroups": [
    {
      "code": "element",
      "states": [ "rust" ]
    },
    {
      "code": "variant",
      "states": [
        "small",
        //"medium",
        "large"
      ] //"cluster", "large"
    },
    {
      "code": "state",
      "states": [ "unstable", "impure" ]
    },
    {
      "code": "position",
      "states": [ "up", "down" ],
      "loadFromProperties": "game:abstract/horizontalorientation"
    }
  ],
  "skipVariants": [ "*-impure-*" ],


  "behaviors": [
    {
      "name": "OmniAttachable",
      "properties": { "facingCode": "position" }
    }
  ],

  "attributesByType": {
    "*-unstable-*": {
      //"displaycaseable": true,
      //"shelvable": true,
      //"onshelfTransform": {
      //  "translation": {
      //    "x": 0,
      //    "y": -0.1,
      //    "z": 0
      //  },
      //  "scale": 0.8
      //},
      "handbook": {
        "groupByByType": {
          "*": [ "elementalcrystals-rust-*-unstable-*" ]
        },
        "extraSections": [
          {
            "title": "game:Created by",
            "text": "rustboundmagic:handbook-rifts-text"
          },
          {
            "title": "rustboundmagic:handbook-rifteffectedstone-title",
            "text": "rustboundmagic:handbook-rifteffectedstone-text"
          }
        ]
      }
    },
    "*-impure-*": {
      "shelvable": true,
      "onshelfTransform": {
        "translation": {
          "x": -0,
          "y": -0.375,
          "z": 0
        },
        "scale": 0.25
      },
      "handbook": {
        "groupByByType": {
          "*": [ "elementalcrystals-rust-*-impure-*" ]
        },
        "extraSections": [
          {
            "title": "rustboundmagic:handbook-ritualstabilizer-title",
            "text": "rustboundmagic:handbook-ritualstabilizer-text"
          },
          {
            "title": "rustboundmagic:handbook-ritualconsumptionrate-title",
            "text": "rustboundmagic:handbook-ritualconsumptionrate-{variant}-text"
          }
        ]
      }
    }
  },

  "shapeByType": {
    "*-up": {
      "base": "blocks/crystals/crystal-{variant}*"
    },
    "*-down": {
      "base": "blocks/crystals/crystal-{variant}*",
      "rotateX": 180
    },
    "*-north": {
      "base": "blocks/crystals/crystal-{variant}*",
      "rotateX": 90,
      "rotateZ": 180
    },
    "*-south": {
      "base": "blocks/crystals/crystal-{variant}*",
      "rotateX": 90,
      "rotateZ": 0
    },
    "*-east": {
      "base": "blocks/crystals/crystal-{variant}*",
      "rotateX": 90,
      "rotateZ": 270
    },
    "*-west": {
      "base": "blocks/crystals/crystal-{variant}*",
      "rotateX": 90,
      "rotateZ": 90
    }
  },
  "texturesByType": {
    "*-unstable-*": {
      "material-top": { "base": "rust-transparent" },
      "material": { "base": "rust-transparent" }
    },
    "*-impure-*": {
      "material-top": { "base": "rust-solid" },
      "material": { "base": "rust-solid" }
    }
  },
  "creativeinventory": {
    "general": [ "*-up" ],
    "terrain": [ "*-up" ],
    "rustboundmagic": [ "*-up" ]
  },

  "drawtype": "json",
  "replaceable": 3000,
  "resistance": 0.25,
  "lightAbsorption": 0,
  "materialDensity": 1200,
  "maxstacksize": 16,

  "sidesolid": { "all": false },
  "sideopaque": { "all": false },
  "sideao": { "all": false },

  "vertexFlags": {
    "zOffset": 2,
    "reflective": true
  },

  "sounds": {
    "walk": "game:walk/stone",
    "byTool": {
      "Pickaxe": {
        "hit": "game:block/rock-hit-pickaxe",
        "break": "game:block/rock-break-pickaxe"
      }
    }
  },

  "collisionSelectionBoxByType": {
    "*-up": {
      "x1": 0.125,
      "y1": 0,
      "z1": 0.125,
      "x2": 0.875,
      "y2": 0.5,
      "z2": 0.875
    },
    "*-down": {
      "x1": 0.125,
      "y1": 0,
      "z1": 0.125,
      "x2": 0.875,
      "y2": 0.5,
      "z2": 0.875,
      "rotateX": 180
    },
    "*-west": {
      "x1": 0.6,
      "y1": 0.125,
      "z1": 0.125,
      "x2": 1,
      "y2": 0.875,
      "z2": 0.875
    },
    "*-north": {
      "x1": 0.6,
      "y1": 0.125,
      "z1": 0.125,
      "x2": 1,
      "y2": 0.875,
      "z2": 0.875,
      "rotateY": 270
    },
    "*-east": {
      "x1": 0.6,
      "y1": 0.125,
      "z1": 0.125,
      "x2": 1,
      "y2": 0.875,
      "z2": 0.875,
      "rotateY": 180
    },
    "*-south": {
      "x1": 0.6,
      "y1": 0.125,
      "z1": 0.125,
      "x2": 1,
      "y2": 0.875,
      "z2": 0.875,
      "rotateY": 90
    }
  },
  "guiTransform": {
    "rotation": {
      "x": -46,
      "y": -89,
      "z": -44
    },
    "origin": {
      "x": 0.5,
      "y": 0.35,
      "z": 0.5
    },
    "scale": 1.44
  },
  "fpHandTransform": {
    "translation": {
      "x": 0,
      "y": 0,
      "z": 0.5
    },
    "origin": {
      "x": 0.5,
      "y": 0,
      "z": 0.5
    },
    "scale": 2.3
  },
  "groundTransform": {
    "translation": {
      "x": 0,
      "y": 0,
      "z": 0
    },
    "rotation": {
      "x": 0,
      "y": -45,
      "z": 0
    },
    "origin": {
      "x": 0.5,
      "y": 0,
      "z": 0.5
    },
    "scale": 2.7
  },
  "tpHandTransform": {
    "translation": {
      "x": -0.87,
      "y": 0,
      "z": -0.76
    },
    "rotation": {
      "x": 0,
      "y": -25,
      "z": -59
    },
    "origin": {
      "x": 0.5,
      "y": 0,
      "z": 0.5
    },
    "scale": 0.6
  }
}