{
    "code": "crop",
    "class": "BlockCrop",
    "behaviors": [ { "name": "Unstable" } ],
    "variantgroups": [
        {
            "code": "type",
            "states": [ "mint" ]
        },
        {
            "code": "stage",
            "states": [ "1", "2", "3", "4", "5", "6", "7", "8" ]
        }
    ],
    "creativeinventory": {
        "general": [ "*" ],
        "soaplyeandbloom": [ "*" ],
        "flora": [ "*" ]
    },
    "renderpass": "OpaqueNoCull",
    "shapeByType": {
        "*": { "base": "block/plant/crop/mint/stage{stage}" }
    },
    "texturesByType": {
        "*-mint-*": {
            "mint": { "base": "block/plant/crop/mint" }
        }
    },
    "blockmaterial": "Plant",
    "randomizeRotations": true,
    "attributes": {
        "butterflyFeedByType": {
            "*-8": true,
            "*": false
        },
        "beeFeedByType": {
            "*-8": true,
            "*": false
        },
        "sitHeight": 0.35,
        "tickGrowthProbability": 0.05,
        "handbook": {
            "includeByType": {
                "*-7": true,
                "*-8": true,
                "*": false
            }
        }
    },
    "sideopaque": {
        "all": false
    },
    "sidesolid": {
        "all": false
    },
    "replaceable": 3000,
    "lightAbsorption": 0,
    "resistance": 0.5,
    "sounds": {
        "place": "game:block/plant",
        "break": "game:block/plant",
        "hit": "game:block/plant"
    },
    "rainPermeable": false,
    "dropsByType": {
        "*-6": [
            {
                "type": "item",
                "code": "seeds-mint",
                "quantity": { "avg": 0.99 }
            },
            {
                "type": "item",
                "code": "herb-mint-fresh",
                "quantity": { "avg": 3, "var": 1 }
            }
        ],
        "*-7": [
            {
                "type": "item",
                "code": "seeds-mint",
                "quantity": { "avg": 1.2 }
            },
            {
                "type": "item",
                "code": "herb-mint-fresh",
                "quantity": { "avg": 8, "var": 2 }
            }
        ],
        "*-8": [
            {
                "type": "item",
                "code": "seeds-mint",
                "quantity": { "avg": 1.4 }
            },
            {
                "type": "item",
                "code": "flower-mint-fresh",
                "quantity": { "avg": 4, "var": 0.5 }
            }
        ],
        "*": [
            {
                "type": "item",
                "code": "seeds-mint",
                "quantity": { "avg": 0.7 }
            },
            {
                "type": "item",
                "code": "herb-mint-fresh",
                "quantity": { "avg": 0.2 }
            }
        ]
    },
    "cropPropsByType": {
        "*-mint-*": {
            "requiredNutrient": "K",
            "nutrientConsumption": 25,
            "growthStages": 8,
            "totalGrowthMonths": 1.5,
            "coldDamageBelow": -7,
            "damageGrowthStuntMul": 0.75,
            "coldDamageRipeMul": 0.5,
            "heatDamageAbove": 29
        }
    },
    "collisionbox": null,
    "selectionbox": {
        "x1": 0.0625,
        "y1": 0,
        "z1": 0.0625,
        "x2": 0.9375,
        "y2": 0.25,
        "z2": 0.9375
    },
    "materialDensity": 200,
    "combustibleProps": {
        "burnTemperature": 600,
        "burnDuration": 10
    },
    "frostable": true
}
