[
	{ 
        "file": "primitivesurvival:blocktypes/stairs/betterbrickstairs.json", 
        "op": "add", 
        "path": "/enabled", 
        "dependsOn": [{"modid": "primitivesurvival"}],
        "value": "false"
    },
	{ 
        "file": "primitivesurvival:blocktypes/stairs/bettercobblestonestairs.json", 
        "op": "add", 
        "path": "/enabled", 
        "dependsOn": [{"modid": "primitivesurvival"}],
        "value": "false"
    },
	{ 
        "file": "primitivesurvival:blocktypes/stairs/betterfoureightbrickstairs.json", 
        "op": "add", 
        "path": "/enabled", 
        "dependsOn": [{"modid": "primitivesurvival"}],
        "value": "false"
    },
	{ 
        "file": "primitivesurvival:blocktypes/stairs/betterplankstairs.json", 
        "op": "add", 
        "path": "/enabled", 
        "dependsOn": [{"modid": "primitivesurvival"}],
        "value": "false"
    },
	{ 
        "file": "primitivesurvival:blocktypes/stairs/betterquartzstairs.json", 
        "op": "add", 
        "path": "/enabled", 
        "dependsOn": [{"modid": "primitivesurvival"}],
        "value": "false"
    },
	{ 
        "file": "primitivesurvival:blocktypes/stairs/bettershinglestairs.json", 
        "op": "add", 
        "path": "/enabled", 
        "dependsOn": [{"modid": "primitivesurvival"}],
        "value": "false"
    },
	{ 
        "file": "primitivesurvival:blocktypes/stairs/betterstonebrickstairs.json", 
        "op": "add", 
        "path": "/enabled", 
        "dependsOn": [{"modid": "primitivesurvival"}],
        "value": "false"
    },
	{ 
        "file": "primitivesurvival:blocktypes/stairs/betterstonepathstairs.json", 
        "op": "add", 
        "path": "/enabled", 
        "dependsOn": [{"modid": "primitivesurvival"}],
        "value": "false"
    },
	{ 
        "file": "primitivesurvival:recipes/grid/betterstairs.json", 
        "op": "add", 
        "path": "/0/enabled", 
        "dependsOn": [{"modid": "primitivesurvival"}],
        "value": "false"
    },
	{ 
        "file": "primitivesurvival:recipes/grid/betterstairs.json", 
        "op": "add", 
        "path": "/1/enabled", 
        "dependsOn": [{"modid": "primitivesurvival"}],
        "value": "false"
    },
	{ 
        "file": "primitivesurvival:recipes/grid/betterstairs.json", 
        "op": "add", 
        "path": "/2/enabled", 
        "dependsOn": [{"modid": "primitivesurvival"}],
        "value": "false"
    },
	{ 
        "file": "primitivesurvival:recipes/grid/betterstairs.json", 
        "op": "add", 
        "path": "/3/enabled", 
        "dependsOn": [{"modid": "primitivesurvival"}],
        "value": "false"
    },
	{ 
        "file": "primitivesurvival:recipes/grid/betterstairs.json", 
        "op": "add", 
        "path": "/4/enabled", 
        "dependsOn": [{"modid": "primitivesurvival"}],
        "value": "false"
    },
	{ 
        "file": "primitivesurvival:recipes/grid/betterstairs.json", 
        "op": "add", 
        "path": "/5/enabled", 
        "dependsOn": [{"modid": "primitivesurvival"}],
        "value": "false"
    },
	{ 
        "file": "primitivesurvival:recipes/grid/betterstairs.json", 
        "op": "add", 
        "path": "/6/enabled", 
        "dependsOn": [{"modid": "primitivesurvival"}],
        "value": "false"
    },
	{ 
        "file": "primitivesurvival:recipes/grid/betterstairs.json", 
        "op": "add", 
        "path": "/7/enabled", 
        "dependsOn": [{"modid": "primitivesurvival"}],
        "value": "false"
    },
	{ 
        "file": "primitivesurvival:recipes/grid/betterstairs.json", 
        "op": "add", 
        "path": "/8/enabled", 
        "dependsOn": [{"modid": "primitivesurvival"}],
        "value": "false"
    },
	{ 
        "file": "primitivesurvival:recipes/grid/betterstairs.json", 
        "op": "add", 
        "path": "/9/enabled", 
        "dependsOn": [{"modid": "primitivesurvival"}],
        "value": "false"
    },
	{ 
        "file": "primitivesurvival:recipes/grid/betterstairs.json", 
        "op": "add", 
        "path": "/10/enabled", 
        "dependsOn": [{"modid": "primitivesurvival"}],
        "value": "false"
    },
	{ 
        "file": "primitivesurvival:recipes/grid/betterstairs.json", 
        "op": "add", 
        "path": "/11/enabled", 
        "dependsOn": [{"modid": "primitivesurvival"}],
        "value": "false"
    },
	{ 
        "file": "primitivesurvival:recipes/grid/betterstairs.json", 
        "op": "add", 
        "path": "/12/enabled", 
        "dependsOn": [{"modid": "primitivesurvival"}],
        "value": "false"
    },
	{ 
        "file": "primitivesurvival:recipes/grid/betterstairs.json", 
        "op": "add", 
        "path": "/13/enabled", 
        "dependsOn": [{"modid": "primitivesurvival"}],
        "value": "false"
    },
	{ 
        "file": "primitivesurvival:recipes/grid/betterstairs.json", 
        "op": "add", 
        "path": "/14/enabled", 
        "dependsOn": [{"modid": "primitivesurvival"}],
        "value": "false"
    },
	{ 
        "file": "primitivesurvival:recipes/grid/betterstairs.json", 
        "op": "add", 
        "path": "/15/enabled", 
        "dependsOn": [{"modid": "primitivesurvival"}],
        "value": "false"
    }
]