[
	{
		"op": "addmerge",
		"path": "/attributes",
		"value": {
			"scrollrackable": true,
			"onscrollrackTransform": {
				"translation": { "x": 0.034, "y": -0.49, "z": 0.5 },
				"rotation": { "x": 135, "y": 0, "z": -90 }
			}
		},
		"file": "game:itemtypes/resource/beenade",
		"side": "Server"
	},
	{
		"op": "addmerge",
		"path": "/attributes",
		"value": {
			"scrollrackable": true,
			"onscrollrackTransform": {
				"translation": { "x": -0.35, "y": -0.22, "z": 0.49 },
				"rotation": { "x": -45, "y": 0, "z": 88 },
				"origin": { "x": 0.5, "y": 0.1, "z": 0.5 }
			}
		},
		"file": "game:itemtypes/resource/bone",
		"side": "Server"
	},
	{
		"op": "addmerge",
		"path": "/attributes",
		"value": {
			"scrollrackable": true,
			"onscrollrackTransform": {
				"translation": { "x": -0.55, "y": -0.15, "z": 0.53 },
				"rotation": { "x": -18, "y": 0, "z": 0 },
				"origin": { "x": 0.5, "y": 0.1, "z": 0.5 },
				"scale": 0.75
			}
		},
		"file": "game:itemtypes/resource/bamboostakes",
		"side": "Server"
	},
	{
		"op": "addmerge",
		"path": "/attributes",
		"value": {
			"scrollrackable": true,
			"onscrollrackTransform": {
				"translation": { "x": -0.5, "y": -0.53, "z": 0.5 },
				"rotation": { "x": 45, "y": -90, "z": 0 }
			}
		},
		"file": "game:itemtypes/resource/firewood",
		"side": "Server"
	},
	{
		"op": "addmerge",
		"path": "/attributes",
		"value": {
			"scrollrackable": true,
			"onscrollrackTransform": {
				"translation": { "x": -0.5, "y": -0.53, "z": 0.5 },
				"rotation": { "x": 45, "y": -90, "z": 0 }
			}
		},
		"file": "game:itemtypes/resource/firewood-aged",
		"side": "Server"
	},
	{
		"op": "addmerge",
		"path": "/attributes",
		"value": {
			"scrollrackable": true,
			"onscrollrackTransform": {
				"translation": { "x": -0.5, "y": -0.19, "z": 0.46 },
				"rotation": { "x": -45, "y": -135, "z": 0 },
				"origin": { "x": 0.5, "y": 0.1, "z": 0.5 }
			}
		},
		"file": "game:itemtypes/resource/stick",
		"side": "Server"
	},
	{
		"op": "addmerge",
		"path": "/attributes",
		"value": {
			"scrollrackable": true,
			"onscrollrackTransform": {
				"translation": { "x": -0.41, "y": -0.17, "z": 0.5 },
				"rotation": { "x": 45, "y": -90, "z": 0 },
				"origin": { "x": 0.5, "y": 0.1, "z": 0.5 }
			}
		},
		"file": "game:itemtypes/resource/solderbar",
		"side": "Server"
	},
	{
		"op": "addmerge",
		"path": "/attributes",
		"value": {
			"scrollrackable": true,
			"onscrollrackTransform": {
				"translation": { "x": -0.52, "y": -0.38, "z": 0.32 },
				"rotation": { "x": -45, "y": 0, "z": 0 }
			}
		},
		"file": "game:itemtypes/resource/drygrass",
		"side": "Server"
	},
	{
		"op": "addmerge",
		"path": "/attributes",
		"value": {
			"scrollrackable": true,
			"onscrollrackTransform": {
				"translation": { "x": -0.52, "y": -0.38, "z": 0.32 },
				"rotation": { "x": -45, "y": 0, "z": 0 }
			}
		},
		"file": "game:itemtypes/resource/thatch",
		"side": "Server"
	},
	{
		"op": "addmerge",
		"path": "/attributes",
		"value": {
			"scrollrackable": true,
			"onscrollrackTransform": {
				"translation": { "x": -0.5, "y": -0.18, "z": 0.48 },
				"rotation": { "x": -45, "y": 0, "z": 0 },
				"origin": { "x": 0.5, "y": 0.1, "z": 0.5 }
			}
		},
		"file": "game:itemtypes/resource/catttailtops",
		"side": "Server"
	},
	{
		"op": "addmerge",
		"path": "/attributes",
		"value": {
			"scrollrackable": true,
			"onscrollrackTransform": {
				"translation": { "x": -0.44, "y": -0.6, "z": 0.51 },
				"rotation": { "x": 45, "y": 0, "z": 59 }
			}
		},
		"file": "game:itemtypes/resource/catttailroot",
		"side": "Server"
	},
	{
		"op": "addmerge",
		"path": "/attributes",
		"value": {
			"scrollrackable": true,
			"onscrollrackTransform": {
				"translation": { "x": -0.43, "y": -0.59, "z": 0.49 },
				"rotation": { "x": 45, "y": 0, "z": 90 }
			}
		},
		"file": "game:itemtypes/resource/papyrusroot",
		"side": "Server"
	},
]