[
	{
		"op": "addmerge",
		"path": "/attributes",
		"value": {
			"scrollrackable": true,
			"onscrollrackTransform": {
				"translation": { "x": -0.42, "y": -0.24, "z": 0.55 },
				"rotation": { "x": 78, "y": 2, "z": 0 },
				"origin": { "x": 0.5, "y": 0.1, "z": 0.5 }
			},
			"pigment": {
				"name": "Engraves signs",
				"color": { "red": 38, "green": 37, "blue": 34 }
			}
		},
		"file": "game:itemtypes/tool/chisel",
		"side": "Server"
	},
	{
		"op": "addmerge",
		"path": "/attributes",
		"value": {
			"scrollrackable": true,
			"onscrollrackTransform": {
				"translation": { "x": -0.5, "y": -0.63, "z": 0.5 },
				"rotation": { "x": -90, "y": 0, "z": 0 }
			}
		},
		"file": "game:itemtypes/tool/hammer",
		"side": "Server"
	},
	{
		"op": "addmerge",
		"path": "/attributes",
		"value": {
			"scrollrackable": true,
			"onscrollrackTransform": {
				"translation": { "x": -0.3, "y": -0.2, "z": 0.45 },
				"rotation": { "x": -45, "y": 180, "z": 0 },
				"origin": { "x": 0.5, "y": 0.1, "z": 0.5 }
			}
		},
		"file": "game:itemtypes/tool/solderingiron",
		"side": "Server"
	},
	{
		"op": "addmerge",
		"path": "/attributes",
		"value": {
			"scrollrackableByType": {
				"*-generic-wood": true,
				"*-flanged-*": true,
				"*-warhammer-*": true,
			},
			"onscrollrackTransformByType": {
				"*-generic-wood": {
					"translation": { "x": -0.5, "y": -0.52, "z": 0.55 },
					"rotation": { "x": -45, "y": 180, "z": 0 }
				},
				"*-*": {
					"translation": { "x": -0.94, "y": -0.21, "z": 0.4 },
					"rotation": { "x": -90, "y": 0, "z": 0 },
					"origin": { "x": 0.5, "y": 0.1, "z": 0.5 }
				}
			}
		},
		"file": "game:itemtypes/tool/club",
		"side": "Server"
	},
	{
		"op": "addmerge",
		"path": "/attributes",
		"value": {
			"scrollrackable": true,
			"onscrollrackTransformByType": {
				"knife-baselard-*": {
					"translation": { "x": -0.26, "y": -0.15, "z": 0.61 },
					"rotation": { "x": 70, "y": -172, "z": -4 },
					"origin": { "x": 0.5, "y": 0.1, "z": 0.5 }
				},
				"knife-khanjar-*": {
					"translation": { "x": -0.42, "y": -0.18, "z": 0.56 },
					"rotation": { "x": 59, "y": -180, "z": 0 },
					"origin": { "x": 0.5, "y": 0.1, "z": 0.5 }
				},
				"knife-*": {
					"translation": { "x": -0.42, "y": -0.23, "z": 0.47 },
					"rotation": { "x": -90, "y": -180, "z": -4 },
					"origin": { "x": 0.5, "y": 0.1, "z": 0.5 }
				}
			}
		},
		"file": "game:itemtypes/tool/knife",
		"side": "Server"
	},
	{
		"op": "addmerge",
		"path": "/attributes",
		"value": {
			"scrollrackable": true,
			"onscrollrackTransform": {
				"translation": { "x": -0.47, "y": -0.56, "z": 0.58 },
				"rotation": { "x": 58, "y": 5, "z": -5 }
			}
		},
		"file": "game:itemtypes/tool/cleaver",
		"side": "Server"
	},
	{
		"op": "addmerge",
		"path": "/attributes",
		"value": {
			"scrollrackable": true,
			"onscrollrackTransformByType": {
				"*-falx-*": {
					"translation": { "x": -0.48, "y": -0.18, "z": 0.48 },
					"rotation": { "x": -19, "y": -180, "z": 0 },
					"origin": { "x": 0.5, "y": 0.1, "z": 0.5 },
					"scale": 0.8
				},
				"*-sabre-*": {
					"translation": { "x": -0.4, "y": -0.2, "z": 0.57 },
					"rotation": { "x": 98, "y": -158, "z": -1 },
					"origin": { "x": 0.5, "y": 0.1, "z": 0.5 },
					"scale": 0.6
				},
				"*-blackguard-*": {
					"translation": { "x": -0.46, "y": -0.21, "z": 0.5 },
					"rotation": { "x": 5, "y": -180, "z": -5 },
					"origin": { "x": 0.5, "y": 0.1, "z": 0.5 },
					"scale": 0.8
				},
				"*-scrap-*": {
					"translation": { "x": -0.36, "y": -0.15, "z": 0.5 },
					"rotation": { "x": 5, "y": -180, "z": 0 },
					"origin": { "x": 0.5, "y": 0.1, "z": 0.5 },
					"scale": 0.9
				},
				"*": {
					"translation": { "x": -0.42, "y": -0.21, "z": 0.58 },
					"rotation": { "x": 98, "y": -173, "z": -1 },
					"origin": { "x": 0.5, "y": 0.1, "z": 0.5 },
					"scale": 0.6
				}
			}
		},
		"file": "game:itemtypes/tool/blade",
		"side": "Server"
	},
	{
		"op": "addmerge",
		"path": "/attributes",
		"value": {
			"scrollrackable": true,
			"onscrollrackTransform": {
				"translation": { "x": -0.62, "y": -0.24, "z": 0.6 },
				"rotation": { "x": 90, "y": 0, "z": 0 },
				"origin": { "x": 0.5, "y": 0.1, "z": 0.5 }
			}
		},
		"file": "game:itemtypes/tool/bow",
		"side": "Server"
	},
	{
		"op": "addmerge",
		"path": "/attributes",
		"value": {
			"scrollrackable": true,
			"onscrollrackTransform": {
				"translation": { "x": -0.62, "y": -0.21, "z": 0.45 },
				"rotation": { "x": -90, "y": 0, "z": 0 },
				"origin": { "x": 0.5, "y": 0.1, "z": 0.5 }
			}
		},
		"file": "game:itemtypes/tool/hoe",
		"side": "Server"
	},
	{
		"op": "addmerge",
		"path": "/attributes",
		"value": {
			"scrollrackable": true,
			"onscrollrackTransform": {
				"translation": { "x": -0.62, "y": -0.21, "z": 0.45 },
				"rotation": { "x": -90, "y": 0, "z": 0 },
				"origin": { "x": 0.5, "y": 0.1, "z": 0.5 }
			}
		},
		"file": "game:itemtypes/tool/prospectingpick",
		"side": "Server"
	},
	{
		"op": "addmerge",
		"path": "/attributes",
		"value": {
			"scrollrackable": true,
			"onscrollrackTransform": {
				"translation": { "x": -0.62, "y": -0.21, "z": 0.45 },
				"rotation": { "x": -90, "y": 0, "z": 0 },
				"origin": { "x": 0.5, "y": 0.1, "z": 0.5 }
			}
		},
		"file": "game:itemtypes/tool/pickaxe",
		"side": "Server"
	},
	{
		"op": "addmerge",
		"path": "/attributes",
		"value": {
			"scrollrackable": true,
			"onscrollrackTransform": {
				"translation": { "x": -0.8, "y": -0.15, "z": 0.5 },
				"origin": { "x": 0.5, "y": 0.1, "z": 0.5 },
				"scale": 0.5
			}
		},
		"file": "game:itemtypes/tool/bugnet",
		"side": "Server"
	},
	{
		"op": "addmerge",
		"path": "/attributes",
		"value": {
			"scrollrackable": true,
			"onscrollrackTransform": {
				"translation": { "x": -0.44, "y": -0.18, "z": 0.48 },
				"rotation": { "x": -45, "y": 0, "z": 0 },
				"origin": { "x": 0.5, "y": 0.1, "z": 0.5 }
			}
		},
		"file": "game:itemtypes/tool/wrench",
		"side": "Server"
	},
	{
		"op": "addmerge",
		"path": "/attributes",
		"value": {
			"scrollrackable": true,
			"onscrollrackTransform": {
				"translation": { "x": -0.34, "y": -0.12, "z": 0.49 },
				"rotation": { "x": 0, "y": -180, "z": 6 },
				"origin": { "x": 0.5, "y": 0.1, "z": 0.5 }
			}
		},
		"file": "game:itemtypes/tool/shears",
		"side": "Server"
	},
	{
		"op": "addmerge",
		"path": "/attributes",
		"value": {
			"scrollrackable": true,
			"onscrollrackTransform": {
				"translation": { "x": -0.51, "y": -0.35, "z": 0.51 },
				"rotation": { "x": 0, "y": 180, "z": 0 },
				"scale": 0.65
			}
		},
		"file": "game:itemtypes/tool/arrow",
		"side": "Server"
	},
]