[
	{
		"op": "addmerge",
		"path": "/attributes",
		"value": {
			"scrollrackable": true,
			"onscrollrackTransform": {
				"translation": { "x": -0.62, "y": -0.17, "z": 0.43 },
				"rotation": { "x": -45, "y": 0, "z": 0 },
				"origin": { "x": 0.5, "y": 0.1, "z": 0.5 }
			}
		},
		"file": "game:itemtypes/toolhead/bowstave",
		"side": "Server"
	},
	{
		"op": "addmerge",
		"path": "/attributes",
		"value": {
			"scrollrackableByType": {
				"*-flute*": true,
			},
			"onscrollrackTransformByType": {
				"*-flute*": {
					"translation": { "x": -0.45, "y": -0.2, "z": 0.47 },
					"rotation": { "x": -45, "y": 0, "z": 0 },
					"origin": { "x": 0.5, "y": 0.1, "z": 0.5 }
				}
			}
		},
		"file": "game:itemtypes/utility/instrument",
		"side": "Server"
	},
	{
		"op": "addmerge",
		"path": "/attributes",
		"value": {
			"scrollrackable": true,
			"onscrollrackTransform": {
				"translation": { "x": -0.5, "y": -0.19, "z": 0.47 },
				"rotation": { "x": -45, "y": 0, "z": 0 },
				"origin": { "x": 0.5, "y": 0.1, "z": 0.5 }
			}
		},
		"file": "game:itemtypes/part/rod",
		"side": "Server"
	},
	{
		"op": "addmerge",
		"path": "/attributes",
		"value": {
			"scrollrackable": true,
			"onscrollrackTransform": {
				"translation": { "x": -0.46, "y": -0.1, "z": 0.5 },
				"rotation": { "x": -45, "y": 0, "z": -90 },
				"origin": { "x": 0.5, "y": 0.1, "z": 0.5 },
				"scale": 0.95
			}
		},
		"file": "game:blocktypes/clay/fired/crucible",
		"side": "Server"
	},
	{
		"op": "addmerge",
		"path": "/attributes",
		"value": {
			"scrollrackable": true,
			"onscrollrackTransform": {
				"translation": { "x": -0.46, "y": -0.1, "z": 0.5 },
				"rotation": { "x": -45, "y": 0, "z": -90 },
				"origin": { "x": 0.5, "y": 0.1, "z": 0.5 },
				"scale": 0.8
			}
		},
		"file": "game:blocktypes/clay/fired/jug",
		"side": "Server"
	},
	{
		"op": "addmerge",
		"path": "/attributes",
		"value": {
			"scrollrackable": true,
			"onscrollrackTransform": {
				"translation": { "x": -0.4, "y": -0.1, "z": 0.5 },
				"rotation": { "x": 45, "y": 0, "z": -90 },
				"origin": { "x": 0.5, "y": 0.1, "z": 0.5 },
				"scale": 0.95
			}
		},
		"file": "game:blocktypes/clay/fired/crock",
		"side": "Server"
	},
	{
		"op": "addmerge",
		"path": "/attributes",
		"value": {
			"scrollrackableByType": {
				"*-*-stick": true,
			},
			"onscrollrackTransformByType": {
				"*-*-stick": {
					"translation": { "x": -0.5, "y": -0.19, "z": 0.46 },
					"rotation": { "x": -45, "y": -135, "z": 0 },
					"origin": { "x": 0.5, "y": 0.1, "z": 0.5 }
				}
			}
		},
		"file": "game:itemtypes/food/insect",
		"side": "Server"
	},

	{
		"op": "addmerge",
		"path": "/attributes",
		"value": {
			"scrollrackable": true,
			"onscrollrackTransform": {
				"translation": { "x": -0.06, "y": -0.56, "z": 0.5 },
				"rotation": { "x": 45, "y": 0, "z": -90 }
			}
		},
		"file": "game:itemtypes/part/poundercap",
		"side": "Server"
	},

	{
		"op": "addmerge",
		"path": "/attributes",
		"value": {
			"scrollrackableByType": {
				"*-art/bottle": true,
			},
			"onscrollrackTransformByType": {
				"*-art/bottle": {
					"translation": { "x": -0.59, "y": -0.15, "z": 0.5 },
					"rotation": { "x": -45, "y": 0, "z": -90 },
					"origin": { "x": 0.5, "y": 0.1, "z": 0.5 }
				}
			}
		},
		"file": "game:itemtypes/clutter",
		"side": "Server"
	},
]