[
	{
		"op": "addmerge",
		"path": "/attributes",
		"enabled": false,
		"value": {
			"scrollrackable": true,
			"rolledShape": "item/lore/scroll-unbound",
			"onscrollrackTransform": {
				"translation": { "x": -0.5, "y": -0.18, "z": 0.48 },
				"rotation": { "x": -45, "y": 0, "z": 0 },
				"origin": { "x": 0.5, "y": 0.1, "z": 0.5 }
			}
		},
		"file": "game:itemtypes/utility/locatormap",
		"side": "Server"
	},

	{
		"op": "addmerge",
		"path": "/attributes",
		"enabled": false,
		"value": {
			"scrollrackable": true,
			"rolledShape": "item/lore/scroll-unbound",
			"onscrollrackTransform": {
				"translation": { "x": -0.5, "y": -0.18, "z": 0.48 },
				"rotation": { "x": -45, "y": 0, "z": 0 },
				"origin": { "x": 0.5, "y": 0.1, "z": 0.5 }
			}
		},
		"file": "game:itemtypes/utility/schematic",
		"side": "Server"
	},

	{
		"op": "addmerge",
		"path": "/attributes",
		"value": {
			"scrollrackable": true,
			"rolledShape": "item/lore/scroll-unbound",
			"onscrollrackTransform": {
				"translation": { "x": -0.5, "y": -0.18, "z": 0.48 },
				"rotation": { "x": -45, "y": 0, "z": 0 },
				"origin": { "x": 0.5, "y": 0.1, "z": 0.5 }
			}
		},
		"file": "game:itemtypes/lore/letter",
		"side": "Server"
	},
]