[
	{
		"op": "replace",
		"path": "/attributes/onmoldrackTransform",
		"value": {
			"translation": { "x": 0.17, "y": -0.5, "z": 0.4 },
			"rotation": { "x": 90, "y": -82, "z": -4 }
		},
		"file": "game:itemtypes/part/hoop",
		"side": "Server"
	},

	{
		"op": "addmerge",
		"path": "/attributes",
		"value": {
			"shelvable": true,
			"displaycaseable": true,
			"onDisplayTransform": {
				"translation": { "x": 0.06, "y": -0.88, "z": -0.05 },
				"rotation": { "x": 180, "y": 0, "z": 0 }
			},
			"moldrackable": true,
			"onmoldrackTransform": {
				"translation": { "x": 0, "y": -0.15, "z": 0.04 },
				"rotation": { "x": 0, "y": 0, "z": 94 }
			}
		},
		"file": "game:itemtypes/part/boss",
		"side": "Server"
	},


	{
		"op": "addmerge",
		"path": "/attributes",
		"value": {
			"moldrackable": true,
			"onmoldrackTransform": {
				"translation": { "x": 0.47, "y": -0.28, "z": -0.05 },
				"rotation": { "x": 90, "y": 13, "z": -90 }
			}
		},
		"file": "game:itemtypes/tool/saw",
		"side": "Server"
	},

	{
		"op": "addmerge",
		"path": "/attributes",
		"value": {
			"moldrackable": true,
			"onmoldrackTransform": {
				"translation": { "x": 0.07, "y": -0.08, "z": -0.04 },
				"rotation": { "x": 0, "y": -5, "z": 98 },
				"scale": 0.75
			}
		},
		"file": "game:blocktypes/metal/sheet",
		"side": "Server"
	},
	{
		"op": "addmerge",
		"path": "/attributes",
		"value": {
			"moldrackable": true,
			"onmoldrackTransform": {
				"translation": { "x": -0.04, "y": -0.19, "z": -0.03 },
				"rotation": { "x": 0, "y": -3, "z": 99 }
			}
		},
		"file": "game:itemtypes/resource/metalplate",
		"side": "Server"
	},
	{
		"op": "addmerge",
		"path": "/attributes",
		"value": {
			"moldrackable": true,
			"onmoldrackTransform": {
				"translation": { "x": 0, "y": -0.25, "z": 0 },
				"rotation": { "x": 90, "y": 0, "z": 90 }
			}
		},
		"file": "game:itemtypes/resource/cloth",
		"side": "Server"
	},
	{
		"op": "addmerge",
		"path": "/attributes",
		"value": {
			"moldrackable": true,
			"onmoldrackTransform": {
				"translation": { "x": 0, "y": -0.19, "z": 0 },
				"rotation": { "x": -45, "y": 0, "z": 90 }
			}
		},
		"file": "game:itemtypes/wearable/animal/blanket",
		"side": "Server"
	},
	{
		"op": "addmerge",
		"path": "/attributes",
		"value": {
			"moldrackable": true,
			"onmoldrackTransform": {
				"translation": { "x": 0.82, "y": -0.1, "z": 0 },
				"rotation": { "x": 0, "y": -1, "z": -83 }
			}
		},
		"file": "game:blocktypes/wood/pan",
		"side": "Server"
	},
	{
		"op": "addmerge",
		"path": "/attributes",
		"value": {
			"moldrackable": true,
			"onmoldrackTransform": {
				"translation": { "x": 0.13, "y": -0.13, "z": 0 },
				"rotation": { "x": 0, "y": 0, "z": 94 },
				"scale": 0.75
			}
		},
		"file": "game:blocktypes/wood/sieve",
		"side": "Server"
	},
	{
		"op": "addmerge",
		"path": "/attributes",
		"value": {
			"moldrackable": true,
			"onmoldrackTransform": {
				"translation": { "x": 0.86, "y": 0.11, "z": -0 },
				"rotation": { "x": 0, "y": 0, "z": -84 }
			}
		},
		"file": "game:blocktypes/wood/omoktabletop",
		"side": "Server"
	},
	{
		"op": "addmerge",
		"path": "/attributes",
		"value": {
			"moldrackable": true,
			"onmoldrackTransform": {
				"translation": { "x": 0.86, "y": 0.11, "z": -0 },
				"rotation": { "x": 0, "y": 0, "z": -84 }
			}
		},
		"file": "game:itemtypes/resource/sail",
		"side": "Server"
	},
	{
		"op": "addmerge",
		"path": "/attributes",
		"value": {
			"moldrackable": true,
			"onmoldrackTransform": {
				"translation": { "x": 0.75, "y": 0.02, "z": 0 },
				"rotation": { "x": 90, "y": 100, "z": -90 },
				"scale": 0.75
			}
		},
		"file": "game:blocktypes/wood/painting",
		"side": "Server"
	},
]