{
	"editor": {
		"backDropShape": "D:/VSModding/REPOS/vsWorkbench/Entitybackdrops/indicus-adult",
		"allAngles": false,
		"entityTextureMode": false
	},
	"textureWidth": 16,
	"textureHeight": 16,
	"textureSizes": {
		"blanket": [16,16]
	},
	"textures": {
		"blanket": "game:block/cloth/linen/green"
	},
	"elements": [
		{
			"name": "OriginBlanket",
			"stepParentName": "Belly",
			"from": [ 6.0, 4.0, 3.0 ],
			"to": [ 7.0, 5.0, 4.0 ],
			"rotationOrigin": [ 6.0, 4.0, 3.0 ],
			"faces": {
				"north": { "texture": "#blanket", "uv": [ 0.0, 0.0, 1.0, 1.0 ] },
				"east": { "texture": "#blanket", "uv": [ 0.0, 0.0, 1.0, 1.0 ] },
				"south": { "texture": "#blanket", "uv": [ 0.0, 0.0, 1.0, 1.0 ] },
				"west": { "texture": "#blanket", "uv": [ 0.0, 0.0, 1.0, 1.0 ] },
				"up": { "texture": "#blanket", "uv": [ 0.0, 0.0, 1.0, 1.0 ] },
				"down": { "texture": "#blanket", "uv": [ 0.0, 0.0, 1.0, 1.0 ] }
			},
			"children": [
				{
					"name": "Blanket",
					"from": [ -4.5, -1.5, -3.1 ],
					"to": [ 7.5, 5.0, 5.4 ],
					"rotationOrigin": [ -4.5, -1.5, -3.1 ],
					"faces": {
						"north": { "texture": "#blanket", "uv": [ 2.0, 6.5, 14.0, 13.0 ] },
						"east": { "texture": "#blanket", "uv": [ 5.0, 4.5, 13.5, 11.0 ] },
						"south": { "texture": "#blanket", "uv": [ 2.0, 6.0, 14.0, 12.5 ] },
						"west": { "texture": "#blanket", "uv": [ 3.0, 4.0, 11.5, 10.5 ] },
						"up": { "texture": "#blanket", "uv": [ 1.5, 4.0, 13.5, 13.0 ], "autoUv": false },
						"down": { "texture": "#blanket", "uv": [ 2.5, 4.5, 14.5, 13.0 ] }
					}
				},
				{
					"name": "Blanket2",
					"stepParentName": "Hind",
					"from": [ -0.1, 1.8, -0.1 ],
					"to": [ 1.9, 8.8, 9.0 ],
					"rotationOrigin": [ -0.1, 1.8, -0.1 ],
					"faces": {
						"north": { "texture": "#blanket", "uv": [ 7.0, 5.5, 9.0, 12.5 ] },
						"east": { "texture": "#blanket", "uv": [ 4.0, 11.0, 13.0, 11.5 ], "autoUv": false },
						"south": { "texture": "#blanket", "uv": [ 11.5, 5.5, 13.5, 12.5 ] },
						"west": { "texture": "#blanket", "uv": [ 3.5, 6.5, 12.5, 13.5 ] },
						"up": { "texture": "#blanket", "uv": [ 10.0, 4.5, 12.0, 14.0 ], "autoUv": false },
						"down": { "texture": "#blanket", "uv": [ 8.0, 3.0, 10.0, 12.0 ] }
					},
					"children": [
						{
							"name": "BlanketExtra",
							"from": [ 1.5, -0.6, -0.1 ],
							"to": [ 2.1, 7.1, 9.2 ],
							"rotationOrigin": [ 1.5, -0.6, -0.1 ],
							"faces": {
								"north": { "texture": "#blanket", "uv": [ 7.0, 5.5, 7.5, 13.0 ] },
								"east": { "texture": "#blanket", "uv": [ 3.5, 5.0, 12.5, 12.5 ] },
								"south": { "texture": "#blanket", "uv": [ 11.5, 5.5, 12.0, 13.0 ] },
								"west": { "texture": "#blanket", "uv": [ 3.5, 6.5, 12.5, 14.0 ] },
								"up": { "texture": "#blanket", "uv": [ 10.0, 4.5, 12.0, 14.0 ], "autoUv": false },
								"down": { "texture": "#blanket", "uv": [ 8.0, 3.0, 8.5, 12.0 ] }
							}
						},
						{
							"name": "BlanketExtra5",
							"from": [ 0.0, -0.5, 0.0 ],
							"to": [ 1.5, 0.0, 9.1 ],
							"rotationOrigin": [ 0.0, -0.5, 0.0 ],
							"faces": {
								"north": { "texture": "#blanket", "uv": [ 7.0, 5.5, 8.5, 6.0 ] },
								"east": { "texture": "#blanket", "uv": [ 3.5, 5.0, 12.5, 5.5 ] },
								"south": { "texture": "#blanket", "uv": [ 11.5, 5.5, 13.0, 6.0 ] },
								"west": { "texture": "#blanket", "uv": [ 3.5, 6.5, 12.5, 7.0 ] },
								"up": { "texture": "#blanket", "uv": [ 10.0, 4.5, 12.0, 14.0 ], "autoUv": false },
								"down": { "texture": "#blanket", "uv": [ 8.0, 3.0, 9.5, 12.0 ] }
							}
						}
					]
				},
				{
					"name": "Blanket3",
					"stepParentName": "Chest",
					"from": [ 1.0, 3.0, -0.1 ],
					"to": [ 6.0, 9.0, 9.0 ],
					"rotationOrigin": [ 1.0, 3.0, -0.1 ],
					"faces": {
						"north": { "texture": "#blanket", "uv": [ 7.0, 5.0, 12.0, 11.0 ] },
						"east": { "texture": "#blanket", "uv": [ 2.0, 5.5, 11.0, 11.5 ] },
						"south": { "texture": "#blanket", "uv": [ 5.0, 7.5, 10.0, 13.5 ] },
						"west": { "texture": "#blanket", "uv": [ 4.0, 5.5, 13.0, 6.0 ], "autoUv": false },
						"up": { "texture": "#blanket", "uv": [ 4.5, 4.0, 9.5, 13.0 ] },
						"down": { "texture": "#blanket", "uv": [ 5.5, 2.0, 10.5, 11.0 ] }
					},
					"children": [
						{
							"name": "BlanketExtra2",
							"from": [ -0.1, -0.6, -0.1 ],
							"to": [ 0.5, 6.1, 9.2 ],
							"rotationOrigin": [ -0.1, -0.6, -0.1 ],
							"faces": {
								"north": { "texture": "#blanket", "uv": [ 7.0, 5.0, 7.5, 11.5 ] },
								"east": { "texture": "#blanket", "uv": [ 2.0, 5.5, 11.0, 12.0 ] },
								"south": { "texture": "#blanket", "uv": [ 5.0, 7.5, 5.5, 14.0 ] },
								"west": { "texture": "#blanket", "uv": [ 4.0, 5.5, 13.0, 6.0 ], "autoUv": false },
								"up": { "texture": "#blanket", "uv": [ 4.5, 4.0, 5.0, 13.0 ] },
								"down": { "texture": "#blanket", "uv": [ 5.5, 2.0, 6.0, 11.0 ] }
							}
						},
						{
							"name": "BlanketExtra4",
							"from": [ 0.5, -0.5, 0.0 ],
							"to": [ 5.0, 0.0, 9.1 ],
							"rotationOrigin": [ 0.5, -0.5, 0.0 ],
							"faces": {
								"north": { "texture": "#blanket", "uv": [ 6.5, 5.0, 11.0, 5.5 ] },
								"east": { "texture": "#blanket", "uv": [ 2.0, 5.5, 11.0, 6.0 ] },
								"south": { "texture": "#blanket", "uv": [ 4.5, 7.5, 9.0, 8.0 ] },
								"west": { "texture": "#blanket", "uv": [ 4.0, 5.5, 13.0, 6.0 ], "autoUv": false },
								"up": { "texture": "#blanket", "uv": [ 4.5, 4.0, 9.0, 13.0 ] },
								"down": { "texture": "#blanket", "uv": [ 5.5, 2.0, 10.0, 11.0 ] }
							}
						}
					]
				},
				{
					"name": "Blanket4",
					"from": [ -5.5, -2.0, -3.1 ],
					"to": [ -4.5, 5.0, 5.4 ],
					"rotationOrigin": [ -5.5, -2.0, -3.1 ],
					"faces": {
						"north": { "texture": "#blanket", "uv": [ 7.5, 4.5, 8.5, 11.5 ] },
						"east": { "texture": "#blanket", "uv": [ 3.5, 3.5, 12.0, 10.5 ] },
						"south": { "texture": "#blanket", "uv": [ 7.0, 5.5, 8.0, 12.5 ] },
						"west": { "texture": "#blanket", "uv": [ 4.0, 9.0, 12.5, 9.5 ], "autoUv": false },
						"up": { "texture": "#blanket", "uv": [ 7.0, 2.5, 8.0, 11.5 ], "autoUv": false },
						"down": { "texture": "#blanket", "uv": [ 8.0, 3.5, 9.0, 12.0 ] }
					}
				},
				{
					"name": "BlanketExtra6",
					"from": [ -4.5, -2.0, -3.1 ],
					"to": [ 7.5, -1.5, 5.4 ],
					"rotationOrigin": [ -4.5, -2.0, -3.1 ],
					"faces": {
						"north": { "texture": "#blanket", "uv": [ 2.0, 6.5, 14.0, 7.0 ] },
						"east": { "texture": "#blanket", "uv": [ 5.0, 4.5, 13.5, 5.0 ] },
						"south": { "texture": "#blanket", "uv": [ 2.0, 6.0, 14.0, 6.5 ] },
						"west": { "texture": "#blanket", "uv": [ 3.0, 4.0, 11.5, 4.5 ] },
						"up": { "texture": "#blanket", "uv": [ 1.5, 4.0, 13.5, 13.0 ], "autoUv": false },
						"down": { "texture": "#blanket", "uv": [ 2.5, 4.5, 14.5, 13.0 ] }
					}
				}
			]
		}
	],
	"animations": [
	]
}