{
	"editor": {
		"backDropShape": "D:/VSModding/REPOS/vsWorkbench/Entitybackdrops/caledonius-adult",
		"allAngles": false,
		"entityTextureMode": false
	},
	"textureWidth": 16,
	"textureHeight": 16,
	"textureSizes": {
		"blanket": [16,16]
	},
	"textures": {		
	"blanketextra": "game:block/cloth/linen/green",
		"blanket": "game:block/cloth/linen/green"
	},
	"elements": [
		{
			"name": "OriginBlanket",
			"stepParentName": "Belly",
			"from": [ 6.615, 4.41, 3.22 ],
			"to": [ 7.7175, 5.5125, 4.3225 ],
			"rotationOrigin": [ 6.615, 4.41, 3.2175 ],
			"faces": {
				"north": { "texture": "#blanket", "uv": [ 0.0, 0.0, 1.0, 1.0 ], "autoUv": false },
				"east": { "texture": "#blanket", "uv": [ 0.0, 0.0, 1.0, 1.0 ], "autoUv": false },
				"south": { "texture": "#blanket", "uv": [ 0.0, 0.0, 1.0, 1.0 ], "autoUv": false },
				"west": { "texture": "#blanket", "uv": [ 0.0, 0.0, 1.0, 1.0 ], "autoUv": false },
				"up": { "texture": "#blanket", "uv": [ 0.0, 0.0, 1.0, 1.0 ], "autoUv": false },
				"down": { "texture": "#blanket", "uv": [ 0.0, 0.0, 1.0, 1.0 ], "autoUv": false }
			},
			"children": [
				{
					"name": "Blanket",
					"from": [ -4.9612, -1.7, -3.4177 ],
					"to": [ 8.2687, 5.5175, 5.9535 ],
					"rotationOrigin": [ -4.9612, -1.705, -3.4177 ],
					"faces": {
						"north": { "texture": "#blanket", "uv": [ 1.5, 8.0, 13.5, 15.0 ], "autoUv": false },
						"east": { "texture": "#blanket", "uv": [ 5.0, 4.5, 13.5, 11.5 ], "autoUv": false },
						"south": { "texture": "#blanket", "uv": [ 2.5, 6.0, 15.5, 13.0 ] },
						"west": { "texture": "#blanket", "uv": [ 3.0, 4.0, 11.5, 11.0 ], "autoUv": false },
						"up": { "texture": "#blanket", "uv": [ 2.0, 5.0, 14.0, 14.0 ], "autoUv": false },
						"down": { "texture": "#blanket", "uv": [ 2.5, 5.0, 14.5, 13.5 ], "autoUv": false }
					}
				},
				{
					"name": "Blanket2",
					"stepParentName": "Hind",
					"from": [ -0.1102, 1.93, -0.1102 ],
					"to": [ 2.0947, 9.6988, 9.9225 ],
					"rotationOrigin": [ -0.1102, 1.9332, -0.1102 ],
					"faces": {
						"north": { "texture": "#blanket", "uv": [ 7.5, 3.0, 9.5, 10.5 ], "windMode": [-1,-1,-1,-1], "windData": [1,1,1,1] },
						"east": { "texture": "#blanket", "uv": [ 3.5, 3.5, 13.5, 11.0 ], "windMode": [-1,-1,-1,-1], "windData": [1,1,1,1] },
						"south": { "texture": "#blanket", "uv": [ 10.0, 4.5, 12.0, 12.0 ], "windMode": [-1,-1,-1,-1], "windData": [1,1,1,1] },
						"west": { "texture": "#blanket", "uv": [ 3.5, 6.5, 13.5, 14.0 ], "windMode": [-1,-1,-1,-1], "windData": [1,1,1,1] },
						"up": { "texture": "#blanket", "uv": [ 9.5, 3.5, 11.5, 13.5 ], "windMode": [-1,-1,-1,-1], "windData": [1,1,1,1] },
						"down": { "texture": "#blanket", "uv": [ 6.5, 2.0, 8.5, 12.0 ], "windMode": [-1,-1,-1,-1], "windData": [1,1,1,1] }
					},
					"children": [
						{
							"name": "BlanketExtra",
							"from": [ 1.7, -0.6, -0.1 ],
							"to": [ 2.3049, 7.8688, 10.1327 ],
							"rotationOrigin": [ 1.7, -0.6, -0.1 ],
							"faces": {
								"north": { "texture": "#blanketextra", "uv": [ 7.0, 3.0, 7.5, 11.0 ], "windMode": [-1,-1,-1,-1], "windData": [1,1,1,1] },
								"east": { "texture": "#blanketextra", "uv": [ 3.5, 3.5, 13.5, 11.5 ], "windMode": [-1,-1,-1,-1], "windData": [1,1,1,1] },
								"south": { "texture": "#blanketextra", "uv": [ 9.5, 4.5, 10.0, 12.5 ], "windMode": [-1,-1,-1,-1], "windData": [1,1,1,1] },
								"west": { "texture": "#blanketextra", "uv": [ 3.5, 6.5, 13.5, 14.5 ], "windMode": [-1,-1,-1,-1], "windData": [1,1,1,1] },
								"up": { "texture": "#blanketextra", "uv": [ 9.0, 3.5, 9.5, 13.5 ], "windMode": [-1,-1,-1,-1], "windData": [1,1,1,1] },
								"down": { "texture": "#blanketextra", "uv": [ 6.0, 2.0, 6.5, 12.0 ], "windMode": [-1,-1,-1,-1], "windData": [1,1,1,1] }
							}
						},
						{
							"name": "BlanketExtra4",
							"from": [ 0.0, -0.5, 0.0 ],
							"to": [ 1.7049, 0.0, 10.0327 ],
							"rotationOrigin": [ 0.0, -0.5, 0.0 ],
							"faces": {
								"north": { "texture": "#blanketextra", "uv": [ 7.0, 3.0, 8.5, 3.5 ], "windMode": [-1,-1,-1,-1], "windData": [1,1,1,1] },
								"east": { "texture": "#blanketextra", "uv": [ 3.5, 3.5, 13.5, 4.0 ], "windMode": [-1,-1,-1,-1], "windData": [1,1,1,1] },
								"south": { "texture": "#blanketextra", "uv": [ 9.5, 4.5, 11.0, 5.0 ], "windMode": [-1,-1,-1,-1], "windData": [1,1,1,1] },
								"west": { "texture": "#blanketextra", "uv": [ 3.5, 6.5, 13.5, 7.0 ], "windMode": [-1,-1,-1,-1], "windData": [1,1,1,1] },
								"up": { "texture": "#blanketextra", "uv": [ 9.0, 3.5, 10.5, 13.5 ], "windMode": [-1,-1,-1,-1], "windData": [1,1,1,1] },
								"down": { "texture": "#blanketextra", "uv": [ 6.0, 2.0, 7.5, 12.0 ], "windMode": [-1,-1,-1,-1], "windData": [1,1,1,1] }
							}
						}
					]
				},
				{
					"name": "Blanket3",
					"stepParentName": "Chest",
					"from": [ 1.1025, 3.26, -0.1102 ],
					"to": [ 6.615, 9.9263, 9.9225 ],
					"rotationOrigin": [ 1.1025, 3.2562, -0.1102 ],
					"faces": {
						"north": { "texture": "#blanket", "uv": [ 7.0, 7.5, 12.5, 14.0 ], "windMode": [-1,-1,-1,-1], "windData": [1,1,1,1] },
						"east": { "texture": "#blanket", "uv": [ 4.0, 5.0, 14.0, 11.5 ], "windMode": [-1,-1,-1,-1], "windData": [1,1,1,1] },
						"south": { "texture": "#blanket", "uv": [ 4.0, 5.0, 9.5, 11.5 ], "windMode": [-1,-1,-1,-1], "windData": [1,1,1,1] },
						"west": { "texture": "#blanket", "uv": [ 4.0, 5.0, 14.0, 11.5 ], "windMode": [-1,-1,-1,-1], "windData": [1,1,1,1] },
						"up": { "texture": "#blanket", "uv": [ 5.0, 4.0, 10.5, 14.0 ], "windMode": [-1,-1,-1,-1], "windData": [1,1,1,1] },
						"down": { "texture": "#blanket", "uv": [ 4.0, 3.0, 9.5, 13.0 ], "windMode": [-1,-1,-1,-1], "windData": [1,1,1,1] }
					},
					"children": [
						{
							"name": "BlanketExtra2",
							"from": [ -0.1, -0.6, -0.1 ],
							"to": [ 0.5, 6.7663, 10.1327 ],
							"rotationOrigin": [ -0.1, -0.6, -0.1 ],
							"faces": {
								"north": { "texture": "#blanketextra", "uv": [ 7.0, 7.5, 7.5, 14.5 ], "windMode": [-1,-1,-1,-1], "windData": [1,1,1,1] },
								"east": { "texture": "#blanketextra", "uv": [ 4.0, 5.0, 14.0, 12.0 ], "windMode": [-1,-1,-1,-1], "windData": [1,1,1,1] },
								"south": { "texture": "#blanketextra", "uv": [ 4.0, 5.0, 4.5, 12.0 ], "windMode": [-1,-1,-1,-1], "windData": [1,1,1,1] },
								"west": { "texture": "#blanketextra", "uv": [ 4.0, 5.0, 14.0, 12.0 ], "windMode": [-1,-1,-1,-1], "windData": [1,1,1,1] },
								"up": { "texture": "#blanketextra", "uv": [ 5.0, 4.0, 5.5, 14.0 ], "windMode": [-1,-1,-1,-1], "windData": [1,1,1,1] },
								"down": { "texture": "#blanketextra", "uv": [ 4.0, 3.0, 4.5, 13.0 ], "windMode": [-1,-1,-1,-1], "windData": [1,1,1,1] }
							}
						},
						{
							"name": "BlanketExtra3",
							"from": [ 0.4, -0.56, 0.0 ],
							"to": [ 5.5, 0.0063, 10.0327 ],
							"rotationOrigin": [ 0.4, -0.5, 0.0 ],
							"faces": {
								"north": { "texture": "#blanketextra", "uv": [ 7.0, 7.5, 12.0, 8.0 ], "windMode": [-1,-1,-1,-1], "windData": [1,1,1,1] },
								"east": { "texture": "#blanketextra", "uv": [ 4.0, 5.0, 14.0, 5.5 ], "windMode": [-1,-1,-1,-1], "windData": [1,1,1,1] },
								"south": { "texture": "#blanketextra", "uv": [ 4.0, 5.0, 9.0, 5.5 ], "windMode": [-1,-1,-1,-1], "windData": [1,1,1,1] },
								"west": { "texture": "#blanketextra", "uv": [ 4.0, 5.0, 14.0, 5.5 ], "windMode": [-1,-1,-1,-1], "windData": [1,1,1,1] },
								"up": { "texture": "#blanketextra", "uv": [ 5.0, 4.0, 10.0, 14.0 ], "windMode": [-1,-1,-1,-1], "windData": [1,1,1,1] },
								"down": { "texture": "#blanketextra", "uv": [ 4.0, 3.0, 9.0, 13.0 ], "windMode": [-1,-1,-1,-1], "windData": [1,1,1,1] }
							}
						},
						{
							"name": "Blanket5",
							"from": [ 0.1, 4.3, 1.8 ],
							"to": [ 5.6125, 7.2663, 8.2327 ],
							"rotationOrigin": [ 0.1, 4.3, 1.8 ],
							"rotationZ": 2.0,
							"faces": {
								"north": { "texture": "#blanket", "uv": [ 7.0, 7.5, 12.5, 10.0 ], "windMode": [-1,-1,-1,-1], "windData": [1,1,1,1] },
								"east": { "texture": "#blanket", "uv": [ 4.0, 5.0, 10.0, 7.5 ], "windMode": [-1,-1,-1,-1], "windData": [1,1,1,1] },
								"south": { "texture": "#blanket", "uv": [ 4.0, 5.0, 9.5, 7.5 ], "windMode": [-1,-1,-1,-1], "windData": [1,1,1,1] },
								"west": { "texture": "#blanket", "uv": [ 4.0, 5.0, 10.0, 7.5 ], "windMode": [-1,-1,-1,-1], "windData": [1,1,1,1] },
								"up": { "texture": "#blanket", "uv": [ 5.0, 4.0, 10.5, 10.0 ], "windMode": [-1,-1,-1,-1], "windData": [1,1,1,1] },
								"down": { "texture": "#blanket", "uv": [ 4.0, 3.0, 9.5, 9.0 ], "windMode": [-1,-1,-1,-1], "windData": [1,1,1,1] }
							},
							"children": [
								{
									"name": "BlanketExtra6",
									"from": [ -0.1, -0.6, -0.1 ],
									"to": [ 0.5, 3.0663, 6.5327 ],
									"rotationOrigin": [ -0.1, -0.6, -0.1 ],
									"faces": {
										"north": { "texture": "#blanketextra", "uv": [ 7.0, 7.5, 7.5, 11.0 ], "windMode": [-1,-1,-1,-1], "windData": [1,1,1,1] },
										"east": { "texture": "#blanketextra", "uv": [ 4.0, 5.0, 10.5, 8.5 ], "windMode": [-1,-1,-1,-1], "windData": [1,1,1,1] },
										"south": { "texture": "#blanketextra", "uv": [ 4.0, 5.0, 4.5, 8.5 ], "windMode": [-1,-1,-1,-1], "windData": [1,1,1,1] },
										"west": { "texture": "#blanketextra", "uv": [ 4.0, 5.0, 10.5, 8.5 ], "windMode": [-1,-1,-1,-1], "windData": [1,1,1,1] },
										"up": { "texture": "#blanketextra", "uv": [ 5.0, 4.0, 5.5, 10.5 ], "windMode": [-1,-1,-1,-1], "windData": [1,1,1,1] },
										"down": { "texture": "#blanketextra", "uv": [ 4.0, 3.0, 4.5, 9.5 ], "windMode": [-1,-1,-1,-1], "windData": [1,1,1,1] }
									}
								}
							]
						}
					]
				},
				{
					"name": "Blanket4",
					"from": [ -6.0637, -2.205, -3.4177 ],
					"to": [ -4.9612, 5.5125, 5.9535 ],
					"rotationOrigin": [ -6.0637, -2.205, -3.4177 ],
					"faces": {
						"north": { "texture": "#blanket", "uv": [ 14.0, 16.5, 15.0, 23.5 ], "autoUv": false },
						"east": { "texture": "#blanket", "uv": [ 5.0, 4.5, 13.5, 11.5 ], "autoUv": false },
						"south": { "texture": "#blanket", "uv": [ 1.0, 16.5, 2.0, 23.5 ], "autoUv": false },
						"west": { "texture": "#blanket", "uv": [ 4.0, 0.5, 12.5, 1.0 ], "autoUv": false },
						"up": { "texture": "#blanket", "uv": [ 1.0, 7.5, 2.0, 16.5 ], "autoUv": false },
						"down": { "texture": "#blanket", "uv": [ 2.5, 5.0, 3.5, 13.5 ], "autoUv": false }
					}
				},
				{
					"name": "BlanketExtra5",
					"from": [ -4.9612, -2.21, -3.4177 ],
					"to": [ 8.2687, -1.71, 5.9535 ],
					"rotationOrigin": [ -4.9612, -2.205, -3.4177 ],
					"faces": {
						"north": { "texture": "#blanketextra", "uv": [ 1.5, 8.0, 13.5, 15.0 ], "autoUv": false },
						"east": { "texture": "#blanketextra", "uv": [ 5.0, 4.5, 13.5, 11.5 ], "autoUv": false },
						"south": { "texture": "#blanketextra", "uv": [ 2.5, 6.0, 15.5, 6.5 ] },
						"west": { "texture": "#blanketextra", "uv": [ 3.0, 4.0, 11.5, 11.0 ], "autoUv": false },
						"up": { "texture": "#blanketextra", "uv": [ 2.0, 5.0, 14.0, 14.0 ], "autoUv": false },
						"down": { "texture": "#blanketextra", "uv": [ 2.5, 5.0, 14.5, 13.5 ], "autoUv": false }
					}
				}
			]
		}
	],
	"animations": [
	]
}