{
	"editor": {
		"allAngles": false,
		"entityTextureMode": false
	},
	"textureWidth": 16,
	"textureHeight": 16,
	"textureSizes": {
		"blanket": [16,16]
	},
	"textures": {
		"blanket": "game:block/cloth/linen/green"
	},
	"elements": [
		{
			"name": "OriginBlanket",
			"from": [ 8.0, 0.2, 7.2 ],
			"to": [ 10.0, 0.2, 9.2 ],
			"rotationOrigin": [ 8.0, 0.2, 7.2 ],
			"faces": {
				"north": { "texture": "#blanket", "uv": [ 0.0, 0.0, 2.0, 0.5 ] },
				"east": { "texture": "#blanket", "uv": [ 0.0, 0.0, 2.0, 0.5 ] },
				"south": { "texture": "#blanket", "uv": [ 0.0, 0.0, 2.0, 0.5 ] },
				"west": { "texture": "#blanket", "uv": [ 0.0, 0.0, 2.0, 0.5 ] },
				"up": { "texture": "#blanket", "uv": [ 0.0, 0.0, 2.0, 2.0 ] },
				"down": { "texture": "#blanket", "uv": [ 0.0, 0.0, 2.0, 2.0 ] }
			},
			"children": [
				{
					"name": "Blanket",
					"from": [ -7.0, -0.2, -2.2 ],
					"to": [ 7.0, 0.2, 3.8 ],
					"rotationOrigin": [ -7.0, -0.2, -2.2 ],
					"faces": {
						"north": { "texture": "#blanket", "uv": [ 2.0, 6.5, 16.0, 7.0 ], "windMode": [-1,-1,-1,-1] },
						"east": { "texture": "#blanket", "uv": [ 5.0, 4.5, 11.0, 5.0 ], "windMode": [-1,-1,-1,-1] },
						"south": { "texture": "#blanket", "uv": [ 2.0, 6.0, 16.0, 6.5 ], "windMode": [-1,-1,-1,-1] },
						"west": { "texture": "#blanket", "uv": [ 3.0, 4.0, 9.0, 4.5 ], "windMode": [-1,-1,-1,-1] },
						"up": { "texture": "#blanket", "uv": [ 1.0, 4.0, 15.0, 10.0 ], "windMode": [-1,-1,-1,-1] },
						"down": { "texture": "#blanket", "uv": [ 2.0, 4.5, 16.0, 10.5 ], "windMode": [-1,-1,-1,-1] }
					}
				},
				{
					"name": "Blanket2",
					"from": [ -7.0, 0.2, -2.26 ],
					"to": [ 7.0, 0.6, 3.94 ],
					"rotationOrigin": [ -7.0, 0.2, -2.2 ],
					"rotationX": -1.5,
					"faces": {
						"north": { "texture": "#blanket", "uv": [ 2.0, 6.5, 16.0, 7.0 ], "windMode": [-1,-1,-1,-1] },
						"east": { "texture": "#blanket", "uv": [ 5.0, 4.5, 11.0, 5.0 ], "windMode": [-1,-1,-1,-1] },
						"south": { "texture": "#blanket", "uv": [ 2.0, 6.0, 16.0, 6.5 ], "windMode": [-1,-1,-1,-1] },
						"west": { "texture": "#blanket", "uv": [ 3.0, 4.0, 9.0, 4.5 ], "windMode": [-1,-1,-1,-1] },
						"up": { "texture": "#blanket", "uv": [ 1.5, 4.0, 15.5, 10.0 ], "windMode": [-1,-1,-1,-1] },
						"down": { "texture": "#blanket", "uv": [ 1.5, 4.5, 15.5, 10.5 ], "windMode": [-1,-1,-1,-1] }
					},
					"children": [
						{
							"name": "Blanket6",
							"from": [ 14.0, 0.0, 0.0 ],
							"to": [ 28.0, 0.4, 0.6 ],
							"rotationOrigin": [ 14.0, 0.0, 0.0 ],
							"rotationX": -133.5,
							"rotationY": 0.0,
							"rotationZ": 180.0,
							"faces": {
								"north": { "texture": "#blanket", "uv": [ 2.0, 6.5, 16.0, 7.0 ], "windMode": [-1,-1,-1,-1] },
								"east": { "texture": "#blanket", "uv": [ 5.0, 4.5, 5.5, 5.0 ], "windMode": [-1,-1,-1,-1] },
								"south": { "texture": "#blanket", "uv": [ 2.0, 6.0, 16.0, 6.5 ], "windMode": [-1,-1,-1,-1] },
								"west": { "texture": "#blanket", "uv": [ 3.0, 4.0, 3.5, 4.5 ], "windMode": [-1,-1,-1,-1] },
								"up": { "texture": "#blanket", "uv": [ 1.5, 4.0, 15.5, 4.5 ], "windMode": [-1,-1,-1,-1] },
								"down": { "texture": "#blanket", "uv": [ 1.5, 5.0, 15.5, 5.5 ], "windMode": [-1,-1,-1,-1] }
							},
							"children": [
								{
									"name": "Blanket7",
									"from": [ -0.04, 0.0, 0.8 ],
									"to": [ 13.96, 0.4, 1.6 ],
									"rotationOrigin": [ -0.2, 0.0, 0.8 ],
									"rotationX": -90.0,
									"faces": {
										"north": { "texture": "#blanket", "uv": [ 2.0, 6.5, 16.0, 7.0 ], "windMode": [-1,-1,-1,-1] },
										"east": { "texture": "#blanket", "uv": [ 5.0, 4.5, 5.5, 5.0 ], "windMode": [-1,-1,-1,-1] },
										"south": { "texture": "#blanket", "uv": [ 2.0, 6.0, 16.0, 6.5 ], "windMode": [-1,-1,-1,-1] },
										"west": { "texture": "#blanket", "uv": [ 3.0, 4.0, 3.5, 4.5 ], "windMode": [-1,-1,-1,-1] },
										"up": { "texture": "#blanket", "uv": [ 1.5, 4.0, 15.5, 4.5 ], "windMode": [-1,-1,-1,-1] },
										"down": { "texture": "#blanket", "uv": [ 1.5, 5.0, 15.5, 5.5 ], "windMode": [-1,-1,-1,-1] }
									},
									"children": [
										{
											"name": "Blanket3",
											"from": [ 14.38, -0.4, 0.8 ],
											"to": [ 28.38, 0.0, 6.8 ],
											"rotationOrigin": [ 14.2, 0.0, 0.8 ],
											"rotationX": -45.9,
											"rotationY": 0.0,
											"rotationZ": 180.0,
											"faces": {
												"north": { "texture": "#blanket", "uv": [ 2.0, 6.5, 16.0, 7.0 ], "windMode": [-1,-1,-1,-1] },
												"east": { "texture": "#blanket", "uv": [ 5.0, 4.5, 11.0, 5.0 ], "windMode": [-1,-1,-1,-1] },
												"south": { "texture": "#blanket", "uv": [ 2.0, 6.0, 16.0, 6.5 ], "windMode": [-1,-1,-1,-1] },
												"west": { "texture": "#blanket", "uv": [ 3.0, 4.0, 9.0, 4.5 ], "windMode": [-1,-1,-1,-1] },
												"up": { "texture": "#blanket", "uv": [ 1.5, 4.0, 15.5, 10.0 ], "windMode": [-1,-1,-1,-1] },
												"down": { "texture": "#blanket", "uv": [ 1.5, 4.5, 15.5, 10.5 ], "windMode": [-1,-1,-1,-1] }
											}
										}
									]
								}
							]
						}
					]
				},
				{
					"name": "Blanket4",
					"from": [ -6.98, -0.2, 3.8 ],
					"to": [ 7.02, 0.2, 4.4 ],
					"rotationOrigin": [ -6.8, -0.2, 3.8 ],
					"rotationX": -45.0,
					"faces": {
						"north": { "texture": "#blanket", "uv": [ 2.0, 6.5, 16.0, 7.0 ], "windMode": [-1,-1,-1,-1] },
						"east": { "texture": "#blanket", "uv": [ 5.0, 4.5, 5.5, 5.0 ], "windMode": [-1,-1,-1,-1] },
						"south": { "texture": "#blanket", "uv": [ 2.0, 6.0, 16.0, 6.5 ], "windMode": [-1,-1,-1,-1] },
						"west": { "texture": "#blanket", "uv": [ 3.0, 4.0, 3.5, 4.5 ], "windMode": [-1,-1,-1,-1] },
						"up": { "texture": "#blanket", "uv": [ 1.5, 4.0, 15.5, 4.5 ], "windMode": [-1,-1,-1,-1] },
						"down": { "texture": "#blanket", "uv": [ 2.0, 4.5, 16.0, 5.0 ], "windMode": [-1,-1,-1,-1] }
					},
					"children": [
						{
							"name": "Blanket5",
							"from": [ -0.04, 0.0, 0.8 ],
							"to": [ 13.96, 0.4, 1.4 ],
							"rotationOrigin": [ -0.2, 0.0, 0.8 ],
							"rotationX": -90.0,
							"faces": {
								"north": { "texture": "#blanket", "uv": [ 2.0, 6.5, 16.0, 7.0 ], "windMode": [-1,-1,-1,-1] },
								"east": { "texture": "#blanket", "uv": [ 5.0, 4.5, 5.5, 5.0 ], "windMode": [-1,-1,-1,-1] },
								"south": { "texture": "#blanket", "uv": [ 2.0, 6.0, 16.0, 6.5 ], "windMode": [-1,-1,-1,-1] },
								"west": { "texture": "#blanket", "uv": [ 3.0, 4.0, 3.5, 4.5 ], "windMode": [-1,-1,-1,-1] },
								"up": { "texture": "#blanket", "uv": [ 1.5, 4.0, 15.5, 4.5 ], "windMode": [-1,-1,-1,-1] },
								"down": { "texture": "#blanket", "uv": [ 1.5, 4.5, 15.5, 5.0 ], "windMode": [-1,-1,-1,-1] }
							}
						}
					]
				}
			]
		}
	]}