{
	"editor": {
		"allAngles": false,
		"entityTextureMode": false
	},
	"textureWidth": 16,
	"textureHeight": 16,
	"textureSizes": {
		"blanket": [16,16],
		"blanketextra": [16,16]
	},
	"textures": {
		"blanket": "game:block/cloth/linen/green"
	},
	"elements": [
		{
			"name": "OriginBlanket",
			"from": [ 8.0, 0.2, 7.2 ],
			"to": [ 10.0, 0.2, 9.2 ],
			"rotationOrigin": [ 8.0, 0.2, 7.2 ],
			"faces": {
				"north": { "texture": "#blanket", "uv": [ 0.0, 0.0, 2.0, 0.5 ] },
				"east": { "texture": "#blanket", "uv": [ 0.0, 0.0, 2.0, 0.5 ] },
				"south": { "texture": "#blanket", "uv": [ 0.0, 0.0, 2.0, 0.5 ] },
				"west": { "texture": "#blanket", "uv": [ 0.0, 0.0, 2.0, 0.5 ] },
				"up": { "texture": "#blanket", "uv": [ 0.0, 0.0, 2.0, 2.0 ] },
				"down": { "texture": "#blanket", "uv": [ 0.0, 0.0, 2.0, 2.0 ] }
			},
			"children": [
				{
					"name": "Blanket",
					"from": [ -6.0, -0.2, -2.2 ],
					"to": [ 6.0, 0.2, 3.8 ],
					"rotationOrigin": [ -6.0, -0.2, -2.2 ],
					"faces": {
						"north": { "texture": "#blanket", "uv": [ 2.0, 6.5, 14.0, 7.0 ], "windMode": [-1,-1,-1,-1] },
						"east": { "texture": "#blanket", "uv": [ 5.0, 4.5, 11.0, 5.0 ], "windMode": [-1,-1,-1,-1] },
						"south": { "texture": "#blanket", "uv": [ 2.0, 6.0, 14.0, 6.5 ], "windMode": [-1,-1,-1,-1] },
						"west": { "texture": "#blanket", "uv": [ 3.0, 4.0, 9.0, 4.5 ], "windMode": [-1,-1,-1,-1] },
						"up": { "texture": "#blanket", "uv": [ 1.0, 4.0, 13.0, 10.0 ], "windMode": [-1,-1,-1,-1] },
						"down": { "texture": "#blanket", "uv": [ 2.0, 4.5, 14.0, 10.5 ], "windMode": [-1,-1,-1,-1] }
					},
					"children": [
						{
							"name": "Blanket2",
							"from": [ 0.0, 0.4, -0.06 ],
							"to": [ 12.0, 0.8, 6.14 ],
							"rotationOrigin": [ 0.0, 0.4, 0.0 ],
							"rotationX": -1.5,
							"faces": {
								"north": { "texture": "#blanket", "uv": [ 2.0, 6.5, 14.0, 7.0 ], "windMode": [-1,-1,-1,-1] },
								"east": { "texture": "#blanket", "uv": [ 5.0, 4.5, 11.0, 5.0 ], "windMode": [-1,-1,-1,-1] },
								"south": { "texture": "#blanket", "uv": [ 2.0, 6.0, 14.0, 6.5 ], "windMode": [-1,-1,-1,-1] },
								"west": { "texture": "#blanket", "uv": [ 3.0, 4.0, 9.0, 4.5 ], "windMode": [-1,-1,-1,-1] },
								"up": { "texture": "#blanket", "uv": [ 1.5, 4.0, 13.5, 10.0 ], "windMode": [-1,-1,-1,-1] },
								"down": { "texture": "#blanket", "uv": [ 1.5, 4.5, 13.5, 10.5 ], "windMode": [-1,-1,-1,-1] }
							},
							"children": [
								{
									"name": "Blanket6",
									"from": [ 12.0, 0.0, 0.0 ],
									"to": [ 24.0, 0.4, 0.6 ],
									"rotationOrigin": [ 12.0, 0.0, 0.0 ],
									"rotationX": -133.5,
									"rotationZ": 180.0,
									"faces": {
										"north": { "texture": "#blanket", "uv": [ 2.0, 6.5, 14.0, 7.0 ], "windMode": [-1,-1,-1,-1] },
										"east": { "texture": "#blanket", "uv": [ 5.0, 4.5, 5.5, 5.0 ], "windMode": [-1,-1,-1,-1] },
										"south": { "texture": "#blanket", "uv": [ 2.0, 6.0, 14.0, 6.5 ], "windMode": [-1,-1,-1,-1] },
										"west": { "texture": "#blanket", "uv": [ 3.0, 4.0, 3.5, 4.5 ], "windMode": [-1,-1,-1,-1] },
										"up": { "texture": "#blanket", "uv": [ 1.5, 4.0, 13.5, 4.5 ], "windMode": [-1,-1,-1,-1] },
										"down": { "texture": "#blanket", "uv": [ 1.5, 5.0, 13.5, 5.5 ], "windMode": [-1,-1,-1,-1] }
									},
									"children": [
										{
											"name": "Blanket7",
											"from": [ -0.04, 0.0, 0.8 ],
											"to": [ 11.96, 0.4, 1.6 ],
											"rotationOrigin": [ -0.2, 0.0, 0.8 ],
											"rotationX": -90.0,
											"faces": {
												"north": { "texture": "#blanket", "uv": [ 2.0, 6.5, 14.0, 7.0 ], "windMode": [-1,-1,-1,-1] },
												"east": { "texture": "#blanket", "uv": [ 5.0, 4.5, 5.5, 5.0 ], "windMode": [-1,-1,-1,-1] },
												"south": { "texture": "#blanket", "uv": [ 2.0, 6.0, 14.0, 6.5 ], "windMode": [-1,-1,-1,-1] },
												"west": { "texture": "#blanket", "uv": [ 3.0, 4.0, 3.5, 4.5 ], "windMode": [-1,-1,-1,-1] },
												"up": { "texture": "#blanket", "uv": [ 1.5, 4.0, 13.5, 4.5 ], "windMode": [-1,-1,-1,-1] },
												"down": { "texture": "#blanket", "uv": [ 1.5, 5.0, 13.5, 5.5 ], "windMode": [-1,-1,-1,-1] }
											}
										}
									]
								},
								{
									"name": "Blanket3",
									"from": [ 0.02, 0.731, 0.0296 ],
									"to": [ 12.02, 1.131, 6.0296 ],
									"rotationOrigin": [ -0.16, 1.131, 0.0296 ],
									"rotationX": 2.4,
									"rotationY": 0.0,
									"rotationZ": 0.0,
									"faces": {
										"north": { "texture": "#blanket", "uv": [ 2.0, 6.5, 14.0, 7.0 ], "windMode": [-1,-1,-1,-1] },
										"east": { "texture": "#blanket", "uv": [ 5.0, 4.5, 11.0, 5.0 ], "windMode": [-1,-1,-1,-1] },
										"south": { "texture": "#blanket", "uv": [ 2.0, 6.0, 14.0, 6.5 ], "windMode": [-1,-1,-1,-1] },
										"west": { "texture": "#blanket", "uv": [ 3.0, 4.0, 9.0, 4.5 ], "windMode": [-1,-1,-1,-1] },
										"up": { "texture": "#blanket", "uv": [ 1.5, 4.0, 13.5, 10.0 ], "windMode": [-1,-1,-1,-1] },
										"down": { "texture": "#blanket", "uv": [ 1.5, 4.5, 13.5, 10.5 ], "windMode": [-1,-1,-1,-1] }
									}
								}
							]
						},
						{
							"name": "Blanket4",
							"from": [ 0.02, 0.0, 6.0 ],
							"to": [ 12.02, 0.4, 6.6 ],
							"rotationOrigin": [ 0.2, 0.0, 6.0 ],
							"rotationX": -45.0,
							"faces": {
								"north": { "texture": "#blanket", "uv": [ 2.0, 6.5, 14.0, 7.0 ], "windMode": [-1,-1,-1,-1] },
								"east": { "texture": "#blanket", "uv": [ 5.0, 4.5, 5.5, 5.0 ], "windMode": [-1,-1,-1,-1] },
								"south": { "texture": "#blanket", "uv": [ 2.0, 6.0, 14.0, 6.5 ], "windMode": [-1,-1,-1,-1] },
								"west": { "texture": "#blanket", "uv": [ 3.0, 4.0, 3.5, 4.5 ], "windMode": [-1,-1,-1,-1] },
								"up": { "texture": "#blanket", "uv": [ 1.5, 4.0, 13.5, 4.5 ], "windMode": [-1,-1,-1,-1] },
								"down": { "texture": "#blanket", "uv": [ 2.0, 4.5, 14.0, 5.0 ], "windMode": [-1,-1,-1,-1] }
							},
							"children": [
								{
									"name": "Blanket5",
									"from": [ -0.04, 0.0, 0.8 ],
									"to": [ 11.96, 0.4, 1.4 ],
									"rotationOrigin": [ -0.2, 0.0, 0.8 ],
									"rotationX": -90.0,
									"faces": {
										"north": { "texture": "#blanket", "uv": [ 2.0, 6.5, 14.0, 7.0 ], "windMode": [-1,-1,-1,-1] },
										"east": { "texture": "#blanket", "uv": [ 5.0, 4.5, 5.5, 5.0 ], "windMode": [-1,-1,-1,-1] },
										"south": { "texture": "#blanket", "uv": [ 2.0, 6.0, 14.0, 6.5 ], "windMode": [-1,-1,-1,-1] },
										"west": { "texture": "#blanket", "uv": [ 3.0, 4.0, 3.5, 4.5 ], "windMode": [-1,-1,-1,-1] },
										"up": { "texture": "#blanket", "uv": [ 1.5, 4.0, 13.5, 4.5 ], "windMode": [-1,-1,-1,-1] },
										"down": { "texture": "#blanket", "uv": [ 1.5, 4.5, 13.5, 5.0 ], "windMode": [-1,-1,-1,-1] }
									}
								}
							]
						}
					]
				},
				{
					"name": "Blanket8",
					"from": [ -7.0, -0.2, -2.2 ],
					"to": [ -6.0, 0.2, 3.8 ],
					"rotationOrigin": [ -7.0, -0.2, -2.2 ],
					"faces": {
						"north": { "texture": "#blanketextra", "uv": [ 2.0, 6.5, 3.0, 7.0 ], "windMode": [-1,-1,-1,-1] },
						"east": { "texture": "#blanketextra", "uv": [ 5.0, 4.5, 11.0, 5.0 ], "windMode": [-1,-1,-1,-1] },
						"south": { "texture": "#blanketextra", "uv": [ 2.0, 6.0, 3.0, 6.5 ], "windMode": [-1,-1,-1,-1] },
						"west": { "texture": "#blanketextra", "uv": [ 3.0, 4.0, 9.0, 4.5 ], "windMode": [-1,-1,-1,-1] },
						"up": { "texture": "#blanketextra", "uv": [ 1.0, 4.0, 2.0, 10.0 ], "windMode": [-1,-1,-1,-1] },
						"down": { "texture": "#blanketextra", "uv": [ 2.0, 4.5, 3.0, 10.5 ], "windMode": [-1,-1,-1,-1] }
					},
					"children": [
						{
							"name": "Blanket9",
							"from": [ 0.0, 0.4, -0.06 ],
							"to": [ 1.0, 0.8, 6.14 ],
							"rotationOrigin": [ 0.0, 0.4, 0.0 ],
							"rotationX": -1.5,
							"faces": {
								"north": { "texture": "#blanketextra", "uv": [ 2.0, 6.5, 3.0, 7.0 ], "windMode": [-1,-1,-1,-1] },
								"east": { "texture": "#blanketextra", "uv": [ 5.0, 4.5, 11.0, 5.0 ], "windMode": [-1,-1,-1,-1] },
								"south": { "texture": "#blanketextra", "uv": [ 2.0, 6.0, 3.0, 6.5 ], "windMode": [-1,-1,-1,-1] },
								"west": { "texture": "#blanketextra", "uv": [ 3.0, 4.0, 9.0, 4.5 ], "windMode": [-1,-1,-1,-1] },
								"up": { "texture": "#blanketextra", "uv": [ 1.5, 4.0, 2.5, 10.0 ], "windMode": [-1,-1,-1,-1] },
								"down": { "texture": "#blanketextra", "uv": [ 1.5, 4.5, 2.5, 10.5 ], "windMode": [-1,-1,-1,-1] }
							},
							"children": [
								{
									"name": "Blanket10",
									"from": [ 1.0, 0.0, 0.0 ],
									"to": [ 2.0, 0.4, 0.6 ],
									"rotationOrigin": [ 1.0, 0.0, 0.0 ],
									"rotationX": -133.5,
									"rotationZ": 180.0,
									"faces": {
										"north": { "texture": "#blanketextra", "uv": [ 2.0, 6.5, 3.0, 7.0 ], "windMode": [-1,-1,-1,-1] },
										"east": { "texture": "#blanketextra", "uv": [ 5.0, 4.5, 5.5, 5.0 ], "windMode": [-1,-1,-1,-1] },
										"south": { "texture": "#blanketextra", "uv": [ 2.0, 6.0, 3.0, 6.5 ], "windMode": [-1,-1,-1,-1] },
										"west": { "texture": "#blanketextra", "uv": [ 3.0, 4.0, 3.5, 4.5 ], "windMode": [-1,-1,-1,-1] },
										"up": { "texture": "#blanketextra", "uv": [ 1.5, 4.0, 2.5, 4.5 ], "windMode": [-1,-1,-1,-1] },
										"down": { "texture": "#blanketextra", "uv": [ 1.5, 5.0, 2.5, 5.5 ], "windMode": [-1,-1,-1,-1] }
									},
									"children": [
										{
											"name": "Blanket11",
											"from": [ -0.04, 0.0, 0.8 ],
											"to": [ 0.96, 0.4, 1.6 ],
											"rotationOrigin": [ -0.2, 0.0, 0.8 ],
											"rotationX": -90.0,
											"faces": {
												"north": { "texture": "#blanketextra", "uv": [ 2.0, 6.5, 3.0, 7.0 ], "windMode": [-1,-1,-1,-1] },
												"east": { "texture": "#blanketextra", "uv": [ 5.0, 4.5, 5.5, 5.0 ], "windMode": [-1,-1,-1,-1] },
												"south": { "texture": "#blanketextra", "uv": [ 2.0, 6.0, 3.0, 6.5 ], "windMode": [-1,-1,-1,-1] },
												"west": { "texture": "#blanketextra", "uv": [ 3.0, 4.0, 3.5, 4.5 ], "windMode": [-1,-1,-1,-1] },
												"up": { "texture": "#blanketextra", "uv": [ 1.5, 4.0, 2.5, 4.5 ], "windMode": [-1,-1,-1,-1] },
												"down": { "texture": "#blanketextra", "uv": [ 1.5, 5.0, 2.5, 5.5 ], "windMode": [-1,-1,-1,-1] }
											}
										}
									]
								},
								{
									"name": "Blanket12",
									"from": [ 0.02, 0.731, 0.0296 ],
									"to": [ 1.02, 1.131, 6.0296 ],
									"rotationOrigin": [ -0.16, 1.131, 0.0296 ],
									"rotationX": 2.4,
									"rotationY": 0.0,
									"rotationZ": 0.0,
									"faces": {
										"north": { "texture": "#blanketextra", "uv": [ 2.0, 6.5, 3.0, 7.0 ], "windMode": [-1,-1,-1,-1] },
										"east": { "texture": "#blanketextra", "uv": [ 5.0, 4.5, 11.0, 5.0 ], "windMode": [-1,-1,-1,-1] },
										"south": { "texture": "#blanketextra", "uv": [ 2.0, 6.0, 3.0, 6.5 ], "windMode": [-1,-1,-1,-1] },
										"west": { "texture": "#blanketextra", "uv": [ 3.0, 4.0, 9.0, 4.5 ], "windMode": [-1,-1,-1,-1] },
										"up": { "texture": "#blanketextra", "uv": [ 1.5, 4.0, 2.5, 10.0 ], "windMode": [-1,-1,-1,-1] },
										"down": { "texture": "#blanketextra", "uv": [ 1.5, 4.5, 2.5, 10.5 ], "windMode": [-1,-1,-1,-1] }
									}
								}
							]
						},
						{
							"name": "Blanket13",
							"from": [ 0.02, 0.0, 6.0 ],
							"to": [ 1.02, 0.4, 6.6 ],
							"rotationOrigin": [ 0.2, 0.0, 6.0 ],
							"rotationX": -45.0,
							"faces": {
								"north": { "texture": "#blanketextra", "uv": [ 2.0, 6.5, 3.0, 7.0 ], "windMode": [-1,-1,-1,-1] },
								"east": { "texture": "#blanketextra", "uv": [ 5.0, 4.5, 5.5, 5.0 ], "windMode": [-1,-1,-1,-1] },
								"south": { "texture": "#blanketextra", "uv": [ 2.0, 6.0, 3.0, 6.5 ], "windMode": [-1,-1,-1,-1] },
								"west": { "texture": "#blanketextra", "uv": [ 3.0, 4.0, 3.5, 4.5 ], "windMode": [-1,-1,-1,-1] },
								"up": { "texture": "#blanketextra", "uv": [ 1.5, 4.0, 2.5, 4.5 ], "windMode": [-1,-1,-1,-1] },
								"down": { "texture": "#blanketextra", "uv": [ 2.0, 4.5, 3.0, 5.0 ], "windMode": [-1,-1,-1,-1] }
							},
							"children": [
								{
									"name": "Blanket14",
									"from": [ -0.04, 0.0, 0.8 ],
									"to": [ 0.96, 0.4, 1.4 ],
									"rotationOrigin": [ -0.2, 0.0, 0.8 ],
									"rotationX": -90.0,
									"faces": {
										"north": { "texture": "#blanketextra", "uv": [ 2.0, 6.5, 3.0, 7.0 ], "windMode": [-1,-1,-1,-1] },
										"east": { "texture": "#blanketextra", "uv": [ 5.0, 4.5, 5.5, 5.0 ], "windMode": [-1,-1,-1,-1] },
										"south": { "texture": "#blanketextra", "uv": [ 2.0, 6.0, 3.0, 6.5 ], "windMode": [-1,-1,-1,-1] },
										"west": { "texture": "#blanketextra", "uv": [ 3.0, 4.0, 3.5, 4.5 ], "windMode": [-1,-1,-1,-1] },
										"up": { "texture": "#blanketextra", "uv": [ 1.5, 4.0, 2.5, 4.5 ], "windMode": [-1,-1,-1,-1] },
										"down": { "texture": "#blanketextra", "uv": [ 1.5, 4.5, 2.5, 5.0 ], "windMode": [-1,-1,-1,-1] }
									}
								}
							]
						}
					]
				},
				{
					"name": "Blanket15",
					"from": [ 6.0, -0.2, -2.2 ],
					"to": [ 7.0, 0.2, 3.8 ],
					"rotationOrigin": [ 6.0, -0.2, -2.2 ],
					"faces": {
						"north": { "texture": "#blanketextra", "uv": [ 2.0, 6.5, 3.0, 7.0 ], "windMode": [-1,-1,-1,-1] },
						"east": { "texture": "#blanketextra", "uv": [ 5.0, 4.5, 11.0, 5.0 ], "windMode": [-1,-1,-1,-1] },
						"south": { "texture": "#blanketextra", "uv": [ 2.0, 6.0, 3.0, 6.5 ], "windMode": [-1,-1,-1,-1] },
						"west": { "texture": "#blanketextra", "uv": [ 3.0, 4.0, 9.0, 4.5 ], "windMode": [-1,-1,-1,-1] },
						"up": { "texture": "#blanketextra", "uv": [ 1.0, 4.0, 2.0, 10.0 ], "windMode": [-1,-1,-1,-1] },
						"down": { "texture": "#blanketextra", "uv": [ 2.0, 4.5, 3.0, 10.5 ], "windMode": [-1,-1,-1,-1] }
					},
					"children": [
						{
							"name": "Blanket16",
							"from": [ 0.0, 0.4, -0.06 ],
							"to": [ 1.0, 0.8, 6.14 ],
							"rotationOrigin": [ 0.0, 0.4, 0.0 ],
							"rotationX": -1.5,
							"faces": {
								"north": { "texture": "#blanketextra", "uv": [ 2.0, 6.5, 3.0, 7.0 ], "windMode": [-1,-1,-1,-1] },
								"east": { "texture": "#blanketextra", "uv": [ 5.0, 4.5, 11.0, 5.0 ], "windMode": [-1,-1,-1,-1] },
								"south": { "texture": "#blanketextra", "uv": [ 2.0, 6.0, 3.0, 6.5 ], "windMode": [-1,-1,-1,-1] },
								"west": { "texture": "#blanketextra", "uv": [ 3.0, 4.0, 9.0, 4.5 ], "windMode": [-1,-1,-1,-1] },
								"up": { "texture": "#blanketextra", "uv": [ 1.5, 4.0, 2.5, 10.0 ], "windMode": [-1,-1,-1,-1] },
								"down": { "texture": "#blanketextra", "uv": [ 1.5, 4.5, 2.5, 10.5 ], "windMode": [-1,-1,-1,-1] }
							},
							"children": [
								{
									"name": "Blanket17",
									"from": [ 1.0, 0.0, 0.0 ],
									"to": [ 2.0, 0.4, 0.6 ],
									"rotationOrigin": [ 1.0, 0.0, 0.0 ],
									"rotationX": -133.5,
									"rotationZ": 180.0,
									"faces": {
										"north": { "texture": "#blanketextra", "uv": [ 2.0, 6.5, 3.0, 7.0 ], "windMode": [-1,-1,-1,-1] },
										"east": { "texture": "#blanketextra", "uv": [ 5.0, 4.5, 5.5, 5.0 ], "windMode": [-1,-1,-1,-1] },
										"south": { "texture": "#blanketextra", "uv": [ 2.0, 6.0, 3.0, 6.5 ], "windMode": [-1,-1,-1,-1] },
										"west": { "texture": "#blanketextra", "uv": [ 3.0, 4.0, 3.5, 4.5 ], "windMode": [-1,-1,-1,-1] },
										"up": { "texture": "#blanketextra", "uv": [ 1.5, 4.0, 2.5, 4.5 ], "windMode": [-1,-1,-1,-1] },
										"down": { "texture": "#blanketextra", "uv": [ 1.5, 5.0, 2.5, 5.5 ], "windMode": [-1,-1,-1,-1] }
									},
									"children": [
										{
											"name": "Blanket18",
											"from": [ -0.04, 0.0, 0.8 ],
											"to": [ 0.96, 0.4, 1.6 ],
											"rotationOrigin": [ -0.2, 0.0, 0.8 ],
											"rotationX": -90.0,
											"faces": {
												"north": { "texture": "#blanketextra", "uv": [ 2.0, 6.5, 3.0, 7.0 ], "windMode": [-1,-1,-1,-1] },
												"east": { "texture": "#blanketextra", "uv": [ 5.0, 4.5, 5.5, 5.0 ], "windMode": [-1,-1,-1,-1] },
												"south": { "texture": "#blanketextra", "uv": [ 2.0, 6.0, 3.0, 6.5 ], "windMode": [-1,-1,-1,-1] },
												"west": { "texture": "#blanketextra", "uv": [ 3.0, 4.0, 3.5, 4.5 ], "windMode": [-1,-1,-1,-1] },
												"up": { "texture": "#blanketextra", "uv": [ 1.5, 4.0, 2.5, 4.5 ], "windMode": [-1,-1,-1,-1] },
												"down": { "texture": "#blanketextra", "uv": [ 1.5, 5.0, 2.5, 5.5 ], "windMode": [-1,-1,-1,-1] }
											}
										}
									]
								},
								{
									"name": "Blanket19",
									"from": [ 0.02, 0.731, 0.0296 ],
									"to": [ 1.02, 1.131, 6.0296 ],
									"rotationOrigin": [ -0.16, 1.131, 0.0296 ],
									"rotationX": 2.4,
									"rotationY": 0.0,
									"rotationZ": 0.0,
									"faces": {
										"north": { "texture": "#blanketextra", "uv": [ 2.0, 6.5, 3.0, 7.0 ], "windMode": [-1,-1,-1,-1] },
										"east": { "texture": "#blanketextra", "uv": [ 5.0, 4.5, 11.0, 5.0 ], "windMode": [-1,-1,-1,-1] },
										"south": { "texture": "#blanketextra", "uv": [ 2.0, 6.0, 3.0, 6.5 ], "windMode": [-1,-1,-1,-1] },
										"west": { "texture": "#blanketextra", "uv": [ 3.0, 4.0, 9.0, 4.5 ], "windMode": [-1,-1,-1,-1] },
										"up": { "texture": "#blanketextra", "uv": [ 1.5, 4.0, 2.5, 10.0 ], "windMode": [-1,-1,-1,-1] },
										"down": { "texture": "#blanketextra", "uv": [ 1.5, 4.5, 2.5, 10.5 ], "windMode": [-1,-1,-1,-1] }
									}
								}
							]
						},
						{
							"name": "Blanket20",
							"from": [ 0.02, 0.0, 6.0 ],
							"to": [ 1.02, 0.4, 6.6 ],
							"rotationOrigin": [ 0.2, 0.0, 6.0 ],
							"rotationX": -45.0,
							"faces": {
								"north": { "texture": "#blanketextra", "uv": [ 2.0, 6.5, 3.0, 7.0 ], "windMode": [-1,-1,-1,-1] },
								"east": { "texture": "#blanketextra", "uv": [ 5.0, 4.5, 5.5, 5.0 ], "windMode": [-1,-1,-1,-1] },
								"south": { "texture": "#blanketextra", "uv": [ 2.0, 6.0, 3.0, 6.5 ], "windMode": [-1,-1,-1,-1] },
								"west": { "texture": "#blanketextra", "uv": [ 3.0, 4.0, 3.5, 4.5 ], "windMode": [-1,-1,-1,-1] },
								"up": { "texture": "#blanketextra", "uv": [ 1.5, 4.0, 2.5, 4.5 ], "windMode": [-1,-1,-1,-1] },
								"down": { "texture": "#blanketextra", "uv": [ 2.0, 4.5, 3.0, 5.0 ], "windMode": [-1,-1,-1,-1] }
							},
							"children": [
								{
									"name": "Blanket21",
									"from": [ -0.04, 0.0, 0.8 ],
									"to": [ 0.96, 0.4, 1.4 ],
									"rotationOrigin": [ -0.2, 0.0, 0.8 ],
									"rotationX": -90.0,
									"faces": {
										"north": { "texture": "#blanketextra", "uv": [ 2.0, 6.5, 3.0, 7.0 ], "windMode": [-1,-1,-1,-1] },
										"east": { "texture": "#blanketextra", "uv": [ 5.0, 4.5, 5.5, 5.0 ], "windMode": [-1,-1,-1,-1] },
										"south": { "texture": "#blanketextra", "uv": [ 2.0, 6.0, 3.0, 6.5 ], "windMode": [-1,-1,-1,-1] },
										"west": { "texture": "#blanketextra", "uv": [ 3.0, 4.0, 3.5, 4.5 ], "windMode": [-1,-1,-1,-1] },
										"up": { "texture": "#blanketextra", "uv": [ 1.5, 4.0, 2.5, 4.5 ], "windMode": [-1,-1,-1,-1] },
										"down": { "texture": "#blanketextra", "uv": [ 1.5, 4.5, 2.5, 5.0 ], "windMode": [-1,-1,-1,-1] }
									}
								}
							]
						}
					]
				}
			]
		}
	]}