{
	"editor": {
		"collapsedPaths": "Root/ORIGINbridle/BitN/StrapBack1",
		"allAngles": true,
		"entityTextureMode": false
	},
	"textureWidth": 16,
	"textureHeight": 16,
	"textureSizes": {
		"horn": [32,16],
		"bridlemetal2": [16,16]
	},
	"textures": {
		"bridlemetal": "block/metal/sheet/gold3",
		"bridlemain": "item/tool/shield/leather/black",
		"saddlemain": "item/tool/shield/leather/brown",
		"bridlemetal2": "item/tool/shield/metal/steel"
	},
	"elements": [
		{
			"name": "ORIGINbridle1",
			"stepParentName": "Head",
			"from": [ 3.0, 0.0, 1.9 ],
			"to": [ 4.0, 1.0, 2.9 ],
			"rotationOrigin": [ 3.0, 0.0, 1.9 ],
			"faces": {
			},
			"children": [
				{
					"name": "BitN",
					"from": [ -0.6, 0.5, 0.05 ],
					"to": [ -0.3, 0.8, 2.15 ],
					"rotationOrigin": [ -0.6, 0.5, 0.1 ],
					"rotationY": -13.0,
					"faces": {
						"north": { "texture": "#bridlemetal", "uv": [ 0.0, 0.0, 0.5, 0.5 ], "windMode": [-1,-1,-1,-1] },
						"east": { "texture": "#bridlemetal", "uv": [ 11.5, 1.0, 13.5, 1.5 ] },
						"south": { "texture": "#bridlemetal", "uv": [ 0.0, 0.0, 0.5, 0.5 ], "windMode": [-1,-1,-1,-1] },
						"west": { "texture": "#bridlemetal", "uv": [ 3.0, 9.0, 5.0, 9.5 ] },
						"up": { "texture": "#bridlemetal", "uv": [ 10.0, 10.0, 10.5, 12.0 ] },
						"down": { "texture": "#bridlemetal", "uv": [ 13.5, 7.5, 14.0, 9.5 ] }
					},
					"children": [
						{
							"name": "BitS",
							"from": [ 0.0, 0.0, 2.0 ],
							"to": [ 0.3, 0.3, 4.1 ],
							"rotationOrigin": [ 0.15, 0.0, 2.0 ],
							"rotationY": 30.0,
							"rotationZ": 0.1,
							"faces": {
								"north": { "texture": "#bridlemetal", "uv": [ 0.0, 0.0, 0.5, 0.5 ] },
								"east": { "texture": "#bridlemetal", "uv": [ 0.0, 0.0, 2.0, 0.5 ] },
								"south": { "texture": "#bridlemetal", "uv": [ 0.0, 0.0, 0.5, 0.5 ] },
								"west": { "texture": "#bridlemetal", "uv": [ 0.0, 0.0, 2.0, 0.5 ] },
								"up": { "texture": "#bridlemetal", "uv": [ 0.0, 0.0, 0.5, 2.0 ] },
								"down": { "texture": "#bridlemetal", "uv": [ 0.0, 0.0, 0.5, 2.0 ] }
							}
						}
					]
				},
				{
					"name": "MedallionS",
					"from": [ 4.5136, 0.05, 3.9813 ],
					"to": [ 5.6136, 1.15, 4.4813 ],
					"rotationOrigin": [ 4.5136, 0.05, 3.9813 ],
					"rotationY": 7.5,
					"faces": {
						"north": { "texture": "#bridlemain", "uv": [ 1.0, 1.0, 2.0, 2.0 ] },
						"east": { "texture": "#bridlemain", "uv": [ 1.5, 1.5, 2.0, 2.5 ] },
						"south": { "texture": "#bridlemain", "uv": [ 1.0, 1.0, 2.0, 2.0 ] },
						"west": { "texture": "#bridlemain", "uv": [ 1.5, 2.0, 2.0, 3.0 ] },
						"up": { "texture": "#bridlemain", "uv": [ 1.0, 1.0, 2.0, 1.5 ] },
						"down": { "texture": "#bridlemain", "uv": [ 1.0, 1.0, 2.0, 1.5 ] }
					},
					"children": [
						{
							"name": "StrapMainS",
							"from": [ -4.3, 0.5, -0.1 ],
							"to": [ 0.2, 1.0, 0.2 ],
							"rotationOrigin": [ -4.3, 0.95, 0.2 ],
							"rotationY": -3.0,
							"faces": {
								"north": { "texture": "#saddlemain", "uv": [ 0.0, 0.0, 4.5, 0.5 ] },
								"south": { "texture": "#saddlemain", "uv": [ 0.0, 0.0, 4.5, 0.5 ] },
								"up": { "texture": "#saddlemain", "uv": [ 0.0, 0.0, 4.5, 0.5 ] },
								"down": { "texture": "#saddlemain", "uv": [ 0.0, 0.0, 4.5, 0.5 ] }
							}
						},
						{
							"name": "StrapMainE",
							"from": [ 1.0, 0.3, 0.1 ],
							"to": [ 6.0, 0.8, 0.4 ],
							"rotationOrigin": [ 1.0, 0.8, 0.1 ],
							"rotationZ": -4.0,
							"faces": {
								"north": { "texture": "#saddlemain", "uv": [ 0.0, 0.0, 5.0, 0.5 ] },
								"east": { "texture": "#saddlemain", "uv": [ 0.0, 0.0, 0.5, 0.5 ] },
								"south": { "texture": "#saddlemain", "uv": [ 0.0, 0.0, 5.0, 0.5 ] },
								"west": { "texture": "#saddlemain", "uv": [ 0.0, 0.0, 0.5, 0.5 ] },
								"up": { "texture": "#saddlemain", "uv": [ 0.0, 0.0, 5.0, 0.5 ] },
								"down": { "texture": "#saddlemain", "uv": [ 0.0, 0.0, 5.0, 0.5 ] }
							}
						},
						{
							"name": "LeatherKnot1",
							"from": [ -4.8941, -0.0499, -0.4851 ],
							"to": [ -4.3941, 0.4501, 0.0149 ],
							"rotationOrigin": [ -4.8941, -0.0499, -0.4851 ],
							"rotationX": -0.0678,
							"rotationY": 36.4999,
							"rotationZ": 0.1242,
							"faces": {
								"north": { "texture": "#saddlemain", "uv": [ 0.0, 0.0, 0.5, 0.5 ] },
								"east": { "texture": "#saddlemain", "uv": [ 0.0, 0.0, 0.5, 0.5 ] },
								"south": { "texture": "#saddlemain", "uv": [ 0.0, 0.0, 0.5, 0.5 ] },
								"west": { "texture": "#saddlemain", "uv": [ 0.0, 0.0, 0.5, 0.5 ] },
								"up": { "texture": "#saddlemain", "uv": [ 0.0, 0.0, 0.5, 0.5 ] },
								"down": { "texture": "#saddlemain", "uv": [ 0.0, 0.0, 0.5, 0.5 ] }
							},
							"children": [
								{
									"name": "Leather1",
									"from": [ -0.5, 0.0, 0.0 ],
									"to": [ 0.0, 0.3, 1.5 ],
									"faces": {
										"north": { "texture": "#saddlemain", "uv": [ 0.0, 0.0, 0.5, 0.5 ] },
										"east": { "texture": "#saddlemain", "uv": [ 0.0, 0.0, 1.5, 0.5 ] },
										"south": { "texture": "#saddlemain", "uv": [ 0.0, 0.0, 0.5, 0.5 ] },
										"west": { "texture": "#saddlemain", "uv": [ 0.0, 0.0, 1.5, 0.5 ] },
										"up": { "texture": "#saddlemain", "uv": [ 0.0, 0.0, 0.5, 1.5 ] },
										"down": { "texture": "#saddlemain", "uv": [ 0.0, 0.0, 0.5, 1.5 ] }
									}
								},
								{
									"name": "Leather2",
									"from": [ -0.5, 0.0, 1.5 ],
									"to": [ -0.2, 0.5, 12.5 ],
									"rotationOrigin": [ -0.5, 0.0, 1.5 ],
									"rotationY": 55.0,
									"faces": {
										"north": { "texture": "#saddlemain", "uv": [ 0.0, 0.0, 0.5, 0.5 ] },
										"east": { "texture": "#saddlemain", "uv": [ 0.0, 0.0, 11.0, 0.5 ] },
										"south": { "texture": "#saddlemain", "uv": [ 0.0, 0.0, 0.5, 0.5 ] },
										"west": { "texture": "#saddlemain", "uv": [ 0.0, 0.0, 11.0, 0.5 ] },
										"up": { "texture": "#saddlemain", "uv": [ 0.0, 0.0, 0.5, 11.0 ] },
										"down": { "texture": "#saddlemain", "uv": [ 0.0, 0.0, 0.5, 11.0 ] }
									}
								},
								{
									"name": "LeatherKnot2",
									"from": [ 0.0, 0.5, 0.5 ],
									"to": [ 0.5, 1.1, 1.0 ],
									"rotationOrigin": [ 0.0, 0.5, 0.5 ],
									"faces": {
										"north": { "texture": "#saddlemain", "uv": [ 0.0, 0.0, 0.5, 0.5 ] },
										"east": { "texture": "#saddlemain", "uv": [ 0.0, 0.0, 0.5, 0.5 ] },
										"south": { "texture": "#saddlemain", "uv": [ 0.0, 0.0, 0.5, 0.5 ] },
										"west": { "texture": "#saddlemain", "uv": [ 0.0, 0.0, 0.5, 0.5 ] },
										"up": { "texture": "#saddlemain", "uv": [ 0.0, 0.0, 0.5, 0.5 ] },
										"down": { "texture": "#saddlemain", "uv": [ 0.0, 0.0, 0.5, 0.5 ] }
									}
								}
							]
						},
						{
							"name": "LeatherKnot3",
							"from": [ -3.995, -0.05, -4.937 ],
							"to": [ -3.495, 0.45, -4.337 ],
							"rotationOrigin": [ -3.995, -0.05, -4.937 ],
							"rotationY": -51.5,
							"faces": {
								"north": { "texture": "#saddlemain", "uv": [ 0.0, 0.0, 0.5, 0.5 ] },
								"east": { "texture": "#saddlemain", "uv": [ 0.0, 0.0, 0.5, 0.5 ] },
								"south": { "texture": "#saddlemain", "uv": [ 0.0, 0.0, 0.5, 0.5 ] },
								"west": { "texture": "#saddlemain", "uv": [ 0.0, 0.0, 0.5, 0.5 ] },
								"up": { "texture": "#saddlemain", "uv": [ 0.0, 0.0, 0.5, 0.5 ] },
								"down": { "texture": "#saddlemain", "uv": [ 0.0, 0.0, 0.5, 0.5 ] }
							},
							"children": [
								{
									"name": "LeatherStrap4",
									"from": [ 0.0, 0.0, 0.6 ],
									"to": [ 0.5, 0.3, 2.1 ],
									"rotationOrigin": [ 0.0, 0.0, 0.6 ],
									"rotationX": -180.0,
									"rotationZ": -180.0,
									"faces": {
										"north": { "texture": "#saddlemain", "uv": [ 0.0, 0.0, 0.5, 0.5 ] },
										"east": { "texture": "#saddlemain", "uv": [ 0.0, 0.0, 1.5, 0.5 ] },
										"south": { "texture": "#saddlemain", "uv": [ 0.0, 0.0, 0.5, 0.5 ] },
										"west": { "texture": "#saddlemain", "uv": [ 0.0, 0.0, 1.5, 0.5 ] },
										"up": { "texture": "#saddlemain", "uv": [ 0.0, 0.0, 0.5, 1.5 ] },
										"down": { "texture": "#saddlemain", "uv": [ 0.0, 0.0, 0.5, 1.5 ] }
									},
									"children": [
										{
											"name": "LeatherStrap5",
											"from": [ 0.2, 0.0, 1.5 ],
											"to": [ 0.5, 0.5, 12.5 ],
											"rotationOrigin": [ 0.5, 0.0, 1.5 ],
											"rotationY": -55.0,
											"faces": {
												"north": { "texture": "#saddlemain", "uv": [ 0.0, 0.0, 0.5, 0.5 ] },
												"east": { "texture": "#saddlemain", "uv": [ 0.0, 0.0, 11.0, 0.5 ] },
												"south": { "texture": "#saddlemain", "uv": [ 0.0, 0.0, 0.5, 0.5 ] },
												"west": { "texture": "#saddlemain", "uv": [ 0.0, 0.0, 11.0, 0.5 ] },
												"up": { "texture": "#saddlemain", "uv": [ 0.0, 0.0, 0.5, 11.0 ] },
												"down": { "texture": "#saddlemain", "uv": [ 0.0, 0.0, 0.5, 11.0 ] }
											},
											"children": [
												{
													"name": "LeatherStrap6",
													"from": [ 0.0, 0.0, 11.0 ],
													"to": [ 0.3, 0.5, 14.5 ],
													"rotationOrigin": [ 0.3, 0.0, 11.0 ],
													"rotationY": -80.0,
													"rotationZ": 0.1,
													"faces": {
														"north": { "texture": "#saddlemain", "uv": [ 0.0, 0.0, 0.5, 0.5 ] },
														"east": { "texture": "#saddlemain", "uv": [ 0.0, 0.0, 3.5, 0.5 ] },
														"south": { "texture": "#saddlemain", "uv": [ 0.0, 0.0, 0.5, 0.5 ] },
														"west": { "texture": "#saddlemain", "uv": [ 0.0, 0.0, 3.5, 0.5 ] },
														"up": { "texture": "#saddlemain", "uv": [ 0.0, 0.0, 0.5, 3.5 ] },
														"down": { "texture": "#saddlemain", "uv": [ 0.0, 0.0, 0.5, 3.5 ] }
													}
												}
											]
										}
									]
								},
								{
									"name": "LeatherKnot4",
									"from": [ 0.0, 0.5, -0.5 ],
									"to": [ 0.5, 1.1, 0.0 ],
									"rotationOrigin": [ 0.0, 0.5, -0.5 ],
									"faces": {
										"north": { "texture": "#saddlemain", "uv": [ 0.0, 0.0, 0.5, 0.5 ] },
										"east": { "texture": "#saddlemain", "uv": [ 0.0, 0.0, 0.5, 0.5 ] },
										"south": { "texture": "#saddlemain", "uv": [ 0.0, 0.0, 0.5, 0.5 ] },
										"west": { "texture": "#saddlemain", "uv": [ 0.0, 0.0, 0.5, 0.5 ] },
										"up": { "texture": "#saddlemain", "uv": [ 0.0, 0.0, 0.5, 0.5 ] },
										"down": { "texture": "#saddlemain", "uv": [ 0.0, 0.0, 0.5, 0.5 ] }
									}
								}
							]
						}
					]
				},
				{
					"name": "MedallionN",
					"from": [ 4.5167, 0.05, -0.3394 ],
					"to": [ 5.6167, 1.15, 0.1606 ],
					"rotationOrigin": [ 4.5167, 0.05, -0.3394 ],
					"rotationY": -8.0,
					"faces": {
						"north": { "texture": "#bridlemain", "uv": [ 1.0, 1.0, 2.0, 2.0 ] },
						"east": { "texture": "#bridlemain", "uv": [ 1.0, 1.0, 1.5, 2.0 ] },
						"south": { "texture": "#bridlemain", "uv": [ 1.0, 1.0, 2.0, 2.0 ] },
						"west": { "texture": "#bridlemain", "uv": [ 1.0, 1.0, 1.5, 2.0 ] },
						"up": { "texture": "#bridlemain", "uv": [ 1.0, 1.0, 2.0, 1.5 ] },
						"down": { "texture": "#bridlemain", "uv": [ 1.0, 1.0, 2.0, 1.5 ] }
					},
					"children": [
						{
							"name": "StrapBottom",
							"from": [ -3.7, 0.1, 0.1 ],
							"to": [ 0.3, 0.6, 0.4 ],
							"rotationOrigin": [ 0.3, 0.1, 0.1 ],
							"rotationY": 17.0,
							"faces": {
								"north": { "texture": "#saddlemain", "uv": [ 0.0, 0.0, 4.0, 0.5 ] },
								"east": { "texture": "#saddlemain", "uv": [ 0.0, 0.0, 0.5, 0.5 ] },
								"south": { "texture": "#saddlemain", "uv": [ 0.0, 0.0, 4.0, 0.5 ] },
								"west": { "texture": "#saddlemain", "uv": [ 0.0, 0.0, 0.5, 0.5 ] },
								"up": { "texture": "#saddlemain", "uv": [ 0.0, 0.0, 4.0, 0.5 ] },
								"down": { "texture": "#saddlemain", "uv": [ 0.0, 0.0, 4.0, 0.5 ], "windMode": [-1,-1,-1,-1] }
							},
							"children": [
								{
									"name": "StrapBottom3",
									"from": [ 0.2, 0.0, 0.0 ],
									"to": [ 3.2, 0.5, 0.3 ],
									"rotationOrigin": [ 0.2, 0.0, 0.0 ],
									"rotationX": 0.1,
									"rotationY": -99.0,
									"faces": {
										"north": { "texture": "#saddlemain", "uv": [ 0.0, 0.0, 3.0, 0.5 ] },
										"east": { "texture": "#saddlemain", "uv": [ 0.0, 0.0, 0.5, 0.5 ] },
										"south": { "texture": "#saddlemain", "uv": [ 0.0, 0.0, 3.0, 0.5 ] },
										"west": { "texture": "#saddlemain", "uv": [ 0.0, 0.0, 0.5, 0.5 ] },
										"up": { "texture": "#saddlemain", "uv": [ 0.0, 0.0, 3.0, 0.5 ] }
									}
								},
								{
									"name": "StrapBottom4",
									"from": [ 0.4, -0.1, 0.1 ],
									"to": [ 3.2, 0.6, 0.5 ],
									"rotationOrigin": [ 0.4, -0.1, 0.1 ],
									"rotationX": 0.1,
									"rotationY": -99.0,
									"faces": {
										"north": { "texture": "#bridlemain", "uv": [ 0.0, 0.0, 2.5, 0.5 ] },
										"east": { "texture": "#bridlemain", "uv": [ 0.0, 0.0, 0.5, 0.5 ] },
										"south": { "texture": "#bridlemain", "uv": [ 0.0, 0.0, 2.5, 0.5 ] },
										"west": { "texture": "#bridlemain", "uv": [ 0.0, 0.0, 0.5, 0.5 ] },
										"up": { "texture": "#bridlemain", "uv": [ 0.0, 0.0, 2.5, 0.5 ] },
										"down": { "texture": "#bridlemain", "uv": [ 0.0, 0.0, 2.5, 0.5 ], "windMode": [-1,-1,-1,-1] }
									}
								},
								{
									"name": "Noseband20",
									"from": [ -0.65, 0.2, -0.81 ],
									"to": [ -0.5, 1.0, -0.71 ],
									"rotationOrigin": [ -0.6489, 0.1394, -0.8141 ],
									"rotationX": -2.6854,
									"rotationY": 28.68,
									"rotationZ": -1.17,
									"faces": {
										"north": { "texture": "#bridlemetal", "uv": [ 0.0, 0.0, 0.5, 0.5 ], "windMode": [-1,-1,-1,-1], "windData": [1,1,1,1] },
										"east": { "texture": "#bridlemetal", "uv": [ 0.0, 0.0, 0.5, 0.5 ], "windMode": [-1,-1,-1,-1], "windData": [1,1,1,1] },
										"south": { "texture": "#bridlemetal", "uv": [ 0.0, 0.0, 0.5, 0.5 ] },
										"west": { "texture": "#bridlemetal", "uv": [ 0.0, 0.0, 0.5, 0.5 ], "windMode": [-1,-1,-1,-1], "windData": [1,1,1,1] },
										"up": { "texture": "#bridlemetal", "uv": [ 0.0, 0.0, 0.5, 0.5 ], "windMode": [-1,-1,-1,-1], "windData": [1,1,1,1] },
										"down": { "texture": "#bridlemetal", "uv": [ 0.0, 0.0, 0.5, 0.5 ], "windMode": [-1,-1,-1,-1], "windData": [1,1,1,1] }
									},
									"children": [
										{
											"name": "Noseband36",
											"from": [ -0.85, 0.0, 0.0 ],
											"to": [ -0.7, 0.8, 0.1 ],
											"rotationOrigin": [ -0.9, 0.0, 0.0 ],
											"faces": {
												"north": { "texture": "#bridlemetal", "uv": [ 0.0, 0.0, 0.5, 0.5 ], "windMode": [-1,-1,-1,-1], "windData": [1,1,1,1] },
												"east": { "texture": "#bridlemetal", "uv": [ 0.0, 0.0, 0.5, 0.5 ], "windMode": [-1,-1,-1,-1], "windData": [1,1,1,1] },
												"south": { "texture": "#bridlemetal", "uv": [ 0.0, 0.0, 0.5, 0.5 ] },
												"west": { "texture": "#bridlemetal", "uv": [ 0.0, 0.0, 0.5, 0.5 ], "windMode": [-1,-1,-1,-1], "windData": [1,1,1,1] },
												"up": { "texture": "#bridlemetal", "uv": [ 0.0, 0.0, 0.5, 0.5 ], "windMode": [-1,-1,-1,-1], "windData": [1,1,1,1] },
												"down": { "texture": "#bridlemetal", "uv": [ 0.0, 0.0, 0.5, 0.5 ], "windMode": [-1,-1,-1,-1], "windData": [1,1,1,1] }
											},
											"children": [
												{
													"name": "Noseband37",
													"from": [ 0.2, 0.9, 0.0 ],
													"to": [ 0.35, 1.5, 0.1 ],
													"rotationOrigin": [ 0.2, 0.9, 0.0 ],
													"rotationZ": -90.0,
													"faces": {
														"north": { "texture": "#bridlemetal", "uv": [ 0.0, 0.0, 0.5, 0.5 ], "windMode": [-1,-1,-1,-1], "windData": [1,1,1,1] },
														"east": { "texture": "#bridlemetal", "uv": [ 0.0, 0.0, 0.5, 0.5 ], "windMode": [-1,-1,-1,-1], "windData": [1,1,1,1] },
														"south": { "texture": "#bridlemetal", "uv": [ 0.0, 0.0, 0.5, 0.5 ] },
														"west": { "texture": "#bridlemetal", "uv": [ 0.0, 0.0, 0.5, 0.5 ], "windMode": [-1,-1,-1,-1], "windData": [1,1,1,1] },
														"up": { "texture": "#bridlemetal", "uv": [ 0.0, 0.0, 0.5, 0.5 ], "windMode": [-1,-1,-1,-1], "windData": [1,1,1,1] },
														"down": { "texture": "#bridlemetal", "uv": [ 0.0, 0.0, 0.5, 0.5 ], "windMode": [-1,-1,-1,-1], "windData": [1,1,1,1] }
													},
													"children": [
														{
															"name": "Noseband38",
															"from": [ 0.0, 0.6, 0.0 ],
															"to": [ 0.15, 0.82, 0.1 ],
															"rotationOrigin": [ 0.0, 0.6, 0.0 ],
															"rotationZ": -25.0,
															"faces": {
																"north": { "texture": "#bridlemetal", "uv": [ 0.0, 0.0, 0.5, 0.5 ], "windMode": [-1,-1,-1,-1], "windData": [1,1,1,1] },
																"east": { "texture": "#bridlemetal", "uv": [ 0.0, 0.0, 0.5, 0.5 ], "windMode": [-1,-1,-1,-1], "windData": [1,1,1,1] },
																"south": { "texture": "#bridlemetal", "uv": [ 0.0, 0.0, 0.5, 0.5 ] },
																"west": { "texture": "#bridlemetal", "uv": [ 0.0, 0.0, 0.5, 0.5 ], "windMode": [-1,-1,-1,-1], "windData": [1,1,1,1] },
																"up": { "texture": "#bridlemetal", "uv": [ 0.0, 0.0, 0.5, 0.5 ], "windMode": [-1,-1,-1,-1], "windData": [1,1,1,1] },
																"down": { "texture": "#bridlemetal", "uv": [ 0.0, 0.0, 0.5, 0.5 ], "windMode": [-1,-1,-1,-1], "windData": [1,1,1,1] }
															}
														},
														{
															"name": "Noseband39",
															"from": [ -0.15, 0.0, 0.0 ],
															"to": [ 0.0, 0.22, 0.1 ],
															"rotationOrigin": [ 0.0, 0.0, 0.0 ],
															"rotationZ": -155.0,
															"faces": {
																"north": { "texture": "#bridlemetal", "uv": [ 0.0, 0.0, 0.5, 0.5 ], "windMode": [-1,-1,-1,-1], "windData": [1,1,1,1] },
																"east": { "texture": "#bridlemetal", "uv": [ 0.0, 0.0, 0.5, 0.5 ], "windMode": [-1,-1,-1,-1], "windData": [1,1,1,1] },
																"south": { "texture": "#bridlemetal", "uv": [ 0.0, 0.0, 0.5, 0.5 ] },
																"west": { "texture": "#bridlemetal", "uv": [ 0.0, 0.0, 0.5, 0.5 ], "windMode": [-1,-1,-1,-1], "windData": [1,1,1,1] },
																"up": { "texture": "#bridlemetal", "uv": [ 0.0, 0.0, 0.5, 0.5 ], "windMode": [-1,-1,-1,-1], "windData": [1,1,1,1] },
																"down": { "texture": "#bridlemetal", "uv": [ 0.0, 0.0, 0.5, 0.5 ], "windMode": [-1,-1,-1,-1], "windData": [1,1,1,1] }
															}
														}
													]
												},
												{
													"name": "Noseband40",
													"from": [ 0.8, -0.1, 0.0 ],
													"to": [ 0.95, 0.5, 0.1 ],
													"rotationOrigin": [ 0.8, -0.1, 0.0 ],
													"rotationZ": 90.0,
													"faces": {
														"north": { "texture": "#bridlemetal", "uv": [ 0.0, 0.0, 0.5, 0.5 ], "windMode": [-1,-1,-1,-1], "windData": [1,1,1,1] },
														"east": { "texture": "#bridlemetal", "uv": [ 0.0, 0.0, 0.5, 0.5 ], "windMode": [-1,-1,-1,-1], "windData": [1,1,1,1] },
														"south": { "texture": "#bridlemetal", "uv": [ 0.0, 0.0, 0.5, 0.5 ] },
														"west": { "texture": "#bridlemetal", "uv": [ 0.0, 0.0, 0.5, 0.5 ], "windMode": [-1,-1,-1,-1], "windData": [1,1,1,1] },
														"up": { "texture": "#bridlemetal", "uv": [ 0.0, 0.0, 0.5, 0.5 ], "windMode": [-1,-1,-1,-1], "windData": [1,1,1,1] },
														"down": { "texture": "#bridlemetal", "uv": [ 0.0, 0.0, 0.5, 0.5 ], "windMode": [-1,-1,-1,-1], "windData": [1,1,1,1] }
													},
													"children": [
														{
															"name": "Noseband41",
															"from": [ 0.0, 0.6, 0.0 ],
															"to": [ 0.15, 0.82, 0.1 ],
															"rotationOrigin": [ 0.0, 0.6, 0.0 ],
															"rotationZ": -25.0,
															"faces": {
																"north": { "texture": "#bridlemetal", "uv": [ 0.0, 0.0, 0.5, 0.5 ], "windMode": [-1,-1,-1,-1], "windData": [1,1,1,1] },
																"east": { "texture": "#bridlemetal", "uv": [ 0.0, 0.0, 0.5, 0.5 ], "windMode": [-1,-1,-1,-1], "windData": [1,1,1,1] },
																"south": { "texture": "#bridlemetal", "uv": [ 0.0, 0.0, 0.5, 0.5 ] },
																"west": { "texture": "#bridlemetal", "uv": [ 0.0, 0.0, 0.5, 0.5 ], "windMode": [-1,-1,-1,-1], "windData": [1,1,1,1] },
																"up": { "texture": "#bridlemetal", "uv": [ 0.0, 0.0, 0.5, 0.5 ], "windMode": [-1,-1,-1,-1], "windData": [1,1,1,1] },
																"down": { "texture": "#bridlemetal", "uv": [ 0.0, 0.0, 0.5, 0.5 ], "windMode": [-1,-1,-1,-1], "windData": [1,1,1,1] }
															}
														},
														{
															"name": "Noseband42",
															"from": [ -0.15, 0.0, 0.0 ],
															"to": [ 0.0, 0.22, 0.1 ],
															"rotationOrigin": [ 0.0, 0.0, 0.0 ],
															"rotationZ": -155.0,
															"faces": {
																"north": { "texture": "#bridlemetal", "uv": [ 0.0, 0.0, 0.5, 0.5 ], "windMode": [-1,-1,-1,-1], "windData": [1,1,1,1] },
																"east": { "texture": "#bridlemetal", "uv": [ 0.0, 0.0, 0.5, 0.5 ], "windMode": [-1,-1,-1,-1], "windData": [1,1,1,1] },
																"south": { "texture": "#bridlemetal", "uv": [ 0.0, 0.0, 0.5, 0.5 ] },
																"west": { "texture": "#bridlemetal", "uv": [ 0.0, 0.0, 0.5, 0.5 ], "windMode": [-1,-1,-1,-1], "windData": [1,1,1,1] },
																"up": { "texture": "#bridlemetal", "uv": [ 0.0, 0.0, 0.5, 0.5 ], "windMode": [-1,-1,-1,-1], "windData": [1,1,1,1] },
																"down": { "texture": "#bridlemetal", "uv": [ 0.0, 0.0, 0.5, 0.5 ], "windMode": [-1,-1,-1,-1], "windData": [1,1,1,1] }
															}
														}
													]
												}
											]
										}
									]
								},
								{
									"name": "Noseband18",
									"from": [ -1.67, 0.41, 4.74 ],
									"to": [ -1.52, 1.21, 4.84 ],
									"rotationOrigin": [ -0.6749, 0.3531, 4.7391 ],
									"rotationX": -2.4476,
									"rotationY": -57.3,
									"rotationZ": 5.83,
									"faces": {
										"north": { "texture": "#bridlemetal", "uv": [ 0.0, 0.0, 0.5, 0.5 ], "windMode": [-1,-1,-1,-1], "windData": [1,1,1,1] },
										"east": { "texture": "#bridlemetal", "uv": [ 0.0, 0.0, 0.5, 0.5 ], "windMode": [-1,-1,-1,-1], "windData": [1,1,1,1] },
										"south": { "texture": "#bridlemetal", "uv": [ 0.0, 0.0, 0.5, 0.5 ] },
										"west": { "texture": "#bridlemetal", "uv": [ 0.0, 0.0, 0.5, 0.5 ], "windMode": [-1,-1,-1,-1], "windData": [1,1,1,1] },
										"up": { "texture": "#bridlemetal", "uv": [ 0.0, 0.0, 0.5, 0.5 ], "windMode": [-1,-1,-1,-1], "windData": [1,1,1,1] },
										"down": { "texture": "#bridlemetal", "uv": [ 0.0, 0.0, 0.5, 0.5 ], "windMode": [-1,-1,-1,-1], "windData": [1,1,1,1] }
									},
									"children": [
										{
											"name": "Noseband19",
											"from": [ -0.85, 0.0, 0.0 ],
											"to": [ -0.7, 0.8, 0.1 ],
											"rotationOrigin": [ -0.9, 0.0, 0.0 ],
											"faces": {
												"north": { "texture": "#bridlemetal", "uv": [ 0.0, 0.0, 0.5, 0.5 ], "windMode": [-1,-1,-1,-1], "windData": [1,1,1,1] },
												"east": { "texture": "#bridlemetal", "uv": [ 0.0, 0.0, 0.5, 0.5 ], "windMode": [-1,-1,-1,-1], "windData": [1,1,1,1] },
												"south": { "texture": "#bridlemetal", "uv": [ 0.0, 0.0, 0.5, 0.5 ] },
												"west": { "texture": "#bridlemetal", "uv": [ 0.0, 0.0, 0.5, 0.5 ], "windMode": [-1,-1,-1,-1], "windData": [1,1,1,1] },
												"up": { "texture": "#bridlemetal", "uv": [ 0.0, 0.0, 0.5, 0.5 ], "windMode": [-1,-1,-1,-1], "windData": [1,1,1,1] },
												"down": { "texture": "#bridlemetal", "uv": [ 0.0, 0.0, 0.5, 0.5 ], "windMode": [-1,-1,-1,-1], "windData": [1,1,1,1] }
											},
											"children": [
												{
													"name": "Noseband21",
													"from": [ 0.2, 0.9, 0.0 ],
													"to": [ 0.35, 1.5, 0.1 ],
													"rotationOrigin": [ 0.2, 0.9, 0.0 ],
													"rotationZ": -90.0,
													"faces": {
														"north": { "texture": "#bridlemetal", "uv": [ 0.0, 0.0, 0.5, 0.5 ], "windMode": [-1,-1,-1,-1], "windData": [1,1,1,1] },
														"east": { "texture": "#bridlemetal", "uv": [ 0.0, 0.0, 0.5, 0.5 ], "windMode": [-1,-1,-1,-1], "windData": [1,1,1,1] },
														"south": { "texture": "#bridlemetal", "uv": [ 0.0, 0.0, 0.5, 0.5 ] },
														"west": { "texture": "#bridlemetal", "uv": [ 0.0, 0.0, 0.5, 0.5 ], "windMode": [-1,-1,-1,-1], "windData": [1,1,1,1] },
														"up": { "texture": "#bridlemetal", "uv": [ 0.0, 0.0, 0.5, 0.5 ], "windMode": [-1,-1,-1,-1], "windData": [1,1,1,1] },
														"down": { "texture": "#bridlemetal", "uv": [ 0.0, 0.0, 0.5, 0.5 ], "windMode": [-1,-1,-1,-1], "windData": [1,1,1,1] }
													},
													"children": [
														{
															"name": "Noseband26",
															"from": [ 0.0, 0.6, 0.0 ],
															"to": [ 0.15, 0.82, 0.1 ],
															"rotationOrigin": [ 0.0, 0.6, 0.0 ],
															"rotationZ": -25.0,
															"faces": {
																"north": { "texture": "#bridlemetal", "uv": [ 0.0, 0.0, 0.5, 0.5 ], "windMode": [-1,-1,-1,-1], "windData": [1,1,1,1] },
																"east": { "texture": "#bridlemetal", "uv": [ 0.0, 0.0, 0.5, 0.5 ], "windMode": [-1,-1,-1,-1], "windData": [1,1,1,1] },
																"south": { "texture": "#bridlemetal", "uv": [ 0.0, 0.0, 0.5, 0.5 ] },
																"west": { "texture": "#bridlemetal", "uv": [ 0.0, 0.0, 0.5, 0.5 ], "windMode": [-1,-1,-1,-1], "windData": [1,1,1,1] },
																"up": { "texture": "#bridlemetal", "uv": [ 0.0, 0.0, 0.5, 0.5 ], "windMode": [-1,-1,-1,-1], "windData": [1,1,1,1] },
																"down": { "texture": "#bridlemetal", "uv": [ 0.0, 0.0, 0.5, 0.5 ], "windMode": [-1,-1,-1,-1], "windData": [1,1,1,1] }
															}
														},
														{
															"name": "Noseband32",
															"from": [ -0.15, 0.0, 0.0 ],
															"to": [ 0.0, 0.22, 0.1 ],
															"rotationOrigin": [ 0.0, 0.0, 0.0 ],
															"rotationZ": -155.0,
															"faces": {
																"north": { "texture": "#bridlemetal", "uv": [ 0.0, 0.0, 0.5, 0.5 ], "windMode": [-1,-1,-1,-1], "windData": [1,1,1,1] },
																"east": { "texture": "#bridlemetal", "uv": [ 0.0, 0.0, 0.5, 0.5 ], "windMode": [-1,-1,-1,-1], "windData": [1,1,1,1] },
																"south": { "texture": "#bridlemetal", "uv": [ 0.0, 0.0, 0.5, 0.5 ] },
																"west": { "texture": "#bridlemetal", "uv": [ 0.0, 0.0, 0.5, 0.5 ], "windMode": [-1,-1,-1,-1], "windData": [1,1,1,1] },
																"up": { "texture": "#bridlemetal", "uv": [ 0.0, 0.0, 0.5, 0.5 ], "windMode": [-1,-1,-1,-1], "windData": [1,1,1,1] },
																"down": { "texture": "#bridlemetal", "uv": [ 0.0, 0.0, 0.5, 0.5 ], "windMode": [-1,-1,-1,-1], "windData": [1,1,1,1] }
															}
														}
													]
												},
												{
													"name": "Noseband33",
													"from": [ 0.8, -0.1, 0.0 ],
													"to": [ 0.95, 0.5, 0.1 ],
													"rotationOrigin": [ 0.8, -0.1, 0.0 ],
													"rotationZ": 90.0,
													"faces": {
														"north": { "texture": "#bridlemetal", "uv": [ 0.0, 0.0, 0.5, 0.5 ], "windMode": [-1,-1,-1,-1], "windData": [1,1,1,1] },
														"east": { "texture": "#bridlemetal", "uv": [ 0.0, 0.0, 0.5, 0.5 ], "windMode": [-1,-1,-1,-1], "windData": [1,1,1,1] },
														"south": { "texture": "#bridlemetal", "uv": [ 0.0, 0.0, 0.5, 0.5 ] },
														"west": { "texture": "#bridlemetal", "uv": [ 0.0, 0.0, 0.5, 0.5 ], "windMode": [-1,-1,-1,-1], "windData": [1,1,1,1] },
														"up": { "texture": "#bridlemetal", "uv": [ 0.0, 0.0, 0.5, 0.5 ], "windMode": [-1,-1,-1,-1], "windData": [1,1,1,1] },
														"down": { "texture": "#bridlemetal", "uv": [ 0.0, 0.0, 0.5, 0.5 ], "windMode": [-1,-1,-1,-1], "windData": [1,1,1,1] }
													},
													"children": [
														{
															"name": "Noseband34",
															"from": [ 0.0, 0.6, 0.0 ],
															"to": [ 0.15, 0.82, 0.1 ],
															"rotationOrigin": [ 0.0, 0.6, 0.0 ],
															"rotationZ": -25.0,
															"faces": {
																"north": { "texture": "#bridlemetal", "uv": [ 0.0, 0.0, 0.5, 0.5 ], "windMode": [-1,-1,-1,-1], "windData": [1,1,1,1] },
																"east": { "texture": "#bridlemetal", "uv": [ 0.0, 0.0, 0.5, 0.5 ], "windMode": [-1,-1,-1,-1], "windData": [1,1,1,1] },
																"south": { "texture": "#bridlemetal", "uv": [ 0.0, 0.0, 0.5, 0.5 ] },
																"west": { "texture": "#bridlemetal", "uv": [ 0.0, 0.0, 0.5, 0.5 ], "windMode": [-1,-1,-1,-1], "windData": [1,1,1,1] },
																"up": { "texture": "#bridlemetal", "uv": [ 0.0, 0.0, 0.5, 0.5 ], "windMode": [-1,-1,-1,-1], "windData": [1,1,1,1] },
																"down": { "texture": "#bridlemetal", "uv": [ 0.0, 0.0, 0.5, 0.5 ], "windMode": [-1,-1,-1,-1], "windData": [1,1,1,1] }
															}
														},
														{
															"name": "Noseband35",
															"from": [ -0.15, 0.0, 0.0 ],
															"to": [ 0.0, 0.22, 0.1 ],
															"rotationOrigin": [ 0.0, 0.0, 0.0 ],
															"rotationZ": -155.0,
															"faces": {
																"north": { "texture": "#bridlemetal", "uv": [ 0.0, 0.0, 0.5, 0.5 ], "windMode": [-1,-1,-1,-1], "windData": [1,1,1,1] },
																"east": { "texture": "#bridlemetal", "uv": [ 0.0, 0.0, 0.5, 0.5 ], "windMode": [-1,-1,-1,-1], "windData": [1,1,1,1] },
																"south": { "texture": "#bridlemetal", "uv": [ 0.0, 0.0, 0.5, 0.5 ] },
																"west": { "texture": "#bridlemetal", "uv": [ 0.0, 0.0, 0.5, 0.5 ], "windMode": [-1,-1,-1,-1], "windData": [1,1,1,1] },
																"up": { "texture": "#bridlemetal", "uv": [ 0.0, 0.0, 0.5, 0.5 ], "windMode": [-1,-1,-1,-1], "windData": [1,1,1,1] },
																"down": { "texture": "#bridlemetal", "uv": [ 0.0, 0.0, 0.5, 0.5 ], "windMode": [-1,-1,-1,-1], "windData": [1,1,1,1] }
															}
														}
													]
												}
											]
										}
									]
								}
							]
						},
						{
							"name": "StrapBottom2",
							"from": [ -3.2, 0.1, 4.2 ],
							"to": [ 0.8, 0.6, 4.5 ],
							"rotationOrigin": [ 0.8, 0.1, 4.5 ],
							"rotationY": -4.0,
							"faces": {
								"north": { "texture": "#saddlemain", "uv": [ 0.0, 0.0, 4.0, 0.5 ] },
								"east": { "texture": "#saddlemain", "uv": [ 0.0, 0.0, 0.5, 0.5 ] },
								"south": { "texture": "#saddlemain", "uv": [ 0.0, 0.0, 4.0, 0.5 ] },
								"west": { "texture": "#saddlemain", "uv": [ 0.0, 0.0, 0.5, 0.5 ] },
								"up": { "texture": "#saddlemain", "uv": [ 0.0, 0.0, 4.0, 0.5 ] },
								"down": { "texture": "#saddlemain", "uv": [ 0.0, 0.0, 4.0, 0.5 ], "windMode": [-1,-1,-1,-1] }
							}
						},
						{
							"name": "StrapMainS2",
							"from": [ -4.2, 0.5, 0.3 ],
							"to": [ 0.3, 1.0, 0.6 ],
							"rotationOrigin": [ -4.2, 0.95, 0.6 ],
							"rotationY": 3.0,
							"faces": {
								"north": { "texture": "#saddlemain", "uv": [ 0.0, 0.0, 4.5, 0.5 ] },
								"south": { "texture": "#saddlemain", "uv": [ 0.0, 0.0, 4.5, 0.5 ] },
								"up": { "texture": "#saddlemain", "uv": [ 0.0, 0.0, 4.5, 0.5 ] },
								"down": { "texture": "#saddlemain", "uv": [ 0.0, 0.0, 4.5, 0.5 ] }
							}
						},
						{
							"name": "StrapMainE2",
							"from": [ 5.9878, -0.0488, 0.1 ],
							"to": [ 8.9878, 0.4512, 0.4 ],
							"rotationOrigin": [ 5.9878, 0.4512, 0.1 ],
							"rotationX": -21.584,
							"rotationY": -79.237,
							"rotationZ": -21.934,
							"faces": {
								"north": { "texture": "#saddlemain", "uv": [ 0.0, 0.0, 3.0, 0.5 ] },
								"south": { "texture": "#saddlemain", "uv": [ 0.0, 0.0, 3.0, 0.5 ] },
								"up": { "texture": "#saddlemain", "uv": [ 0.0, 0.0, 3.0, 0.5 ] },
								"down": { "texture": "#saddlemain", "uv": [ 0.0, 0.0, 3.0, 0.5 ] }
							}
						},
						{
							"name": "StrapE6",
							"from": [ 1.0, 0.3, 0.1 ],
							"to": [ 6.0, 0.8, 0.4 ],
							"rotationOrigin": [ 1.0, 0.8, 0.1 ],
							"rotationZ": -4.0,
							"faces": {
								"north": { "texture": "#saddlemain", "uv": [ 0.0, 0.0, 5.0, 0.5 ] },
								"east": { "texture": "#saddlemain", "uv": [ 0.0, 0.0, 0.5, 0.5 ] },
								"south": { "texture": "#saddlemain", "uv": [ 0.0, 0.0, 5.0, 0.5 ] },
								"west": { "texture": "#saddlemain", "uv": [ 0.0, 0.0, 0.5, 0.5 ] },
								"up": { "texture": "#saddlemain", "uv": [ 0.0, 0.0, 5.0, 0.5 ] },
								"down": { "texture": "#saddlemain", "uv": [ 0.0, 0.0, 5.0, 0.5 ] }
							}
						}
					]
				}
			]
		},
		{
			"name": "ORIGINbridle3",
			"from": [ 7.21, -2.41, 1.73 ],
			"to": [ 8.31, -1.31, 2.83 ],
			"rotationOrigin": [ 7.21, -2.41, 1.73 ],
			"rotationZ": 3.0,
			"faces": {
			},
			"children": [
				{
					"name": "Chanfron4",
					"stepParentName": "Head",
					"from": [ -0.2, 5.2, -0.2 ],
					"to": [ 4.8, 5.8, 4.63 ],
					"rotationOrigin": [ -0.2, 5.2, -0.2 ],
					"faces": {
						"north": { "texture": "#bridlemetal2", "uv": [ 0.0, 0.0, 5.0, 0.5 ], "windMode": [-1,-1,-1,-1], "windData": [1,1,1,1] },
						"east": { "texture": "#bridlemetal2", "uv": [ 0.0, 0.0, 4.5, 0.5 ], "windMode": [-1,-1,-1,-1], "windData": [1,1,1,1] },
						"south": { "texture": "#bridlemetal2", "uv": [ 0.0, 0.0, 5.0, 0.5 ] },
						"west": { "texture": "#bridlemetal2", "uv": [ 0.0, 0.0, 4.5, 0.5 ], "windMode": [-1,-1,-1,-1], "windData": [1,1,1,1] },
						"up": { "texture": "#bridlemetal2", "uv": [ 2.0, 3.0, 7.0, 7.5 ], "windMode": [-1,-1,-1,-1], "windData": [1,1,1,1] },
						"down": { "texture": "#bridlemetal2", "uv": [ 4.0, 3.5, 9.0, 8.0 ], "windMode": [-1,-1,-1,-1], "windData": [1,1,1,1] }
					},
					"children": [
						{
							"name": "Chanfron5",
							"from": [ -3.4, -0.9, 0.1 ],
							"to": [ 0.3, -0.2, 4.73 ],
							"rotationOrigin": [ -3.4, -0.9, 0.1 ],
							"rotationZ": 13.6,
							"faces": {
								"north": { "texture": "#bridlemetal2", "uv": [ 0.0, 0.0, 3.5, 0.5 ], "windMode": [-1,-1,-1,-1], "windData": [1,1,1,1] },
								"east": { "texture": "#bridlemetal2", "uv": [ 0.0, 0.0, 4.5, 0.5 ], "windMode": [-1,-1,-1,-1], "windData": [1,1,1,1] },
								"south": { "texture": "#bridlemetal2", "uv": [ 0.0, 0.0, 3.5, 0.5 ] },
								"west": { "texture": "#bridlemetal2", "uv": [ 0.0, 0.0, 4.5, 0.5 ], "windMode": [-1,-1,-1,-1], "windData": [1,1,1,1] },
								"up": { "texture": "#bridlemetal2", "uv": [ 0.0, 0.0, 3.5, 4.5 ], "windMode": [-1,-1,-1,-1], "windData": [1,1,1,1] },
								"down": { "texture": "#bridlemetal2", "uv": [ 0.0, 0.0, 3.5, 4.5 ], "windMode": [-1,-1,-1,-1], "windData": [1,1,1,1] }
							},
							"children": [
								{
									"name": "Chanfron7",
									"from": [ -0.6232, -0.4392, 4.37 ],
									"to": [ 1.7768, 0.2608, 8.4 ],
									"rotationOrigin": [ -0.6232, 0.2608, 4.37 ],
									"rotationX": -180.0,
									"rotationZ": 41.6,
									"faces": {
										"north": { "texture": "#bridlemetal2", "uv": [ 0.0, 0.0, 2.0, 0.5 ], "windMode": [-1,-1,-1,-1], "windData": [1,1,1,1] },
										"east": { "texture": "#bridlemetal2", "uv": [ 0.0, 0.0, 4.0, 0.5 ], "windMode": [-1,-1,-1,-1], "windData": [1,1,1,1] },
										"south": { "texture": "#bridlemetal2", "uv": [ 0.0, 0.0, 2.0, 0.5 ] },
										"west": { "texture": "#bridlemetal2", "uv": [ 0.0, 0.0, 4.0, 0.5 ], "windMode": [-1,-1,-1,-1], "windData": [1,1,1,1] },
										"up": { "texture": "#bridlemetal2", "uv": [ 3.5, 4.0, 5.5, 8.0 ], "windMode": [-1,-1,-1,-1], "windData": [1,1,1,1] },
										"down": { "texture": "#bridlemetal2", "uv": [ 5.5, 4.5, 7.5, 8.5 ], "windMode": [-1,-1,-1,-1], "windData": [1,1,1,1] }
									},
									"children": [
										{
											"name": "Chanfron8",
											"from": [ 1.8, -0.7, 0.0 ],
											"to": [ 2.8, 0.6, 4.03 ],
											"rotationOrigin": [ 1.8, 0.0, 0.0 ],
											"rotationZ": -90.0,
											"faces": {
												"north": { "texture": "#bridlemetal2", "uv": [ 0.0, 4.5, 0.5, 5.0 ], "autoUv": false, "windMode": [-1,-1,-1,-1], "windData": [1,1,1,1] },
												"east": { "texture": "#bridlemetal2", "uv": [ 6.5, 7.0, 10.5, 8.0 ], "windMode": [-1,-1,-1,-1], "windData": [1,1,1,1] },
												"south": { "texture": "#bridlemetal2", "uv": [ 0.0, 3.5, 0.5, 4.0 ], "autoUv": false },
												"west": { "texture": "#bridlemetal2", "uv": [ 4.5, 6.0, 8.5, 7.0 ], "windMode": [-1,-1,-1,-1], "windData": [1,1,1,1] },
												"up": { "texture": "#bridlemetal2", "uv": [ 4.5, 4.0, 5.5, 8.0 ], "windMode": [-1,-1,-1,-1], "windData": [1,1,1,1] },
												"down": { "texture": "#bridlemetal2", "uv": [ 5.5, 4.5, 6.5, 8.5 ], "windMode": [-1,-1,-1,-1], "windData": [1,1,1,1] }
											}
										},
										{
											"name": "Chanfron13",
											"from": [ 2.77, -2.18, -0.15 ],
											"to": [ 4.37, 0.02, 4.18 ],
											"rotationOrigin": [ 2.8, -1.5, -0.2 ],
											"rotationZ": 56.0,
											"faces": {
												"north": { "texture": "#bridlemetal2", "uv": [ 0.0, 0.0, 1.5, 2.0 ], "windMode": [-1,-1,-1,-1], "windData": [1,1,1,1] },
												"east": { "texture": "#bridlemetal2", "uv": [ 0.0, 0.0, 4.0, 2.0 ], "windMode": [-1,-1,-1,-1], "windData": [1,1,1,1] },
												"south": { "texture": "#bridlemetal2", "uv": [ 0.0, 0.0, 1.5, 2.0 ] },
												"west": { "texture": "#bridlemetal2", "uv": [ 0.0, 0.0, 4.0, 2.0 ], "windMode": [-1,-1,-1,-1], "windData": [1,1,1,1] },
												"up": { "texture": "#bridlemetal2", "uv": [ 0.0, 0.0, 1.5, 4.0 ], "windMode": [-1,-1,-1,-1], "windData": [1,1,1,1] },
												"down": { "texture": "#bridlemetal2", "uv": [ 0.0, 0.0, 1.5, 4.0 ], "windMode": [-1,-1,-1,-1], "windData": [1,1,1,1] }
											},
											"children": [
												{
													"name": "Chanfron30",
													"from": [ -0.1, 0.8, -0.1 ],
													"to": [ 4.7, 1.7, 4.43 ],
													"rotationOrigin": [ -0.07, 1.48, -0.15 ],
													"rotationZ": -47.0,
													"faces": {
														"north": { "texture": "#bridlemetal2", "uv": [ 0.0, 0.0, 4.5, 0.5 ], "windMode": [-1,-1,-1,-1], "windData": [1,1,1,1] },
														"east": { "texture": "#bridlemetal2", "uv": [ 0.0, 0.0, 4.5, 0.5 ], "windMode": [-1,-1,-1,-1], "windData": [1,1,1,1] },
														"south": { "texture": "#bridlemetal2", "uv": [ 0.0, 0.0, 4.5, 0.5 ] },
														"west": { "texture": "#bridlemetal2", "uv": [ 0.0, 0.0, 4.5, 0.5 ], "windMode": [-1,-1,-1,-1], "windData": [1,1,1,1] },
														"up": { "texture": "#bridlemetal2", "uv": [ 0.0, 0.0, 4.5, 4.5 ], "windMode": [-1,-1,-1,-1], "windData": [1,1,1,1] },
														"down": { "texture": "#bridlemetal2", "uv": [ 0.0, 0.0, 4.5, 4.5 ], "windMode": [-1,-1,-1,-1], "windData": [1,1,1,1] }
													}
												}
											]
										}
									]
								}
							]
						},
						{
							"name": "Chanfron9",
							"from": [ 2.2, 0.0, 0.01 ],
							"to": [ 5.2, 1.0, 4.82 ],
							"rotationOrigin": [ 2.2, 0.0, 0.0 ],
							"rotationZ": -49.0,
							"faces": {
								"north": { "texture": "#bridlemetal2", "uv": [ 0.0, 15.0, 3.0, 16.0 ], "windMode": [-1,-1,-1,-1], "windData": [1,1,1,1] },
								"east": { "texture": "#bridlemetal2", "uv": [ 0.0, 0.0, 4.5, 1.0 ], "windMode": [-1,-1,-1,-1], "windData": [1,1,1,1] },
								"south": { "texture": "#bridlemetal2", "uv": [ 13.0, 15.0, 16.0, 16.0 ] },
								"west": { "texture": "#bridlemetal2", "uv": [ 0.0, 0.0, 4.5, 1.0 ], "windMode": [-1,-1,-1,-1], "windData": [1,1,1,1] },
								"up": { "texture": "#bridlemetal2", "uv": [ 3.5, 4.0, 6.5, 8.5 ], "windMode": [-1,-1,-1,-1], "windData": [1,1,1,1] },
								"down": { "texture": "#bridlemetal2", "uv": [ 6.0, 5.5, 9.0, 10.0 ], "windMode": [-1,-1,-1,-1], "windData": [1,1,1,1] }
							},
							"children": [
								{
									"name": "Chanfron10",
									"from": [ 0.5, 1.0, 0.0 ],
									"to": [ 3.0, 1.5, 4.81 ],
									"rotationOrigin": [ 0.5, 1.0, -0.1 ],
									"faces": {
										"north": { "texture": "#bridlemetal2", "uv": [ 0.0, 4.0, 2.5, 4.5 ], "windMode": [-1,-1,-1,-1], "windData": [1,1,1,1] },
										"east": { "texture": "#bridlemetal2", "uv": [ 0.0, 3.5, 4.5, 4.0 ], "windMode": [-1,-1,-1,-1], "windData": [1,1,1,1] },
										"south": { "texture": "#bridlemetal2", "uv": [ 0.0, 4.0, 2.5, 4.5 ] },
										"west": { "texture": "#bridlemetal2", "uv": [ 0.0, 2.5, 4.5, 3.0 ], "windMode": [-1,-1,-1,-1], "windData": [1,1,1,1] },
										"up": { "texture": "#bridlemetal2", "uv": [ 0.0, 0.0, 2.5, 4.5 ], "windMode": [-1,-1,-1,-1], "windData": [1,1,1,1] },
										"down": { "texture": "#bridlemetal2", "uv": [ 0.0, 0.0, 2.5, 4.5 ], "windMode": [-1,-1,-1,-1], "windData": [1,1,1,1] }
									}
								},
								{
									"name": "Chanfron14",
									"from": [ 1.0, 1.5, 0.0 ],
									"to": [ 3.0, 2.0, 4.81 ],
									"rotationOrigin": [ 1.0, 1.5, 0.0 ],
									"faces": {
										"north": { "texture": "#bridlemetal2", "uv": [ 0.0, 2.5, 2.0, 3.0 ], "windMode": [-1,-1,-1,-1], "windData": [1,1,1,1] },
										"east": { "texture": "#bridlemetal2", "uv": [ 0.0, 2.5, 4.5, 3.0 ], "windMode": [-1,-1,-1,-1], "windData": [1,1,1,1] },
										"south": { "texture": "#bridlemetal2", "uv": [ 0.0, 3.5, 2.0, 4.0 ] },
										"west": { "texture": "#bridlemetal2", "uv": [ 0.0, 3.5, 4.5, 4.0 ], "windMode": [-1,-1,-1,-1], "windData": [1,1,1,1] },
										"up": { "texture": "#bridlemetal2", "uv": [ 0.0, 0.0, 2.0, 4.5 ], "windMode": [-1,-1,-1,-1], "windData": [1,1,1,1] },
										"down": { "texture": "#bridlemetal2", "uv": [ 0.0, 0.0, 2.0, 4.5 ], "windMode": [-1,-1,-1,-1], "windData": [1,1,1,1] }
									}
								}
							]
						},
						{
							"name": "Chanfron15",
							"from": [ -0.5, 0.1, 0.0 ],
							"to": [ 2.2, 0.6, 4.83 ],
							"rotationOrigin": [ -0.5, 0.1, 0.0 ],
							"rotationZ": -49.4,
							"faces": {
								"north": { "texture": "#bridlemetal2", "uv": [ 0.0, 0.0, 2.5, 0.5 ], "windMode": [-1,-1,-1,-1], "windData": [1,1,1,1] },
								"east": { "texture": "#bridlemetal2", "uv": [ 0.0, 0.0, 4.5, 0.5 ], "windMode": [-1,-1,-1,-1], "windData": [1,1,1,1] },
								"south": { "texture": "#bridlemetal2", "uv": [ 0.0, 0.0, 2.5, 0.5 ] },
								"west": { "texture": "#bridlemetal2", "uv": [ 0.0, 0.0, 4.5, 0.5 ], "windMode": [-1,-1,-1,-1], "windData": [1,1,1,1] },
								"up": { "texture": "#bridlemetal2", "uv": [ 0.0, 0.0, 2.5, 4.5 ], "windMode": [-1,-1,-1,-1], "windData": [1,1,1,1] },
								"down": { "texture": "#bridlemetal2", "uv": [ 0.0, 0.0, 2.5, 4.5 ], "windMode": [-1,-1,-1,-1], "windData": [1,1,1,1] }
							},
							"children": [
								{
									"name": "Chanfron16",
									"from": [ 4.4, 0.0, 0.02 ],
									"to": [ 8.0, 1.7, 4.81 ],
									"rotationOrigin": [ 4.4, 0.0, 0.0 ],
									"rotationZ": 90.0,
									"faces": {
										"north": { "texture": "#bridlemetal2", "uv": [ 12.0, 14.5, 15.5, 16.0 ], "windMode": [-1,-1,-1,-1], "windData": [1,1,1,1] },
										"east": { "texture": "#bridlemetal2", "uv": [ 3.0, 5.5, 7.5, 7.0 ], "windMode": [-1,-1,-1,-1], "windData": [1,1,1,1] },
										"south": { "texture": "#bridlemetal2", "uv": [ 0.0, 14.5, 3.5, 16.0 ] },
										"west": { "texture": "#bridlemetal2", "uv": [ 8.0, 7.5, 12.5, 9.0 ], "windMode": [-1,-1,-1,-1], "windData": [1,1,1,1] },
										"up": { "texture": "#bridlemetal2", "uv": [ 4.0, 6.5, 7.5, 11.0 ], "windMode": [-1,-1,-1,-1], "windData": [1,1,1,1] },
										"down": { "texture": "#bridlemetal2", "uv": [ 5.0, 6.0, 8.5, 10.5 ], "windMode": [-1,-1,-1,-1], "windData": [1,1,1,1] }
									}
								},
								{
									"name": "Chanfron18",
									"from": [ 0.7, 0.7, 0.1 ],
									"to": [ 2.7, 0.8, 4.73 ],
									"rotationOrigin": [ 0.7, 0.7, 0.1 ],
									"faces": {
										"north": { "texture": "#bridlemetal2", "uv": [ 0.0, 0.0, 2.0, 0.5 ], "windMode": [-1,-1,-1,-1], "windData": [1,1,1,1] },
										"east": { "texture": "#bridlemetal2", "uv": [ 0.0, 0.0, 4.5, 0.5 ], "windMode": [-1,-1,-1,-1], "windData": [1,1,1,1] },
										"south": { "texture": "#bridlemetal2", "uv": [ 0.0, 0.0, 2.0, 0.5 ] },
										"west": { "texture": "#bridlemetal2", "uv": [ 0.0, 0.0, 4.5, 0.5 ], "windMode": [-1,-1,-1,-1], "windData": [1,1,1,1] },
										"up": { "texture": "#bridlemetal2", "uv": [ 0.0, 0.0, 2.0, 4.5 ], "windMode": [-1,-1,-1,-1], "windData": [1,1,1,1] },
										"down": { "texture": "#bridlemetal2", "uv": [ 0.0, 0.0, 2.0, 4.5 ], "windMode": [-1,-1,-1,-1], "windData": [1,1,1,1] }
									}
								},
								{
									"name": "Chanfron19",
									"from": [ 0.7, 1.0, 0.1 ],
									"to": [ 2.7, 1.1, 4.73 ],
									"rotationOrigin": [ 0.7, 1.0, 0.1 ],
									"faces": {
										"north": { "texture": "#bridlemetal2", "uv": [ 0.0, 0.0, 2.0, 0.5 ], "windMode": [-1,-1,-1,-1], "windData": [1,1,1,1] },
										"east": { "texture": "#bridlemetal2", "uv": [ 0.0, 0.0, 4.5, 0.5 ], "windMode": [-1,-1,-1,-1], "windData": [1,1,1,1] },
										"south": { "texture": "#bridlemetal2", "uv": [ 0.0, 0.0, 2.0, 0.5 ] },
										"west": { "texture": "#bridlemetal2", "uv": [ 0.0, 0.0, 4.5, 0.5 ], "windMode": [-1,-1,-1,-1], "windData": [1,1,1,1] },
										"up": { "texture": "#bridlemetal2", "uv": [ 0.0, 0.0, 2.0, 4.5 ], "windMode": [-1,-1,-1,-1], "windData": [1,1,1,1] },
										"down": { "texture": "#bridlemetal2", "uv": [ 0.0, 0.0, 2.0, 4.5 ], "windMode": [-1,-1,-1,-1], "windData": [1,1,1,1] }
									}
								},
								{
									"name": "Chanfron20",
									"from": [ 0.7, 1.3, 0.1 ],
									"to": [ 2.7, 1.4, 4.73 ],
									"rotationOrigin": [ 0.7, 1.3, 0.1 ],
									"faces": {
										"north": { "texture": "#bridlemetal2", "uv": [ 0.0, 0.0, 2.0, 0.5 ], "windMode": [-1,-1,-1,-1], "windData": [1,1,1,1] },
										"east": { "texture": "#bridlemetal2", "uv": [ 0.0, 0.0, 4.5, 0.5 ], "windMode": [-1,-1,-1,-1], "windData": [1,1,1,1] },
										"south": { "texture": "#bridlemetal2", "uv": [ 0.0, 0.0, 2.0, 0.5 ] },
										"west": { "texture": "#bridlemetal2", "uv": [ 0.0, 0.0, 4.5, 0.5 ], "windMode": [-1,-1,-1,-1], "windData": [1,1,1,1] },
										"up": { "texture": "#bridlemetal2", "uv": [ 0.0, 0.0, 2.0, 4.5 ], "windMode": [-1,-1,-1,-1], "windData": [1,1,1,1] },
										"down": { "texture": "#bridlemetal2", "uv": [ 0.0, 0.0, 2.0, 4.5 ], "windMode": [-1,-1,-1,-1], "windData": [1,1,1,1] }
									}
								},
								{
									"name": "Chanfron21",
									"from": [ 1.0, 1.6, 0.1 ],
									"to": [ 2.7, 1.7, 4.73 ],
									"rotationOrigin": [ 1.0, 1.6, 0.1 ],
									"faces": {
										"north": { "texture": "#bridlemetal2", "uv": [ 0.0, 0.0, 1.5, 0.5 ], "windMode": [-1,-1,-1,-1], "windData": [1,1,1,1] },
										"east": { "texture": "#bridlemetal2", "uv": [ 0.0, 0.0, 4.5, 0.5 ], "windMode": [-1,-1,-1,-1], "windData": [1,1,1,1] },
										"south": { "texture": "#bridlemetal2", "uv": [ 0.0, 0.0, 1.5, 0.5 ] },
										"west": { "texture": "#bridlemetal2", "uv": [ 0.0, 0.0, 4.5, 0.5 ], "windMode": [-1,-1,-1,-1], "windData": [1,1,1,1] },
										"up": { "texture": "#bridlemetal2", "uv": [ 0.0, 0.0, 1.5, 4.5 ], "windMode": [-1,-1,-1,-1], "windData": [1,1,1,1] },
										"down": { "texture": "#bridlemetal2", "uv": [ 0.0, 0.0, 1.5, 4.5 ], "windMode": [-1,-1,-1,-1], "windData": [1,1,1,1] }
									}
								},
								{
									"name": "Chanfron22",
									"from": [ 1.7, 1.9, 0.01 ],
									"to": [ 2.7, 2.0, 4.82 ],
									"rotationOrigin": [ 1.7, 1.9, 0.0 ],
									"faces": {
										"north": { "texture": "#bridlemetal2", "uv": [ 0.0, 0.0, 1.0, 0.5 ], "windMode": [-1,-1,-1,-1], "windData": [1,1,1,1] },
										"east": { "texture": "#bridlemetal2", "uv": [ 0.0, 0.0, 4.5, 0.5 ], "windMode": [-1,-1,-1,-1], "windData": [1,1,1,1] },
										"south": { "texture": "#bridlemetal2", "uv": [ 0.0, 0.0, 1.0, 0.5 ] },
										"west": { "texture": "#bridlemetal2", "uv": [ 0.0, 0.0, 4.5, 0.5 ], "windMode": [-1,-1,-1,-1], "windData": [1,1,1,1] },
										"up": { "texture": "#bridlemetal2", "uv": [ 0.0, 0.0, 1.0, 4.5 ], "windMode": [-1,-1,-1,-1], "windData": [1,1,1,1] },
										"down": { "texture": "#bridlemetal2", "uv": [ 0.0, 0.0, 1.0, 4.5 ], "windMode": [-1,-1,-1,-1], "windData": [1,1,1,1] }
									}
								},
								{
									"name": "Chanfron23",
									"from": [ 2.7, 0.5, 0.11 ],
									"to": [ 4.1, 0.6, 4.72 ],
									"rotationOrigin": [ 2.7, 0.5, 0.1 ],
									"rotationZ": 90.0,
									"faces": {
										"north": { "texture": "#bridlemetal2", "uv": [ 0.0, 0.0, 1.0, 0.5 ], "windMode": [-1,-1,-1,-1], "windData": [1,1,1,1] },
										"east": { "texture": "#bridlemetal2", "uv": [ 0.0, 0.0, 4.5, 0.5 ], "windMode": [-1,-1,-1,-1], "windData": [1,1,1,1] },
										"south": { "texture": "#bridlemetal2", "uv": [ 0.0, 0.0, 1.0, 0.5 ] },
										"west": { "texture": "#bridlemetal2", "uv": [ 0.0, 0.0, 4.5, 0.5 ], "windMode": [-1,-1,-1,-1], "windData": [1,1,1,1] },
										"up": { "texture": "#bridlemetal2", "uv": [ 0.0, 0.0, 1.0, 4.5 ], "windMode": [-1,-1,-1,-1], "windData": [1,1,1,1] },
										"down": { "texture": "#bridlemetal2", "uv": [ 0.0, 0.0, 1.0, 4.5 ], "windMode": [-1,-1,-1,-1], "windData": [1,1,1,1] }
									}
								},
								{
									"name": "Chanfron24",
									"from": [ 2.4, 0.5, 0.11 ],
									"to": [ 3.8, 0.6, 4.72 ],
									"rotationOrigin": [ 2.4, 0.5, 0.1 ],
									"rotationZ": 90.0,
									"faces": {
										"north": { "texture": "#bridlemetal2", "uv": [ 0.0, 0.0, 1.0, 0.5 ], "windMode": [-1,-1,-1,-1], "windData": [1,1,1,1] },
										"east": { "texture": "#bridlemetal2", "uv": [ 0.0, 0.0, 4.5, 0.5 ], "windMode": [-1,-1,-1,-1], "windData": [1,1,1,1] },
										"south": { "texture": "#bridlemetal2", "uv": [ 0.0, 0.0, 1.0, 0.5 ] },
										"west": { "texture": "#bridlemetal2", "uv": [ 0.0, 0.0, 4.5, 0.5 ], "windMode": [-1,-1,-1,-1], "windData": [1,1,1,1] },
										"up": { "texture": "#bridlemetal2", "uv": [ 0.0, 0.0, 1.0, 4.5 ], "windMode": [-1,-1,-1,-1], "windData": [1,1,1,1] },
										"down": { "texture": "#bridlemetal2", "uv": [ 0.0, 0.0, 1.0, 4.5 ], "windMode": [-1,-1,-1,-1], "windData": [1,1,1,1] }
									}
								},
								{
									"name": "Chanfron25",
									"from": [ 2.1, 0.5, 0.11 ],
									"to": [ 3.5, 0.6, 4.72 ],
									"rotationOrigin": [ 2.1, 0.5, 0.1 ],
									"rotationZ": 90.0,
									"faces": {
										"north": { "texture": "#bridlemetal2", "uv": [ 0.0, 0.0, 1.0, 0.5 ], "windMode": [-1,-1,-1,-1], "windData": [1,1,1,1] },
										"east": { "texture": "#bridlemetal2", "uv": [ 0.0, 0.0, 4.5, 0.5 ], "windMode": [-1,-1,-1,-1], "windData": [1,1,1,1] },
										"south": { "texture": "#bridlemetal2", "uv": [ 0.0, 0.0, 1.0, 0.5 ] },
										"west": { "texture": "#bridlemetal2", "uv": [ 0.0, 0.0, 4.5, 0.5 ], "windMode": [-1,-1,-1,-1], "windData": [1,1,1,1] },
										"up": { "texture": "#bridlemetal2", "uv": [ 0.0, 0.0, 1.0, 4.5 ], "windMode": [-1,-1,-1,-1], "windData": [1,1,1,1] },
										"down": { "texture": "#bridlemetal2", "uv": [ 0.0, 0.0, 1.0, 4.5 ], "windMode": [-1,-1,-1,-1], "windData": [1,1,1,1] }
									}
								},
								{
									"name": "Chanfron26",
									"from": [ 1.8, 0.5, 0.11 ],
									"to": [ 3.2, 0.6, 4.72 ],
									"rotationOrigin": [ 1.8, 0.5, 0.1 ],
									"rotationZ": 90.0,
									"faces": {
										"north": { "texture": "#bridlemetal2", "uv": [ 0.0, 0.0, 1.0, 0.5 ], "windMode": [-1,-1,-1,-1], "windData": [1,1,1,1] },
										"east": { "texture": "#bridlemetal2", "uv": [ 0.0, 0.0, 4.5, 0.5 ], "windMode": [-1,-1,-1,-1], "windData": [1,1,1,1] },
										"south": { "texture": "#bridlemetal2", "uv": [ 0.0, 0.0, 1.0, 0.5 ] },
										"west": { "texture": "#bridlemetal2", "uv": [ 0.0, 0.0, 4.5, 0.5 ], "windMode": [-1,-1,-1,-1], "windData": [1,1,1,1] },
										"up": { "texture": "#bridlemetal2", "uv": [ 0.0, 0.0, 1.0, 4.5 ], "windMode": [-1,-1,-1,-1], "windData": [1,1,1,1] },
										"down": { "texture": "#bridlemetal2", "uv": [ 0.0, 0.0, 1.0, 4.5 ], "windMode": [-1,-1,-1,-1], "windData": [1,1,1,1] }
									}
								},
								{
									"name": "Chanfron27",
									"from": [ 1.5, 0.5, 0.11 ],
									"to": [ 2.7, 0.6, 4.72 ],
									"rotationOrigin": [ 1.5, 0.5, 0.1 ],
									"rotationZ": 90.0,
									"faces": {
										"north": { "texture": "#bridlemetal2", "uv": [ 0.0, 0.0, 1.0, 0.5 ], "windMode": [-1,-1,-1,-1], "windData": [1,1,1,1] },
										"east": { "texture": "#bridlemetal2", "uv": [ 0.0, 0.0, 4.5, 0.5 ], "windMode": [-1,-1,-1,-1], "windData": [1,1,1,1] },
										"south": { "texture": "#bridlemetal2", "uv": [ 0.0, 0.0, 1.0, 0.5 ] },
										"west": { "texture": "#bridlemetal2", "uv": [ 0.0, 0.0, 4.5, 0.5 ], "windMode": [-1,-1,-1,-1], "windData": [1,1,1,1] },
										"up": { "texture": "#bridlemetal2", "uv": [ 0.0, 0.0, 1.0, 4.5 ], "windMode": [-1,-1,-1,-1], "windData": [1,1,1,1] },
										"down": { "texture": "#bridlemetal2", "uv": [ 0.0, 0.0, 1.0, 4.5 ], "windMode": [-1,-1,-1,-1], "windData": [1,1,1,1] }
									}
								},
								{
									"name": "Chanfron28",
									"from": [ 1.2, 0.5, 0.11 ],
									"to": [ 2.4, 0.6, 4.72 ],
									"rotationOrigin": [ 1.2, 0.5, 0.1 ],
									"rotationZ": 90.0,
									"faces": {
										"north": { "texture": "#bridlemetal2", "uv": [ 0.0, 0.0, 1.0, 0.5 ], "windMode": [-1,-1,-1,-1], "windData": [1,1,1,1] },
										"east": { "texture": "#bridlemetal2", "uv": [ 0.0, 0.0, 4.5, 0.5 ], "windMode": [-1,-1,-1,-1], "windData": [1,1,1,1] },
										"south": { "texture": "#bridlemetal2", "uv": [ 0.0, 0.0, 1.0, 0.5 ] },
										"west": { "texture": "#bridlemetal2", "uv": [ 0.0, 0.0, 4.5, 0.5 ], "windMode": [-1,-1,-1,-1], "windData": [1,1,1,1] },
										"up": { "texture": "#bridlemetal2", "uv": [ 0.0, 0.0, 1.0, 4.5 ], "windMode": [-1,-1,-1,-1], "windData": [1,1,1,1] },
										"down": { "texture": "#bridlemetal2", "uv": [ 0.0, 0.0, 1.0, 4.5 ], "windMode": [-1,-1,-1,-1], "windData": [1,1,1,1] }
									}
								},
								{
									"name": "Chanfron29",
									"from": [ 0.9, 0.5, 0.11 ],
									"to": [ 2.1, 0.6, 4.72 ],
									"rotationOrigin": [ 0.9, 0.5, 0.1 ],
									"rotationZ": 90.0,
									"faces": {
										"north": { "texture": "#bridlemetal2", "uv": [ 0.0, 0.0, 1.0, 0.5 ], "windMode": [-1,-1,-1,-1], "windData": [1,1,1,1] },
										"east": { "texture": "#bridlemetal2", "uv": [ 0.0, 0.0, 4.5, 0.5 ], "windMode": [-1,-1,-1,-1], "windData": [1,1,1,1] },
										"south": { "texture": "#bridlemetal2", "uv": [ 0.0, 0.0, 1.0, 0.5 ] },
										"west": { "texture": "#bridlemetal2", "uv": [ 0.0, 0.0, 4.5, 0.5 ], "windMode": [-1,-1,-1,-1], "windData": [1,1,1,1] },
										"up": { "texture": "#bridlemetal2", "uv": [ 0.0, 0.0, 1.0, 4.5 ], "windMode": [-1,-1,-1,-1], "windData": [1,1,1,1] },
										"down": { "texture": "#bridlemetal2", "uv": [ 0.0, 0.0, 1.0, 4.5 ], "windMode": [-1,-1,-1,-1], "windData": [1,1,1,1] }
									}
								}
							]
						},
						{
							"name": "Chanfron",
							"from": [ -3.57, -0.43, 0.42 ],
							"to": [ -0.77, -0.13, 4.45 ],
							"rotationOrigin": [ -3.5391, -0.4321, 0.42 ],
							"rotationZ": 14.0,
							"faces": {
								"north": { "texture": "#bridlemetal2", "uv": [ 5.5, 0.0, 8.0, 0.5 ], "windMode": [-1,-1,-1,-1], "windData": [1,1,1,1] },
								"east": { "texture": "#bridlemetal2", "uv": [ 6.5, 0.0, 10.5, 0.5 ], "windMode": [-1,-1,-1,-1], "windData": [1,1,1,1] },
								"south": { "texture": "#bridlemetal2", "uv": [ 5.0, 0.0, 7.5, 0.5 ] },
								"west": { "texture": "#bridlemetal2", "uv": [ 3.0, 0.0, 7.0, 0.5 ], "windMode": [-1,-1,-1,-1], "windData": [1,1,1,1] },
								"up": { "texture": "#bridlemetal2", "uv": [ 4.0, 3.0, 6.5, 7.0 ], "windMode": [-1,-1,-1,-1], "windData": [1,1,1,1] },
								"down": { "texture": "#bridlemetal2", "uv": [ 3.0, 2.0, 5.5, 6.0 ], "windMode": [-1,-1,-1,-1], "windData": [1,1,1,1] }
							},
							"children": [
								{
									"name": "Chanfron2",
									"from": [ 2.8, 0.0, 0.0 ],
									"to": [ 5.6, 0.3, 4.03 ],
									"rotationOrigin": [ 2.8278, 0.3, 0.0 ],
									"rotationZ": -7.5,
									"faces": {
										"north": { "texture": "#bridlemetal2", "uv": [ 5.5, 0.0, 8.0, 0.5 ], "windMode": [-1,-1,-1,-1], "windData": [1,1,1,1] },
										"east": { "texture": "#bridlemetal2", "uv": [ 6.5, 0.0, 10.5, 0.5 ], "windMode": [-1,-1,-1,-1], "windData": [1,1,1,1] },
										"south": { "texture": "#bridlemetal2", "uv": [ 5.0, 0.0, 7.5, 0.5 ] },
										"west": { "texture": "#bridlemetal2", "uv": [ 5.5, 0.0, 9.5, 0.5 ], "windMode": [-1,-1,-1,-1], "windData": [1,1,1,1] },
										"up": { "texture": "#bridlemetal2", "uv": [ 4.5, 5.5, 7.0, 9.5 ], "windMode": [-1,-1,-1,-1], "windData": [1,1,1,1] },
										"down": { "texture": "#bridlemetal2", "uv": [ 4.5, 6.0, 7.0, 10.0 ], "windMode": [-1,-1,-1,-1], "windData": [1,1,1,1] }
									},
									"children": [
										{
											"name": "Chanfron3",
											"from": [ 2.8, 0.0, 0.0 ],
											"to": [ 4.8, 0.3, 4.03 ],
											"rotationOrigin": [ 2.8278, 0.3, 0.0 ],
											"rotationZ": -12.0,
											"faces": {
												"north": { "texture": "#bridlemetal2", "uv": [ 0.0, 0.0, 2.0, 0.5 ], "windMode": [-1,-1,-1,-1], "windData": [1,1,1,1] },
												"east": { "texture": "#bridlemetal2", "uv": [ 0.0, 0.0, 4.0, 0.5 ], "windMode": [-1,-1,-1,-1], "windData": [1,1,1,1] },
												"south": { "texture": "#bridlemetal2", "uv": [ 0.0, 0.0, 2.0, 0.5 ] },
												"west": { "texture": "#bridlemetal2", "uv": [ 0.0, 0.0, 4.0, 0.5 ], "windMode": [-1,-1,-1,-1], "windData": [1,1,1,1] },
												"up": { "texture": "#bridlemetal2", "uv": [ 3.5, 7.0, 5.5, 11.0 ], "windMode": [-1,-1,-1,-1], "windData": [1,1,1,1] },
												"down": { "texture": "#bridlemetal2", "uv": [ 5.0, 3.0, 7.0, 7.0 ], "windMode": [-1,-1,-1,-1], "windData": [1,1,1,1] }
											}
										},
										{
											"name": "Chanfron11",
											"from": [ 0.4, -0.2, 0.9 ],
											"to": [ 2.4, 0.4, 3.03 ],
											"rotationOrigin": [ 0.4278, 0.1, 0.9 ],
											"rotationZ": 15.0,
											"faces": {
												"north": { "texture": "#bridlemetal2", "uv": [ 5.5, 4.5, 7.5, 5.0 ], "windMode": [-1,-1,-1,-1], "windData": [1,1,1,1] },
												"east": { "texture": "#bridlemetal2", "uv": [ 3.0, 3.5, 5.0, 4.0 ], "windMode": [-1,-1,-1,-1], "windData": [1,1,1,1] },
												"south": { "texture": "#bridlemetal2", "uv": [ 6.0, 5.5, 8.0, 6.0 ] },
												"west": { "texture": "#bridlemetal2", "uv": [ 3.5, 4.5, 5.5, 5.0 ], "windMode": [-1,-1,-1,-1], "windData": [1,1,1,1] },
												"up": { "texture": "#bridlemetal2", "uv": [ 3.0, 2.0, 5.0, 4.0 ], "windMode": [-1,-1,-1,-1], "windData": [1,1,1,1] },
												"down": { "texture": "#bridlemetal2", "uv": [ 3.0, 2.0, 5.0, 4.0 ], "windMode": [-1,-1,-1,-1], "windData": [1,1,1,1] }
											},
											"children": [
												{
													"name": "Chanfron12",
													"from": [ 1.9, -0.9, 0.01 ],
													"to": [ 6.8, 0.6, 2.12 ],
													"rotationOrigin": [ 1.93, 0.4, 0.0 ],
													"rotationZ": -25.0,
													"faces": {
														"north": { "texture": "#bridlemetal2", "uv": [ 3.0, 3.5, 7.5, 5.0 ], "windMode": [-1,-1,-1,-1], "windData": [1,1,1,1] },
														"east": { "texture": "#bridlemetal2", "uv": [ 2.5, 2.5, 4.5, 4.0 ], "windMode": [-1,-1,-1,-1], "windData": [1,1,1,1] },
														"south": { "texture": "#bridlemetal2", "uv": [ 2.5, 3.0, 7.0, 4.5 ] },
														"west": { "texture": "#bridlemetal2", "uv": [ 5.5, 6.5, 7.5, 8.0 ], "windMode": [-1,-1,-1,-1], "windData": [1,1,1,1] },
														"up": { "texture": "#bridlemetal2", "uv": [ 1.5, 4.0, 6.0, 6.0 ], "windMode": [-1,-1,-1,-1], "windData": [1,1,1,1] },
														"down": { "texture": "#bridlemetal2", "uv": [ 3.0, 2.0, 7.5, 4.0 ], "windMode": [-1,-1,-1,-1], "windData": [1,1,1,1] }
													},
													"children": [
														{
															"name": "horn6",
															"from": [ 2.834, 0.44, -0.89 ],
															"to": [ 4.574, 1.68, 0.55 ],
															"rotationOrigin": [ 3.554, 0.44, -0.1716 ],
															"rotationX": 88.819,
															"rotationY": 13.722,
															"rotationZ": -109.4921,
															"faces": {
																"north": { "texture": "#bridlemetal2", "uv": [ 8.0, 10.0, 9.75, 12.8 ], "autoUv": false },
																"east": { "texture": "#bridlemetal2", "uv": [ 5.0, 7.5, 6.75, 10.3 ], "autoUv": false },
																"south": { "texture": "#bridlemetal2", "uv": [ 4.0, 3.5, 5.75, 6.3 ], "autoUv": false },
																"west": { "texture": "#bridlemetal2", "uv": [ 2.5, 3.0, 4.25, 5.8 ], "autoUv": false },
																"up": { "texture": "#bridlemetal2", "uv": [ 3.0, 3.5, 4.75, 5.25 ], "autoUv": false },
																"down": { "texture": "#bridlemetal2", "uv": [ 4.0, 5.5, 5.75, 7.25 ], "autoUv": false }
															}
														},
														{
															"name": "horn1",
															"from": [ 2.8416, 0.3652, 1.58 ],
															"to": [ 4.5816, 1.6052, 3.02 ],
															"rotationOrigin": [ 3.5616, 0.3652, 2.2989 ],
															"rotationX": -88.819,
															"rotationY": -13.722,
															"rotationZ": -109.4921,
															"faces": {
																"north": { "texture": "#bridlemetal2", "uv": [ 4.0, 4.0, 5.75, 6.8 ], "autoUv": false },
																"east": { "texture": "#bridlemetal2", "uv": [ 3.5, 3.0, 5.25, 5.8 ], "autoUv": false },
																"south": { "texture": "#bridlemetal2", "uv": [ 6.5, 5.5, 8.25, 8.3 ], "autoUv": false },
																"west": { "texture": "#bridlemetal2", "uv": [ 4.5, 8.0, 6.25, 10.8 ], "autoUv": false },
																"up": { "texture": "#bridlemetal2", "uv": [ 4.5, 5.5, 6.25, 7.25 ], "autoUv": false },
																"down": { "texture": "#bridlemetal2", "uv": [ 6.0, 5.0, 7.75, 6.75 ], "autoUv": false }
															}
														}
													]
												}
											]
										}
									]
								},
								{
									"name": "Chanfron6",
									"stepParentName": "Muzzle",
									"from": [ 0.0, 0.1, 3.7 ],
									"to": [ 3.6, 0.4, 7.821 ],
									"rotationOrigin": [ 0.0, 0.4, 3.8 ],
									"rotationY": 180.0,
									"rotationZ": -17.0,
									"faces": {
										"north": { "texture": "#bridlemetal2", "uv": [ 5.0, 0.0, 8.5, 0.5 ], "windMode": [-1,-1,-1,-1], "windData": [1,1,1,1] },
										"east": { "texture": "#bridlemetal2", "uv": [ 3.5, 5.0, 7.5, 5.5 ], "windMode": [-1,-1,-1,-1], "windData": [1,1,1,1] },
										"south": { "texture": "#bridlemetal2", "uv": [ 4.0, 0.0, 7.5, 0.5 ] },
										"west": { "texture": "#bridlemetal2", "uv": [ 3.5, 3.5, 7.5, 4.0 ], "windMode": [-1,-1,-1,-1], "windData": [1,1,1,1] },
										"up": { "texture": "#bridlemetal2", "uv": [ 6.5, 4.5, 10.0, 8.5 ], "windMode": [-1,-1,-1,-1], "windData": [1,1,1,1] },
										"down": { "texture": "#bridlemetal2", "uv": [ 4.5, 3.5, 8.0, 7.5 ], "windMode": [-1,-1,-1,-1], "windData": [1,1,1,1] }
									},
									"children": [
										{
											"name": "Chanfron17",
											"from": [ 0.3, -0.5, 0.01 ],
											"to": [ 3.5, 0.0, 4.22 ],
											"rotationOrigin": [ 0.3, 0.2, 0.1 ],
											"faces": {
												"north": { "texture": "#bridlemetal2", "uv": [ 3.5, 8.0, 6.5, 8.5 ], "windMode": [-1,-1,-1,-1], "windData": [1,1,1,1] },
												"east": { "texture": "#bridlemetal2", "uv": [ 6.0, 8.0, 10.0, 8.5 ], "windMode": [-1,-1,-1,-1], "windData": [1,1,1,1] },
												"south": { "texture": "#bridlemetal2", "uv": [ 7.5, 6.5, 10.5, 7.0 ] },
												"west": { "texture": "#bridlemetal2", "uv": [ 7.0, 6.5, 11.0, 7.0 ], "windMode": [-1,-1,-1,-1], "windData": [1,1,1,1] },
												"up": { "texture": "#bridlemetal2", "uv": [ 6.0, 10.5, 9.0, 14.5 ], "windMode": [-1,-1,-1,-1], "windData": [1,1,1,1] },
												"down": { "texture": "#bridlemetal2", "uv": [ 5.5, 4.5, 8.5, 8.5 ], "windMode": [-1,-1,-1,-1], "windData": [1,1,1,1] }
											}
										}
									]
								}
							]
						}
					]
				}
			]
		}
	]}