[
  {
    "code": "blanketdye1a",
    "sealHours": 4,
    "ingredients": [
      {
        "type": "item",
        "code": "game:dye-*",
        "name": "color",
        "allowedVariants": [ "white", "black", "green", "blue", "orange", "red", "yellow", "purple", "pink", "gray" ],
        "litres": 4,
        "consumeLitres": 4
      },
      {
        "type": "item",
        "code": "tackblanket-cloth-colored-normal",
        "quantity": 1
      }
    ],
    "recipeGroup": 1,
    "output": {
      "type": "item",
      "code": "tackblanket-cloth-colored-{color}",
      "stackSize": 1
    }
  },
    {
    "code": "blanketdye1b",
    "sealHours": 4,
    "ingredients": [
      {
        "type": "item",
        "code": "game:dye-*",
        "name": "color",
        "allowedVariants": [ "white", "black", "green", "blue", "orange", "red", "yellow", "purple", "pink", "gray" ],
        "litres": 4,
        "consumeLitres": 4
      },
      {
        "type": "item",
        "code": "tackblanket-cloth-white-normal",
        "quantity": 1
      }
    ],
    "recipeGroup": 1,
    "output": {
      "type": "item",
      "code": "tackblanket-cloth-white-{color}",
      "stackSize": 1
    }
  },
    {
    "code": "blanketdye1c",
    "sealHours": 4,
    "ingredients": [
      {
        "type": "item",
        "code": "game:dye-*",
        "name": "color",
        "allowedVariants": [ "white", "black", "green", "blue", "orange", "red", "yellow", "purple", "pink", "gray" ],
        "litres": 4,
        "consumeLitres": 4
      },
      {
        "type": "item",
        "code": "tackblanket-cloth-brown-normal",
        "quantity": 1
      }
    ],
    "recipeGroup": 1,
    "output": {
      "type": "item",
      "code": "tackblanket-cloth-brown-{color}",
      "stackSize": 1
    }
  },
    {
    "code": "blanketdye1d",
    "sealHours": 4,
    "ingredients": [
      {
        "type": "item",
        "code": "game:dye-*",
        "name": "color",
        "allowedVariants": [ "white", "black", "green", "blue", "orange", "red", "yellow", "purple", "pink", "gray" ],
        "litres": 4,
        "consumeLitres": 4
      },
      {
        "type": "item",
        "code": "tackblanket-cloth-black-normal",
        "quantity": 1
      }
    ],
    "recipeGroup": 1,
    "output": {
      "type": "item",
      "code": "tackblanket-cloth-black-{color}",
      "stackSize": 1
    }
  },
  {
    "code": "blanketdye2",
    "sealHours": 4,
    "ingredients": [
      {
        "type": "item",
        "code": "game:strongtanninportion",
        "litres": 4,
        "consumeLitres": 4
      },
      {
        "type": "item",
        "code": "tackblanket-cloth-*-normal",
        "name": "lining",
        "quantity": 1
      }
    ],
    "recipeGroup": 2,
    "output": {
      "type": "item",
      "code": "tackblanket-cloth-{lining}-brown",
      "stackSize": 1
    }
  },
  {
    "code": "blanketdye3",
    "sealHours": 4,
    "ingredients": [
      {
        "type": "item",
        "code": "game:dye-woad",
        "litres": 4,
        "consumeLitres": 4
      },
      {
        "type": "item",
        "code": "tackblanket-cloth-*-normal",
        "name": "lining",
        "quantity": 1
      }
    ],
    "recipeGroup": 3,
    "output": {
      "type": "item",
      "code": "tackblanket-cloth-{lining}-blue",
      "stackSize": 1
    }
  },
    {
    "code": "blanketdye4a",
    "sealHours": 4,
    "ingredients": [
      {
        "type": "item",
        "code": "game:dye-*",
        "name": "color",
        "allowedVariants": [ "white", "black", "green", "blue", "orange", "red", "yellow", "purple", "pink", "gray" ],
        "litres": 4,
        "consumeLitres": 4
      },
      {
        "type": "item",
        "code": "tackblanket-linen-colored-normal",
        "quantity": 1
      }
    ],
    "recipeGroup": 1,
    "output": {
      "type": "item",
      "code": "tackblanket-linen-colored-{color}",
      "stackSize": 1
    }
  },
      {
    "code": "blanketdye4b",
    "sealHours": 4,
    "ingredients": [
      {
        "type": "item",
        "code": "game:dye-*",
        "name": "color",
        "allowedVariants": [ "white", "black", "green", "blue", "orange", "red", "yellow", "purple", "pink", "gray" ],
        "litres": 4,
        "consumeLitres": 4
      },
      {
        "type": "item",
        "code": "tackblanket-linen-white-normal",
        "quantity": 1
      }
    ],
    "recipeGroup": 1,
    "output": {
      "type": "item",
      "code": "tackblanket-linen-white-{color}",
      "stackSize": 1
    }
  },
      {
    "code": "blanketdye4c",
    "sealHours": 4,
    "ingredients": [
      {
        "type": "item",
        "code": "game:dye-*",
        "name": "color",
        "allowedVariants": [ "white", "black", "green", "blue", "orange", "red", "yellow", "purple", "pink", "gray" ],
        "litres": 4,
        "consumeLitres": 4
      },
      {
        "type": "item",
        "code": "tackblanket-linen-brown-normal",
        "quantity": 1
      }
    ],
    "recipeGroup": 1,
    "output": {
      "type": "item",
      "code": "tackblanket-linen-brown-{color}",
      "stackSize": 1
    }
  },
      {
    "code": "blanketdye4d",
    "sealHours": 4,
    "ingredients": [
      {
        "type": "item",
        "code": "game:dye-*",
        "name": "color",
        "allowedVariants": [ "white", "black", "green", "blue", "orange", "red", "yellow", "purple", "pink", "gray" ],
        "litres": 4,
        "consumeLitres": 4
      },
      {
        "type": "item",
        "code": "tackblanket-linen-black-normal",
        "quantity": 1
      }
    ],
    "recipeGroup": 1,
    "output": {
      "type": "item",
      "code": "tackblanket-linen-black-{color}",
      "stackSize": 1
    }
  },
  {
    "code": "blanketdye5",
    "sealHours": 4,
    "ingredients": [
      {
        "type": "item",
        "code": "game:strongtanninportion",
        "litres": 4,
        "consumeLitres": 4
      },
      {
        "type": "item",
        "code": "tackblanket-linen-*-normal",
        "name": "lining",
        "quantity": 1
      }
    ],
    "recipeGroup": 2,
    "output": {
      "type": "item",
      "code": "tackblanket-linen-{lining}-brown",
      "stackSize": 1
    }
  },
  {
    "code": "blanketdye6",
    "sealHours": 4,
    "ingredients": [
      {
        "type": "item",
        "code": "game:dye-woad",
        "litres": 4,
        "consumeLitres": 4
      },
      {
        "type": "item",
        "code": "tackblanket-linen-*-normal",
        "name": "lining",
        "quantity": 1
      }
    ],
    "recipeGroup": 3,
    "output": {
      "type": "item",
      "code": "tackblanket-linen-{lining}-blue",
      "stackSize": 1
    }
  },
]