[
  {
    "code": "saddlewesterndye",
    "sealHours": 10,
    "ingredients": [
      {
        "type": "item",
        "code": "game:dye-*",
        "name": "color",
        "allowedVariants": [ "white", "black", "green", "blue", "orange", "red", "yellow", "purple", "pink", "gray" ],
        "litres": 10,
        "consumeLitres": 10
      },
      {
        "type": "item",
        "code": "tacksaddle-western-plain",
        "quantity": 1
      }
    ],
    "recipeGroup": 1,
    "output": {
      "type": "item",
      "code": "tacksaddle-western-{color}",
      "stackSize": 1
    }
  },
  {
    "code": "saddlewesterntannin",
    "sealHours": 10,
    "ingredients": [
      {
        "type": "item",
        "code": "game:strongtanninportion",
        "litres": 10,
        "consumeLitres": 10
      },
      {
        "type": "item",
        "code": "tacksaddle-western-plain",
        "quantity": 1
      }
    ],
    "recipeGroup": 2,
    "output": {
      "type": "item",
      "code": "tacksaddle-western-brown",
      "stackSize": 1
    }
  },
  {
    "code": "saddlewesternwoad",
    "sealHours": 10,
    "ingredients": [
      {
        "type": "item",
        "code": "game:dye-woad",
        "litres": 10,
        "consumeLitres": 10
      },
      {
        "type": "item",
        "code": "tacksaddle-western-plain",
        "quantity": 1
      }
    ],
    "recipeGroup": 3,
    "output": {
      "type": "item",
      "code": "tacksaddle-western-blue",
      "stackSize": 1
    }
  },
  {
    "code": "saddleornatedye",
    "sealHours": 10,
    "ingredients": [
      {
        "type": "item",
        "code": "game:dye-*",
        "name": "color",
        "allowedVariants": [ "white", "black", "green", "blue", "orange", "red", "yellow", "purple", "pink", "gray" ],
        "litres": 10,
        "consumeLitres": 10
      },
      {
        "type": "item",
        "code": "tacksaddle-ornate-plain",
        "quantity": 1
      }
    ],
    "recipeGroup": 1,
    "output": {
      "type": "item",
      "code": "tacksaddle-ornate-{color}",
      "stackSize": 1
    }
  },
  {
    "code": "saddleornatetannin",
    "sealHours": 10,
    "ingredients": [
      {
        "type": "item",
        "code": "game:strongtanninportion",
        "litres": 10,
        "consumeLitres": 10
      },
      {
        "type": "item",
        "code": "tacksaddle-ornate-plain",
        "quantity": 1
      }
    ],
    "recipeGroup": 2,
    "output": {
      "type": "item",
      "code": "tacksaddle-ornate-brown",
      "stackSize": 1
    }
  },
  {
    "code": "saddleornatewoad",
    "sealHours": 10,
    "ingredients": [
      {
        "type": "item",
        "code": "game:dye-woad",
        "litres": 10,
        "consumeLitres": 10
      },
      {
        "type": "item",
        "code": "tacksaddle-ornate-plain",
        "quantity": 1
      }
    ],
    "recipeGroup": 3,
    "output": {
      "type": "item",
      "code": "tacksaddle-ornate-blue",
      "stackSize": 1
    }
  },
  {
    "code": "saddleancientdye",
    "sealHours": 10,
    "ingredients": [
      {
        "type": "item",
        "code": "game:dye-*",
        "name": "color",
        "allowedVariants": [ "white", "black", "orange", "gray" ],
        "litres": 10,
        "consumeLitres": 10
      },
      {
        "type": "item",
        "code": "tacksaddle-ancient-plain",
        "quantity": 1
      }
    ],
    "recipeGroup": 1,
    "output": {
      "type": "item",
      "code": "tacksaddle-ancient-{color}",
      "stackSize": 1
    }
  },
  {
    "code": "saddleancienttannin",
    "sealHours": 10,
    "ingredients": [
      {
        "type": "item",
        "code": "game:strongtanninportion",
        "litres": 10,
        "consumeLitres": 10
      },
      {
        "type": "item",
        "code": "tacksaddle-ancient-plain",
        "quantity": 1
      }
    ],
    "recipeGroup": 2,
    "output": {
      "type": "item",
      "code": "tacksaddle-ancient-brown",
      "stackSize": 1
    }
  }
]