{
	"editor": {
		"backDropShape": "D:/VSModding/REPOS/vsWorkbench/Entitybackdrops/ferus-adult",
		"allAngles": false,
		"entityTextureMode": true
	},
	"textureWidth": 16,
	"textureHeight": 16,
	"textureSizes": {
	},
	"textures": {
		"quiver": "item/bag/quiver"
	},
	"elements": [
		{
			"name": "origin",
			"stepParentName": "Hind",
			"from": [ 3.0, 7.4, 6.0 ],
			"to": [ 3.0, 7.4, 6.0 ],
			"uv": [ 0.0, 0.0 ],
			"rotationOrigin": [ 5.0, 9.3, 5.0 ],
			"rotationX": -90.0,
			"rotationZ": 135.0,
			"faces": {
			},
			"children": [
				{
					"name": "body",
					"from": [ 0.6, -3.0, -0.7 ],
					"to": [ 3.6, 3.0, 0.3 ],
					"autoUnwrap": false,
					"uv": [ 0.0, 0.0 ],
					"rotationOrigin": [ 2.1, 2.0, -0.2 ],
					"rotationX": -1.0,
					"faces": {
						"north": { "texture": "#quiver", "uv": [ 1.0, 1.0, 4.0, 7.0 ] },
						"east": { "texture": "#quiver", "uv": [ 0.0, 1.0, 1.0, 7.0 ] },
						"south": { "texture": "#quiver", "uv": [ 5.0, 1.0, 8.0, 7.0 ] },
						"west": { "texture": "#quiver", "uv": [ 4.0, 1.0, 5.0, 7.0 ] },
						"up": { "texture": "#quiver", "uv": [ 0.0, 0.0, 3.0, 1.0 ] },
						"down": { "texture": "#quiver", "uv": [ 5.0, 7.0, 8.0, 8.0 ] }
					},
					"children": [
						{
							"name": "topflap",
							"from": [ 0.0, 6.0, 0.5 ],
							"to": [ 3.0, 8.0, 0.8 ],
							"autoUnwrap": false,
							"uv": [ 9.0, 4.0 ],
							"rotationOrigin": [ 0.0, 5.0, 0.5 ],
							"faces": {
								"north": { "texture": "#quiver", "uv": [ 8.5, 0.5, 11.5, 2.5 ] },
								"east": { "texture": "#quiver", "uv": [ 8.0, 0.5, 8.5, 2.5 ] },
								"south": { "texture": "#quiver", "uv": [ 12.0, 0.5, 15.0, 2.5 ] },
								"west": { "texture": "#quiver", "uv": [ 11.5, 0.5, 12.0, 2.5 ] },
								"up": { "texture": "#quiver", "uv": [ 8.5, 0.0, 11.5, 0.5 ] }
							},
							"children": [
								{
									"name": "strap",
									"from": [ 0.0, 1.0, -0.5 ],
									"to": [ 3.0, 1.4, 0.0 ],
									"autoUnwrap": false,
									"uv": [ 0.0, 7.0 ],
									"rotationOrigin": [ 0.0, 1.0, -0.5 ],
									"faces": {
										"north": { "texture": "#quiver", "uv": [ 0.0, 7.5, 3.0, 8.0 ] },
										"east": { "texture": "#quiver", "uv": [ 3.0, 0.0, 3.5, 0.5 ] },
										"west": { "texture": "#quiver", "uv": [ 3.5, 0.5, 4.0, 1.0 ] },
										"up": { "texture": "#quiver", "uv": [ 0.0, 0.0, 3.0, 0.5 ] },
										"down": { "texture": "#quiver", "uv": [ 1.0, 0.0, 4.0, 0.5 ] }
									}
								}
							]
						},
						{
							"name": "bottom",
							"from": [ 0.3, -0.5, 0.1 ],
							"to": [ 2.7, 0.0, 0.9 ],
							"uv": [ 8.0, 2.5 ],
							"rotationOrigin": [ 0.3, -0.5, 0.1 ],
							"faces": {
								"north": { "texture": "#quiver", "uv": [ 8.0, 3.0, 10.0, 3.5 ] },
								"east": { "texture": "#quiver", "uv": [ 10.0, 3.0, 10.5, 3.5 ] },
								"south": { "texture": "#quiver", "uv": [ 10.5, 3.0, 12.5, 3.5 ] },
								"west": { "texture": "#quiver", "uv": [ 12.5, 3.0, 13.0, 3.5 ] },
								"down": { "texture": "#quiver", "uv": [ 8.0, 2.5, 10.0, 3.0 ] }
							}
						},
						{
							"name": "arrow1",
							"from": [ 0.2, 5.9, 0.2 ],
							"to": [ 0.6, 10.9, 0.6 ],
							"uv": [ 0.0, 8.0 ],
							"rotationOrigin": [ 0.2, 5.9, 0.2 ],
							"rotationY": -22.5,
							"faces": {
								"north": { "texture": "#quiver", "uv": [ 0.0, 8.5, 0.5, 13.5 ] },
								"east": { "texture": "#quiver", "uv": [ 0.5, 8.5, 1.0, 13.5 ] },
								"south": { "texture": "#quiver", "uv": [ 1.0, 8.5, 1.5, 13.5 ] },
								"west": { "texture": "#quiver", "uv": [ 1.5, 8.5, 2.0, 13.5 ] },
								"up": { "texture": "#quiver", "uv": [ 0.0, 8.0, 0.5, 8.5 ] }
							},
							"children": [
								{
									"name": "feathers",
									"from": [ 0.2, 4.0, -0.3 ],
									"to": [ 0.2, 5.0, 0.7 ],
									"uv": [ 2.0, 8.5 ],
									"rotationOrigin": [ 0.2, 4.0, 0.2 ],
									"rotationY": -45.0,
									"faces": {
										"west": { "texture": "#quiver", "uv": [ 2.0, 8.5, 3.0, 9.5 ] }
									}
								},
								{
									"name": "feathers8",
									"from": [ 0.2, 4.0, -0.3 ],
									"to": [ 0.2, 5.0, 0.7 ],
									"uv": [ 2.0, 8.5 ],
									"rotationOrigin": [ 0.2, 4.0, 0.2 ],
									"rotationY": 45.0,
									"faces": {
										"west": { "texture": "#quiver", "uv": [ 2.0, 8.5, 3.0, 9.5 ] }
									}
								}
							]
						},
						{
							"name": "arrow9",
							"from": [ 2.2, 5.9, 0.2 ],
							"to": [ 2.6, 10.9, 0.6 ],
							"uv": [ 0.0, 8.0 ],
							"rotationOrigin": [ 2.2, 5.9, 0.2 ],
							"faces": {
								"north": { "texture": "#quiver", "uv": [ 0.0, 8.5, 0.5, 13.5 ] },
								"east": { "texture": "#quiver", "uv": [ 0.5, 8.5, 1.0, 13.5 ] },
								"south": { "texture": "#quiver", "uv": [ 1.0, 8.5, 1.5, 13.5 ] },
								"west": { "texture": "#quiver", "uv": [ 1.5, 8.5, 2.0, 13.5 ] },
								"up": { "texture": "#quiver", "uv": [ 0.0, 8.0, 0.5, 8.5 ] }
							},
							"children": [
								{
									"name": "feathers10",
									"from": [ 0.2, 4.0, -0.3 ],
									"to": [ 0.2, 5.0, 0.7 ],
									"uv": [ 2.0, 8.5 ],
									"rotationOrigin": [ 0.2, 4.0, 0.2 ],
									"rotationY": -45.0,
									"faces": {
										"west": { "texture": "#quiver", "uv": [ 2.0, 8.5, 3.0, 9.5 ] }
									}
								},
								{
									"name": "feathers11",
									"from": [ 0.2, 3.0, -0.3 ],
									"to": [ 0.2, 5.0, 0.7 ],
									"uv": [ 2.0, 9.5 ],
									"rotationOrigin": [ 0.2, 3.0, 0.2 ],
									"rotationY": 45.0,
									"faces": {
										"west": { "texture": "#quiver", "uv": [ 2.0, 9.5, 3.0, 11.5 ] }
									}
								}
							]
						},
						{
							"name": "arrow12",
							"from": [ 1.6, 5.9, 0.2 ],
							"to": [ 2.0, 10.9, 0.6 ],
							"uv": [ 0.0, 8.0 ],
							"rotationOrigin": [ 1.8, 5.9, 0.4 ],
							"rotationY": 22.5,
							"faces": {
								"north": { "texture": "#quiver", "uv": [ 0.0, 8.5, 0.5, 13.5 ] },
								"east": { "texture": "#quiver", "uv": [ 0.5, 8.5, 1.0, 13.5 ] },
								"south": { "texture": "#quiver", "uv": [ 1.0, 8.5, 1.5, 13.5 ] },
								"west": { "texture": "#quiver", "uv": [ 1.5, 8.5, 2.0, 13.5 ] },
								"up": { "texture": "#quiver", "uv": [ 0.0, 8.0, 0.5, 8.5 ] }
							},
							"children": [
								{
									"name": "feathers13",
									"from": [ 0.2, 3.0, -0.3 ],
									"to": [ 0.2, 5.0, 0.7 ],
									"uv": [ 2.0, 9.5 ],
									"rotationOrigin": [ 0.2, 3.0, 0.2 ],
									"rotationY": -45.0,
									"faces": {
										"west": { "texture": "#quiver", "uv": [ 2.0, 9.5, 3.0, 11.5 ] }
									}
								},
								{
									"name": "feathers14",
									"from": [ 0.2, 4.0, -0.3 ],
									"to": [ 0.2, 5.0, 0.7 ],
									"uv": [ 2.0, 8.5 ],
									"rotationOrigin": [ 0.2, 4.0, 0.2 ],
									"rotationY": 45.0,
									"faces": {
										"west": { "texture": "#quiver", "uv": [ 2.0, 8.5, 3.0, 9.5 ] }
									}
								}
							]
						},
						{
							"name": "arrow15",
							"from": [ 0.8, 5.9, 0.1 ],
							"to": [ 1.2, 10.9, 0.5 ],
							"uv": [ 0.0, 8.0 ],
							"rotationOrigin": [ 0.8, 5.9, 0.1 ],
							"faces": {
								"north": { "texture": "#quiver", "uv": [ 0.0, 8.5, 0.5, 13.5 ] },
								"east": { "texture": "#quiver", "uv": [ 0.5, 8.5, 1.0, 13.5 ] },
								"south": { "texture": "#quiver", "uv": [ 1.0, 8.5, 1.5, 13.5 ] },
								"west": { "texture": "#quiver", "uv": [ 1.5, 8.5, 2.0, 13.5 ] },
								"up": { "texture": "#quiver", "uv": [ 0.0, 8.0, 0.5, 8.5 ] }
							},
							"children": [
								{
									"name": "feathers16",
									"from": [ 0.2, 4.0, -0.3 ],
									"to": [ 0.2, 5.0, 0.7 ],
									"uv": [ 2.0, 8.5 ],
									"rotationOrigin": [ 0.2, 4.0, 0.2 ],
									"rotationY": -45.0,
									"faces": {
										"west": { "texture": "#quiver", "uv": [ 2.0, 8.5, 3.0, 9.5 ] }
									}
								},
								{
									"name": "feathers17",
									"from": [ 0.2, 4.0, -0.3 ],
									"to": [ 0.2, 5.0, 0.7 ],
									"uv": [ 2.0, 9.5 ],
									"rotationOrigin": [ 0.2, 4.0, 0.2 ],
									"rotationY": 45.0,
									"faces": {
										"west": { "texture": "#quiver", "uv": [ 2.0, 9.5, 3.0, 10.5 ] }
									}
								}
							]
						},
						{
							"name": "strap2",
							"from": [ 3.0, 6.0, -0.4 ],
							"to": [ 6.5, 6.5, 0.6 ],
							"autoUnwrap": false,
							"uv": [ 0.0, 7.0 ],
							"rotationOrigin": [ 3.0, 6.0, -0.4 ],
							"rotationX": 0.0,
							"rotationY": 0.0,
							"rotationZ": 45.0,
							"faces": {
								"north": { "texture": "#quiver", "uv": [ 0.0, 7.5, 3.5, 8.0 ] },
								"east": { "texture": "#quiver", "uv": [ 3.0, 0.0, 4.0, 0.5 ] },
								"south": { "texture": "#quiver", "uv": [ 0.0, 0.0, 3.5, 0.5 ] },
								"west": { "texture": "#quiver", "uv": [ 3.5, 7.5, 4.5, 8.0 ] },
								"up": { "texture": "#quiver", "uv": [ 0.5, 0.0, 4.0, 1.0 ] },
								"down": { "texture": "#quiver", "uv": [ 0.5, 0.0, 4.0, 1.0 ] }
							}
						},
						{
							"name": "strap3",
							"stepParentName": "Belly",
							"from": [ 11.3, 9.7, 4.2 ],
							"to": [ 14.8, 10.2, 4.7 ],
							"autoUnwrap": false,
							"uv": [ 0.0, 7.0 ],
							"rotationOrigin": [ 11.3, 9.7, 4.2 ],
							"rotationX": 0.0,
							"rotationY": 0.0,
							"faces": {
								"north": { "texture": "#quiver", "uv": [ 0.0, 7.5, 3.5, 8.0 ] },
								"east": { "texture": "#quiver", "uv": [ 3.0, 0.0, 3.5, 0.5 ] },
								"south": { "texture": "#quiver", "uv": [ 0.0, 0.0, 3.5, 0.5 ] },
								"west": { "texture": "#quiver", "uv": [ 3.5, 7.5, 4.0, 8.0 ] },
								"up": { "texture": "#quiver", "uv": [ 0.5, 0.0, 4.0, 0.5 ] },
								"down": { "texture": "#quiver", "uv": [ 0.5, 0.0, 4.0, 0.5 ] }
							}
						}
					]
				}
			]
		}
	]}