{
	"editor": {
		"backDropShape": "D:/VSModding/Entitybackdrops/ferus-adult",
		"collapsedPaths": "",
		"allAngles": false,
		"entityTextureMode": false
	},
	"textureWidth": 16,
	"textureHeight": 16,
	"textureSizes": {
		"blanket": [16,16],
		"top": [16,16],
		"blanketextra": [16,16]
	},
	"textures": {
		"blanketextra": "block/cloth/aged/blue/top",
		"red": "block/cloth/basic/red",
		"green": "block/cloth/basic/green",
		"blue": "block/cloth/basic/blue",
		"yellow": "block/cloth/basic/yellow"
	},
	"elements": [
		{
			"name": "OriginBlanket",
			"stepParentName": "Belly",
			"from": [ 6.615, 4.41, 3.22 ],
			"to": [ 7.7175, 5.5125, 4.3225 ],
			"rotationOrigin": [ 6.615, 4.41, 3.2175 ],
			"faces": {
				"north": { "texture": "#blanketextra", "uv": [ 0.0, 0.0, 1.0, 1.0 ], "autoUv": false },
				"east": { "texture": "#blanketextra", "uv": [ 0.0, 0.0, 1.0, 1.0 ], "autoUv": false },
				"south": { "texture": "#blanketextra", "uv": [ 0.0, 0.0, 1.0, 1.0 ], "autoUv": false },
				"west": { "texture": "#blanketextra", "uv": [ 0.0, 0.0, 1.0, 1.0 ], "autoUv": false },
				"up": { "texture": "#blanketextra", "uv": [ 0.0, 0.0, 1.0, 1.0 ], "autoUv": false },
				"down": { "texture": "#blanketextra", "uv": [ 0.0, 0.0, 1.0, 1.0 ], "autoUv": false }
			},
			"children": [
				{
					"name": "CrupperOrigin",
					"stepParentName": "Hind",
					"from": [ 0.0, 0.0, -0.1 ],
					"to": [ 8.7, 9.6, 9.7 ],
					"rotationOrigin": [ 0.0, 0.0, -0.1 ],
					"faces": {
					},
					"children": [
						{
							"name": "Crupper1",
							"from": [ -0.1, 6.7, 8.5 ],
							"to": [ 1.4, 8.2, 10.0 ],
							"rotationOrigin": [ -0.1, 6.7, 8.5 ],
							"faces": {
								"south": { "texture": "#yellow", "uv": [ 8.0, 13.0, 9.5, 14.5 ], "windMode": [-1,-1,-1,-1], "windData": [1,1,1,1] }
							},
							"children": [
								{
									"name": "Crupper2",
									"from": [ 0.0, 1.5, 0.0 ],
									"to": [ 1.5, 3.0, 1.5 ],
									"rotationOrigin": [ 0.0, 1.5, 0.0 ],
									"faces": {
										"south": { "texture": "#green", "uv": [ 5.5, 7.5, 7.0, 9.0 ], "windMode": [-1,-1,-1,-1], "windData": [1,1,1,1] },
										"up": { "texture": "#yellow", "uv": [ 0.0, 0.0, 1.5, 1.5 ], "windMode": [-1,-1,-1,-1], "windData": [1,1,1,1] }
									}
								},
								{
									"name": "Crupper3",
									"from": [ 1.5, 0.0, 0.0 ],
									"to": [ 3.0, 1.5, 1.5 ],
									"rotationOrigin": [ 1.5, 0.0, 0.0 ],
									"faces": {
										"south": { "texture": "#red", "uv": [ 5.5, 7.5, 7.0, 9.0 ], "windMode": [-1,-1,-1,-1], "windData": [1,1,1,1] }
									}
								},
								{
									"name": "Crupper4",
									"from": [ 1.5, 1.5, 0.0 ],
									"to": [ 3.0, 3.0, 1.5 ],
									"rotationOrigin": [ 1.5, 1.5, 0.0 ],
									"faces": {
										"south": { "texture": "#blue", "uv": [ 5.5, 7.5, 7.0, 9.0 ], "windMode": [-1,-1,-1,-1], "windData": [1,1,1,1] },
										"up": { "texture": "#red", "uv": [ 0.0, 0.0, 1.5, 1.5 ], "windMode": [-1,-1,-1,-1], "windData": [1,1,1,1] }
									}
								}
							]
						},
						{
							"name": "Crupper5",
							"from": [ 2.9, 6.7, 8.5 ],
							"to": [ 4.4, 8.2, 10.0 ],
							"rotationOrigin": [ 2.9, 6.7, 8.5 ],
							"faces": {
								"south": { "texture": "#yellow", "uv": [ 5.5, 7.5, 7.0, 9.0 ], "windMode": [-1,-1,-1,-1], "windData": [1,1,1,1] }
							},
							"children": [
								{
									"name": "Crupper6",
									"from": [ 0.0, 1.5, 0.0 ],
									"to": [ 1.5, 3.0, 1.5 ],
									"rotationOrigin": [ 0.0, 1.5, 0.0 ],
									"faces": {
										"south": { "texture": "#green", "uv": [ 5.5, 7.5, 7.0, 9.0 ], "windMode": [-1,-1,-1,-1], "windData": [1,1,1,1] },
										"up": { "texture": "#yellow", "uv": [ 0.0, 0.0, 1.5, 1.5 ], "windMode": [-1,-1,-1,-1], "windData": [1,1,1,1] }
									}
								},
								{
									"name": "Crupper7",
									"from": [ 1.5, 0.0, 0.0 ],
									"to": [ 3.0, 1.5, 1.5 ],
									"rotationOrigin": [ 1.5, 0.0, 0.0 ],
									"faces": {
										"south": { "texture": "#red", "uv": [ 5.5, 7.5, 7.0, 9.0 ], "windMode": [-1,-1,-1,-1], "windData": [1,1,1,1] }
									}
								},
								{
									"name": "Crupper8",
									"from": [ 1.5, 1.5, 0.0 ],
									"to": [ 3.0, 3.0, 1.5 ],
									"rotationOrigin": [ 1.5, 1.5, 0.0 ],
									"faces": {
										"south": { "texture": "#blue", "uv": [ 5.5, 7.5, 7.0, 9.0 ], "windMode": [-1,-1,-1,-1], "windData": [1,1,1,1] },
										"up": { "texture": "#red", "uv": [ 0.0, 0.0, 1.5, 1.5 ], "windMode": [-1,-1,-1,-1], "windData": [1,1,1,1] }
									}
								}
							]
						},
						{
							"name": "Crupper9",
							"from": [ 5.9, 6.7, 8.5 ],
							"to": [ 7.4, 8.2, 10.0 ],
							"rotationOrigin": [ 5.9, 6.7, 8.5 ],
							"faces": {
								"south": { "texture": "#yellow", "uv": [ 5.5, 7.5, 7.0, 9.0 ], "windMode": [-1,-1,-1,-1], "windData": [1,1,1,1] }
							},
							"children": [
								{
									"name": "Crupper10",
									"from": [ 0.0, 1.5, 0.0 ],
									"to": [ 1.5, 3.0, 1.5 ],
									"rotationOrigin": [ 0.0, 1.5, 0.0 ],
									"faces": {
										"south": { "texture": "#green", "uv": [ 5.5, 7.5, 7.0, 9.0 ], "windMode": [-1,-1,-1,-1], "windData": [1,1,1,1] },
										"up": { "texture": "#yellow", "uv": [ 0.0, 0.0, 1.5, 1.5 ], "windMode": [-1,-1,-1,-1], "windData": [1,1,1,1] }
									}
								},
								{
									"name": "Crupper11",
									"from": [ 1.5, 0.0, 0.0 ],
									"to": [ 3.0, 1.5, 1.5 ],
									"rotationOrigin": [ 1.5, 0.0, 0.0 ],
									"faces": {
										"east": { "texture": "#yellow", "uv": [ 0.0, 0.0, 1.5, 1.5 ], "windMode": [-1,-1,-1,-1], "windData": [1,1,1,1] },
										"south": { "texture": "#red", "uv": [ 5.5, 7.5, 7.0, 9.0 ], "windMode": [-1,-1,-1,-1], "windData": [1,1,1,1] }
									}
								},
								{
									"name": "Crupper12",
									"from": [ 1.5, 1.5, 0.0 ],
									"to": [ 3.0, 3.0, 1.5 ],
									"rotationOrigin": [ 1.5, 1.5, 0.0 ],
									"faces": {
										"east": { "texture": "#green", "uv": [ 0.0, 0.0, 1.5, 1.5 ], "windMode": [-1,-1,-1,-1], "windData": [1,1,1,1] },
										"south": { "texture": "#blue", "uv": [ 5.5, 7.5, 7.0, 9.0 ], "windMode": [-1,-1,-1,-1], "windData": [1,1,1,1] },
										"up": { "texture": "#red", "uv": [ 0.0, 0.0, 1.5, 1.5 ], "windMode": [-1,-1,-1,-1], "windData": [1,1,1,1] }
									}
								},
								{
									"name": "Crupper67",
									"from": [ 1.5, 1.5, -2.8 ],
									"to": [ 3.0, 3.0, -1.3 ],
									"rotationOrigin": [ 1.5, 1.5, -2.8 ],
									"faces": {
										"east": { "texture": "#green", "uv": [ 0.0, 0.0, 1.5, 1.5 ], "windMode": [-1,-1,-1,-1], "windData": [1,1,1,1] },
										"south": { "texture": "#blue", "uv": [ 5.5, 7.5, 7.0, 9.0 ], "windMode": [-1,-1,-1,-1], "windData": [1,1,1,1] },
										"up": { "texture": "#red", "uv": [ 0.0, 0.0, 1.5, 1.5 ], "windMode": [-1,-1,-1,-1], "windData": [1,1,1,1] }
									}
								},
								{
									"name": "Crupper68",
									"from": [ 1.5, 1.5, -5.7 ],
									"to": [ 3.0, 3.0, -4.2 ],
									"rotationOrigin": [ 1.5, 1.5, -5.7 ],
									"faces": {
										"east": { "texture": "#green", "uv": [ 0.0, 0.0, 1.5, 1.5 ], "windMode": [-1,-1,-1,-1], "windData": [1,1,1,1] },
										"south": { "texture": "#blue", "uv": [ 5.5, 7.5, 7.0, 9.0 ], "windMode": [-1,-1,-1,-1], "windData": [1,1,1,1] },
										"up": { "texture": "#red", "uv": [ 0.0, 0.0, 1.5, 1.5 ], "windMode": [-1,-1,-1,-1], "windData": [1,1,1,1] }
									}
								},
								{
									"name": "Crupper69",
									"from": [ 1.5, 1.5, -8.5 ],
									"to": [ 3.0, 3.0, -7.0 ],
									"rotationOrigin": [ 1.5, 1.5, -8.5 ],
									"faces": {
										"east": { "texture": "#green", "uv": [ 0.0, 0.0, 1.5, 1.5 ], "windMode": [-1,-1,-1,-1], "windData": [1,1,1,1] },
										"south": { "texture": "#blue", "uv": [ 5.5, 7.5, 7.0, 9.0 ], "windMode": [-1,-1,-1,-1], "windData": [1,1,1,1] },
										"up": { "texture": "#red", "uv": [ 0.0, 0.0, 1.5, 1.5 ], "windMode": [-1,-1,-1,-1], "windData": [1,1,1,1] }
									}
								}
							]
						},
						{
							"name": "Crupper13",
							"from": [ 5.9, 3.7, 8.5 ],
							"to": [ 7.4, 5.2, 10.0 ],
							"rotationOrigin": [ 5.9, 3.7, 8.5 ],
							"faces": {
								"south": { "texture": "#yellow", "uv": [ 5.5, 7.5, 7.0, 9.0 ], "windMode": [-1,-1,-1,-1], "windData": [1,1,1,1] }
							},
							"children": [
								{
									"name": "Crupper14",
									"from": [ 0.0, 1.5, 0.0 ],
									"to": [ 1.5, 3.0, 1.5 ],
									"rotationOrigin": [ 0.0, 1.5, 0.0 ],
									"faces": {
										"south": { "texture": "#green", "uv": [ 5.5, 7.5, 7.0, 9.0 ], "windMode": [-1,-1,-1,-1], "windData": [1,1,1,1] }
									}
								},
								{
									"name": "Crupper15",
									"from": [ 1.5, 0.0, 0.0 ],
									"to": [ 3.0, 1.5, 1.5 ],
									"rotationOrigin": [ 1.5, 0.0, 0.0 ],
									"faces": {
										"east": { "texture": "#yellow", "uv": [ 0.0, 0.0, 1.5, 1.5 ], "windMode": [-1,-1,-1,-1], "windData": [1,1,1,1] },
										"south": { "texture": "#red", "uv": [ 5.5, 7.5, 7.0, 9.0 ], "windMode": [-1,-1,-1,-1], "windData": [1,1,1,1] }
									}
								},
								{
									"name": "Crupper16",
									"from": [ 1.5, 1.5, 0.0 ],
									"to": [ 3.0, 3.0, 1.5 ],
									"rotationOrigin": [ 1.5, 1.5, 0.0 ],
									"faces": {
										"east": { "texture": "#green", "uv": [ 0.0, 0.0, 1.5, 1.5 ], "windMode": [-1,-1,-1,-1], "windData": [1,1,1,1] },
										"south": { "texture": "#blue", "uv": [ 5.5, 7.5, 7.0, 9.0 ], "windMode": [-1,-1,-1,-1], "windData": [1,1,1,1] }
									}
								}
							]
						},
						{
							"name": "Crupper17",
							"from": [ 2.9, 3.7, 8.5 ],
							"to": [ 4.4, 5.2, 10.0 ],
							"rotationOrigin": [ 2.9, 3.7, 8.5 ],
							"faces": {
								"south": { "texture": "#yellow", "uv": [ 5.5, 7.5, 7.0, 9.0 ], "windMode": [-1,-1,-1,-1], "windData": [1,1,1,1] }
							},
							"children": [
								{
									"name": "Crupper18",
									"from": [ 0.0, 1.5, 0.0 ],
									"to": [ 1.5, 3.0, 1.5 ],
									"rotationOrigin": [ 0.0, 1.5, 0.0 ],
									"faces": {
										"south": { "texture": "#green", "uv": [ 5.5, 7.5, 7.0, 9.0 ], "windMode": [-1,-1,-1,-1], "windData": [1,1,1,1] }
									}
								},
								{
									"name": "Crupper19",
									"from": [ 1.5, 0.0, 0.0 ],
									"to": [ 3.0, 1.5, 1.5 ],
									"rotationOrigin": [ 1.5, 0.0, 0.0 ],
									"faces": {
										"south": { "texture": "#red", "uv": [ 5.5, 7.5, 7.0, 9.0 ], "windMode": [-1,-1,-1,-1], "windData": [1,1,1,1] }
									}
								},
								{
									"name": "Crupper20",
									"from": [ 1.5, 1.5, 0.0 ],
									"to": [ 3.0, 3.0, 1.5 ],
									"rotationOrigin": [ 1.5, 1.5, 0.0 ],
									"faces": {
										"south": { "texture": "#blue", "uv": [ 5.5, 7.5, 7.0, 9.0 ], "windMode": [-1,-1,-1,-1], "windData": [1,1,1,1] }
									}
								}
							]
						},
						{
							"name": "Crupper21",
							"from": [ -0.1, 3.7, 8.5 ],
							"to": [ 1.4, 5.2, 10.0 ],
							"rotationOrigin": [ -0.1, 3.7, 8.5 ],
							"faces": {
								"south": { "texture": "#yellow", "uv": [ 5.5, 7.5, 7.0, 9.0 ], "windMode": [-1,-1,-1,-1], "windData": [1,1,1,1] }
							},
							"children": [
								{
									"name": "Crupper22",
									"from": [ 0.0, 1.5, 0.0 ],
									"to": [ 1.5, 3.0, 1.5 ],
									"rotationOrigin": [ 0.0, 1.5, 0.0 ],
									"faces": {
										"south": { "texture": "#green", "uv": [ 5.5, 7.5, 7.0, 9.0 ], "windMode": [-1,-1,-1,-1], "windData": [1,1,1,1] }
									}
								},
								{
									"name": "Crupper23",
									"from": [ 1.5, 0.0, 0.0 ],
									"to": [ 3.0, 1.5, 1.5 ],
									"rotationOrigin": [ 1.5, 0.0, 0.0 ],
									"faces": {
										"south": { "texture": "#red", "uv": [ 5.5, 7.5, 7.0, 9.0 ], "windMode": [-1,-1,-1,-1], "windData": [1,1,1,1] }
									}
								},
								{
									"name": "Crupper24",
									"from": [ 1.5, 1.5, 0.0 ],
									"to": [ 3.0, 3.0, 1.5 ],
									"rotationOrigin": [ 1.5, 1.5, 0.0 ],
									"faces": {
										"south": { "texture": "#blue", "uv": [ 5.5, 7.5, 7.0, 9.0 ], "windMode": [-1,-1,-1,-1], "windData": [1,1,1,1] }
									}
								}
							]
						},
						{
							"name": "Crupper25",
							"from": [ -0.1, 0.7, 8.5 ],
							"to": [ 1.4, 2.2, 10.0 ],
							"rotationOrigin": [ -0.1, 0.7, 8.5 ],
							"faces": {
								"south": { "texture": "#yellow", "uv": [ 5.5, 7.5, 7.0, 9.0 ], "windMode": [-1,-1,-1,-1], "windData": [1,1,1,1] }
							},
							"children": [
								{
									"name": "Crupper26",
									"from": [ 0.0, 1.5, 0.0 ],
									"to": [ 1.5, 3.0, 1.5 ],
									"rotationOrigin": [ 0.0, 1.5, 0.0 ],
									"faces": {
										"south": { "texture": "#green", "uv": [ 5.5, 7.5, 7.0, 9.0 ], "windMode": [-1,-1,-1,-1], "windData": [1,1,1,1] }
									}
								},
								{
									"name": "Crupper27",
									"from": [ 1.5, 0.0, 0.0 ],
									"to": [ 3.0, 1.5, 1.5 ],
									"rotationOrigin": [ 1.5, 0.0, 0.0 ],
									"faces": {
										"south": { "texture": "#red", "uv": [ 5.5, 7.5, 7.0, 9.0 ], "windMode": [-1,-1,-1,-1], "windData": [1,1,1,1] }
									}
								},
								{
									"name": "Crupper28",
									"from": [ 1.5, 1.5, 0.0 ],
									"to": [ 3.0, 3.0, 1.5 ],
									"rotationOrigin": [ 1.5, 1.5, 0.0 ],
									"faces": {
										"south": { "texture": "#blue", "uv": [ 5.5, 7.5, 7.0, 9.0 ], "windMode": [-1,-1,-1,-1], "windData": [1,1,1,1] }
									}
								}
							]
						},
						{
							"name": "Crupper29",
							"from": [ 2.9, 0.7, 8.5 ],
							"to": [ 4.4, 2.2, 10.0 ],
							"rotationOrigin": [ 2.9, 0.7, 8.5 ],
							"faces": {
								"south": { "texture": "#yellow", "uv": [ 5.5, 7.5, 7.0, 9.0 ], "windMode": [-1,-1,-1,-1], "windData": [1,1,1,1] }
							},
							"children": [
								{
									"name": "Crupper30",
									"from": [ 0.0, 1.5, 0.0 ],
									"to": [ 1.5, 3.0, 1.5 ],
									"rotationOrigin": [ 0.0, 1.5, 0.0 ],
									"faces": {
										"south": { "texture": "#green", "uv": [ 5.5, 7.5, 7.0, 9.0 ], "windMode": [-1,-1,-1,-1], "windData": [1,1,1,1] }
									}
								},
								{
									"name": "Crupper31",
									"from": [ 1.5, 0.0, 0.0 ],
									"to": [ 3.0, 1.5, 1.5 ],
									"rotationOrigin": [ 1.5, 0.0, 0.0 ],
									"faces": {
										"south": { "texture": "#red", "uv": [ 5.5, 7.5, 7.0, 9.0 ], "windMode": [-1,-1,-1,-1], "windData": [1,1,1,1] }
									}
								},
								{
									"name": "Crupper32",
									"from": [ 1.5, 1.5, 0.0 ],
									"to": [ 3.0, 3.0, 1.5 ],
									"rotationOrigin": [ 1.5, 1.5, 0.0 ],
									"faces": {
										"south": { "texture": "#blue", "uv": [ 5.5, 7.5, 7.0, 9.0 ], "windMode": [-1,-1,-1,-1], "windData": [1,1,1,1] }
									}
								}
							]
						},
						{
							"name": "Crupper33",
							"from": [ 5.9, 0.7, 8.5 ],
							"to": [ 7.4, 2.2, 10.0 ],
							"rotationOrigin": [ 5.9, 0.7, 8.5 ],
							"faces": {
								"south": { "texture": "#yellow", "uv": [ 5.5, 7.5, 7.0, 9.0 ], "windMode": [-1,-1,-1,-1], "windData": [1,1,1,1] }
							},
							"children": [
								{
									"name": "Crupper34",
									"from": [ 0.0, 1.5, 0.0 ],
									"to": [ 1.5, 3.0, 1.5 ],
									"rotationOrigin": [ 0.0, 1.5, 0.0 ],
									"faces": {
										"south": { "texture": "#green", "uv": [ 5.5, 7.5, 7.0, 9.0 ], "windMode": [-1,-1,-1,-1], "windData": [1,1,1,1] }
									}
								},
								{
									"name": "Crupper35",
									"from": [ 1.5, 0.0, 0.0 ],
									"to": [ 3.0, 1.5, 1.5 ],
									"rotationOrigin": [ 1.5, 0.0, 0.0 ],
									"faces": {
										"east": { "texture": "#yellow", "uv": [ 0.0, 0.0, 1.5, 1.5 ], "windMode": [-1,-1,-1,-1], "windData": [0,1,1,0] },
										"south": { "texture": "#red", "uv": [ 5.5, 7.5, 7.0, 9.0 ], "windMode": [-1,-1,-1,-1], "windData": [1,1,1,1] }
									}
								},
								{
									"name": "Crupper36",
									"from": [ 1.5, 1.5, 0.0 ],
									"to": [ 3.0, 3.0, 1.5 ],
									"rotationOrigin": [ 1.5, 1.5, 0.0 ],
									"faces": {
										"east": { "texture": "#green", "uv": [ 0.0, 0.0, 1.5, 1.5 ], "windMode": [-1,-1,-1,-1], "windData": [1,1,1,1] },
										"south": { "texture": "#blue", "uv": [ 5.5, 7.5, 7.0, 9.0 ], "windMode": [-1,-1,-1,-1], "windData": [1,1,1,1] }
									}
								}
							]
						},
						{
							"name": "Crupper38",
							"from": [ -0.1, -0.8, 8.5 ],
							"to": [ 1.4, 0.7, 10.0 ],
							"rotationOrigin": [ -0.1, -0.8, 8.5 ],
							"faces": {
								"south": { "texture": "#green", "uv": [ 5.5, 7.5, 7.0, 9.0 ], "windMode": [-1,-1,-1,-1], "windData": [1,1,1,1] }
							},
							"children": [
								{
									"name": "Crupper40",
									"from": [ 1.5, 0.0, 0.0 ],
									"to": [ 3.0, 1.5, 1.5 ],
									"rotationOrigin": [ 1.5, 0.0, 0.0 ],
									"faces": {
										"south": { "texture": "#blue", "uv": [ 5.5, 7.5, 7.0, 9.0 ], "windMode": [-1,-1,-1,-1], "windData": [1,1,1,1] }
									}
								}
							]
						},
						{
							"name": "Crupper39",
							"from": [ 2.9, -0.8, 8.5 ],
							"to": [ 4.4, 0.7, 10.0 ],
							"rotationOrigin": [ 2.9, -0.8, 8.5 ],
							"faces": {
								"south": { "texture": "#green", "uv": [ 5.5, 7.5, 7.0, 9.0 ], "windMode": [-1,-1,-1,-1], "windData": [1,1,1,1] }
							},
							"children": [
								{
									"name": "Crupper41",
									"from": [ 1.5, 0.0, 0.0 ],
									"to": [ 3.0, 1.5, 1.5 ],
									"rotationOrigin": [ 1.5, 0.0, 0.0 ],
									"faces": {
										"south": { "texture": "#blue", "uv": [ 5.5, 7.5, 7.0, 9.0 ], "windMode": [-1,-1,-1,-1], "windData": [1,1,1,1] }
									}
								}
							]
						},
						{
							"name": "Crupper42",
							"from": [ 5.9, -0.8, 8.5 ],
							"to": [ 7.4, 0.7, 10.0 ],
							"rotationOrigin": [ 5.9, -0.8, 8.5 ],
							"faces": {
								"south": { "texture": "#green", "uv": [ 5.5, 7.5, 7.0, 9.0 ], "windMode": [-1,-1,-1,-1], "windData": [1,1,1,1] }
							},
							"children": [
								{
									"name": "Crupper43",
									"from": [ 1.5, 0.0, 0.0 ],
									"to": [ 3.0, 1.5, 1.5 ],
									"rotationOrigin": [ 1.5, 0.0, 0.0 ],
									"faces": {
										"east": { "texture": "#green", "uv": [ 0.0, 0.0, 1.5, 1.5 ], "windMode": [-1,-1,-1,-1] },
										"south": { "texture": "#blue", "uv": [ 5.5, 7.5, 7.0, 9.0 ], "windMode": [-1,-1,-1,-1], "windData": [1,1,1,1] }
									}
								}
							]
						},
						{
							"name": "Crupper37",
							"from": [ -0.1, -2.3, 8.49 ],
							"to": [ 1.4, -0.8, 9.99 ],
							"rotationOrigin": [ -0.1, -0.8, 8.4 ],
							"rotationZ": 8.0,
							"faces": {
								"south": { "texture": "#yellow", "uv": [ 5.5, 7.5, 7.0, 9.0 ], "windMode": [-1,-1,-1,-1], "windData": [1,1,1,1] }
							},
							"children": [
								{
									"name": "Crupper45",
									"from": [ 1.5, 0.0, 0.0 ],
									"to": [ 3.0, 1.5, 1.5 ],
									"rotationOrigin": [ 1.5, 0.0, 0.0 ],
									"faces": {
										"south": { "texture": "#red", "uv": [ 5.5, 7.5, 7.0, 9.0 ], "windMode": [-1,-1,-1,-1], "windData": [1,1,1,1] }
									}
								},
								{
									"name": "Crupper44",
									"from": [ 3.0, 0.0, 0.0 ],
									"to": [ 4.5, 1.5, 1.5 ],
									"rotationOrigin": [ 3.0, 1.5, 0.0 ],
									"faces": {
										"south": { "texture": "#yellow", "uv": [ 5.5, 7.5, 7.0, 9.0 ], "windMode": [-1,-1,-1,-1], "windData": [1,1,1,1] }
									},
									"children": [
										{
											"name": "Crupper46",
											"from": [ 1.5, 0.0, 0.0 ],
											"to": [ 3.0, 1.5, 1.5 ],
											"rotationOrigin": [ 1.5, 0.0, 0.0 ],
											"faces": {
												"south": { "texture": "#red", "uv": [ 5.5, 7.5, 7.0, 9.0 ], "windMode": [-1,-1,-1,-1], "windData": [1,1,1,1] }
											}
										}
									]
								},
								{
									"name": "Crupper47",
									"from": [ 6.0, 0.0, 0.0 ],
									"to": [ 7.5, 1.5, 1.5 ],
									"rotationOrigin": [ 6.0, 1.5, 0.0 ],
									"faces": {
										"south": { "texture": "#yellow", "uv": [ 5.5, 7.5, 7.0, 9.0 ], "windMode": [-1,-1,-1,-1], "windData": [1,1,1,1] }
									},
									"children": [
										{
											"name": "Crupper48",
											"from": [ 1.5, 0.0, 0.0 ],
											"to": [ 3.0, 1.5, 1.5 ],
											"rotationOrigin": [ 1.5, 0.0, 0.0 ],
											"faces": {
												"east": { "texture": "#yellow", "uv": [ 0.0, 0.0, 1.5, 1.5 ], "windMode": [-1,-1,-1,-1] },
												"south": { "texture": "#red", "uv": [ 5.5, 7.5, 7.0, 9.0 ], "windMode": [-1,-1,-1,-1], "windData": [1,1,1,1] }
											}
										}
									]
								},
								{
									"name": "Crupper50",
									"from": [ 0.0, -1.5, -0.01 ],
									"to": [ 1.5, 0.0, 1.49 ],
									"rotationOrigin": [ 0.0, 0.0, -0.01 ],
									"rotationZ": 6.0,
									"faces": {
										"south": { "texture": "#green", "uv": [ 5.5, 7.5, 7.0, 9.0 ], "windMode": [-1,-1,-1,-1], "windData": [1,1,1,1] }
									},
									"children": [
										{
											"name": "Crupper52",
											"from": [ 1.5, 0.0, 0.0 ],
											"to": [ 3.0, 1.5, 1.5 ],
											"rotationOrigin": [ 1.5, 0.0, 0.0 ],
											"faces": {
												"south": { "texture": "#blue", "uv": [ 5.5, 7.5, 7.0, 9.0 ], "windMode": [-1,-1,-1,-1], "windData": [1,1,1,1] }
											}
										},
										{
											"name": "Crupper51",
											"from": [ 3.0, 0.0, 0.0 ],
											"to": [ 4.5, 1.5, 1.5 ],
											"rotationOrigin": [ 3.0, 0.0, 0.0 ],
											"faces": {
												"south": { "texture": "#green", "uv": [ 5.5, 7.5, 7.0, 9.0 ], "windMode": [-1,-1,-1,-1], "windData": [1,1,1,1] }
											},
											"children": [
												{
													"name": "Crupper53",
													"from": [ 1.5, 0.0, 0.0 ],
													"to": [ 3.0, 1.5, 1.5 ],
													"rotationOrigin": [ 1.5, 0.0, 0.0 ],
													"faces": {
														"south": { "texture": "#blue", "uv": [ 5.5, 7.5, 7.0, 9.0 ], "windMode": [-1,-1,-1,-1], "windData": [1,1,1,1] }
													}
												}
											]
										},
										{
											"name": "Crupper54",
											"from": [ 6.0, 0.0, 0.0 ],
											"to": [ 7.5, 1.5, 1.5 ],
											"rotationOrigin": [ 6.0, 0.0, 0.0 ],
											"faces": {
												"south": { "texture": "#green", "uv": [ 5.5, 7.5, 7.0, 9.0 ], "windMode": [-1,-1,-1,-1], "windData": [1,1,1,1] }
											},
											"children": [
												{
													"name": "Crupper55",
													"from": [ 1.5, 0.0, 0.0 ],
													"to": [ 3.0, 1.5, 1.5 ],
													"rotationOrigin": [ 1.5, 0.0, 0.0 ],
													"faces": {
														"south": { "texture": "#blue", "uv": [ 5.5, 7.5, 7.0, 9.0 ], "windMode": [-1,-1,-1,-1], "windData": [1,1,1,1] }
													}
												}
											]
										},
										{
											"name": "Crupper49",
											"from": [ 0.0, -1.5, -0.01 ],
											"to": [ 1.5, 0.0, 1.49 ],
											"faces": {
												"south": { "texture": "#yellow", "uv": [ 5.5, 7.5, 7.0, 9.0 ], "windMode": [-1,-1,-1,-1], "windData": [1,1,1,1] }
											},
											"children": [
												{
													"name": "Crupper56",
													"from": [ 1.5, 0.0, 0.0 ],
													"to": [ 3.0, 1.5, 1.5 ],
													"rotationOrigin": [ 1.5, 0.0, 0.0 ],
													"faces": {
														"south": { "texture": "#red", "uv": [ 5.5, 7.5, 7.0, 9.0 ], "windMode": [-1,-1,-1,-1], "windData": [1,1,1,1] }
													}
												},
												{
													"name": "Crupper57",
													"from": [ 3.0, 0.0, 0.0 ],
													"to": [ 4.5, 1.5, 1.5 ],
													"rotationOrigin": [ 3.0, 1.5, 0.0 ],
													"faces": {
														"south": { "texture": "#yellow", "uv": [ 5.5, 7.5, 7.0, 9.0 ], "windMode": [-1,-1,-1,-1], "windData": [1,1,1,1] }
													},
													"children": [
														{
															"name": "Crupper58",
															"from": [ 1.5, 0.0, 0.0 ],
															"to": [ 3.0, 1.5, 1.5 ],
															"rotationOrigin": [ 1.5, 0.0, 0.0 ],
															"faces": {
																"south": { "texture": "#red", "uv": [ 5.5, 7.5, 7.0, 9.0 ], "windMode": [-1,-1,-1,-1], "windData": [1,1,1,1] }
															}
														}
													]
												},
												{
													"name": "Crupper59",
													"from": [ 6.0, 0.0, 0.0 ],
													"to": [ 7.5, 1.5, 1.5 ],
													"rotationOrigin": [ 6.0, 1.5, 0.0 ],
													"faces": {
														"south": { "texture": "#yellow", "uv": [ 5.5, 7.5, 7.0, 9.0 ], "windMode": [-1,-1,-1,-1], "windData": [1,1,1,1] }
													},
													"children": [
														{
															"name": "Crupper60",
															"from": [ 1.5, 0.0, 0.0 ],
															"to": [ 3.0, 1.5, 1.5 ],
															"rotationOrigin": [ 1.5, 0.0, 0.0 ],
															"faces": {
																"east": { "texture": "#yellow", "uv": [ 0.0, 0.0, 1.5, 1.5 ], "windMode": [-1,-1,-1,-1] },
																"south": { "texture": "#red", "uv": [ 5.5, 7.5, 7.0, 9.0 ], "windMode": [-1,-1,-1,-1], "windData": [1,1,1,1] }
															}
														}
													]
												},
												{
													"name": "Crupper61",
													"from": [ 0.0, -1.5, -0.01 ],
													"to": [ 1.5, 0.0, 1.49 ],
													"rotationOrigin": [ 0.0, 0.0, -0.01 ],
													"faces": {
														"south": { "texture": "#green", "uv": [ 5.5, 7.5, 7.0, 9.0 ], "windMode": [-1,-1,-1,-1], "windData": [1,1,1,1] }
													},
													"children": [
														{
															"name": "Crupper62",
															"from": [ 1.5, 0.0, 0.0 ],
															"to": [ 3.0, 1.5, 1.5 ],
															"rotationOrigin": [ 1.5, 0.0, 0.0 ],
															"faces": {
																"south": { "texture": "#blue", "uv": [ 5.5, 7.5, 7.0, 9.0 ], "windMode": [-1,-1,-1,-1], "windData": [1,1,1,1] }
															}
														},
														{
															"name": "Crupper63",
															"from": [ 3.0, 0.0, 0.0 ],
															"to": [ 4.5, 1.5, 1.5 ],
															"rotationOrigin": [ 3.0, 0.0, 0.0 ],
															"faces": {
																"south": { "texture": "#green", "uv": [ 5.5, 7.5, 7.0, 9.0 ], "windMode": [-1,-1,-1,-1], "windData": [1,1,1,1] }
															},
															"children": [
																{
																	"name": "Crupper64",
																	"from": [ 1.5, 0.0, 0.0 ],
																	"to": [ 3.0, 1.5, 1.5 ],
																	"rotationOrigin": [ 1.5, 0.0, 0.0 ],
																	"faces": {
																		"south": { "texture": "#blue", "uv": [ 5.5, 7.5, 7.0, 9.0 ], "windMode": [-1,-1,-1,-1], "windData": [1,1,1,1] }
																	}
																}
															]
														},
														{
															"name": "Crupper65",
															"from": [ 6.0, 0.0, 0.0 ],
															"to": [ 7.5, 1.5, 1.5 ],
															"rotationOrigin": [ 6.0, 0.0, 0.0 ],
															"faces": {
																"south": { "texture": "#green", "uv": [ 5.5, 7.5, 7.0, 9.0 ], "windMode": [-1,-1,-1,-1], "windData": [1,1,1,1] }
															},
															"children": [
																{
																	"name": "Crupper66",
																	"from": [ 1.5, 0.0, 0.0 ],
																	"to": [ 3.0, 1.5, 1.5 ],
																	"rotationOrigin": [ 1.5, 0.0, 0.0 ],
																	"faces": {
																		"south": { "texture": "#blue", "uv": [ 5.5, 7.5, 7.0, 9.0 ], "windMode": [-1,-1,-1,-1], "windData": [1,1,1,1] }
																	}
																}
															]
														},
														{
															"name": "Crupper70",
															"from": [ 0.0, -1.5, 0.01 ],
															"to": [ 1.5, 0.0, 1.51 ],
															"rotationOrigin": [ 0.0, 0.0, 0.02 ],
															"faces": {
																"south": { "texture": "#yellow", "uv": [ 5.5, 7.5, 7.0, 9.0 ], "windMode": [-1,-1,-1,-1], "windData": [1,1,1,1] }
															},
															"children": [
																{
																	"name": "Crupper71",
																	"from": [ 1.5, 0.0, 0.0 ],
																	"to": [ 3.0, 1.5, 1.5 ],
																	"rotationOrigin": [ 1.5, 0.0, 0.0 ],
																	"faces": {
																		"south": { "texture": "#red", "uv": [ 5.5, 7.5, 7.0, 9.0 ], "windMode": [-1,-1,-1,-1], "windData": [1,1,1,1] }
																	}
																},
																{
																	"name": "Crupper72",
																	"from": [ 3.0, 0.0, 0.0 ],
																	"to": [ 4.5, 1.5, 1.5 ],
																	"rotationOrigin": [ 3.0, 1.5, 0.0 ],
																	"faces": {
																		"south": { "texture": "#yellow", "uv": [ 5.5, 7.5, 7.0, 9.0 ], "windMode": [-1,-1,-1,-1], "windData": [1,1,1,1] }
																	},
																	"children": [
																		{
																			"name": "Crupper73",
																			"from": [ 1.5, 0.0, 0.0 ],
																			"to": [ 3.0, 1.5, 1.5 ],
																			"rotationOrigin": [ 1.5, 0.0, 0.0 ],
																			"faces": {
																				"south": { "texture": "#red", "uv": [ 5.5, 7.5, 7.0, 9.0 ], "windMode": [-1,-1,-1,-1], "windData": [1,1,1,1] }
																			}
																		}
																	]
																},
																{
																	"name": "Crupper74",
																	"from": [ 6.0, 0.0, 0.0 ],
																	"to": [ 7.5, 1.5, 1.5 ],
																	"rotationOrigin": [ 6.0, 1.5, 0.0 ],
																	"faces": {
																		"south": { "texture": "#yellow", "uv": [ 5.5, 7.5, 7.0, 9.0 ], "windMode": [-1,-1,-1,-1], "windData": [1,1,1,1] }
																	},
																	"children": [
																		{
																			"name": "Crupper75",
																			"from": [ 1.5, 0.0, 0.0 ],
																			"to": [ 3.0, 1.5, 1.5 ],
																			"rotationOrigin": [ 1.5, 0.0, 0.0 ],
																			"faces": {
																				"east": { "texture": "#yellow", "uv": [ 0.0, 0.0, 1.5, 1.5 ], "windMode": [-1,-1,-1,-1] },
																				"south": { "texture": "#red", "uv": [ 5.5, 7.5, 7.0, 9.0 ], "windMode": [-1,-1,-1,-1], "windData": [1,1,1,1] }
																			}
																		}
																	]
																},
																{
																	"name": "Crupper76",
																	"from": [ 0.0, -1.5, -0.01 ],
																	"to": [ 1.5, 0.0, 1.49 ],
																	"rotationOrigin": [ 0.0, 0.0, -0.01 ],
																	"faces": {
																		"south": { "texture": "#green", "uv": [ 5.5, 7.5, 7.0, 9.0 ], "windMode": [-1,-1,-1,-1], "windData": [1,1,1,1] }
																	},
																	"children": [
																		{
																			"name": "Crupper77",
																			"from": [ 1.5, 0.0, 0.0 ],
																			"to": [ 3.0, 1.5, 1.5 ],
																			"rotationOrigin": [ 1.5, 0.0, 0.0 ],
																			"faces": {
																				"south": { "texture": "#blue", "uv": [ 5.5, 7.5, 7.0, 9.0 ], "windMode": [-1,-1,-1,-1], "windData": [1,1,1,1] }
																			}
																		},
																		{
																			"name": "Crupper78",
																			"from": [ 3.0, 0.0, 0.0 ],
																			"to": [ 4.5, 1.5, 1.5 ],
																			"rotationOrigin": [ 3.0, 0.0, 0.0 ],
																			"faces": {
																				"south": { "texture": "#green", "uv": [ 5.5, 7.5, 7.0, 9.0 ], "windMode": [-1,-1,-1,-1], "windData": [1,1,1,1] }
																			},
																			"children": [
																				{
																					"name": "Crupper79",
																					"from": [ 1.5, 0.0, 0.0 ],
																					"to": [ 3.0, 1.5, 1.5 ],
																					"rotationOrigin": [ 1.5, 0.0, 0.0 ],
																					"faces": {
																						"south": { "texture": "#blue", "uv": [ 5.5, 7.5, 7.0, 9.0 ], "windMode": [-1,-1,-1,-1], "windData": [1,1,1,1] }
																					}
																				}
																			]
																		},
																		{
																			"name": "Crupper80",
																			"from": [ 6.0, 0.0, 0.0 ],
																			"to": [ 7.5, 1.5, 1.5 ],
																			"rotationOrigin": [ 6.0, 0.0, 0.0 ],
																			"faces": {
																				"south": { "texture": "#green", "uv": [ 5.5, 7.5, 7.0, 9.0 ], "windMode": [-1,-1,-1,-1], "windData": [1,1,1,1] }
																			},
																			"children": [
																				{
																					"name": "Crupper81",
																					"from": [ 1.5, 0.0, 0.0 ],
																					"to": [ 3.0, 1.5, 1.5 ],
																					"rotationOrigin": [ 1.5, 0.0, 0.0 ],
																					"faces": {
																						"south": { "texture": "#blue", "uv": [ 5.5, 7.5, 7.0, 9.0 ], "windMode": [-1,-1,-1,-1], "windData": [1,1,1,1] }
																					}
																				}
																			]
																		}
																	]
																}
															]
														}
													]
												}
											]
										}
									]
								}
							]
						}
					]
				},
				{
					"name": "FlanchardOrigin",
					"stepParentName": "Belly",
					"from": [ 0.0, 0.0, 0.0 ],
					"to": [ 16.3, 9.8, 9.0 ],
					"faces": {
					},
					"children": [
						{
							"name": "Flanchard1",
							"from": [ 14.9, 3.9, 7.6 ],
							"to": [ 16.4, 5.4, 9.1 ],
							"rotationOrigin": [ 14.9, 3.9, 7.6 ],
							"faces": {
								"south": { "texture": "#yellow", "uv": [ 5.5, 7.5, 7.0, 9.0 ], "windMode": [-1,-1,-1,-1], "windData": [1,1,1,1] }
							},
							"children": [
								{
									"name": "Flanchard2",
									"from": [ 0.0, 1.5, 0.0 ],
									"to": [ 1.5, 3.0, 1.5 ],
									"rotationOrigin": [ 0.0, 1.5, 0.0 ],
									"faces": {
										"south": { "texture": "#green", "uv": [ 5.5, 7.5, 7.0, 9.0 ], "windMode": [-1,-1,-1,-1], "windData": [1,1,1,1] }
									}
								}
							]
						},
						{
							"name": "Flanchard5",
							"from": [ 11.9, 6.9, 7.6 ],
							"to": [ 13.4, 8.4, 9.1 ],
							"rotationOrigin": [ 11.9, 6.9, 7.6 ],
							"faces": {
								"south": { "texture": "#yellow", "uv": [ 5.5, 7.5, 7.0, 9.0 ], "windMode": [-1,-1,-1,-1], "windData": [1,1,1,1] }
							},
							"children": [
								{
									"name": "Flanchard6",
									"from": [ 0.0, 1.5, 0.0 ],
									"to": [ 1.5, 3.0, 1.5 ],
									"rotationOrigin": [ 0.0, 1.5, 0.0 ],
									"faces": {
										"south": { "texture": "#green", "uv": [ 5.5, 7.5, 7.0, 9.0 ], "windMode": [-1,-1,-1,-1], "windData": [1,1,1,1] },
										"up": { "texture": "#yellow", "uv": [ 0.0, 0.0, 1.5, 1.5 ], "windMode": [-1,-1,-1,-1], "windData": [1,1,1,1] }
									}
								},
								{
									"name": "Flanchard7",
									"from": [ 1.5, 0.0, 0.0 ],
									"to": [ 3.0, 1.5, 1.5 ],
									"rotationOrigin": [ 1.5, 0.0, 0.0 ],
									"faces": {
										"south": { "texture": "#red", "uv": [ 5.5, 7.5, 7.0, 9.0 ], "windMode": [-1,-1,-1,-1], "windData": [1,1,1,1] }
									}
								},
								{
									"name": "Flanchard8",
									"from": [ 1.5, 1.5, 0.0 ],
									"to": [ 3.0, 3.0, 1.5 ],
									"rotationOrigin": [ 1.5, 1.5, 0.0 ],
									"faces": {
										"south": { "texture": "#blue", "uv": [ 5.5, 7.5, 7.0, 9.0 ], "windMode": [-1,-1,-1,-1], "windData": [1,1,1,1] },
										"up": { "texture": "#red", "uv": [ 0.0, 0.0, 1.5, 1.5 ], "windMode": [-1,-1,-1,-1], "windData": [1,1,1,1] }
									}
								}
							]
						},
						{
							"name": "Flanchard9",
							"from": [ 8.9, 6.9, 7.6 ],
							"to": [ 10.4, 8.4, 9.1 ],
							"rotationOrigin": [ 8.9, 6.9, 7.6 ],
							"faces": {
								"south": { "texture": "#yellow", "uv": [ 5.5, 7.5, 7.0, 9.0 ], "windMode": [-1,-1,-1,-1], "windData": [1,1,1,1] }
							},
							"children": [
								{
									"name": "Flanchard10",
									"from": [ 0.0, 1.5, 0.0 ],
									"to": [ 1.5, 3.0, 1.5 ],
									"rotationOrigin": [ 0.0, 1.5, 0.0 ],
									"faces": {
										"south": { "texture": "#green", "uv": [ 5.5, 7.5, 7.0, 9.0 ], "windMode": [-1,-1,-1,-1], "windData": [1,1,1,1] },
										"up": { "texture": "#yellow", "uv": [ 0.0, 0.0, 1.5, 1.5 ], "windMode": [-1,-1,-1,-1], "windData": [1,1,1,1] }
									}
								},
								{
									"name": "Flanchard11",
									"from": [ 1.5, 0.0, 0.0 ],
									"to": [ 3.0, 1.5, 1.5 ],
									"rotationOrigin": [ 1.5, 0.0, 0.0 ],
									"faces": {
										"south": { "texture": "#red", "uv": [ 5.5, 7.5, 7.0, 9.0 ], "windMode": [-1,-1,-1,-1], "windData": [1,1,1,1] }
									}
								},
								{
									"name": "Flanchard12",
									"from": [ 1.5, 1.5, 0.0 ],
									"to": [ 3.0, 3.0, 1.5 ],
									"rotationOrigin": [ 1.5, 1.5, 0.0 ],
									"faces": {
										"south": { "texture": "#blue", "uv": [ 5.5, 7.5, 7.0, 9.0 ], "windMode": [-1,-1,-1,-1], "windData": [1,1,1,1] },
										"up": { "texture": "#red", "uv": [ 0.0, 0.0, 1.5, 1.5 ], "windMode": [-1,-1,-1,-1], "windData": [1,1,1,1] }
									}
								}
							]
						},
						{
							"name": "Flanchard13",
							"from": [ 5.9, 6.9, 7.6 ],
							"to": [ 7.4, 8.4, 9.1 ],
							"rotationOrigin": [ 5.9, 6.9, 7.6 ],
							"faces": {
								"south": { "texture": "#yellow", "uv": [ 5.5, 7.5, 7.0, 9.0 ], "windMode": [-1,-1,-1,-1], "windData": [1,1,1,1] }
							},
							"children": [
								{
									"name": "Flanchard14",
									"from": [ 0.0, 1.5, 0.0 ],
									"to": [ 1.5, 3.0, 1.5 ],
									"rotationOrigin": [ 0.0, 1.5, 0.0 ],
									"faces": {
										"south": { "texture": "#green", "uv": [ 5.5, 7.5, 7.0, 9.0 ], "windMode": [-1,-1,-1,-1], "windData": [1,1,1,1] },
										"up": { "texture": "#yellow", "uv": [ 0.0, 0.0, 1.5, 1.5 ], "windMode": [-1,-1,-1,-1], "windData": [1,1,1,1] }
									}
								},
								{
									"name": "Flanchard15",
									"from": [ 1.5, 0.0, 0.0 ],
									"to": [ 3.0, 1.5, 1.5 ],
									"rotationOrigin": [ 1.5, 0.0, 0.0 ],
									"faces": {
										"south": { "texture": "#red", "uv": [ 5.5, 7.5, 7.0, 9.0 ], "windMode": [-1,-1,-1,-1], "windData": [1,1,1,1] }
									}
								},
								{
									"name": "Flanchard16",
									"from": [ 1.5, 1.5, 0.0 ],
									"to": [ 3.0, 3.0, 1.5 ],
									"rotationOrigin": [ 1.5, 1.5, 0.0 ],
									"faces": {
										"south": { "texture": "#blue", "uv": [ 5.5, 7.5, 7.0, 9.0 ], "windMode": [-1,-1,-1,-1], "windData": [1,1,1,1] },
										"up": { "texture": "#red", "uv": [ 0.0, 0.0, 1.5, 1.5 ], "windMode": [-1,-1,-1,-1], "windData": [1,1,1,1] }
									}
								}
							]
						},
						{
							"name": "Flanchard17",
							"from": [ 2.9, 6.9, 7.6 ],
							"to": [ 4.4, 8.4, 9.1 ],
							"rotationOrigin": [ 2.9, 6.9, 7.6 ],
							"faces": {
								"south": { "texture": "#yellow", "uv": [ 5.5, 7.5, 7.0, 9.0 ], "windMode": [-1,-1,-1,-1], "windData": [1,1,1,1] }
							},
							"children": [
								{
									"name": "Flanchard18",
									"from": [ 0.0, 1.5, 0.0 ],
									"to": [ 1.5, 3.0, 1.5 ],
									"rotationOrigin": [ 0.0, 1.5, 0.0 ],
									"faces": {
										"south": { "texture": "#green", "uv": [ 5.5, 7.5, 7.0, 9.0 ], "windMode": [-1,-1,-1,-1], "windData": [1,1,1,1] },
										"up": { "texture": "#yellow", "uv": [ 0.0, 0.0, 1.5, 1.5 ], "windMode": [-1,-1,-1,-1], "windData": [1,1,1,1] }
									}
								},
								{
									"name": "Flanchard19",
									"from": [ 1.5, 0.0, 0.0 ],
									"to": [ 3.0, 1.5, 1.5 ],
									"rotationOrigin": [ 1.5, 0.0, 0.0 ],
									"faces": {
										"south": { "texture": "#red", "uv": [ 5.5, 7.5, 7.0, 9.0 ], "windMode": [-1,-1,-1,-1], "windData": [1,1,1,1] }
									}
								},
								{
									"name": "Flanchard20",
									"from": [ 1.5, 1.5, 0.0 ],
									"to": [ 3.0, 3.0, 1.5 ],
									"rotationOrigin": [ 1.5, 1.5, 0.0 ],
									"faces": {
										"south": { "texture": "#blue", "uv": [ 5.5, 7.5, 7.0, 9.0 ], "windMode": [-1,-1,-1,-1], "windData": [1,1,1,1] },
										"up": { "texture": "#red", "uv": [ 0.0, 0.0, 1.5, 1.5 ], "windMode": [-1,-1,-1,-1], "windData": [1,1,1,1] }
									}
								}
							]
						},
						{
							"name": "Flanchard21",
							"from": [ -0.1, 6.9, 7.6 ],
							"to": [ 1.4, 8.4, 9.1 ],
							"rotationOrigin": [ -0.1, 6.9, 7.6 ],
							"faces": {
								"south": { "texture": "#yellow", "uv": [ 5.5, 7.5, 7.0, 9.0 ], "windMode": [-1,-1,-1,-1], "windData": [1,1,1,1] }
							},
							"children": [
								{
									"name": "Flanchard22",
									"from": [ 0.0, 1.5, 0.0 ],
									"to": [ 1.5, 3.0, 1.5 ],
									"rotationOrigin": [ 0.0, 1.5, 0.0 ],
									"faces": {
										"south": { "texture": "#green", "uv": [ 5.5, 7.5, 7.0, 9.0 ], "windMode": [-1,-1,-1,-1], "windData": [1,1,1,1] },
										"up": { "texture": "#yellow", "uv": [ 0.0, 0.0, 1.5, 1.5 ], "windMode": [-1,-1,-1,-1], "windData": [1,1,1,1] }
									}
								},
								{
									"name": "Flanchard23",
									"from": [ 1.5, 0.0, 0.0 ],
									"to": [ 3.0, 1.5, 1.5 ],
									"rotationOrigin": [ 1.5, 0.0, 0.0 ],
									"faces": {
										"south": { "texture": "#red", "uv": [ 5.5, 7.5, 7.0, 9.0 ], "windMode": [-1,-1,-1,-1], "windData": [1,1,1,1] }
									}
								},
								{
									"name": "Flanchard24",
									"from": [ 1.5, 1.5, 0.0 ],
									"to": [ 3.0, 3.0, 1.5 ],
									"rotationOrigin": [ 1.5, 1.5, 0.0 ],
									"faces": {
										"south": { "texture": "#blue", "uv": [ 5.5, 7.5, 7.0, 9.0 ], "windMode": [-1,-1,-1,-1], "windData": [1,1,1,1] },
										"up": { "texture": "#red", "uv": [ 0.0, 0.0, 1.5, 1.5 ], "windMode": [-1,-1,-1,-1], "windData": [1,1,1,1] }
									}
								}
							]
						},
						{
							"name": "Flanchard25",
							"from": [ 11.9, 3.9, 7.6 ],
							"to": [ 13.4, 5.4, 9.1 ],
							"rotationOrigin": [ 11.9, 3.9, 7.6 ],
							"faces": {
								"south": { "texture": "#yellow", "uv": [ 5.5, 7.5, 7.0, 9.0 ], "windMode": [-1,-1,-1,-1], "windData": [1,1,1,1] }
							},
							"children": [
								{
									"name": "Flanchard26",
									"from": [ 0.0, 1.5, 0.0 ],
									"to": [ 1.5, 3.0, 1.5 ],
									"rotationOrigin": [ 0.0, 1.5, 0.0 ],
									"faces": {
										"south": { "texture": "#green", "uv": [ 5.5, 7.5, 7.0, 9.0 ], "windMode": [-1,-1,-1,-1], "windData": [1,1,1,1] }
									}
								},
								{
									"name": "Flanchard27",
									"from": [ 1.5, 0.0, 0.0 ],
									"to": [ 3.0, 1.5, 1.5 ],
									"rotationOrigin": [ 1.5, 0.0, 0.0 ],
									"faces": {
										"south": { "texture": "#red", "uv": [ 5.5, 7.5, 7.0, 9.0 ], "windMode": [-1,-1,-1,-1], "windData": [1,1,1,1] }
									}
								},
								{
									"name": "Flanchard28",
									"from": [ 1.5, 1.5, 0.0 ],
									"to": [ 3.0, 3.0, 1.5 ],
									"rotationOrigin": [ 1.5, 1.5, 0.0 ],
									"faces": {
										"south": { "texture": "#blue", "uv": [ 5.5, 7.5, 7.0, 9.0 ], "windMode": [-1,-1,-1,-1], "windData": [1,1,1,1] }
									}
								}
							]
						},
						{
							"name": "Flanchard29",
							"from": [ 8.9, 3.9, 7.6 ],
							"to": [ 10.4, 5.4, 9.1 ],
							"rotationOrigin": [ 8.9, 3.9, 7.6 ],
							"faces": {
								"south": { "texture": "#yellow", "uv": [ 5.5, 7.5, 7.0, 9.0 ], "windMode": [-1,-1,-1,-1], "windData": [1,1,1,1] }
							},
							"children": [
								{
									"name": "Flanchard30",
									"from": [ 0.0, 1.5, 0.0 ],
									"to": [ 1.5, 3.0, 1.5 ],
									"rotationOrigin": [ 0.0, 1.5, 0.0 ],
									"faces": {
										"south": { "texture": "#green", "uv": [ 5.5, 7.5, 7.0, 9.0 ], "windMode": [-1,-1,-1,-1], "windData": [1,1,1,1] }
									}
								},
								{
									"name": "Flanchard31",
									"from": [ 1.5, 0.0, 0.0 ],
									"to": [ 3.0, 1.5, 1.5 ],
									"rotationOrigin": [ 1.5, 0.0, 0.0 ],
									"faces": {
										"south": { "texture": "#red", "uv": [ 5.5, 7.5, 7.0, 9.0 ], "windMode": [-1,-1,-1,-1], "windData": [1,1,1,1] }
									}
								},
								{
									"name": "Flanchard32",
									"from": [ 1.5, 1.5, 0.0 ],
									"to": [ 3.0, 3.0, 1.5 ],
									"rotationOrigin": [ 1.5, 1.5, 0.0 ],
									"faces": {
										"south": { "texture": "#blue", "uv": [ 5.5, 7.5, 7.0, 9.0 ], "windMode": [-1,-1,-1,-1], "windData": [1,1,1,1] }
									}
								}
							]
						},
						{
							"name": "Flanchard33",
							"from": [ 5.9, 3.9, 7.6 ],
							"to": [ 7.4, 5.4, 9.1 ],
							"rotationOrigin": [ 5.9, 3.9, 7.6 ],
							"faces": {
								"south": { "texture": "#yellow", "uv": [ 5.5, 7.5, 7.0, 9.0 ], "windMode": [-1,-1,-1,-1], "windData": [1,1,1,1] }
							},
							"children": [
								{
									"name": "Flanchard34",
									"from": [ 0.0, 1.5, 0.0 ],
									"to": [ 1.5, 3.0, 1.5 ],
									"rotationOrigin": [ 0.0, 1.5, 0.0 ],
									"faces": {
										"south": { "texture": "#green", "uv": [ 5.5, 7.5, 7.0, 9.0 ], "windMode": [-1,-1,-1,-1], "windData": [1,1,1,1] }
									}
								},
								{
									"name": "Flanchard35",
									"from": [ 1.5, 0.0, 0.0 ],
									"to": [ 3.0, 1.5, 1.5 ],
									"rotationOrigin": [ 1.5, 0.0, 0.0 ],
									"faces": {
										"south": { "texture": "#red", "uv": [ 5.5, 7.5, 7.0, 9.0 ], "windMode": [-1,-1,-1,-1], "windData": [1,1,1,1] }
									}
								},
								{
									"name": "Flanchard36",
									"from": [ 1.5, 1.5, 0.0 ],
									"to": [ 3.0, 3.0, 1.5 ],
									"rotationOrigin": [ 1.5, 1.5, 0.0 ],
									"faces": {
										"south": { "texture": "#blue", "uv": [ 5.5, 7.5, 7.0, 9.0 ], "windMode": [-1,-1,-1,-1], "windData": [1,1,1,1] }
									}
								}
							]
						},
						{
							"name": "Flanchard37",
							"from": [ 2.9, 3.9, 7.6 ],
							"to": [ 4.4, 5.4, 9.1 ],
							"rotationOrigin": [ 2.9, 3.9, 7.6 ],
							"faces": {
								"south": { "texture": "#yellow", "uv": [ 5.5, 7.5, 7.0, 9.0 ], "windMode": [-1,-1,-1,-1], "windData": [1,1,1,1] }
							},
							"children": [
								{
									"name": "Flanchard38",
									"from": [ 0.0, 1.5, 0.0 ],
									"to": [ 1.5, 3.0, 1.5 ],
									"rotationOrigin": [ 0.0, 1.5, 0.0 ],
									"faces": {
										"south": { "texture": "#green", "uv": [ 5.5, 7.5, 7.0, 9.0 ], "windMode": [-1,-1,-1,-1], "windData": [1,1,1,1] }
									}
								},
								{
									"name": "Flanchard39",
									"from": [ 1.5, 0.0, 0.0 ],
									"to": [ 3.0, 1.5, 1.5 ],
									"rotationOrigin": [ 1.5, 0.0, 0.0 ],
									"faces": {
										"south": { "texture": "#red", "uv": [ 5.5, 7.5, 7.0, 9.0 ], "windMode": [-1,-1,-1,-1], "windData": [1,1,1,1] }
									}
								},
								{
									"name": "Flanchard40",
									"from": [ 1.5, 1.5, 0.0 ],
									"to": [ 3.0, 3.0, 1.5 ],
									"rotationOrigin": [ 1.5, 1.5, 0.0 ],
									"faces": {
										"south": { "texture": "#blue", "uv": [ 5.5, 7.5, 7.0, 9.0 ], "windMode": [-1,-1,-1,-1], "windData": [1,1,1,1] }
									}
								}
							]
						},
						{
							"name": "Flanchard41",
							"from": [ -0.1, 3.9, 7.6 ],
							"to": [ 1.4, 5.4, 9.1 ],
							"rotationOrigin": [ -0.1, 3.9, 7.6 ],
							"faces": {
								"south": { "texture": "#yellow", "uv": [ 5.5, 7.5, 7.0, 9.0 ], "windMode": [-1,-1,-1,-1], "windData": [1,1,1,1] }
							},
							"children": [
								{
									"name": "Flanchard42",
									"from": [ 0.0, 1.5, 0.0 ],
									"to": [ 1.5, 3.0, 1.5 ],
									"rotationOrigin": [ 0.0, 1.5, 0.0 ],
									"faces": {
										"south": { "texture": "#green", "uv": [ 5.5, 7.5, 7.0, 9.0 ], "windMode": [-1,-1,-1,-1], "windData": [1,1,1,1] }
									}
								},
								{
									"name": "Flanchard43",
									"from": [ 1.5, 0.0, 0.0 ],
									"to": [ 3.0, 1.5, 1.5 ],
									"rotationOrigin": [ 1.5, 0.0, 0.0 ],
									"faces": {
										"south": { "texture": "#red", "uv": [ 5.5, 7.5, 7.0, 9.0 ], "windMode": [-1,-1,-1,-1], "windData": [1,1,1,1] }
									}
								},
								{
									"name": "Flanchard44",
									"from": [ 1.5, 1.5, 0.0 ],
									"to": [ 3.0, 3.0, 1.5 ],
									"rotationOrigin": [ 1.5, 1.5, 0.0 ],
									"faces": {
										"south": { "texture": "#blue", "uv": [ 5.5, 7.5, 7.0, 9.0 ], "windMode": [-1,-1,-1,-1], "windData": [1,1,1,1] }
									}
								}
							]
						},
						{
							"name": "Flanchard61",
							"from": [ -0.1, 0.9, 7.6 ],
							"to": [ 1.4, 2.4, 9.1 ],
							"rotationOrigin": [ -0.1, 0.9, 7.6 ],
							"faces": {
								"south": { "texture": "#yellow", "uv": [ 5.5, 7.5, 7.0, 9.0 ], "windMode": [-1,-1,-1,-1], "windData": [1,1,1,1] }
							},
							"children": [
								{
									"name": "Flanchard62",
									"from": [ 0.0, 1.5, 0.0 ],
									"to": [ 1.5, 3.0, 1.5 ],
									"rotationOrigin": [ 0.0, 1.5, 0.0 ],
									"faces": {
										"south": { "texture": "#green", "uv": [ 5.5, 7.5, 7.0, 9.0 ], "windMode": [-1,-1,-1,-1], "windData": [1,1,1,1] }
									}
								},
								{
									"name": "Flanchard63",
									"from": [ 1.5, 0.0, 0.0 ],
									"to": [ 3.0, 1.5, 1.5 ],
									"rotationOrigin": [ 1.5, 0.0, 0.0 ],
									"faces": {
										"south": { "texture": "#red", "uv": [ 5.5, 7.5, 7.0, 9.0 ], "windMode": [-1,-1,-1,-1], "windData": [1,1,1,1] }
									}
								},
								{
									"name": "Flanchard64",
									"from": [ 1.5, 1.5, 0.0 ],
									"to": [ 3.0, 3.0, 1.5 ],
									"rotationOrigin": [ 1.5, 1.5, 0.0 ],
									"faces": {
										"south": { "texture": "#blue", "uv": [ 5.5, 7.5, 7.0, 9.0 ], "windMode": [-1,-1,-1,-1], "windData": [1,1,1,1] }
									}
								},
								{
									"name": "Flanchard57",
									"from": [ 3.0, 0.0, 0.0 ],
									"to": [ 4.5, 1.5, 1.5 ],
									"rotationOrigin": [ 3.0, 0.0, 0.0 ],
									"faces": {
										"south": { "texture": "#yellow", "uv": [ 5.5, 7.5, 7.0, 9.0 ], "windMode": [-1,-1,-1,-1], "windData": [1,1,1,1] }
									},
									"children": [
										{
											"name": "Flanchard58",
											"from": [ 0.0, 1.5, 0.0 ],
											"to": [ 1.5, 3.0, 1.5 ],
											"rotationOrigin": [ 0.0, 1.5, 0.0 ],
											"faces": {
												"south": { "texture": "#green", "uv": [ 5.5, 7.5, 7.0, 9.0 ], "windMode": [-1,-1,-1,-1], "windData": [1,1,1,1] }
											}
										},
										{
											"name": "Flanchard59",
											"from": [ 1.5, 0.0, 0.0 ],
											"to": [ 3.0, 1.5, 1.5 ],
											"rotationOrigin": [ 1.5, 0.0, 0.0 ],
											"faces": {
												"south": { "texture": "#red", "uv": [ 5.5, 7.5, 7.0, 9.0 ], "windMode": [-1,-1,-1,-1], "windData": [1,1,1,1] }
											}
										},
										{
											"name": "Flanchard60",
											"from": [ 1.5, 1.5, 0.0 ],
											"to": [ 3.0, 3.0, 1.5 ],
											"rotationOrigin": [ 1.5, 1.5, 0.0 ],
											"faces": {
												"south": { "texture": "#blue", "uv": [ 5.5, 7.5, 7.0, 9.0 ], "windMode": [-1,-1,-1,-1], "windData": [1,1,1,1] }
											}
										}
									]
								},
								{
									"name": "Flanchard53",
									"from": [ 6.0, 0.0, 0.0 ],
									"to": [ 7.5, 1.5, 1.5 ],
									"rotationOrigin": [ 6.0, 0.0, 0.0 ],
									"faces": {
										"south": { "texture": "#yellow", "uv": [ 5.5, 7.5, 7.0, 9.0 ], "windMode": [-1,-1,-1,-1], "windData": [1,1,1,1] }
									},
									"children": [
										{
											"name": "Flanchard54",
											"from": [ 0.0, 1.5, 0.0 ],
											"to": [ 1.5, 3.0, 1.5 ],
											"rotationOrigin": [ 0.0, 1.5, 0.0 ],
											"faces": {
												"south": { "texture": "#green", "uv": [ 5.5, 7.5, 7.0, 9.0 ], "windMode": [-1,-1,-1,-1], "windData": [1,1,1,1] }
											}
										},
										{
											"name": "Flanchard55",
											"from": [ 1.5, 0.0, 0.0 ],
											"to": [ 3.0, 1.5, 1.5 ],
											"rotationOrigin": [ 1.5, 0.0, 0.0 ],
											"faces": {
												"south": { "texture": "#red", "uv": [ 5.5, 7.5, 7.0, 9.0 ], "windMode": [-1,-1,-1,-1], "windData": [1,1,1,1] }
											}
										},
										{
											"name": "Flanchard56",
											"from": [ 1.5, 1.5, 0.0 ],
											"to": [ 3.0, 3.0, 1.5 ],
											"rotationOrigin": [ 1.5, 1.5, 0.0 ],
											"faces": {
												"south": { "texture": "#blue", "uv": [ 5.5, 7.5, 7.0, 9.0 ], "windMode": [-1,-1,-1,-1], "windData": [1,1,1,1] }
											}
										}
									]
								},
								{
									"name": "Flanchard49",
									"from": [ 9.0, 0.0, 0.0 ],
									"to": [ 10.5, 1.5, 1.5 ],
									"rotationOrigin": [ 9.0, 0.0, 0.0 ],
									"faces": {
										"south": { "texture": "#yellow", "uv": [ 5.5, 7.5, 7.0, 9.0 ], "windMode": [-1,-1,-1,-1], "windData": [1,1,1,1] }
									},
									"children": [
										{
											"name": "Flanchard50",
											"from": [ 0.0, 1.5, 0.0 ],
											"to": [ 1.5, 3.0, 1.5 ],
											"rotationOrigin": [ 0.0, 1.5, 0.0 ],
											"faces": {
												"south": { "texture": "#green", "uv": [ 5.5, 7.5, 7.0, 9.0 ], "windMode": [-1,-1,-1,-1], "windData": [1,1,1,1] }
											}
										},
										{
											"name": "Flanchard51",
											"from": [ 1.5, 0.0, 0.0 ],
											"to": [ 3.0, 1.5, 1.5 ],
											"rotationOrigin": [ 1.5, 0.0, 0.0 ],
											"faces": {
												"south": { "texture": "#red", "uv": [ 5.5, 7.5, 7.0, 9.0 ], "windMode": [-1,-1,-1,-1], "windData": [1,1,1,1] }
											}
										},
										{
											"name": "Flanchard52",
											"from": [ 1.5, 1.5, 0.0 ],
											"to": [ 3.0, 3.0, 1.5 ],
											"rotationOrigin": [ 1.5, 1.5, 0.0 ],
											"faces": {
												"south": { "texture": "#blue", "uv": [ 5.5, 7.5, 7.0, 9.0 ], "windMode": [-1,-1,-1,-1], "windData": [1,1,1,1] }
											}
										}
									]
								},
								{
									"name": "Flanchard45",
									"from": [ 12.0, 0.0, 0.0 ],
									"to": [ 13.5, 1.5, 1.5 ],
									"rotationOrigin": [ 12.0, 0.0, 0.0 ],
									"faces": {
										"south": { "texture": "#yellow", "uv": [ 5.5, 7.5, 7.0, 9.0 ], "windMode": [-1,-1,-1,-1], "windData": [1,1,1,1] }
									},
									"children": [
										{
											"name": "Flanchard46",
											"from": [ 0.0, 1.5, 0.0 ],
											"to": [ 1.5, 3.0, 1.5 ],
											"rotationOrigin": [ 0.0, 1.5, 0.0 ],
											"faces": {
												"south": { "texture": "#green", "uv": [ 5.5, 7.5, 7.0, 9.0 ], "windMode": [-1,-1,-1,-1], "windData": [1,1,1,1] }
											}
										},
										{
											"name": "Flanchard47",
											"from": [ 1.5, 0.0, 0.0 ],
											"to": [ 3.0, 1.5, 1.5 ],
											"rotationOrigin": [ 1.5, 0.0, 0.0 ],
											"faces": {
												"south": { "texture": "#red", "uv": [ 5.5, 7.5, 7.0, 9.0 ], "windMode": [-1,-1,-1,-1], "windData": [1,1,1,1] }
											}
										},
										{
											"name": "Flanchard48",
											"from": [ 1.5, 1.5, 0.0 ],
											"to": [ 3.0, 3.0, 1.5 ],
											"rotationOrigin": [ 1.5, 1.5, 0.0 ],
											"faces": {
												"south": { "texture": "#blue", "uv": [ 5.5, 7.5, 7.0, 9.0 ], "windMode": [-1,-1,-1,-1], "windData": [1,1,1,1] }
											}
										}
									]
								},
								{
									"name": "Flanchard3",
									"from": [ 15.0, 0.0, 0.0 ],
									"to": [ 16.5, 1.5, 1.5 ],
									"rotationOrigin": [ 15.0, 0.0, 0.0 ],
									"faces": {
										"south": { "texture": "#yellow", "uv": [ 5.5, 7.5, 7.0, 9.0 ], "windMode": [-1,-1,-1,-1], "windData": [1,1,1,1] }
									},
									"children": [
										{
											"name": "Flanchard4",
											"from": [ 0.0, 1.5, 0.0 ],
											"to": [ 1.5, 3.0, 1.5 ],
											"rotationOrigin": [ 0.0, 1.5, 0.0 ],
											"faces": {
												"south": { "texture": "#green", "uv": [ 5.5, 7.5, 7.0, 9.0 ], "windMode": [-1,-1,-1,-1], "windData": [1,1,1,1] }
											}
										}
									]
								}
							]
						},
						{
							"name": "Flanchard65",
							"from": [ -0.1, -2.1, 7.6 ],
							"to": [ 1.4, -0.6, 9.1 ],
							"rotationOrigin": [ -0.1, -2.1, 7.6 ],
							"faces": {
								"south": { "texture": "#yellow", "uv": [ 5.5, 7.5, 7.0, 9.0 ], "windMode": [-1,-1,-1,-1], "windData": [1,1,1,1] }
							},
							"children": [
								{
									"name": "Flanchard66",
									"from": [ 0.0, 1.5, 0.0 ],
									"to": [ 1.5, 3.0, 1.5 ],
									"rotationOrigin": [ 0.0, 1.5, 0.0 ],
									"faces": {
										"south": { "texture": "#green", "uv": [ 5.5, 7.5, 7.0, 9.0 ], "windMode": [-1,-1,-1,-1], "windData": [1,1,1,1] }
									}
								},
								{
									"name": "Flanchard67",
									"from": [ 1.5, 0.0, 0.0 ],
									"to": [ 3.0, 1.5, 1.5 ],
									"rotationOrigin": [ 1.5, 0.0, 0.0 ],
									"faces": {
										"south": { "texture": "#red", "uv": [ 5.5, 7.5, 7.0, 9.0 ], "windMode": [-1,-1,-1,-1], "windData": [1,1,1,1] }
									}
								},
								{
									"name": "Flanchard68",
									"from": [ 1.5, 1.5, 0.0 ],
									"to": [ 3.0, 3.0, 1.5 ],
									"rotationOrigin": [ 1.5, 1.5, 0.0 ],
									"faces": {
										"south": { "texture": "#blue", "uv": [ 5.5, 7.5, 7.0, 9.0 ], "windMode": [-1,-1,-1,-1], "windData": [1,1,1,1] }
									}
								},
								{
									"name": "Flanchard69",
									"from": [ 3.0, 0.0, 0.0 ],
									"to": [ 4.5, 1.5, 1.5 ],
									"rotationOrigin": [ 3.0, 0.0, 0.0 ],
									"faces": {
										"south": { "texture": "#yellow", "uv": [ 5.5, 7.5, 7.0, 9.0 ], "windMode": [-1,-1,-1,-1], "windData": [1,1,1,1] }
									},
									"children": [
										{
											"name": "Flanchard70",
											"from": [ 0.0, 1.5, 0.0 ],
											"to": [ 1.5, 3.0, 1.5 ],
											"rotationOrigin": [ 0.0, 1.5, 0.0 ],
											"faces": {
												"south": { "texture": "#green", "uv": [ 5.5, 7.5, 7.0, 9.0 ], "windMode": [-1,-1,-1,-1], "windData": [1,1,1,1] }
											}
										},
										{
											"name": "Flanchard71",
											"from": [ 1.5, 0.0, 0.0 ],
											"to": [ 3.0, 1.5, 1.5 ],
											"rotationOrigin": [ 1.5, 0.0, 0.0 ],
											"faces": {
												"south": { "texture": "#red", "uv": [ 5.5, 7.5, 7.0, 9.0 ], "windMode": [-1,-1,-1,-1], "windData": [1,1,1,1] }
											}
										},
										{
											"name": "Flanchard72",
											"from": [ 1.5, 1.5, 0.0 ],
											"to": [ 3.0, 3.0, 1.5 ],
											"rotationOrigin": [ 1.5, 1.5, 0.0 ],
											"faces": {
												"south": { "texture": "#blue", "uv": [ 5.5, 7.5, 7.0, 9.0 ], "windMode": [-1,-1,-1,-1], "windData": [1,1,1,1] }
											}
										}
									]
								},
								{
									"name": "Flanchard73",
									"from": [ 6.0, 0.0, 0.0 ],
									"to": [ 7.5, 1.5, 1.5 ],
									"rotationOrigin": [ 6.0, 0.0, 0.0 ],
									"faces": {
										"south": { "texture": "#yellow", "uv": [ 5.5, 7.5, 7.0, 9.0 ], "windMode": [-1,-1,-1,-1], "windData": [1,1,1,1] }
									},
									"children": [
										{
											"name": "Flanchard74",
											"from": [ 0.0, 1.5, 0.0 ],
											"to": [ 1.5, 3.0, 1.5 ],
											"rotationOrigin": [ 0.0, 1.5, 0.0 ],
											"faces": {
												"south": { "texture": "#green", "uv": [ 5.5, 7.5, 7.0, 9.0 ], "windMode": [-1,-1,-1,-1], "windData": [1,1,1,1] }
											}
										},
										{
											"name": "Flanchard75",
											"from": [ 1.5, 0.0, 0.0 ],
											"to": [ 3.0, 1.5, 1.5 ],
											"rotationOrigin": [ 1.5, 0.0, 0.0 ],
											"faces": {
												"south": { "texture": "#red", "uv": [ 5.5, 7.5, 7.0, 9.0 ], "windMode": [-1,-1,-1,-1], "windData": [1,1,1,1] }
											}
										},
										{
											"name": "Flanchard76",
											"from": [ 1.5, 1.5, 0.0 ],
											"to": [ 3.0, 3.0, 1.5 ],
											"rotationOrigin": [ 1.5, 1.5, 0.0 ],
											"faces": {
												"south": { "texture": "#blue", "uv": [ 5.5, 7.5, 7.0, 9.0 ], "windMode": [-1,-1,-1,-1], "windData": [1,1,1,1] }
											}
										}
									]
								},
								{
									"name": "Flanchard77",
									"from": [ 9.0, 0.0, 0.0 ],
									"to": [ 10.5, 1.5, 1.5 ],
									"rotationOrigin": [ 9.0, 0.0, 0.0 ],
									"faces": {
										"south": { "texture": "#yellow", "uv": [ 5.5, 7.5, 7.0, 9.0 ], "windMode": [-1,-1,-1,-1], "windData": [1,1,1,1] }
									},
									"children": [
										{
											"name": "Flanchard78",
											"from": [ 0.0, 1.5, 0.0 ],
											"to": [ 1.5, 3.0, 1.5 ],
											"rotationOrigin": [ 0.0, 1.5, 0.0 ],
											"faces": {
												"south": { "texture": "#green", "uv": [ 5.5, 7.5, 7.0, 9.0 ], "windMode": [-1,-1,-1,-1], "windData": [1,1,1,1] }
											}
										},
										{
											"name": "Flanchard79",
											"from": [ 1.5, 0.0, 0.0 ],
											"to": [ 3.0, 1.5, 1.5 ],
											"rotationOrigin": [ 1.5, 0.0, 0.0 ],
											"faces": {
												"south": { "texture": "#red", "uv": [ 5.5, 7.5, 7.0, 9.0 ], "windMode": [-1,-1,-1,-1], "windData": [1,1,1,1] }
											}
										},
										{
											"name": "Flanchard80",
											"from": [ 1.5, 1.5, 0.0 ],
											"to": [ 3.0, 3.0, 1.5 ],
											"rotationOrigin": [ 1.5, 1.5, 0.0 ],
											"faces": {
												"south": { "texture": "#blue", "uv": [ 5.5, 7.5, 7.0, 9.0 ], "windMode": [-1,-1,-1,-1], "windData": [1,1,1,1] }
											}
										}
									]
								},
								{
									"name": "Flanchard81",
									"from": [ 12.0, 0.0, 0.0 ],
									"to": [ 13.5, 1.5, 1.5 ],
									"rotationOrigin": [ 12.0, 0.0, 0.0 ],
									"faces": {
										"south": { "texture": "#yellow", "uv": [ 5.5, 7.5, 7.0, 9.0 ], "windMode": [-1,-1,-1,-1], "windData": [1,1,1,1] }
									},
									"children": [
										{
											"name": "Flanchard82",
											"from": [ 0.0, 1.5, 0.0 ],
											"to": [ 1.5, 3.0, 1.5 ],
											"rotationOrigin": [ 0.0, 1.5, 0.0 ],
											"faces": {
												"south": { "texture": "#green", "uv": [ 5.5, 7.5, 7.0, 9.0 ], "windMode": [-1,-1,-1,-1], "windData": [1,1,1,1] }
											}
										},
										{
											"name": "Flanchard83",
											"from": [ 1.5, 0.0, 0.0 ],
											"to": [ 3.0, 1.5, 1.5 ],
											"rotationOrigin": [ 1.5, 0.0, 0.0 ],
											"faces": {
												"south": { "texture": "#red", "uv": [ 5.5, 7.5, 7.0, 9.0 ], "windMode": [-1,-1,-1,-1], "windData": [1,1,1,1] }
											}
										},
										{
											"name": "Flanchard84",
											"from": [ 1.5, 1.5, 0.0 ],
											"to": [ 3.0, 3.0, 1.5 ],
											"rotationOrigin": [ 1.5, 1.5, 0.0 ],
											"faces": {
												"south": { "texture": "#blue", "uv": [ 5.5, 7.5, 7.0, 9.0 ], "windMode": [-1,-1,-1,-1], "windData": [1,1,1,1] }
											}
										}
									]
								},
								{
									"name": "Flanchard85",
									"from": [ 15.0, 0.0, 0.0 ],
									"to": [ 16.5, 1.5, 1.5 ],
									"rotationOrigin": [ 15.0, 0.0, 0.0 ],
									"faces": {
										"south": { "texture": "#yellow", "uv": [ 5.5, 7.5, 7.0, 9.0 ], "windMode": [-1,-1,-1,-1], "windData": [1,1,1,1] }
									},
									"children": [
										{
											"name": "Flanchard86",
											"from": [ 0.0, 1.5, 0.0 ],
											"to": [ 1.5, 3.0, 1.5 ],
											"rotationOrigin": [ 0.0, 1.5, 0.0 ],
											"faces": {
												"south": { "texture": "#green", "uv": [ 5.5, 7.5, 7.0, 9.0 ], "windMode": [-1,-1,-1,-1], "windData": [1,1,1,1] }
											}
										}
									]
								}
							]
						}
					]
				},
				{
					"name": "PeytralOrigin",
					"stepParentName": "Chest",
					"from": [ 0.0, 0.0, 0.0 ],
					"to": [ 6.5, 9.8, 9.8 ],
					"faces": {
					},
					"children": [
						{
							"name": "Peytral1",
							"from": [ -0.1, 6.9, 8.4 ],
							"to": [ 1.4, 8.4, 9.9 ],
							"rotationOrigin": [ -0.1, 6.9, 8.4 ],
							"faces": {
								"south": { "texture": "#yellow", "uv": [ 5.5, 7.5, 7.0, 9.0 ], "windMode": [-1,-1,-1,-1], "windData": [1,1,1,1] },
								"west": { "texture": "#red", "uv": [ 0.0, 0.0, 1.5, 1.5 ], "windMode": [-1,-1,-1,-1], "windData": [1,1,1,1] }
							},
							"children": [
								{
									"name": "Peytral2",
									"from": [ 0.0, 1.5, 0.0 ],
									"to": [ 1.5, 3.0, 1.5 ],
									"rotationOrigin": [ 0.0, 1.5, 0.0 ],
									"faces": {
										"south": { "texture": "#green", "uv": [ 5.5, 7.5, 7.0, 9.0 ], "windMode": [-1,-1,-1,-1], "windData": [1,1,1,1] },
										"west": { "texture": "#yellow", "uv": [ 0.0, 0.0, 1.5, 1.5 ], "windMode": [-1,-1,-1,-1], "windData": [1,1,1,1] },
										"up": { "texture": "#yellow", "uv": [ 0.0, 0.0, 1.5, 1.5 ], "windMode": [-1,-1,-1,-1], "windData": [1,1,1,1] }
									}
								},
								{
									"name": "Peytral3",
									"from": [ 1.5, 0.0, 0.0 ],
									"to": [ 3.0, 1.5, 1.5 ],
									"rotationOrigin": [ 1.5, 0.0, 0.0 ],
									"faces": {
										"south": { "texture": "#red", "uv": [ 5.5, 7.5, 7.0, 9.0 ], "windMode": [-1,-1,-1,-1], "windData": [1,1,1,1] }
									}
								},
								{
									"name": "Peytral4",
									"from": [ 1.5, 1.5, 0.0 ],
									"to": [ 3.0, 3.0, 1.5 ],
									"rotationOrigin": [ 1.5, 1.5, 0.0 ],
									"faces": {
										"south": { "texture": "#blue", "uv": [ 5.5, 7.5, 7.0, 9.0 ], "windMode": [-1,-1,-1,-1], "windData": [1,1,1,1] },
										"up": { "texture": "#red", "uv": [ 0.0, 0.0, 1.5, 1.5 ], "windMode": [-1,-1,-1,-1], "windData": [1,1,1,1] }
									}
								}
							]
						},
						{
							"name": "Peytral5",
							"from": [ 2.9, 6.9, 8.4 ],
							"to": [ 4.4, 8.4, 9.9 ],
							"rotationOrigin": [ 2.9, 6.9, 8.4 ],
							"faces": {
								"south": { "texture": "#yellow", "uv": [ 5.5, 7.5, 7.0, 9.0 ], "windMode": [-1,-1,-1,-1], "windData": [1,1,1,1] }
							},
							"children": [
								{
									"name": "Peytral6",
									"from": [ 0.0, 1.5, 0.0 ],
									"to": [ 1.5, 3.0, 1.5 ],
									"rotationOrigin": [ 0.0, 1.5, 0.0 ],
									"faces": {
										"south": { "texture": "#green", "uv": [ 5.5, 7.5, 7.0, 9.0 ], "windMode": [-1,-1,-1,-1], "windData": [1,1,1,1] },
										"up": { "texture": "#yellow", "uv": [ 0.0, 0.0, 1.5, 1.5 ], "windMode": [-1,-1,-1,-1], "windData": [1,1,1,1] }
									}
								},
								{
									"name": "Peytral7",
									"from": [ 1.5, 0.0, 0.0 ],
									"to": [ 3.0, 1.5, 1.5 ],
									"rotationOrigin": [ 1.5, 0.0, 0.0 ],
									"faces": {
										"south": { "texture": "#red", "uv": [ 5.5, 7.5, 7.0, 9.0 ], "windMode": [-1,-1,-1,-1], "windData": [1,1,1,1] }
									}
								},
								{
									"name": "Peytral8",
									"from": [ 1.5, 1.5, 0.0 ],
									"to": [ 3.0, 3.0, 1.5 ],
									"rotationOrigin": [ 1.5, 1.5, 0.0 ],
									"faces": {
										"south": { "texture": "#blue", "uv": [ 5.5, 7.5, 7.0, 9.0 ], "windMode": [-1,-1,-1,-1], "windData": [1,1,1,1] },
										"up": { "texture": "#red", "uv": [ 0.0, 0.0, 1.5, 1.5 ], "windMode": [-1,-1,-1,-1], "windData": [1,1,1,1] }
									}
								}
							]
						},
						{
							"name": "Peytral9",
							"from": [ 5.9, 6.9, 8.4 ],
							"to": [ 6.6, 8.4, 9.9 ],
							"rotationOrigin": [ 5.9, 6.9, 8.4 ],
							"faces": {
								"south": { "texture": "#yellow", "uv": [ 3.5, 4.5, 4.0, 6.0 ], "windMode": [-1,-1,-1,-1], "windData": [1,1,1,1] }
							},
							"children": [
								{
									"name": "Peytral10",
									"from": [ 0.0, 1.5, 0.0 ],
									"to": [ 0.7, 3.0, 1.5 ],
									"rotationOrigin": [ 0.0, 1.5, 0.0 ],
									"faces": {
										"south": { "texture": "#green", "uv": [ 3.5, 4.5, 4.0, 6.0 ], "windMode": [-1,-1,-1,-1], "windData": [1,1,1,1] },
										"up": { "texture": "#yellow", "uv": [ 0.0, 0.0, 0.5, 1.5 ], "windMode": [-1,-1,-1,-1], "windData": [1,1,1,1] }
									}
								}
							]
						},
						{
							"name": "Peytral11",
							"from": [ -0.1, 3.9, 8.4 ],
							"to": [ 1.4, 5.4, 9.9 ],
							"rotationOrigin": [ -0.1, 3.9, 8.4 ],
							"faces": {
								"south": { "texture": "#yellow", "uv": [ 5.5, 7.5, 7.0, 9.0 ], "windMode": [-1,-1,-1,-1], "windData": [1,1,1,1] },
								"west": { "texture": "#red", "uv": [ 0.0, 0.0, 1.5, 1.5 ], "windMode": [-1,-1,-1,-1], "windData": [1,1,1,1] }
							},
							"children": [
								{
									"name": "Peytral12",
									"from": [ 0.0, 1.5, 0.0 ],
									"to": [ 1.5, 3.0, 1.5 ],
									"rotationOrigin": [ 0.0, 1.5, 0.0 ],
									"faces": {
										"south": { "texture": "#green", "uv": [ 5.5, 7.5, 7.0, 9.0 ], "windMode": [-1,-1,-1,-1], "windData": [1,1,1,1] },
										"west": { "texture": "#yellow", "uv": [ 0.0, 0.0, 1.5, 1.5 ], "windMode": [-1,-1,-1,-1], "windData": [1,1,1,1] }
									}
								},
								{
									"name": "Peytral13",
									"from": [ 1.5, 0.0, 0.0 ],
									"to": [ 3.0, 1.5, 1.5 ],
									"rotationOrigin": [ 1.5, 0.0, 0.0 ],
									"faces": {
										"south": { "texture": "#red", "uv": [ 5.5, 7.5, 7.0, 9.0 ], "windMode": [-1,-1,-1,-1], "windData": [1,1,1,1] }
									}
								},
								{
									"name": "Peytral14",
									"from": [ 1.5, 1.5, 0.0 ],
									"to": [ 3.0, 3.0, 1.5 ],
									"rotationOrigin": [ 1.5, 1.5, 0.0 ],
									"faces": {
										"south": { "texture": "#blue", "uv": [ 5.5, 7.5, 7.0, 9.0 ], "windMode": [-1,-1,-1,-1], "windData": [1,1,1,1] }
									}
								}
							]
						},
						{
							"name": "Peytral15",
							"from": [ 2.9, 3.9, 8.4 ],
							"to": [ 4.4, 5.4, 9.9 ],
							"rotationOrigin": [ 2.9, 3.9, 8.4 ],
							"faces": {
								"south": { "texture": "#yellow", "uv": [ 5.5, 7.5, 7.0, 9.0 ], "windMode": [-1,-1,-1,-1], "windData": [1,1,1,1] }
							},
							"children": [
								{
									"name": "Peytral16",
									"from": [ 0.0, 1.5, 0.0 ],
									"to": [ 1.5, 3.0, 1.5 ],
									"rotationOrigin": [ 0.0, 1.5, 0.0 ],
									"faces": {
										"south": { "texture": "#green", "uv": [ 5.5, 7.5, 7.0, 9.0 ], "windMode": [-1,-1,-1,-1], "windData": [1,1,1,1] }
									}
								},
								{
									"name": "Peytral17",
									"from": [ 1.5, 0.0, 0.0 ],
									"to": [ 3.0, 1.5, 1.5 ],
									"rotationOrigin": [ 1.5, 0.0, 0.0 ],
									"faces": {
										"south": { "texture": "#red", "uv": [ 5.5, 7.5, 7.0, 9.0 ], "windMode": [-1,-1,-1,-1], "windData": [1,1,1,1] }
									}
								},
								{
									"name": "Peytral18",
									"from": [ 1.5, 1.5, 0.0 ],
									"to": [ 3.0, 3.0, 1.5 ],
									"rotationOrigin": [ 1.5, 1.5, 0.0 ],
									"faces": {
										"south": { "texture": "#blue", "uv": [ 5.5, 7.5, 7.0, 9.0 ], "windMode": [-1,-1,-1,-1], "windData": [1,1,1,1] }
									}
								}
							]
						},
						{
							"name": "Peytral19",
							"from": [ 5.9, 3.9, 8.4 ],
							"to": [ 6.6, 5.4, 9.9 ],
							"rotationOrigin": [ 5.9, 3.9, 8.4 ],
							"faces": {
								"south": { "texture": "#yellow", "uv": [ 3.5, 4.5, 4.0, 6.0 ], "windMode": [-1,-1,-1,-1], "windData": [1,1,1,1] }
							},
							"children": [
								{
									"name": "Peytral20",
									"from": [ 0.0, 1.5, 0.0 ],
									"to": [ 0.7, 3.0, 1.5 ],
									"rotationOrigin": [ 0.0, 1.5, 0.0 ],
									"faces": {
										"south": { "texture": "#green", "uv": [ 3.5, 4.5, 4.0, 6.0 ], "windMode": [-1,-1,-1,-1], "windData": [1,1,1,1] }
									}
								}
							]
						},
						{
							"name": "Peytral21",
							"from": [ -0.1, 0.9, 8.4 ],
							"to": [ 1.4, 2.4, 9.9 ],
							"rotationOrigin": [ -0.1, 0.9, 8.4 ],
							"faces": {
								"south": { "texture": "#yellow", "uv": [ 5.5, 7.5, 7.0, 9.0 ], "windMode": [-1,-1,-1,-1], "windData": [1,1,1,1] },
								"west": { "texture": "#red", "uv": [ 0.0, 0.0, 1.5, 1.5 ], "windMode": [-1,-1,-1,-1], "windData": [1,1,1,1] }
							},
							"children": [
								{
									"name": "Peytral22",
									"from": [ 0.0, 1.5, 0.0 ],
									"to": [ 1.5, 3.0, 1.5 ],
									"rotationOrigin": [ 0.0, 1.5, 0.0 ],
									"faces": {
										"south": { "texture": "#green", "uv": [ 5.5, 7.5, 7.0, 9.0 ], "windMode": [-1,-1,-1,-1], "windData": [1,1,1,1] },
										"west": { "texture": "#yellow", "uv": [ 0.0, 0.0, 1.5, 1.5 ], "windMode": [-1,-1,-1,-1], "windData": [1,1,1,1] }
									}
								},
								{
									"name": "Peytral23",
									"from": [ 1.5, 0.0, 0.0 ],
									"to": [ 3.0, 1.5, 1.5 ],
									"rotationOrigin": [ 1.5, 0.0, 0.0 ],
									"faces": {
										"south": { "texture": "#red", "uv": [ 5.5, 7.5, 7.0, 9.0 ], "windMode": [-1,-1,-1,-1], "windData": [1,1,1,1] }
									}
								},
								{
									"name": "Peytral24",
									"from": [ 1.5, 1.5, 0.0 ],
									"to": [ 3.0, 3.0, 1.5 ],
									"rotationOrigin": [ 1.5, 1.5, 0.0 ],
									"faces": {
										"south": { "texture": "#blue", "uv": [ 5.5, 7.5, 7.0, 9.0 ], "windMode": [-1,-1,-1,-1], "windData": [1,1,1,1] }
									}
								}
							]
						},
						{
							"name": "Peytral25",
							"from": [ 2.9, 0.9, 8.4 ],
							"to": [ 4.4, 2.4, 9.9 ],
							"rotationOrigin": [ 2.9, 0.9, 8.4 ],
							"faces": {
								"south": { "texture": "#yellow", "uv": [ 5.5, 7.5, 7.0, 9.0 ], "windMode": [-1,-1,-1,-1], "windData": [1,1,1,1] }
							},
							"children": [
								{
									"name": "Peytral26",
									"from": [ 0.0, 1.5, 0.0 ],
									"to": [ 1.5, 3.0, 1.5 ],
									"rotationOrigin": [ 0.0, 1.5, 0.0 ],
									"faces": {
										"south": { "texture": "#green", "uv": [ 5.5, 7.5, 7.0, 9.0 ], "windMode": [-1,-1,-1,-1], "windData": [1,1,1,1] }
									}
								},
								{
									"name": "Peytral27",
									"from": [ 1.5, 0.0, 0.0 ],
									"to": [ 3.0, 1.5, 1.5 ],
									"rotationOrigin": [ 1.5, 0.0, 0.0 ],
									"faces": {
										"south": { "texture": "#red", "uv": [ 5.5, 7.5, 7.0, 9.0 ], "windMode": [-1,-1,-1,-1], "windData": [1,1,1,1] }
									}
								},
								{
									"name": "Peytral28",
									"from": [ 1.5, 1.5, 0.0 ],
									"to": [ 3.0, 3.0, 1.5 ],
									"rotationOrigin": [ 1.5, 1.5, 0.0 ],
									"faces": {
										"south": { "texture": "#blue", "uv": [ 5.5, 7.5, 7.0, 9.0 ], "windMode": [-1,-1,-1,-1], "windData": [1,1,1,1] }
									}
								}
							]
						},
						{
							"name": "Peytral29",
							"from": [ 5.9, 0.9, 8.4 ],
							"to": [ 6.6, 2.4, 9.9 ],
							"rotationOrigin": [ 5.9, 0.9, 8.4 ],
							"faces": {
								"south": { "texture": "#yellow", "uv": [ 3.5, 4.5, 4.0, 6.0 ], "windMode": [-1,-1,-1,-1], "windData": [1,1,1,1] }
							},
							"children": [
								{
									"name": "Peytral30",
									"from": [ 0.0, 1.5, 0.0 ],
									"to": [ 0.7, 3.0, 1.5 ],
									"rotationOrigin": [ 0.0, 1.5, 0.0 ],
									"faces": {
										"south": { "texture": "#green", "uv": [ 3.5, 4.5, 4.0, 6.0 ], "windMode": [-1,-1,-1,-1], "windData": [1,1,1,1] }
									}
								}
							]
						},
						{
							"name": "Peytral31",
							"from": [ -0.1, -0.6, 8.39 ],
							"to": [ 1.4, 0.9, 9.89 ],
							"rotationOrigin": [ -0.1, 0.9, 8.4 ],
							"rotationZ": 6.0,
							"faces": {
								"south": { "texture": "#green", "uv": [ 5.5, 7.5, 7.0, 9.0 ], "windMode": [-1,-1,-1,-1], "windData": [1,1,1,1] },
								"west": { "texture": "#yellow", "uv": [ 0.0, 0.0, 1.5, 1.5 ], "windMode": [-1,-1,-1,-1], "windData": [1,1,1,1] }
							},
							"children": [
								{
									"name": "Peytral32",
									"from": [ 1.5, 0.0, 0.0 ],
									"to": [ 3.0, 1.5, 1.5 ],
									"rotationOrigin": [ 1.5, 0.0, 0.0 ],
									"faces": {
										"south": { "texture": "#blue", "uv": [ 5.5, 7.5, 7.0, 9.0 ], "windMode": [-1,-1,-1,-1], "windData": [1,1,1,1] }
									}
								},
								{
									"name": "Peytral33",
									"from": [ 3.0, 0.0, 0.0 ],
									"to": [ 4.5, 1.5, 1.5 ],
									"rotationOrigin": [ 3.0, 0.0, 0.0 ],
									"faces": {
										"south": { "texture": "#green", "uv": [ 5.5, 7.5, 7.0, 9.0 ], "windMode": [-1,-1,-1,-1], "windData": [1,1,1,1] }
									},
									"children": [
										{
											"name": "Peytral34",
											"from": [ 1.5, 0.0, 0.0 ],
											"to": [ 3.0, 1.5, 1.5 ],
											"rotationOrigin": [ 1.5, 0.0, 0.0 ],
											"faces": {
												"south": { "texture": "#blue", "uv": [ 5.5, 7.5, 7.0, 9.0 ], "windMode": [-1,-1,-1,-1], "windData": [1,1,1,1] }
											}
										}
									]
								},
								{
									"name": "Peytral35",
									"from": [ 6.0, 0.0, 0.0 ],
									"to": [ 6.7, 1.5, 1.5 ],
									"rotationOrigin": [ 6.0, 0.0, 0.0 ],
									"faces": {
										"south": { "texture": "#green", "uv": [ 3.5, 4.5, 4.0, 6.0 ], "windMode": [-1,-1,-1,-1], "windData": [1,1,1,1] }
									}
								},
								{
									"name": "Peytral36",
									"from": [ 0.0, -1.5, -0.01 ],
									"to": [ 1.5, 0.0, 1.49 ],
									"rotationOrigin": [ 0.0, 0.0, 0.0 ],
									"rotationZ": 8.0,
									"faces": {
										"south": { "texture": "#yellow", "uv": [ 5.5, 7.5, 7.0, 9.0 ], "windMode": [-1,-1,-1,-1], "windData": [1,1,1,1] },
										"west": { "texture": "#red", "uv": [ 0.0, 0.0, 1.5, 1.5 ], "windMode": [-1,-1,-1,-1], "windData": [1,1,1,1] }
									},
									"children": [
										{
											"name": "Peytral38",
											"from": [ 1.5, 0.0, 0.0 ],
											"to": [ 3.0, 1.5, 1.5 ],
											"rotationOrigin": [ 1.5, 0.0, 0.0 ],
											"faces": {
												"south": { "texture": "#red", "uv": [ 5.5, 7.5, 7.0, 9.0 ], "windMode": [-1,-1,-1,-1], "windData": [1,1,1,1] }
											}
										},
										{
											"name": "Peytral37",
											"from": [ 3.0, 0.0, 0.0 ],
											"to": [ 4.5, 1.5, 1.5 ],
											"rotationOrigin": [ 3.0, 1.5, 0.0 ],
											"faces": {
												"south": { "texture": "#yellow", "uv": [ 5.5, 7.5, 7.0, 9.0 ], "windMode": [-1,-1,-1,-1], "windData": [1,1,1,1] }
											},
											"children": [
												{
													"name": "Peytral39",
													"from": [ 1.5, 0.0, 0.0 ],
													"to": [ 3.0, 1.5, 1.5 ],
													"rotationOrigin": [ 1.5, 0.0, 0.0 ],
													"faces": {
														"south": { "texture": "#red", "uv": [ 5.5, 7.5, 7.0, 9.0 ], "windMode": [-1,-1,-1,-1], "windData": [1,1,1,1] }
													}
												}
											]
										},
										{
											"name": "Peytral40",
											"from": [ 6.0, 0.0, 0.0 ],
											"to": [ 6.7, 1.5, 1.5 ],
											"rotationOrigin": [ 6.0, 1.5, 0.0 ],
											"faces": {
												"south": { "texture": "#yellow", "uv": [ 3.5, 4.5, 4.0, 6.0 ], "windMode": [-1,-1,-1,-1], "windData": [1,1,1,1] }
											}
										},
										{
											"name": "Peytral42",
											"from": [ 0.0, -1.5, -0.01 ],
											"to": [ 1.5, 0.0, 1.49 ],
											"rotationOrigin": [ 0.0, 0.0, -0.01 ],
											"rotationZ": 8.0,
											"faces": {
												"south": { "texture": "#green", "uv": [ 5.5, 7.5, 7.0, 9.0 ], "windMode": [-1,-1,-1,-1], "windData": [1,1,1,1] },
												"west": { "texture": "#yellow", "uv": [ 0.0, 0.0, 1.5, 1.5 ], "windMode": [-1,-1,-1,-1], "windData": [0,0,1,1] }
											},
											"children": [
												{
													"name": "Peytral44",
													"from": [ 1.5, 0.0, 0.0 ],
													"to": [ 3.0, 1.5, 1.5 ],
													"rotationOrigin": [ 1.5, 0.0, 0.0 ],
													"faces": {
														"south": { "texture": "#blue", "uv": [ 5.5, 7.5, 7.0, 9.0 ], "windMode": [-1,-1,-1,-1], "windData": [1,1,1,1] }
													}
												},
												{
													"name": "Peytral43",
													"from": [ 3.0, 0.0, 0.0 ],
													"to": [ 4.5, 1.5, 1.5 ],
													"rotationOrigin": [ 3.0, 0.0, 0.0 ],
													"faces": {
														"south": { "texture": "#green", "uv": [ 5.5, 7.5, 7.0, 9.0 ], "windMode": [-1,-1,-1,-1], "windData": [1,1,1,1] }
													},
													"children": [
														{
															"name": "Peytral45",
															"from": [ 1.5, 0.0, 0.0 ],
															"to": [ 3.0, 1.5, 1.5 ],
															"rotationOrigin": [ 1.5, 0.0, 0.0 ],
															"faces": {
																"south": { "texture": "#blue", "uv": [ 5.5, 7.5, 7.0, 9.0 ], "windMode": [-1,-1,-1,-1], "windData": [1,1,1,1] }
															}
														}
													]
												},
												{
													"name": "Peytral46",
													"from": [ 6.0, 0.0, 0.0 ],
													"to": [ 6.7, 1.5, 1.5 ],
													"rotationOrigin": [ 6.0, 0.0, 0.0 ],
													"faces": {
														"south": { "texture": "#green", "uv": [ 3.5, 4.5, 4.0, 6.0 ], "windMode": [-1,-1,-1,-1], "windData": [1,1,1,1] }
													}
												},
												{
													"name": "Peytral41",
													"from": [ 0.0, -1.5, -0.01 ],
													"to": [ 1.5, 0.0, 1.49 ],
													"rotationOrigin": [ 0.0, 0.0, 0.02 ],
													"rotationZ": 8.0,
													"faces": {
														"south": { "texture": "#yellow", "uv": [ 5.5, 7.5, 7.0, 9.0 ], "windMode": [-1,-1,-1,-1], "windData": [1,1,1,1] },
														"west": { "texture": "#red", "uv": [ 0.0, 0.0, 1.5, 1.5 ], "windMode": [-1,-1,-1,-1] }
													},
													"children": [
														{
															"name": "Peytral47",
															"from": [ 1.5, 0.0, 0.0 ],
															"to": [ 3.0, 1.5, 1.5 ],
															"rotationOrigin": [ 1.5, 0.0, 0.0 ],
															"faces": {
																"south": { "texture": "#red", "uv": [ 5.5, 7.5, 7.0, 9.0 ], "windMode": [-1,-1,-1,-1], "windData": [1,1,1,1] }
															}
														},
														{
															"name": "Peytral48",
															"from": [ 3.0, 0.0, 0.0 ],
															"to": [ 4.5, 1.5, 1.5 ],
															"rotationOrigin": [ 3.0, 1.5, 0.0 ],
															"faces": {
																"south": { "texture": "#yellow", "uv": [ 5.5, 7.5, 7.0, 9.0 ], "windMode": [-1,-1,-1,-1], "windData": [1,1,1,1] }
															},
															"children": [
																{
																	"name": "Peytral49",
																	"from": [ 1.5, 0.0, 0.0 ],
																	"to": [ 3.0, 1.5, 1.5 ],
																	"rotationOrigin": [ 1.5, 0.0, 0.0 ],
																	"faces": {
																		"south": { "texture": "#red", "uv": [ 5.5, 7.5, 7.0, 9.0 ], "windMode": [-1,-1,-1,-1], "windData": [1,1,1,1] }
																	}
																}
															]
														},
														{
															"name": "Peytral50",
															"from": [ 6.0, 0.0, 0.0 ],
															"to": [ 6.7, 1.5, 1.5 ],
															"rotationOrigin": [ 6.0, 1.5, 0.0 ],
															"faces": {
																"south": { "texture": "#yellow", "uv": [ 3.5, 4.5, 4.0, 6.0 ], "windMode": [-1,-1,-1,-1], "windData": [1,1,1,1] }
															}
														},
														{
															"name": "Peytral51",
															"from": [ 0.0, -1.5, -0.01 ],
															"to": [ 1.5, 0.0, 1.49 ],
															"rotationOrigin": [ 0.0, 0.0, -0.01 ],
															"rotationZ": 1.0,
															"faces": {
																"south": { "texture": "#green", "uv": [ 5.5, 7.5, 7.0, 9.0 ], "windMode": [-1,-1,-1,-1], "windData": [1,1,1,1] },
																"west": { "texture": "#yellow", "uv": [ 0.0, 0.0, 1.5, 1.5 ], "windMode": [-1,-1,-1,-1] }
															},
															"children": [
																{
																	"name": "Peytral52",
																	"from": [ 1.5, 0.0, 0.0 ],
																	"to": [ 3.0, 1.5, 1.5 ],
																	"rotationOrigin": [ 1.5, 0.0, 0.0 ],
																	"faces": {
																		"south": { "texture": "#blue", "uv": [ 5.5, 7.5, 7.0, 9.0 ], "windMode": [-1,-1,-1,-1], "windData": [1,1,1,1] }
																	}
																},
																{
																	"name": "Peytral53",
																	"from": [ 3.0, 0.0, 0.0 ],
																	"to": [ 4.5, 1.5, 1.5 ],
																	"rotationOrigin": [ 3.0, 0.0, 0.0 ],
																	"faces": {
																		"south": { "texture": "#green", "uv": [ 5.5, 7.5, 7.0, 9.0 ], "windMode": [-1,-1,-1,-1], "windData": [1,1,1,1] }
																	},
																	"children": [
																		{
																			"name": "Peytral54",
																			"from": [ 1.5, 0.0, 0.0 ],
																			"to": [ 3.0, 1.5, 1.5 ],
																			"rotationOrigin": [ 1.5, 0.0, 0.0 ],
																			"faces": {
																				"south": { "texture": "#blue", "uv": [ 5.5, 7.5, 7.0, 9.0 ], "windMode": [-1,-1,-1,-1], "windData": [1,1,1,1] }
																			}
																		}
																	]
																},
																{
																	"name": "Peytral55",
																	"from": [ 6.0, 0.0, 0.0 ],
																	"to": [ 6.7, 1.5, 1.5 ],
																	"rotationOrigin": [ 6.0, 0.0, 0.0 ],
																	"faces": {
																		"south": { "texture": "#green", "uv": [ 3.5, 4.5, 4.0, 6.0 ], "windMode": [-1,-1,-1,-1], "windData": [1,1,1,1] }
																	}
																},
																{
																	"name": "Peytral56",
																	"from": [ 0.0, -1.5, -0.01 ],
																	"to": [ 1.5, 0.0, 1.49 ],
																	"rotationOrigin": [ 0.0, 0.0, -0.1 ],
																	"faces": {
																		"south": { "texture": "#yellow", "uv": [ 5.5, 7.5, 7.0, 9.0 ], "windMode": [-1,-1,-1,-1], "windData": [1,1,1,1] },
																		"west": { "texture": "#red", "uv": [ 0.0, 0.0, 1.5, 1.5 ], "windMode": [-1,-1,-1,-1] }
																	},
																	"children": [
																		{
																			"name": "Peytral57",
																			"from": [ 1.5, 0.0, 0.0 ],
																			"to": [ 3.0, 1.5, 1.5 ],
																			"rotationOrigin": [ 1.5, 0.0, 0.0 ],
																			"faces": {
																				"south": { "texture": "#red", "uv": [ 5.5, 7.5, 7.0, 9.0 ], "windMode": [-1,-1,-1,-1], "windData": [1,1,1,1] }
																			}
																		},
																		{
																			"name": "Peytral58",
																			"from": [ 3.0, 0.0, 0.0 ],
																			"to": [ 4.5, 1.5, 1.5 ],
																			"rotationOrigin": [ 3.0, 1.5, 0.0 ],
																			"faces": {
																				"south": { "texture": "#yellow", "uv": [ 5.5, 7.5, 7.0, 9.0 ], "windMode": [-1,-1,-1,-1], "windData": [1,1,1,1] }
																			},
																			"children": [
																				{
																					"name": "Peytral59",
																					"from": [ 1.5, 0.0, 0.0 ],
																					"to": [ 3.0, 1.5, 1.5 ],
																					"rotationOrigin": [ 1.5, 0.0, 0.0 ],
																					"faces": {
																						"south": { "texture": "#red", "uv": [ 5.5, 7.5, 7.0, 9.0 ], "windMode": [-1,-1,-1,-1], "windData": [1,1,1,1] }
																					}
																				}
																			]
																		},
																		{
																			"name": "Peytral60",
																			"from": [ 6.0, 0.0, 0.0 ],
																			"to": [ 6.7, 1.5, 1.5 ],
																			"rotationOrigin": [ 6.0, 1.5, 0.0 ],
																			"faces": {
																				"south": { "texture": "#yellow", "uv": [ 3.5, 4.5, 4.0, 6.0 ], "windMode": [-1,-1,-1,-1], "windData": [1,1,1,1] }
																			}
																		},
																		{
																			"name": "Peytral61",
																			"from": [ 0.0, -1.5, -0.01 ],
																			"to": [ 1.5, 0.0, 1.49 ],
																			"rotationOrigin": [ 0.0, 0.0, -0.01 ],
																			"faces": {
																				"south": { "texture": "#green", "uv": [ 5.5, 7.5, 7.0, 9.0 ], "windMode": [-1,-1,-1,-1], "windData": [1,1,1,1] },
																				"west": { "texture": "#yellow", "uv": [ 0.0, 0.0, 1.5, 1.5 ], "windMode": [-1,-1,-1,-1] }
																			},
																			"children": [
																				{
																					"name": "Peytral62",
																					"from": [ 1.5, 0.0, 0.0 ],
																					"to": [ 3.0, 1.5, 1.5 ],
																					"rotationOrigin": [ 1.5, 0.0, 0.0 ],
																					"faces": {
																						"south": { "texture": "#blue", "uv": [ 5.5, 7.5, 7.0, 9.0 ], "windMode": [-1,-1,-1,-1], "windData": [1,1,1,1] }
																					}
																				},
																				{
																					"name": "Peytral63",
																					"from": [ 3.0, 0.0, 0.0 ],
																					"to": [ 4.5, 1.5, 1.5 ],
																					"rotationOrigin": [ 3.0, 0.0, 0.0 ],
																					"faces": {
																						"south": { "texture": "#green", "uv": [ 5.5, 7.5, 7.0, 9.0 ], "windMode": [-1,-1,-1,-1], "windData": [1,1,1,1] }
																					},
																					"children": [
																						{
																							"name": "Peytral64",
																							"from": [ 1.5, 0.0, 0.0 ],
																							"to": [ 3.0, 1.5, 1.5 ],
																							"rotationOrigin": [ 1.5, 0.0, 0.0 ],
																							"faces": {
																								"south": { "texture": "#blue", "uv": [ 5.5, 7.5, 7.0, 9.0 ], "windMode": [-1,-1,-1,-1], "windData": [1,1,1,1] }
																							}
																						}
																					]
																				},
																				{
																					"name": "Peytral65",
																					"from": [ 6.0, 0.0, 0.0 ],
																					"to": [ 6.7, 1.5, 1.5 ],
																					"rotationOrigin": [ 6.0, 0.0, 0.0 ],
																					"faces": {
																						"south": { "texture": "#green", "uv": [ 3.5, 4.5, 4.0, 6.0 ], "windMode": [-1,-1,-1,-1], "windData": [1,1,1,1] }
																					}
																				},
																				{
																					"name": "Peytral66",
																					"from": [ 0.0, -1.5, 0.01 ],
																					"to": [ 1.5, 0.0, 1.51 ],
																					"rotationOrigin": [ 0.0, 0.0, -0.08 ],
																					"faces": {
																						"south": { "texture": "#yellow", "uv": [ 5.5, 7.5, 7.0, 9.0 ], "windMode": [-1,-1,-1,-1], "windData": [1,1,1,1] },
																						"west": { "texture": "#red", "uv": [ 0.0, 0.0, 1.5, 1.5 ], "windMode": [-1,-1,-1,-1] }
																					},
																					"children": [
																						{
																							"name": "Peytral67",
																							"from": [ 1.5, 0.0, 0.0 ],
																							"to": [ 3.0, 1.5, 1.5 ],
																							"rotationOrigin": [ 1.5, 0.0, 0.0 ],
																							"faces": {
																								"south": { "texture": "#red", "uv": [ 5.5, 7.5, 7.0, 9.0 ], "windMode": [-1,-1,-1,-1], "windData": [1,1,1,1] }
																							}
																						},
																						{
																							"name": "Peytral68",
																							"from": [ 3.0, 0.0, 0.0 ],
																							"to": [ 4.5, 1.5, 1.5 ],
																							"rotationOrigin": [ 3.0, 1.5, 0.0 ],
																							"faces": {
																								"south": { "texture": "#yellow", "uv": [ 5.5, 7.5, 7.0, 9.0 ], "windMode": [-1,-1,-1,-1], "windData": [1,1,1,1] }
																							},
																							"children": [
																								{
																									"name": "Peytral69",
																									"from": [ 1.5, 0.0, 0.0 ],
																									"to": [ 3.0, 1.5, 1.5 ],
																									"rotationOrigin": [ 1.5, 0.0, 0.0 ],
																									"faces": {
																										"south": { "texture": "#red", "uv": [ 5.5, 7.5, 7.0, 9.0 ], "windMode": [-1,-1,-1,-1], "windData": [1,1,1,1] }
																									}
																								}
																							]
																						},
																						{
																							"name": "Peytral70",
																							"from": [ 6.0, 0.0, 0.0 ],
																							"to": [ 6.7, 1.5, 1.5 ],
																							"rotationOrigin": [ 6.0, 1.5, 0.0 ],
																							"faces": {
																								"south": { "texture": "#yellow", "uv": [ 3.5, 4.5, 4.0, 6.0 ], "windMode": [-1,-1,-1,-1], "windData": [1,1,1,1] }
																							}
																						},
																						{
																							"name": "Peytral71",
																							"from": [ 0.0, -1.5, -0.01 ],
																							"to": [ 1.5, 0.0, 1.49 ],
																							"rotationOrigin": [ 0.0, 0.0, -0.01 ],
																							"faces": {
																								"south": { "texture": "#green", "uv": [ 5.5, 7.5, 7.0, 9.0 ], "windMode": [-1,-1,-1,-1], "windData": [1,1,1,1] },
																								"west": { "texture": "#yellow", "uv": [ 0.0, 0.0, 1.5, 1.5 ], "windMode": [-1,-1,-1,-1] }
																							},
																							"children": [
																								{
																									"name": "Peytral72",
																									"from": [ 1.5, 0.0, 0.0 ],
																									"to": [ 3.0, 1.5, 1.5 ],
																									"rotationOrigin": [ 1.5, 0.0, 0.0 ],
																									"faces": {
																										"south": { "texture": "#blue", "uv": [ 5.5, 7.5, 7.0, 9.0 ], "windMode": [-1,-1,-1,-1], "windData": [1,1,1,1] }
																									}
																								},
																								{
																									"name": "Peytral73",
																									"from": [ 3.0, 0.0, 0.0 ],
																									"to": [ 4.5, 1.5, 1.5 ],
																									"rotationOrigin": [ 3.0, 0.0, 0.0 ],
																									"faces": {
																										"south": { "texture": "#green", "uv": [ 5.5, 7.5, 7.0, 9.0 ], "windMode": [-1,-1,-1,-1], "windData": [1,1,1,1] }
																									},
																									"children": [
																										{
																											"name": "Peytral74",
																											"from": [ 1.5, 0.0, 0.0 ],
																											"to": [ 3.0, 1.5, 1.5 ],
																											"rotationOrigin": [ 1.5, 0.0, 0.0 ],
																											"faces": {
																												"south": { "texture": "#blue", "uv": [ 5.5, 7.5, 7.0, 9.0 ], "windMode": [-1,-1,-1,-1], "windData": [1,1,1,1] }
																											}
																										}
																									]
																								},
																								{
																									"name": "Peytral75",
																									"from": [ 6.0, 0.0, 0.0 ],
																									"to": [ 6.7, 1.5, 1.5 ],
																									"rotationOrigin": [ 6.0, 0.0, 0.0 ],
																									"faces": {
																										"south": { "texture": "#green", "uv": [ 3.5, 4.5, 4.0, 6.0 ], "windMode": [-1,-1,-1,-1], "windData": [1,1,1,1] }
																									}
																								}
																							]
																						}
																					]
																				}
																			]
																		}
																	]
																}
															]
														}
													]
												}
											]
										}
									]
								}
							]
						}
					]
				}
			]
		}
	],
	"animations": [
		{
			"name": "Sleep",
			"code": "Sleep",
			"quantityframes": 60,
			"onActivityStopped": "Rewind",
			"onAnimationEnd": "Repeat",
			"keyframes": [
				{
					"frame": 0,
					"elements": {
						"CrupperOrigin": { "rotationX": 0.0, "rotationY": 0.0, "rotationZ": 0.0 }
					}
				}
			]
		},

		{
			"name": "Walk",
			"code": "walk",
			"quantityframes": 49,
			"onActivityStopped": "Rewind",
			"onAnimationEnd": "Repeat",
			"keyframes": [
				{
					"frame": 16,
					"elements": {
						"Crupper37": { "rotationX": 0.0, "rotationY": 0.0, "rotationZ": 0.0 }
					}
				}
			]
		},

	]
}