{
	"editor": {
		"allAngles": false,
		"entityTextureMode": false
	},
	"textureWidth": 16,
	"textureHeight": 16,
	"textureSizes": {
		"blanket": [16,16]
	},
	"textures": {
		"blanketextra": "block/cloth/linen/green"
	},
	"elements": [
		{
			"name": "OriginBlanket",
			"from": [ 8.0, 0.2, 7.2 ],
			"to": [ 10.0, 0.2, 9.2 ],
			"rotationOrigin": [ 8.0, 0.2, 7.2 ],
			"faces": {
				"north": { "texture": "#blanketextra", "uv": [ 0.0, 0.0, 2.0, 0.5 ] },
				"east": { "texture": "#blanketextra", "uv": [ 0.0, 0.0, 2.0, 0.5 ] },
				"south": { "texture": "#blanketextra", "uv": [ 0.0, 0.0, 2.0, 0.5 ] },
				"west": { "texture": "#blanketextra", "uv": [ 0.0, 0.0, 2.0, 0.5 ] },
				"up": { "texture": "#blanketextra", "uv": [ 0.0, 0.0, 2.0, 2.0 ] },
				"down": { "texture": "#blanketextra", "uv": [ 0.0, 0.0, 2.0, 2.0 ] }
			},
			"children": [
				{
					"name": "Blanket",
					"from": [ -7.0, -0.2, -5.8 ],
					"to": [ 7.0, 0.2, 7.2 ],
					"rotationOrigin": [ -7.0, -0.2, -5.8 ],
					"faces": {
						"north": { "texture": "#blanketextra", "uv": [ 1.0, 6.5, 15.0, 7.0 ], "windMode": [-1,-1,-1,-1] },
						"east": { "texture": "#blanketextra", "uv": [ 2.0, 4.5, 15.0, 5.0 ], "windMode": [-1,-1,-1,-1] },
						"south": { "texture": "#blanketextra", "uv": [ 1.0, 6.0, 15.0, 6.5 ], "windMode": [-1,-1,-1,-1] },
						"west": { "texture": "#blanketextra", "uv": [ 1.5, 4.0, 14.5, 4.5 ], "windMode": [-1,-1,-1,-1] },
						"up": { "texture": "#blanketextra", "uv": [ 1.0, 1.0, 15.0, 14.0 ], "windMode": [-1,-1,-1,-1] },
						"down": { "texture": "#blanketextra", "uv": [ 1.0, 1.5, 15.0, 14.5 ], "windMode": [-1,-1,-1,-1] }
					},
					"children": [
						{
							"name": "Blanket4",
							"from": [ 0.02, 0.0, 13.0 ],
							"to": [ 14.02, 0.4, 13.6 ],
							"rotationOrigin": [ 0.2, 0.0, 13.0 ],
							"rotationX": -45.0,
							"faces": {
								"north": { "texture": "#blanketextra", "uv": [ 2.0, 6.5, 16.0, 7.0 ], "windMode": [-1,-1,-1,-1] },
								"east": { "texture": "#blanketextra", "uv": [ 5.0, 4.5, 5.5, 5.0 ], "windMode": [-1,-1,-1,-1] },
								"south": { "texture": "#blanketextra", "uv": [ 2.0, 6.0, 16.0, 6.5 ], "windMode": [-1,-1,-1,-1] },
								"west": { "texture": "#blanketextra", "uv": [ 3.0, 4.0, 3.5, 4.5 ], "windMode": [-1,-1,-1,-1] },
								"up": { "texture": "#blanketextra", "uv": [ 1.5, 4.0, 15.5, 4.5 ], "windMode": [-1,-1,-1,-1] },
								"down": { "texture": "#blanketextra", "uv": [ 2.0, 4.5, 16.0, 5.0 ], "windMode": [-1,-1,-1,-1] }
							},
							"children": [
								{
									"name": "Blanket5",
									"from": [ -0.04, 0.0, 0.81 ],
									"to": [ 13.96, 0.4, 1.41 ],
									"rotationOrigin": [ -0.2, 0.0, 0.8 ],
									"rotationX": -90.0,
									"faces": {
										"north": { "texture": "#blanketextra", "uv": [ 2.0, 6.5, 16.0, 7.0 ], "windMode": [-1,-1,-1,-1] },
										"east": { "texture": "#blanketextra", "uv": [ 5.0, 4.5, 5.5, 5.0 ], "windMode": [-1,-1,-1,-1] },
										"south": { "texture": "#blanketextra", "uv": [ 2.0, 6.0, 16.0, 6.5 ], "windMode": [-1,-1,-1,-1] },
										"west": { "texture": "#blanketextra", "uv": [ 3.0, 4.0, 3.5, 4.5 ], "windMode": [-1,-1,-1,-1] },
										"up": { "texture": "#blanketextra", "uv": [ 1.5, 4.0, 15.5, 4.5 ], "windMode": [-1,-1,-1,-1] },
										"down": { "texture": "#blanketextra", "uv": [ 1.5, 5.5, 15.5, 6.0 ], "windMode": [-1,-1,-1,-1] }
									}
								},
								{
									"name": "Blanket2",
									"from": [ -0.02, 9.49, -9.0 ],
									"to": [ 13.98, 9.89, 4.2 ],
									"rotationOrigin": [ -0.02, 9.4255, -8.9598 ],
									"rotationX": 44.17,
									"faces": {
										"north": { "texture": "#blanketextra", "uv": [ 2.0, 6.5, 16.0, 7.0 ], "windMode": [-1,-1,-1,-1] },
										"east": { "texture": "#blanketextra", "uv": [ 3.0, 4.0, 16.0, 4.5 ], "windMode": [-1,-1,-1,-1] },
										"south": { "texture": "#blanketextra", "uv": [ 2.0, 6.0, 16.0, 6.5 ], "windMode": [-1,-1,-1,-1] },
										"west": { "texture": "#blanketextra", "uv": [ 3.0, 4.0, 16.0, 4.5 ], "windMode": [-1,-1,-1,-1] },
										"up": { "texture": "#blanketextra", "uv": [ 2.0, 1.0, 16.0, 14.0 ], "windMode": [-1,-1,-1,-1] },
										"down": { "texture": "#blanketextra", "uv": [ 0.5, 1.0, 14.5, 14.0 ], "windMode": [-1,-1,-1,-1] }
									},
									"children": [
										{
											"name": "Blanket6",
											"from": [ 14.0, 0.0, 0.0 ],
											"to": [ 28.0, 0.4, 0.6 ],
											"rotationOrigin": [ 14.0, 0.0, 0.0 ],
											"rotationX": -133.5,
											"rotationZ": 180.0,
											"faces": {
												"north": { "texture": "#blanketextra", "uv": [ 2.0, 6.5, 16.0, 7.0 ], "windMode": [-1,-1,-1,-1] },
												"east": { "texture": "#blanketextra", "uv": [ 5.0, 4.5, 5.5, 5.0 ], "windMode": [-1,-1,-1,-1] },
												"south": { "texture": "#blanketextra", "uv": [ 2.0, 6.0, 16.0, 6.5 ], "windMode": [-1,-1,-1,-1] },
												"west": { "texture": "#blanketextra", "uv": [ 3.0, 4.0, 3.5, 4.5 ], "windMode": [-1,-1,-1,-1] },
												"up": { "texture": "#blanketextra", "uv": [ 1.5, 4.0, 15.5, 4.5 ], "windMode": [-1,-1,-1,-1] },
												"down": { "texture": "#blanketextra", "uv": [ 1.5, 5.0, 15.5, 5.5 ], "windMode": [-1,-1,-1,-1] }
											},
											"children": [
												{
													"name": "Blanket7",
													"from": [ -0.04, -0.11, 0.61 ],
													"to": [ 13.96, 0.29, 1.41 ],
													"rotationOrigin": [ -0.2, 0.0, 0.6 ],
													"rotationX": -90.0,
													"faces": {
														"north": { "texture": "#blanketextra", "uv": [ 1.5, 6.5, 15.5, 7.0 ], "windMode": [-1,-1,-1,-1] },
														"east": { "texture": "#blanketextra", "uv": [ 5.0, 4.5, 5.5, 5.0 ], "windMode": [-1,-1,-1,-1] },
														"south": { "texture": "#blanketextra", "uv": [ 1.5, 6.0, 15.5, 6.5 ], "windMode": [-1,-1,-1,-1] },
														"west": { "texture": "#blanketextra", "uv": [ 3.0, 4.0, 3.5, 4.5 ], "windMode": [-1,-1,-1,-1] },
														"up": { "texture": "#blanketextra", "uv": [ 1.0, 4.0, 15.0, 4.5 ], "windMode": [-1,-1,-1,-1] },
														"down": { "texture": "#blanketextra", "uv": [ 1.0, 5.0, 15.0, 5.5 ], "windMode": [-1,-1,-1,-1] }
													},
													"children": [
														{
															"name": "Blanket3",
															"from": [ 14.38, -0.4, 0.8 ],
															"to": [ 28.38, 0.0, 13.8 ],
															"rotationOrigin": [ 14.2, 0.0, 0.8 ],
															"rotationX": -44.9,
															"rotationZ": 180.0,
															"faces": {
																"north": { "texture": "#blanketextra", "uv": [ 2.0, 6.5, 16.0, 7.0 ], "windMode": [-1,-1,-1,-1] },
																"east": { "texture": "#blanketextra", "uv": [ 2.0, 7.0, 15.0, 7.5 ], "windMode": [-1,-1,-1,-1] },
																"south": { "texture": "#blanketextra", "uv": [ 1.0, 7.0, 15.0, 7.5 ], "windMode": [-1,-1,-1,-1] },
																"west": { "texture": "#blanketextra", "uv": [ 1.0, 5.5, 14.0, 6.0 ], "windMode": [-1,-1,-1,-1] },
																"up": { "texture": "#blanketextra", "uv": [ 1.0, 1.0, 15.0, 14.0 ], "windMode": [-1,-1,-1,-1] },
																"down": { "texture": "#blanketextra", "uv": [ 1.0, 1.5, 15.0, 14.5 ], "windMode": [-1,-1,-1,-1] }
															}
														}
													]
												}
											]
										}
									]
								}
							]
						},
						{
							"name": "Blanket8",
							"from": [ 0.02, 1.0, 13.0 ],
							"to": [ 14.02, 1.4, 13.6 ],
							"rotationOrigin": [ 0.2, 1.0, 13.0 ],
							"rotationX": -44.5,
							"faces": {
								"north": { "texture": "#blanketextra", "uv": [ 2.0, 6.5, 16.0, 7.0 ], "windMode": [-1,-1,-1,-1] },
								"east": { "texture": "#blanketextra", "uv": [ 5.0, 4.5, 5.5, 5.0 ], "windMode": [-1,-1,-1,-1] },
								"south": { "texture": "#blanketextra", "uv": [ 2.0, 6.0, 16.0, 6.5 ], "windMode": [-1,-1,-1,-1] },
								"west": { "texture": "#blanketextra", "uv": [ 3.0, 4.0, 3.5, 4.5 ], "windMode": [-1,-1,-1,-1] },
								"up": { "texture": "#blanketextra", "uv": [ 1.5, 4.0, 15.5, 4.5 ], "windMode": [-1,-1,-1,-1] },
								"down": { "texture": "#blanketextra", "uv": [ 2.0, 4.5, 16.0, 5.0 ], "windMode": [-1,-1,-1,-1] }
							},
							"children": [
								{
									"name": "Blanket9",
									"from": [ -0.04, 0.0, 0.81 ],
									"to": [ 13.96, 0.4, 1.41 ],
									"rotationOrigin": [ -0.2, 0.0, 0.8 ],
									"rotationX": -90.0,
									"faces": {
										"north": { "texture": "#blanketextra", "uv": [ 1.0, 9.0, 15.0, 9.5 ], "windMode": [-1,-1,-1,-1] },
										"east": { "texture": "#blanketextra", "uv": [ 5.0, 4.5, 5.5, 5.0 ], "windMode": [-1,-1,-1,-1] },
										"south": { "texture": "#blanketextra", "uv": [ 1.0, 8.0, 15.0, 8.5 ], "windMode": [-1,-1,-1,-1] },
										"west": { "texture": "#blanketextra", "uv": [ 3.0, 4.0, 3.5, 4.5 ], "windMode": [-1,-1,-1,-1] },
										"up": { "texture": "#blanketextra", "uv": [ 1.0, 7.0, 15.0, 7.5 ], "windMode": [-1,-1,-1,-1] },
										"down": { "texture": "#blanketextra", "uv": [ 1.0, 6.5, 15.0, 7.0 ], "windMode": [-1,-1,-1,-1] }
									}
								},
								{
									"name": "Blanket10",
									"from": [ -0.02, 9.49, -9.0 ],
									"to": [ 13.98, 9.89, 4.2 ],
									"rotationOrigin": [ -0.02, 9.4255, -8.9598 ],
									"rotationX": 44.17,
									"faces": {
										"north": { "texture": "#blanketextra", "uv": [ 2.0, 6.5, 16.0, 7.0 ], "windMode": [-1,-1,-1,-1] },
										"east": { "texture": "#blanketextra", "uv": [ 3.0, 4.0, 16.0, 4.5 ], "windMode": [-1,-1,-1,-1] },
										"south": { "texture": "#blanketextra", "uv": [ 2.0, 6.0, 16.0, 6.5 ], "windMode": [-1,-1,-1,-1] },
										"west": { "texture": "#blanketextra", "uv": [ 3.0, 4.0, 16.0, 4.5 ], "windMode": [-1,-1,-1,-1] },
										"up": { "texture": "#blanketextra", "uv": [ 2.0, 1.0, 16.0, 14.0 ], "windMode": [-1,-1,-1,-1] },
										"down": { "texture": "#blanketextra", "uv": [ 0.5, 1.0, 14.5, 14.0 ], "windMode": [-1,-1,-1,-1] }
									},
									"children": [
										{
											"name": "Blanket11",
											"from": [ 14.0, 0.0, 0.0 ],
											"to": [ 28.0, 0.4, 0.6 ],
											"rotationOrigin": [ 14.0, 0.0, 0.0 ],
											"rotationX": -133.5,
											"rotationZ": 180.0,
											"faces": {
												"north": { "texture": "#blanketextra", "uv": [ 1.0, 6.5, 15.0, 7.0 ], "windMode": [-1,-1,-1,-1] },
												"east": { "texture": "#blanketextra", "uv": [ 5.0, 4.5, 5.5, 5.0 ], "windMode": [-1,-1,-1,-1] },
												"south": { "texture": "#blanketextra", "uv": [ 1.5, 6.0, 15.5, 6.5 ], "windMode": [-1,-1,-1,-1] },
												"west": { "texture": "#blanketextra", "uv": [ 3.0, 4.0, 3.5, 4.5 ], "windMode": [-1,-1,-1,-1] },
												"up": { "texture": "#blanketextra", "uv": [ 1.0, 4.0, 15.0, 4.5 ], "windMode": [-1,-1,-1,-1] },
												"down": { "texture": "#blanketextra", "uv": [ 1.0, 5.0, 15.0, 5.5 ], "windMode": [-1,-1,-1,-1] }
											},
											"children": [
												{
													"name": "Blanket12",
													"from": [ -0.04, 0.001, 0.81 ],
													"to": [ 13.96, 0.401, 1.61 ],
													"rotationOrigin": [ -0.2, 0.0, 0.8 ],
													"rotationX": -90.0,
													"faces": {
														"north": { "texture": "#blanketextra", "uv": [ 2.0, 6.5, 16.0, 7.0 ], "windMode": [-1,-1,-1,-1] },
														"east": { "texture": "#blanketextra", "uv": [ 5.0, 4.5, 5.5, 5.0 ], "windMode": [-1,-1,-1,-1] },
														"south": { "texture": "#blanketextra", "uv": [ 2.0, 6.0, 16.0, 6.5 ], "windMode": [-1,-1,-1,-1] },
														"west": { "texture": "#blanketextra", "uv": [ 3.0, 4.0, 3.5, 4.5 ], "windMode": [-1,-1,-1,-1] },
														"up": { "texture": "#blanketextra", "uv": [ 1.5, 4.0, 15.5, 4.5 ], "windMode": [-1,-1,-1,-1] },
														"down": { "texture": "#blanketextra", "uv": [ 1.5, 5.0, 15.5, 5.5 ], "windMode": [-1,-1,-1,-1] }
													},
													"children": [
														{
															"name": "Blanket13",
															"from": [ 14.38, -0.4, 0.8 ],
															"to": [ 28.38, 0.0, 13.8 ],
															"rotationOrigin": [ 14.2, 0.0, 0.8 ],
															"rotationX": -44.9,
															"rotationZ": 180.0,
															"faces": {
																"north": { "texture": "#blanketextra", "uv": [ 2.0, 6.5, 16.0, 7.0 ], "windMode": [-1,-1,-1,-1] },
																"east": { "texture": "#blanketextra", "uv": [ 2.0, 7.0, 15.0, 7.5 ], "windMode": [-1,-1,-1,-1] },
																"south": { "texture": "#blanketextra", "uv": [ 1.0, 7.0, 15.0, 7.5 ], "windMode": [-1,-1,-1,-1] },
																"west": { "texture": "#blanketextra", "uv": [ 1.0, 5.5, 14.0, 6.0 ], "windMode": [-1,-1,-1,-1] },
																"up": { "texture": "#blanketextra", "uv": [ 1.0, 1.0, 15.0, 14.0 ], "windMode": [-1,-1,-1,-1] },
																"down": { "texture": "#blanketextra", "uv": [ 1.0, 1.5, 15.0, 14.5 ], "windMode": [-1,-1,-1,-1] }
															}
														}
													]
												}
											]
										}
									]
								}
							]
						}
					]
				}
			]
		}
	]}