{
	"editor": {
		"backDropShape": "D:/VSModding/Entitybackdrops/ferus-adult",
		"collapsedPaths": "",
		"allAngles": false,
		"entityTextureMode": false
	},
	"textureWidth": 16,
	"textureHeight": 16,
	"textureSizes": {
		"blanket": [16,16],
		"top": [16,16],
		"blanketextra": [16,16]
	},
	"textures": {
		"blanket": "block/cloth/aged/blue/edge-right",
		"blanketextra": "block/cloth/aged/blue/top",
		"blue": "block/cloth/basic/blue",
		"green": "block/cloth/basic/green",
		"red": "block/cloth/basic/red",
		"yellow": "block/cloth/basic/yellow"
	},
	"elements": [
		{
			"name": "OriginBlanket",
			"stepParentName": "Belly",
			"from": [ 6.615, 4.41, 3.22 ],
			"to": [ 7.7175, 5.5125, 4.3225 ],
			"rotationOrigin": [ 6.615, 4.41, 3.2175 ],
			"faces": {
				"north": { "texture": "#blanketextra", "uv": [ 0.0, 0.0, 1.0, 1.0 ], "autoUv": false },
				"east": { "texture": "#blanketextra", "uv": [ 0.0, 0.0, 1.0, 1.0 ], "autoUv": false },
				"south": { "texture": "#blanketextra", "uv": [ 0.0, 0.0, 1.0, 1.0 ], "autoUv": false },
				"west": { "texture": "#blanketextra", "uv": [ 0.0, 0.0, 1.0, 1.0 ], "autoUv": false },
				"up": { "texture": "#blanketextra", "uv": [ 0.0, 0.0, 1.0, 1.0 ], "autoUv": false },
				"down": { "texture": "#blanketextra", "uv": [ 0.0, 0.0, 1.0, 1.0 ], "autoUv": false }
			},
			"children": [
				{
					"name": "Blanket",
					"from": [ -4.9612, -1.7, -3.4177 ],
					"to": [ 8.2687, 5.5175, 5.9535 ],
					"renderInEditor": false,
					"rotationOrigin": [ -4.9612, -1.705, -3.4177 ],
					"faces": {
						"north": { "texture": "#blanketextra", "uv": [ 1.5, 8.0, 13.5, 15.0 ], "autoUv": false },
						"east": { "texture": "#blanketextra", "uv": [ 5.0, 4.5, 13.5, 11.5 ], "autoUv": false },
						"south": { "texture": "#blanketextra", "uv": [ 2.5, 6.0, 15.5, 13.0 ] },
						"west": { "texture": "#blanketextra", "uv": [ 3.0, 4.0, 11.5, 11.0 ], "autoUv": false },
						"up": { "texture": "#blanketextra", "uv": [ 2.0, 5.0, 14.0, 14.0 ], "autoUv": false },
						"down": { "texture": "#blanketextra", "uv": [ 2.5, 5.0, 14.5, 13.5 ], "autoUv": false }
					},
					"children": [
						{
							"name": "Blanket15",
							"from": [ 6.6, -7.12, 0.1 ],
							"to": [ 17.8299, 0.0975, 9.2712 ],
							"rotationOrigin": [ 6.6, -6.905, 0.1 ],
							"faces": {
								"north": { "texture": "#blanket", "uv": [ 0.0, 0.0, 11.0, 7.0 ] },
								"east": { "texture": "#blanket", "uv": [ 4.0, 5.5, 12.5, 12.5 ], "autoUv": false },
								"south": { "texture": "#blanket", "uv": [ 0.0, 0.0, 11.0, 7.0 ] },
								"west": { "texture": "#blanket", "uv": [ 3.0, 5.0, 11.5, 12.0 ], "autoUv": false },
								"up": { "texture": "#blanket", "uv": [ 2.0, 5.0, 14.0, 14.0 ], "autoUv": false },
								"down": { "texture": "#blanket", "uv": [ 2.5, 5.0, 14.5, 13.5 ], "autoUv": false }
							}
						},
						{
							"name": "Blanket17",
							"from": [ -1.6, -7.12, 0.1 ],
							"to": [ 6.6299, 0.0975, 9.2712 ],
							"rotationOrigin": [ -1.6, -6.905, 0.1 ],
							"faces": {
								"north": { "texture": "#blanket", "uv": [ 3.0, 0.0, 11.0, 7.0 ] },
								"east": { "texture": "#blanket", "uv": [ 4.0, 5.5, 12.5, 12.5 ], "autoUv": false },
								"south": { "texture": "#blanket", "uv": [ 1.0, 0.0, 9.0, 7.0 ] },
								"west": { "texture": "#blanket", "uv": [ 3.0, 5.0, 11.5, 12.0 ], "autoUv": false },
								"up": { "texture": "#blanket", "uv": [ 2.0, 5.0, 14.0, 14.0 ], "autoUv": false },
								"down": { "texture": "#blanket", "uv": [ 2.5, 5.0, 14.5, 13.5 ], "autoUv": false }
							}
						}
					]
				},
				{
					"name": "CrupperMain",
					"stepParentName": "Hind",
					"from": [ -0.1102, 0.73, -0.1102 ],
					"to": [ 2.8947, 3.73, 9.9225 ],
					"rotationOrigin": [ -0.1102, 0.7332, -0.1102 ],
					"faces": {
						"north": { "texture": "#green", "uv": [ 2.0, 3.0, 5.0, 6.0 ], "windMode": [-1,-1,-1,-1], "windData": [1,1,1,1] },
						"south": { "texture": "#green", "uv": [ 3.5, 4.5, 6.5, 7.5 ], "windMode": [-1,-1,-1,-1], "windData": [1,1,1,1] },
						"west": { "texture": "#green", "uv": [ 3.5, 6.5, 13.5, 9.5 ], "windMode": [-1,-1,-1,-1], "windData": [1,1,1,1] },
						"up": { "texture": "#green", "uv": [ 4.5, 3.5, 7.5, 13.5 ], "windMode": [-1,-1,-1,-1], "windData": [1,1,1,1] }
					},
					"children": [
						{
							"name": "BlanketExtra",
							"stepParentName": "tail",
							"from": [ -0.1, 4.5, -0.2 ],
							"to": [ 1.4049, 5.9688, 2.0327 ],
							"rotationOrigin": [ -0.1, 4.5, -0.2 ],
							"faces": {
								"north": { "texture": "#blanketextra", "uv": [ 7.0, 3.0, 8.5, 4.0 ], "windMode": [-1,-1,-1,-1], "windData": [1,1,1,1] },
								"east": { "texture": "#blanketextra", "uv": [ 3.5, 3.5, 5.5, 4.5 ], "windMode": [-1,-1,-1,-1], "windData": [1,1,1,1] },
								"south": { "texture": "#blanketextra", "uv": [ 9.5, 4.5, 11.0, 5.5 ], "windMode": [-1,-1,-1,-1], "windData": [1,1,1,1] },
								"west": { "texture": "#blanketextra", "uv": [ 3.5, 6.5, 5.5, 7.5 ], "windMode": [-1,-1,-1,-1], "windData": [1,1,1,1] },
								"up": { "texture": "#blanketextra", "uv": [ 9.0, 3.5, 10.5, 5.5 ], "windMode": [-1,-1,-1,-1], "windData": [1,1,1,1] },
								"down": { "texture": "#blanketextra", "uv": [ 6.0, 2.0, 7.5, 4.0 ], "windMode": [-1,-1,-1,-1], "windData": [1,1,1,1] }
							}
						},
						{
							"name": "BlanketExtra4",
							"from": [ 0.0, -0.5, 0.0 ],
							"to": [ 1.7049, 0.0, 10.0327 ],
							"renderInEditor": false,
							"rotationOrigin": [ 0.0, -0.5, 0.0 ],
							"faces": {
								"north": { "texture": "#blanketextra", "uv": [ 7.0, 3.0, 8.5, 3.5 ], "windMode": [-1,-1,-1,-1], "windData": [1,1,1,1] },
								"east": { "texture": "#blanketextra", "uv": [ 3.5, 3.5, 13.5, 4.0 ], "windMode": [-1,-1,-1,-1], "windData": [1,1,1,1] },
								"south": { "texture": "#blanketextra", "uv": [ 9.5, 4.5, 11.0, 5.0 ], "windMode": [-1,-1,-1,-1], "windData": [1,1,1,1] },
								"west": { "texture": "#blanketextra", "uv": [ 3.5, 6.5, 13.5, 7.0 ], "windMode": [-1,-1,-1,-1], "windData": [1,1,1,1] },
								"up": { "texture": "#blanketextra", "uv": [ 9.0, 3.5, 10.5, 13.5 ], "windMode": [-1,-1,-1,-1], "windData": [1,1,1,1] },
								"down": { "texture": "#blanketextra", "uv": [ 6.0, 2.0, 7.5, 12.0 ], "windMode": [-1,-1,-1,-1], "windData": [1,1,1,1] }
							}
						},
						{
							"name": "Blanket5",
							"from": [ 0.0, -7.8, 0.01 ],
							"to": [ 8.9049, -0.0312, 10.02 ],
							"renderInEditor": false,
							"rotationOrigin": [ -0.1, -0.03, 0.1 ],
							"rotationZ": 19.5,
							"faces": {
								"north": { "texture": "#blanketextra", "uv": [ 2.0, 3.0, 10.5, 10.5 ], "windMode": [-1,-1,-1,-1], "windData": [1,1,1,1] },
								"east": { "texture": "#blanketextra", "uv": [ 3.5, 3.5, 13.5, 11.0 ], "windMode": [-1,-1,-1,-1], "windData": [1,1,1,1] },
								"south": { "texture": "#blanketextra", "uv": [ 3.5, 4.5, 12.0, 12.0 ], "windMode": [-1,-1,-1,-1], "windData": [1,1,1,1] },
								"up": { "texture": "#blanketextra", "uv": [ 4.5, 3.5, 13.0, 13.5 ], "windMode": [-1,-1,-1,-1], "windData": [1,1,1,1] }
							},
							"children": [
								{
									"name": "Blanket6",
									"from": [ 0.0, -7.67, -0.05 ],
									"to": [ 8.9049, 0.0988, 10.04 ],
									"rotationOrigin": [ -0.1, 0.07, 0.09 ],
									"rotationZ": 5.0,
									"faces": {
										"north": { "texture": "#blanket", "uv": [ 3.5, 0.5, 12.0, 8.0 ], "windMode": [-1,-1,-1,-1], "windData": [1,1,1,1] },
										"east": { "texture": "#blanket", "uv": [ 4.0, 1.0, 14.0, 8.5 ], "windMode": [-1,-1,-1,-1], "windData": [1,1,1,1] },
										"south": { "texture": "#blanket", "uv": [ 0.5, 0.0, 9.0, 7.5 ], "windMode": [-1,-1,-1,-1], "windData": [1,1,1,1] }
									}
								}
							]
						},
						{
							"name": "Crupper2",
							"from": [ 0.0, 3.0, 0.0 ],
							"to": [ 3.0049, 6.0, 10.0327 ],
							"rotationOrigin": [ 0.0, 3.0, 0.0 ],
							"faces": {
								"north": { "texture": "#yellow", "uv": [ 2.0, 3.0, 5.0, 6.0 ], "windMode": [-1,-1,-1,-1], "windData": [1,1,1,1] },
								"south": { "texture": "#yellow", "uv": [ 3.5, 4.5, 6.5, 7.5 ], "windMode": [-1,-1,-1,-1], "windData": [1,1,1,1] },
								"west": { "texture": "#yellow", "uv": [ 3.5, 6.5, 13.5, 9.5 ], "windMode": [-1,-1,-1,-1], "windData": [1,1,1,1] },
								"up": { "texture": "#yellow", "uv": [ 4.5, 3.5, 7.5, 13.5 ], "windMode": [-1,-1,-1,-1], "windData": [1,1,1,1] }
							}
						},
						{
							"name": "Crupper6",
							"from": [ 6.0, 3.0, 0.0 ],
							"to": [ 9.0049, 6.0, 10.0327 ],
							"rotationOrigin": [ 6.0, 3.0, 0.0 ],
							"faces": {
								"north": { "texture": "#yellow", "uv": [ 2.0, 3.0, 5.0, 6.0 ], "windMode": [-1,-1,-1,-1], "windData": [1,1,1,1] },
								"east": { "texture": "#yellow", "uv": [ 3.5, 3.5, 13.5, 6.5 ], "windMode": [-1,-1,-1,-1], "windData": [1,1,1,1] },
								"south": { "texture": "#yellow", "uv": [ 3.5, 4.5, 6.5, 7.5 ], "windMode": [-1,-1,-1,-1], "windData": [1,1,1,1] },
								"west": { "texture": "#yellow", "uv": [ 3.5, 6.5, 13.5, 9.5 ], "windMode": [-1,-1,-1,-1], "windData": [1,1,1,1] },
								"up": { "texture": "#yellow", "uv": [ 4.5, 3.5, 7.5, 13.5 ], "windMode": [-1,-1,-1,-1], "windData": [1,1,1,1] },
								"down": { "texture": "#yellow", "uv": [ 6.5, 2.0, 9.5, 12.0 ], "windMode": [-1,-1,-1,-1], "windData": [1,1,1,1] }
							}
						},
						{
							"name": "Crupper3",
							"from": [ 0.0, 6.0, 0.0 ],
							"to": [ 3.0049, 9.0, 10.0327 ],
							"rotationOrigin": [ 0.0, 6.0, 0.0 ],
							"faces": {
								"north": { "texture": "#green", "uv": [ 2.0, 3.0, 5.0, 6.0 ], "windMode": [-1,-1,-1,-1], "windData": [1,1,1,1] },
								"south": { "texture": "#green", "uv": [ 3.5, 4.5, 6.5, 7.5 ], "windMode": [-1,-1,-1,-1], "windData": [1,1,1,1] },
								"west": { "texture": "#green", "uv": [ 3.5, 6.5, 13.5, 9.5 ], "windMode": [-1,-1,-1,-1], "windData": [1,1,1,1] },
								"up": { "texture": "#green", "uv": [ 4.5, 3.5, 7.5, 13.5 ], "windMode": [-1,-1,-1,-1], "windData": [1,1,1,1] }
							}
						},
						{
							"name": "Crupper5",
							"from": [ 6.0, 6.0, 0.0 ],
							"to": [ 9.0049, 9.0, 10.0327 ],
							"rotationOrigin": [ 6.0, 6.0, 0.0 ],
							"faces": {
								"north": { "texture": "#green", "uv": [ 2.0, 3.0, 5.0, 6.0 ], "windMode": [-1,-1,-1,-1], "windData": [1,1,1,1] },
								"east": { "texture": "#green", "uv": [ 3.5, 3.5, 13.5, 6.5 ], "windMode": [-1,-1,-1,-1], "windData": [1,1,1,1] },
								"south": { "texture": "#green", "uv": [ 3.5, 4.5, 6.5, 7.5 ], "windMode": [-1,-1,-1,-1], "windData": [1,1,1,1] },
								"west": { "texture": "#green", "uv": [ 3.5, 6.5, 13.5, 9.5 ], "windMode": [-1,-1,-1,-1], "windData": [1,1,1,1] },
								"up": { "texture": "#green", "uv": [ 4.5, 3.5, 7.5, 13.5 ], "windMode": [-1,-1,-1,-1], "windData": [1,1,1,1] },
								"down": { "texture": "#green", "uv": [ 6.5, 2.0, 9.5, 12.0 ], "windMode": [-1,-1,-1,-1], "windData": [1,1,1,1] }
							}
						},
						{
							"name": "Crupper4",
							"from": [ 6.0, 0.0, 0.0 ],
							"to": [ 9.0049, 3.0, 10.0327 ],
							"rotationOrigin": [ 6.0, 0.0, 0.0 ],
							"faces": {
								"north": { "texture": "#green", "uv": [ 2.0, 3.0, 5.0, 6.0 ], "windMode": [-1,-1,-1,-1], "windData": [1,1,1,1] },
								"east": { "texture": "#green", "uv": [ 3.5, 3.5, 13.5, 6.5 ], "windMode": [-1,-1,-1,-1], "windData": [1,1,1,1] },
								"south": { "texture": "#green", "uv": [ 3.5, 4.5, 6.5, 7.5 ], "windMode": [-1,-1,-1,-1], "windData": [1,1,1,1] },
								"west": { "texture": "#green", "uv": [ 3.5, 6.5, 13.5, 9.5 ], "windMode": [-1,-1,-1,-1], "windData": [1,1,1,1] },
								"up": { "texture": "#green", "uv": [ 4.5, 3.5, 7.5, 13.5 ], "windMode": [-1,-1,-1,-1], "windData": [1,1,1,1] },
								"down": { "texture": "#green", "uv": [ 6.5, 2.0, 9.5, 12.0 ], "windMode": [-1,-1,-1,-1], "windData": [1,1,1,1] }
							}
						},
						{
							"name": "Crupper7",
							"from": [ 3.0, 3.0, 0.0 ],
							"to": [ 6.0049, 6.0, 10.0327 ],
							"rotationOrigin": [ 3.0, 3.0, 0.0 ],
							"faces": {
								"north": { "texture": "#red", "uv": [ 2.0, 3.0, 5.0, 6.0 ], "windMode": [-1,-1,-1,-1], "windData": [1,1,1,1] },
								"south": { "texture": "#red", "uv": [ 3.5, 4.5, 6.5, 7.5 ], "windMode": [-1,-1,-1,-1], "windData": [1,1,1,1] }
							}
						},
						{
							"name": "Crupper9",
							"from": [ 3.0, 6.0, 0.0 ],
							"to": [ 6.0049, 9.0, 10.0327 ],
							"rotationOrigin": [ 3.0, 6.0, 0.0 ],
							"faces": {
								"north": { "texture": "#blue", "uv": [ 2.0, 3.0, 5.0, 6.0 ], "windMode": [-1,-1,-1,-1], "windData": [1,1,1,1] },
								"south": { "texture": "#blue", "uv": [ 3.5, 4.5, 6.5, 7.5 ], "windMode": [-1,-1,-1,-1], "windData": [1,1,1,1] },
								"up": { "texture": "#blue", "uv": [ 4.5, 3.5, 7.5, 13.5 ], "windMode": [-1,-1,-1,-1], "windData": [1,1,1,1] }
							}
						},
						{
							"name": "Crupper10",
							"from": [ 3.0, 0.0, 0.0 ],
							"to": [ 6.0049, 3.0, 10.0327 ],
							"rotationOrigin": [ 3.0, 0.0, 0.0 ],
							"faces": {
								"north": { "texture": "#blue", "uv": [ 2.0, 3.0, 5.0, 6.0 ], "windMode": [-1,-1,-1,-1], "windData": [1,1,1,1] },
								"south": { "texture": "#blue", "uv": [ 3.5, 4.5, 6.5, 7.5 ], "windMode": [-1,-1,-1,-1], "windData": [1,1,1,1] }
							}
						},
						{
							"name": "Crupper13",
							"from": [ 0.0, -3.0, 0.0 ],
							"to": [ 3.0049, 0.0, 10.01 ],
							"rotationOrigin": [ 0.0, 0.0, 0.0 ],
							"rotationZ": 8.0,
							"faces": {
								"north": { "texture": "#yellow", "uv": [ 2.0, 3.0, 5.0, 6.0 ], "windMode": [-1,-1,-1,-1], "windData": [1,1,1,1] },
								"south": { "texture": "#yellow", "uv": [ 3.5, 4.5, 6.5, 7.5 ], "windMode": [-1,-1,-1,-1], "windData": [1,1,1,1] },
								"west": { "texture": "#yellow", "uv": [ 3.5, 6.5, 13.5, 9.5 ], "windMode": [-1,-1,-1,-1], "windData": [1,1,1,1] },
								"up": { "texture": "#yellow", "uv": [ 4.5, 3.5, 7.5, 13.5 ], "windMode": [-1,-1,-1,-1], "windData": [1,1,1,1] }
							},
							"children": [
								{
									"name": "Crupper12",
									"from": [ 6.0, 0.0, 0.0 ],
									"to": [ 9.0049, 3.0, 10.01 ],
									"rotationOrigin": [ 6.0, 0.0, 0.0 ],
									"faces": {
										"north": { "texture": "#yellow", "uv": [ 2.0, 3.0, 5.0, 6.0 ], "windMode": [-1,-1,-1,-1], "windData": [1,1,1,1] },
										"east": { "texture": "#yellow", "uv": [ 3.5, 3.5, 13.5, 6.5 ], "windMode": [-1,-1,-1,-1], "windData": [1,1,1,1] },
										"south": { "texture": "#yellow", "uv": [ 3.5, 4.5, 6.5, 7.5 ], "windMode": [-1,-1,-1,-1], "windData": [1,1,1,1] },
										"west": { "texture": "#yellow", "uv": [ 3.5, 6.5, 13.5, 9.5 ], "windMode": [-1,-1,-1,-1], "windData": [1,1,1,1] },
										"up": { "texture": "#yellow", "uv": [ 4.5, 3.5, 7.5, 13.5 ], "windMode": [-1,-1,-1,-1], "windData": [1,1,1,1] },
										"down": { "texture": "#yellow", "uv": [ 6.5, 2.0, 9.5, 12.0 ], "windMode": [-1,-1,-1,-1], "windData": [1,1,1,1] }
									}
								},
								{
									"name": "Crupper8",
									"from": [ 3.0, 0.0, 0.0 ],
									"to": [ 6.0049, 3.0, 10.01 ],
									"rotationOrigin": [ 3.0, 0.0, 0.0 ],
									"faces": {
										"north": { "texture": "#red", "uv": [ 2.0, 3.0, 5.0, 6.0 ], "windMode": [-1,-1,-1,-1], "windData": [1,1,1,1] },
										"south": { "texture": "#red", "uv": [ 3.5, 4.5, 6.5, 7.5 ], "windMode": [-1,-1,-1,-1], "windData": [1,1,1,1] }
									}
								},
								{
									"name": "Crupper16",
									"from": [ 0.0, -3.0, 0.0 ],
									"to": [ 3.0049, 0.0, 9.99 ],
									"rotationOrigin": [ 0.0, 0.0, 0.0 ],
									"rotationZ": 8.0,
									"faces": {
										"north": { "texture": "#green", "uv": [ 2.0, 3.0, 5.0, 6.0 ], "windMode": [-1,-1,-1,-1], "windData": [1,1,1,1] },
										"east": { "texture": "#green", "uv": [ 3.5, 3.5, 13.0, 6.5 ], "windMode": [-1,-1,-1,-1], "windData": [1,1,1,1] },
										"south": { "texture": "#green", "uv": [ 3.5, 4.5, 6.5, 7.5 ], "windMode": [-1,-1,-1,-1], "windData": [1,1,1,1] },
										"west": { "texture": "#green", "uv": [ 3.5, 6.5, 13.0, 9.5 ], "windMode": [-1,-1,-1,-1], "windData": [1,1,1,1] },
										"up": { "texture": "#green", "uv": [ 4.5, 3.5, 7.5, 13.0 ], "windMode": [-1,-1,-1,-1], "windData": [1,1,1,1] },
										"down": { "texture": "#green", "uv": [ 6.5, 2.0, 9.5, 11.5 ], "windMode": [-1,-1,-1,-1], "windData": [1,1,1,1] }
									},
									"children": [
										{
											"name": "Crupper15",
											"from": [ 6.0, 0.0, 0.0 ],
											"to": [ 9.0049, 3.0, 9.99 ],
											"rotationOrigin": [ 6.0, 0.0, 0.0 ],
											"faces": {
												"north": { "texture": "#green", "uv": [ 2.0, 3.0, 5.0, 6.0 ], "windMode": [-1,-1,-1,-1], "windData": [1,1,1,1] },
												"east": { "texture": "#green", "uv": [ 3.5, 3.5, 13.0, 6.5 ], "windMode": [-1,-1,-1,-1], "windData": [1,1,1,1] },
												"south": { "texture": "#green", "uv": [ 3.5, 4.5, 6.5, 7.5 ], "windMode": [-1,-1,-1,-1], "windData": [1,1,1,1] },
												"west": { "texture": "#green", "uv": [ 3.5, 6.5, 13.0, 9.5 ], "windMode": [-1,-1,-1,-1], "windData": [1,1,1,1] },
												"up": { "texture": "#green", "uv": [ 4.5, 3.5, 7.5, 13.0 ], "windMode": [-1,-1,-1,-1], "windData": [1,1,1,1] },
												"down": { "texture": "#green", "uv": [ 6.5, 2.0, 9.5, 11.5 ], "windMode": [-1,-1,-1,-1], "windData": [1,1,1,1] }
											}
										},
										{
											"name": "Crupper11",
											"from": [ 3.0, 0.0, 0.0 ],
											"to": [ 6.0049, 3.0, 9.99 ],
											"rotationOrigin": [ 3.0, 0.0, 0.0 ],
											"faces": {
												"north": { "texture": "#blue", "uv": [ 2.0, 3.0, 5.0, 6.0 ], "windMode": [-1,-1,-1,-1], "windData": [1,1,1,1] },
												"south": { "texture": "#blue", "uv": [ 3.5, 4.5, 6.5, 7.5 ], "windMode": [-1,-1,-1,-1], "windData": [1,1,1,1] }
											}
										},
										{
											"name": "Crupper18",
											"from": [ 0.0, -3.0, 0.0 ],
											"to": [ 3.0049, 0.0, 9.97 ],
											"rotationOrigin": [ 0.0, 0.0, 0.0 ],
											"rotationZ": 8.0,
											"faces": {
												"north": { "texture": "#yellow", "uv": [ 2.0, 3.0, 5.0, 6.0 ], "windMode": [-1,-1,-1,-1], "windData": [1,1,1,1] },
												"east": { "texture": "#yellow", "uv": [ 3.5, 3.5, 13.0, 6.5 ], "windMode": [-1,-1,-1,-1], "windData": [1,1,1,1] },
												"south": { "texture": "#yellow", "uv": [ 3.5, 4.5, 6.5, 7.5 ], "windMode": [-1,-1,-1,-1], "windData": [1,1,1,1] },
												"west": { "texture": "#yellow", "uv": [ 3.5, 6.5, 13.0, 9.5 ], "windMode": [-1,-1,-1,-1], "windData": [1,1,1,1] },
												"up": { "texture": "#yellow", "uv": [ 4.5, 3.5, 7.5, 13.0 ], "windMode": [-1,-1,-1,-1], "windData": [1,1,1,1] },
												"down": { "texture": "#yellow", "uv": [ 6.5, 2.0, 9.5, 11.5 ], "windMode": [-1,-1,-1,-1], "windData": [1,1,1,1] }
											},
											"children": [
												{
													"name": "Crupper14",
													"from": [ 3.0, 0.0, 0.0 ],
													"to": [ 6.0049, 3.0, 9.97 ],
													"rotationOrigin": [ 3.0, 0.0, 0.0 ],
													"faces": {
														"north": { "texture": "#red", "uv": [ 2.0, 3.0, 5.0, 6.0 ], "windMode": [-1,-1,-1,-1], "windData": [1,1,1,1] },
														"south": { "texture": "#red", "uv": [ 3.5, 4.5, 6.5, 7.5 ], "windMode": [-1,-1,-1,-1], "windData": [1,1,1,1] }
													}
												},
												{
													"name": "Crupper17",
													"from": [ 6.0, 0.0, 0.0 ],
													"to": [ 9.0049, 3.0, 9.97 ],
													"rotationOrigin": [ 6.0, 0.0, 0.0 ],
													"faces": {
														"north": { "texture": "#yellow", "uv": [ 2.0, 3.0, 5.0, 6.0 ], "windMode": [-1,-1,-1,-1], "windData": [1,1,1,1] },
														"east": { "texture": "#yellow", "uv": [ 3.5, 3.5, 13.0, 6.5 ], "windMode": [-1,-1,-1,-1], "windData": [1,1,1,1] },
														"south": { "texture": "#yellow", "uv": [ 3.5, 4.5, 6.5, 7.5 ], "windMode": [-1,-1,-1,-1], "windData": [1,1,1,1] },
														"west": { "texture": "#yellow", "uv": [ 3.5, 6.5, 13.0, 9.5 ], "windMode": [-1,-1,-1,-1], "windData": [1,1,1,1] },
														"up": { "texture": "#yellow", "uv": [ 4.5, 3.5, 7.5, 13.0 ], "windMode": [-1,-1,-1,-1], "windData": [1,1,1,1] },
														"down": { "texture": "#yellow", "uv": [ 6.5, 2.0, 9.5, 11.5 ], "windMode": [-1,-1,-1,-1], "windData": [1,1,1,1] }
													}
												},
												{
													"name": "Crupper19",
													"from": [ 0.0, -3.0, 0.0 ],
													"to": [ 3.0049, 0.0, 9.95 ],
													"rotationOrigin": [ 0.0, 0.0, 0.0 ],
													"rotationZ": 3.0,
													"faces": {
														"north": { "texture": "#green", "uv": [ 2.0, 3.0, 5.0, 6.0 ], "windMode": [-1,-1,-1,-1], "windData": [1,1,1,1] },
														"east": { "texture": "#green", "uv": [ 3.5, 3.5, 13.0, 6.5 ], "windMode": [-1,-1,-1,-1], "windData": [1,1,1,1] },
														"south": { "texture": "#green", "uv": [ 3.5, 4.5, 6.5, 7.5 ], "windMode": [-1,-1,-1,-1], "windData": [1,1,1,1] },
														"west": { "texture": "#green", "uv": [ 3.5, 6.5, 13.0, 9.5 ], "windMode": [-1,-1,-1,-1], "windData": [1,1,1,1] },
														"up": { "texture": "#green", "uv": [ 4.5, 3.5, 7.5, 13.0 ], "windMode": [-1,-1,-1,-1], "windData": [1,1,1,1] },
														"down": { "texture": "#green", "uv": [ 6.5, 2.0, 9.5, 11.5 ], "windMode": [-1,-1,-1,-1], "windData": [1,1,1,1] }
													},
													"children": [
														{
															"name": "Crupper20",
															"from": [ 6.0, 0.0, 0.0 ],
															"to": [ 9.0049, 3.0, 9.95 ],
															"rotationOrigin": [ 6.0, 0.0, 0.0 ],
															"faces": {
																"north": { "texture": "#green", "uv": [ 2.0, 3.0, 5.0, 6.0 ], "windMode": [-1,-1,-1,-1], "windData": [1,1,1,1] },
																"east": { "texture": "#green", "uv": [ 3.5, 3.5, 13.0, 6.5 ], "windMode": [-1,-1,-1,-1], "windData": [1,1,1,1] },
																"south": { "texture": "#green", "uv": [ 3.5, 4.5, 6.5, 7.5 ], "windMode": [-1,-1,-1,-1], "windData": [1,1,1,1] },
																"west": { "texture": "#green", "uv": [ 3.5, 6.5, 13.0, 9.5 ], "windMode": [-1,-1,-1,-1], "windData": [1,1,1,1] },
																"up": { "texture": "#green", "uv": [ 4.5, 3.5, 7.5, 13.0 ], "windMode": [-1,-1,-1,-1], "windData": [1,1,1,1] },
																"down": { "texture": "#green", "uv": [ 6.5, 2.0, 9.5, 11.5 ], "windMode": [-1,-1,-1,-1], "windData": [1,1,1,1] }
															}
														},
														{
															"name": "Crupper21",
															"from": [ 3.0, 0.0, 0.0 ],
															"to": [ 6.0049, 3.0, 9.95 ],
															"rotationOrigin": [ 3.0, 0.0, 0.0 ],
															"faces": {
																"north": { "texture": "#blue", "uv": [ 2.0, 3.0, 5.0, 6.0 ], "windMode": [-1,-1,-1,-1], "windData": [1,1,1,1] },
																"south": { "texture": "#blue", "uv": [ 3.5, 4.5, 6.5, 7.5 ], "windMode": [-1,-1,-1,-1], "windData": [1,1,1,1] }
															}
														}
													]
												}
											]
										}
									]
								}
							]
						}
					]
				},
				{
					"name": "Blanket3",
					"stepParentName": "Chest",
					"from": [ -0.1, -0.04, -0.11 ],
					"to": [ 7.6125, 9.8263, 9.9227 ],
					"renderInEditor": false,
					"rotationOrigin": [ -0.1, 9.97, -0.1102 ],
					"faces": {
						"north": { "texture": "#blanketextra", "uv": [ 7.5, 6.5, 15.0, 16.0 ], "windMode": [-1,-1,-1,-1], "windData": [1,1,1,0] },
						"south": { "texture": "#blanketextra", "uv": [ 4.0, 5.0, 11.5, 14.5 ], "windMode": [-1,-1,-1,-1], "windData": [1,0,1,1] },
						"west": { "texture": "#blanketextra", "uv": [ 4.0, 5.0, 14.0, 14.5 ], "windMode": [-1,-1,-1,-1], "windData": [1,1,1,1] },
						"up": { "texture": "#blanketextra", "uv": [ 5.0, 4.0, 12.5, 14.0 ], "windMode": [-1,-1,-1,-1], "windData": [1,1,1,1] },
						"down": { "texture": "#blanket", "uv": [ 3.0, 2.0, 13.0, 9.5 ], "rotation": 90, "windMode": [-1,-1,-1,-1], "windData": [1,0,0,1] }
					},
					"children": [
						{
							"name": "Blanket7",
							"stepParentName": "Neck1",
							"from": [ -0.1, -0.4, -0.1 ],
							"to": [ 8.8125, 8.0663, 6.01 ],
							"renderInEditor": false,
							"rotationOrigin": [ -0.1, -0.4, -0.1 ],
							"faces": {
								"north": { "texture": "#blanketextra", "uv": [ 7.0, 5.5, 15.5, 13.5 ], "windMode": [-1,-1,-1,-1], "windData": [1,1,1,0] },
								"east": { "texture": "#blanketextra", "uv": [ 4.0, 5.0, 10.0, 13.0 ], "windMode": [-1,-1,-1,-1], "windData": [0,1,1,0] },
								"south": { "texture": "#blanketextra", "uv": [ 4.0, 5.0, 12.5, 13.0 ], "windMode": [-1,-1,-1,-1], "windData": [1,0,1,1] },
								"west": { "texture": "#blanketextra", "uv": [ 4.0, 5.0, 10.0, 13.0 ], "windMode": [-1,-1,-1,-1], "windData": [1,1,1,1] },
								"up": { "texture": "#blanketextra", "uv": [ 5.0, 4.0, 13.5, 10.0 ], "windMode": [-1,-1,-1,-1], "windData": [1,1,1,1] },
								"down": { "texture": "#blanketextra", "uv": [ 4.0, 3.0, 12.5, 9.0 ], "windMode": [-1,-1,-1,-1], "windData": [1,0,0,1] }
							}
						},
						{
							"name": "Blanket12",
							"from": [ 0.0, -1.5, 0.01 ],
							"to": [ 7.7125, 4.0, 10.02 ],
							"rotationOrigin": [ 7.71, 4.0, 0.1 ],
							"rotationZ": 30.5,
							"faces": {
								"north": { "texture": "#blanketextra", "uv": [ 7.0, 5.5, 14.5, 11.0 ], "windMode": [-1,-1,-1,-1], "windData": [1,1,1,1] },
								"south": { "texture": "#blanketextra", "uv": [ 4.0, 5.0, 11.5, 10.5 ], "windMode": [-1,-1,-1,-1], "windData": [1,1,1,1] },
								"west": { "texture": "#blanketextra", "uv": [ 4.0, 5.0, 14.0, 10.5 ], "windMode": [-1,-1,-1,-1], "windData": [1,1,1,1] }
							},
							"children": [
								{
									"name": "Blanket16",
									"from": [ 0.01, -0.5, 0.01 ],
									"to": [ 7.7225, 0.1, 10.0 ],
									"rotationOrigin": [ 0.0, 0.1, 0.29 ],
									"faces": {
										"north": { "texture": "#blanketextra", "uv": [ 6.5, 5.5, 14.0, 6.0 ], "windMode": [-1,-1,-1,-1], "windData": [1,1,1,1] },
										"south": { "texture": "#blanketextra", "uv": [ 3.5, 5.0, 11.0, 5.5 ], "windMode": [-1,-1,-1,-1], "windData": [1,1,1,1] },
										"west": { "texture": "#blanket", "uv": [ 4.0, 2.0, 13.5, 2.5 ], "windMode": [-1,-1,-1,-1], "windData": [0,0,0,0] }
									},
									"children": [
										{
											"name": "Blanket13",
											"from": [ 0.001, -4.5, -0.01 ],
											"to": [ 7.7135, 0.0, 9.96 ],
											"rotationOrigin": [ 7.71, 0.0, 0.08 ],
											"faces": {
												"north": { "texture": "#blanketextra", "uv": [ 7.0, 5.5, 14.5, 10.0 ], "windMode": [-1,-1,-1,-1], "windData": [1,1,1,1] },
												"south": { "texture": "#blanketextra", "uv": [ 4.0, 5.0, 11.5, 9.5 ], "windMode": [-1,-1,-1,-1], "windData": [1,1,1,1] },
												"west": { "texture": "#blanket", "uv": [ 4.5, 2.0, 14.0, 6.5 ], "windMode": [-1,-1,-1,-1], "windData": [0,0,0,0] }
											},
											"children": [
												{
													"name": "Blanket14",
													"from": [ 0.0, -5.0, 0.01 ],
													"to": [ 7.7125, 0.0, 9.98 ],
													"rotationOrigin": [ 0.0, 0.0, 0.28 ],
													"faces": {
														"north": { "texture": "#blanket", "uv": [ 8.0, 1.5, 15.5, 6.5 ], "windMode": [-1,-1,-1,-1], "windData": [1,1,1,1] },
														"south": { "texture": "#blanket", "uv": [ 8.0, 2.5, 15.5, 7.5 ], "windMode": [-1,-1,-1,-1], "windData": [1,1,1,1] }
													}
												}
											]
										}
									]
								}
							]
						},
						{
							"name": "Blanket8",
							"stepParentName": "Neck3",
							"from": [ -0.1, -0.1, -0.2 ],
							"to": [ 5.9125, 13.0663, 3.71 ],
							"renderInEditor": false,
							"rotationOrigin": [ -0.1, -0.1, -0.2 ],
							"faces": {
								"north": { "texture": "#blanketextra", "uv": [ 7.0, 5.5, 13.0, 18.5 ], "windMode": [-1,-1,-1,-1], "windData": [1,1,1,0] },
								"east": { "texture": "#blanketextra", "uv": [ 4.0, 5.0, 7.5, 18.0 ], "windMode": [-1,-1,-1,-1], "windData": [0,1,1,0] },
								"south": { "texture": "#blanketextra", "uv": [ 4.0, 5.0, 10.0, 18.0 ], "windMode": [-1,-1,-1,-1], "windData": [1,0,1,1] },
								"west": { "texture": "#blanketextra", "uv": [ 4.0, 5.0, 7.5, 18.0 ], "windMode": [-1,-1,-1,-1], "windData": [1,1,1,1] },
								"up": { "texture": "#blanketextra", "uv": [ 5.0, 4.0, 11.0, 7.5 ], "windMode": [-1,-1,-1,-1], "windData": [1,1,1,1] },
								"down": { "texture": "#blanketextra", "uv": [ 4.0, 3.0, 10.0, 6.5 ], "windMode": [-1,-1,-1,-1], "windData": [1,0,0,1] }
							}
						},
						{
							"name": "Blanket9",
							"stepParentName": "Cube2",
							"from": [ -0.1, -0.1, -0.4 ],
							"to": [ 4.5125, 11.8663, 3.91 ],
							"renderInEditor": false,
							"rotationOrigin": [ -0.1, -0.1, -0.4 ],
							"faces": {
								"north": { "texture": "#blanketextra", "uv": [ 7.0, 5.5, 11.5, 17.0 ], "windMode": [-1,-1,-1,-1], "windData": [1,1,1,0] },
								"east": { "texture": "#blanketextra", "uv": [ 4.0, 5.0, 8.0, 16.5 ], "windMode": [-1,-1,-1,-1], "windData": [0,1,1,0] },
								"south": { "texture": "#blanketextra", "uv": [ 4.0, 5.0, 8.5, 16.5 ], "windMode": [-1,-1,-1,-1], "windData": [1,0,1,1] },
								"west": { "texture": "#blanketextra", "uv": [ 4.0, 5.0, 8.0, 16.5 ], "windMode": [-1,-1,-1,-1], "windData": [1,1,1,1] },
								"up": { "texture": "#blanketextra", "uv": [ 5.0, 4.0, 9.5, 8.0 ], "windMode": [-1,-1,-1,-1], "windData": [1,1,1,1] },
								"down": { "texture": "#blanketextra", "uv": [ 4.0, 3.0, 8.5, 7.0 ], "windMode": [-1,-1,-1,-1], "windData": [1,0,0,1] }
							}
						},
						{
							"name": "Mane32",
							"stepParentName": "mane",
							"from": [ -0.8, -1.0, -0.05 ],
							"to": [ 1.7125, 7.0, 1.26 ],
							"renderInEditor": false,
							"rotationOrigin": [ -0.8, -1.0, -0.1 ],
							"faces": {
								"north": { "texture": "#blanketextra", "uv": [ 7.5, 0.0, 10.0, 8.0 ], "windMode": [-1,-1,-1,-1], "windData": [1,1,1,0] },
								"east": { "texture": "#blanketextra", "uv": [ 6.0, 0.0, 7.0, 8.0 ], "windMode": [-1,-1,-1,-1], "windData": [0,1,1,0] },
								"south": { "texture": "#blanketextra", "uv": [ 5.0, 0.0, 7.5, 8.0 ], "windMode": [-1,-1,-1,-1], "windData": [1,0,1,1] },
								"west": { "texture": "#blanketextra", "uv": [ 5.5, -0.5, 6.5, 7.5 ], "windMode": [-1,-1,-1,-1], "windData": [1,1,1,1] },
								"up": { "texture": "#blanketextra", "uv": [ 5.0, 4.0, 7.5, 5.0 ], "windMode": [-1,-1,-1,-1], "windData": [1,1,1,1] },
								"down": { "texture": "#blanketextra", "uv": [ 4.0, 4.5, 6.5, 5.5 ], "windMode": [-1,-1,-1,-1], "windData": [1,0,0,1] }
							},
							"children": [
								{
									"name": "Mane33",
									"from": [ 0.0, 8.0, 0.0 ],
									"to": [ 2.5125, 18.0, 1.31 ],
									"rotationOrigin": [ 0.0, 8.0, -0.05 ],
									"faces": {
										"north": { "texture": "#blanketextra", "uv": [ 7.5, 0.0, 10.0, 10.0 ], "windMode": [-1,-1,-1,-1], "windData": [1,1,1,0] },
										"east": { "texture": "#blanketextra", "uv": [ 6.0, 0.0, 7.0, 10.0 ], "windMode": [-1,-1,-1,-1], "windData": [0,1,1,0] },
										"south": { "texture": "#blanketextra", "uv": [ 5.0, 0.0, 7.5, 10.0 ], "windMode": [-1,-1,-1,-1], "windData": [1,0,1,1] },
										"west": { "texture": "#blanketextra", "uv": [ 5.5, -0.5, 6.5, 9.5 ], "windMode": [-1,-1,-1,-1], "windData": [1,1,1,1] },
										"up": { "texture": "#blanketextra", "uv": [ 5.0, 4.0, 7.5, 5.0 ], "windMode": [-1,-1,-1,-1], "windData": [1,1,1,1] },
										"down": { "texture": "#blanketextra", "uv": [ 4.0, 4.5, 6.5, 5.5 ], "windMode": [-1,-1,-1,-1], "windData": [1,0,0,1] }
									}
								}
							]
						}
					]
				},
				{
					"name": "Blanket18",
					"stepParentName": "Head Origin",
					"from": [ 1.9, -0.52, 0.18 ],
					"to": [ 8.6125, 3.62, 3.53 ],
					"renderInEditor": false,
					"rotationOrigin": [ 1.9, -0.5, 0.1 ],
					"faces": {
						"north": { "texture": "#blanketextra", "uv": [ 7.0, 5.5, 13.5, 9.5 ], "windMode": [-1,-1,-1,-1], "windData": [1,1,1,1] },
						"east": { "texture": "#blanketextra", "uv": [ 0.0, 0.0, 3.0, 4.0 ], "windMode": [-1,-1,-1,-1], "windData": [1,1,1,1] },
						"south": { "texture": "#blanketextra", "uv": [ 4.0, 5.0, 10.5, 9.0 ], "windMode": [-1,-1,-1,-1], "windData": [1,1,1,1] },
						"west": { "texture": "#blanketextra", "uv": [ 4.0, 5.0, 7.0, 9.0 ], "windMode": [-1,-1,-1,-1], "windData": [1,1,1,1] },
						"up": { "texture": "#blanketextra", "uv": [ 0.0, 0.0, 6.5, 3.0 ], "windMode": [-1,-1,-1,-1], "windData": [1,1,1,1] },
						"down": { "texture": "#blanketextra", "uv": [ 0.0, 0.0, 6.5, 3.0 ], "windMode": [-1,-1,-1,-1], "windData": [1,1,1,1] }
					}
				},
				{
					"name": "Blanket19",
					"stepParentName": "Head",
					"from": [ -0.01, -0.01, -0.05 ],
					"to": [ 5.45, 5.42, 4.45 ],
					"renderInEditor": false,
					"rotationOrigin": [ 0.8, -0.1, -0.1 ],
					"faces": {
						"north": { "texture": "#blanketextra", "uv": [ 7.0, 5.5, 12.0, 10.5 ], "windMode": [-1,-1,-1,-1], "windData": [1,1,1,1] },
						"east": { "texture": "#blanketextra", "uv": [ 0.0, 0.0, 4.5, 5.0 ], "windMode": [-1,-1,-1,-1], "windData": [1,1,1,1] },
						"south": { "texture": "#blanketextra", "uv": [ 4.0, 5.0, 9.0, 10.0 ], "windMode": [-1,-1,-1,-1], "windData": [1,1,1,1] },
						"west": { "texture": "#blanketextra", "uv": [ 4.0, 5.0, 8.5, 10.0 ], "windMode": [-1,-1,-1,-1], "windData": [1,1,1,1] },
						"up": { "texture": "#blanketextra", "uv": [ 0.0, 0.0, 5.0, 4.5 ], "windMode": [-1,-1,-1,-1], "windData": [1,1,1,1] },
						"down": { "texture": "#blanketextra", "uv": [ 0.0, 0.0, 5.0, 4.5 ], "windMode": [-1,-1,-1,-1], "windData": [1,1,1,1] }
					}
				},
				{
					"name": "Blanket20",
					"stepParentName": "Bridge",
					"from": [ 1.8, -0.18, -0.09 ],
					"to": [ 5.1125, 1.32, 2.59 ],
					"renderInEditor": false,
					"rotationOrigin": [ 2.7, -0.2, -0.1 ],
					"faces": {
						"north": { "texture": "#blanketextra", "uv": [ 7.0, 5.5, 10.0, 7.0 ], "windMode": [-1,-1,-1,-1], "windData": [1,1,1,1] },
						"east": { "texture": "#blanketextra", "uv": [ 0.0, 0.0, 2.5, 1.5 ], "windMode": [-1,-1,-1,-1], "windData": [1,1,1,1] },
						"south": { "texture": "#blanketextra", "uv": [ 4.0, 5.0, 7.0, 6.5 ], "windMode": [-1,-1,-1,-1], "windData": [1,1,1,1] },
						"west": { "texture": "#blanketextra", "uv": [ 4.0, 5.0, 6.5, 6.5 ], "windMode": [-1,-1,-1,-1], "windData": [1,1,1,1] },
						"up": { "texture": "#blanketextra", "uv": [ 0.0, 0.0, 3.0, 2.5 ], "windMode": [-1,-1,-1,-1], "windData": [1,1,1,1] },
						"down": { "texture": "#blanketextra", "uv": [ 0.0, 0.0, 3.0, 2.5 ], "windMode": [-1,-1,-1,-1], "windData": [1,1,1,1] }
					}
				},
				{
					"name": "Blanket21",
					"stepParentName": "Temple",
					"from": [ 0.0, -0.18, -0.1 ],
					"to": [ 4.0125, 1.32, 2.6 ],
					"renderInEditor": false,
					"rotationOrigin": [ 0.9, -0.2, -0.1 ],
					"faces": {
						"north": { "texture": "#blanketextra", "uv": [ 7.0, 5.5, 11.0, 7.0 ], "windMode": [-1,-1,-1,-1], "windData": [1,1,1,1] },
						"east": { "texture": "#blanketextra", "uv": [ 0.0, 0.0, 2.5, 1.5 ], "windMode": [-1,-1,-1,-1], "windData": [1,1,1,1] },
						"south": { "texture": "#blanketextra", "uv": [ 4.0, 5.0, 8.0, 6.5 ], "windMode": [-1,-1,-1,-1], "windData": [1,1,1,1] },
						"west": { "texture": "#blanketextra", "uv": [ 4.0, 5.0, 6.5, 6.5 ], "windMode": [-1,-1,-1,-1], "windData": [1,1,1,1] },
						"up": { "texture": "#blanketextra", "uv": [ 0.0, 0.0, 4.0, 2.5 ], "windMode": [-1,-1,-1,-1], "windData": [1,1,1,1] },
						"down": { "texture": "#blanketextra", "uv": [ 0.0, 0.0, 4.0, 2.5 ], "windMode": [-1,-1,-1,-1], "windData": [1,1,1,1] }
					},
					"children": [
						{
							"name": "Blanket28",
							"from": [ 0.1, 0.4, 0.4 ],
							"to": [ 4.5125, 1.9, 2.3 ],
							"rotationOrigin": [ 0.1, 0.3, 0.4 ],
							"rotationZ": 4.0,
							"faces": {
								"north": { "texture": "#blanketextra", "uv": [ 7.0, 5.5, 11.0, 7.0 ], "windMode": [-1,-1,-1,-1], "windData": [1,1,1,1] },
								"east": { "texture": "#blanketextra", "uv": [ 0.0, 0.0, 1.5, 1.5 ], "windMode": [-1,-1,-1,-1], "windData": [1,1,1,1] },
								"south": { "texture": "#blanketextra", "uv": [ 4.0, 5.0, 8.0, 6.5 ], "windMode": [-1,-1,-1,-1], "windData": [1,1,1,1] },
								"west": { "texture": "#blanketextra", "uv": [ 4.0, 5.0, 5.5, 6.5 ], "windMode": [-1,-1,-1,-1], "windData": [1,1,1,1] },
								"up": { "texture": "#blanketextra", "uv": [ 0.0, 0.0, 4.0, 1.5 ], "windMode": [-1,-1,-1,-1], "windData": [1,1,1,1] },
								"down": { "texture": "#blanketextra", "uv": [ 0.0, 0.0, 4.0, 1.5 ], "windMode": [-1,-1,-1,-1], "windData": [1,1,1,1] }
							}
						}
					]
				},
				{
					"name": "Blanket22",
					"stepParentName": "Ear L",
					"from": [ -0.1, -0.3, -0.1 ],
					"to": [ 0.6125, 0.9, 1.6 ],
					"renderInEditor": false,
					"rotationOrigin": [ 0.8, -0.3, -0.1 ],
					"faces": {
						"north": { "texture": "#blanketextra", "uv": [ 7.0, 5.5, 7.5, 6.5 ], "windMode": [-1,-1,-1,-1], "windData": [1,1,1,1] },
						"east": { "texture": "#blanketextra", "uv": [ 0.0, 0.0, 1.5, 1.0 ], "windMode": [-1,-1,-1,-1], "windData": [1,1,1,1] },
						"south": { "texture": "#blanketextra", "uv": [ 4.0, 5.0, 4.5, 6.0 ], "windMode": [-1,-1,-1,-1], "windData": [1,1,1,1] },
						"west": { "texture": "#blanketextra", "uv": [ 4.0, 5.0, 5.5, 6.0 ], "windMode": [-1,-1,-1,-1], "windData": [1,1,1,1] },
						"up": { "texture": "#blanketextra", "uv": [ 0.0, 0.0, 0.5, 1.5 ], "windMode": [-1,-1,-1,-1], "windData": [1,1,1,1] },
						"down": { "texture": "#blanketextra", "uv": [ 0.0, 0.0, 0.5, 1.5 ], "windMode": [-1,-1,-1,-1], "windData": [1,1,1,1] }
					}
				},
				{
					"name": "Blanket24",
					"stepParentName": "Ear R",
					"from": [ -0.1, -0.3, -0.1 ],
					"to": [ 0.6125, 0.9, 1.6 ],
					"renderInEditor": false,
					"rotationOrigin": [ 0.8, -0.3, -0.1 ],
					"faces": {
						"north": { "texture": "#blanketextra", "uv": [ 7.0, 5.5, 7.5, 6.5 ], "windMode": [-1,-1,-1,-1], "windData": [1,1,1,1] },
						"east": { "texture": "#blanketextra", "uv": [ 0.0, 0.0, 1.5, 1.0 ], "windMode": [-1,-1,-1,-1], "windData": [1,1,1,1] },
						"south": { "texture": "#blanketextra", "uv": [ 4.0, 5.0, 4.5, 6.0 ], "windMode": [-1,-1,-1,-1], "windData": [1,1,1,1] },
						"west": { "texture": "#blanketextra", "uv": [ 4.0, 5.0, 5.5, 6.0 ], "windMode": [-1,-1,-1,-1], "windData": [1,1,1,1] },
						"up": { "texture": "#blanketextra", "uv": [ 0.0, 0.0, 0.5, 1.5 ], "windMode": [-1,-1,-1,-1], "windData": [1,1,1,1] },
						"down": { "texture": "#blanketextra", "uv": [ 0.0, 0.0, 0.5, 1.5 ], "windMode": [-1,-1,-1,-1], "windData": [1,1,1,1] }
					}
				},
				{
					"name": "Blanket31",
					"stepParentName": "wither",
					"from": [ -0.1, -0.12, -0.02 ],
					"to": [ 3.1125, 3.02, 6.93 ],
					"renderInEditor": false,
					"rotationOrigin": [ -0.1, -0.1, -0.1 ],
					"faces": {
						"north": { "texture": "#blanketextra", "uv": [ 7.0, 5.5, 10.0, 8.5 ], "windMode": [-1,-1,-1,-1], "windData": [1,1,1,1] },
						"east": { "texture": "#blanketextra", "uv": [ 0.0, 0.0, 6.5, 3.0 ], "windMode": [-1,-1,-1,-1], "windData": [1,1,1,1] },
						"south": { "texture": "#blanketextra", "uv": [ 4.0, 5.0, 7.0, 8.0 ], "windMode": [-1,-1,-1,-1], "windData": [1,1,1,1] },
						"west": { "texture": "#blanketextra", "uv": [ 4.0, 5.0, 10.5, 8.0 ], "windMode": [-1,-1,-1,-1], "windData": [1,1,1,1] },
						"up": { "texture": "#blanketextra", "uv": [ 0.0, 0.0, 3.0, 6.5 ], "windMode": [-1,-1,-1,-1], "windData": [1,1,1,1] },
						"down": { "texture": "#blanketextra", "uv": [ 0.0, 0.0, 3.0, 6.5 ], "windMode": [-1,-1,-1,-1], "windData": [1,1,1,1] }
					},
					"children": [
						{
							"name": "Blanket32",
							"from": [ 1.2183, 0.54, 0.1 ],
							"to": [ 4.6308, 3.78, 6.85 ],
							"rotationOrigin": [ 1.1283, 0.56, 0.02 ],
							"rotationZ": -36.0,
							"faces": {
								"north": { "texture": "#blanketextra", "uv": [ 8.0, 5.5, 11.0, 8.5 ], "windMode": [-1,-1,-1,-1], "windData": [1,1,1,1] },
								"east": { "texture": "#blanketextra", "uv": [ 5.0, 5.0, 11.5, 8.0 ], "windMode": [-1,-1,-1,-1], "windData": [1,1,1,1] },
								"south": { "texture": "#blanketextra", "uv": [ 8.5, 10.5, 11.5, 13.5 ], "windMode": [-1,-1,-1,-1], "windData": [1,1,1,1] },
								"west": { "texture": "#blanketextra", "uv": [ 5.0, 5.5, 11.5, 8.5 ], "windMode": [-1,-1,-1,-1], "windData": [1,1,1,1] },
								"up": { "texture": "#blanketextra", "uv": [ 4.0, 1.5, 7.0, 8.0 ], "windMode": [-1,-1,-1,-1], "windData": [1,1,1,1] },
								"down": { "texture": "#blanketextra", "uv": [ 4.5, 2.0, 7.5, 8.5 ], "windMode": [-1,-1,-1,-1], "windData": [1,1,1,1] }
							}
						}
					]
				},
				{
					"name": "Blanket32",
					"from": [ 1.2183, 0.54, 0.1 ],
					"to": [ 4.6308, 3.78, 6.85 ],
					"renderInEditor": false,
					"rotationOrigin": [ 1.1283, 0.56, 0.02 ],
					"rotationZ": -36.0,
					"faces": {
						"north": { "texture": "#blanketextra", "uv": [ 8.0, 5.5, 11.0, 8.5 ], "windMode": [-1,-1,-1,-1], "windData": [1,1,1,1] },
						"east": { "texture": "#blanketextra", "uv": [ 5.0, 5.0, 11.5, 8.0 ], "windMode": [-1,-1,-1,-1], "windData": [1,1,1,1] },
						"south": { "texture": "#blanketextra", "uv": [ 8.5, 10.5, 11.5, 13.5 ], "windMode": [-1,-1,-1,-1], "windData": [1,1,1,1] },
						"west": { "texture": "#blanketextra", "uv": [ 5.0, 5.5, 11.5, 8.5 ], "windMode": [-1,-1,-1,-1], "windData": [1,1,1,1] },
						"up": { "texture": "#blanketextra", "uv": [ 4.0, 1.5, 7.0, 8.0 ], "windMode": [-1,-1,-1,-1], "windData": [1,1,1,1] },
						"down": { "texture": "#blanketextra", "uv": [ 4.5, 2.0, 7.5, 8.5 ], "windMode": [-1,-1,-1,-1], "windData": [1,1,1,1] }
					}
				},
				{
					"name": "CrupperMain2",
					"stepParentName": "Belly",
					"from": [ 8.99, 0.83, -0.01 ],
					"to": [ 11.9949, 3.83, 9.0227 ],
					"rotationOrigin": [ 8.9898, 0.8332, -0.0102 ],
					"faces": {
						"north": { "texture": "#green", "uv": [ 2.0, 3.0, 5.0, 6.0 ], "windMode": [-1,-1,-1,-1], "windData": [1,1,1,1] },
						"south": { "texture": "#green", "uv": [ 3.5, 4.5, 6.5, 7.5 ], "windMode": [-1,-1,-1,-1], "windData": [1,1,1,1] },
						"west": { "texture": "#green", "uv": [ 3.5, 6.5, 12.5, 9.5 ], "windMode": [-1,-1,-1,-1], "windData": [1,1,1,1] },
						"up": { "texture": "#green", "uv": [ 4.5, 3.5, 7.5, 12.5 ], "windMode": [-1,-1,-1,-1], "windData": [1,1,1,1] }
					},
					"children": [
						{
							"name": "BlanketExtra2",
							"from": [ -0.1, 4.5, -0.2 ],
							"to": [ 1.4049, 5.9688, 2.0327 ],
							"rotationOrigin": [ -0.1, 4.5, -0.2 ],
							"faces": {
								"north": { "texture": "#blanketextra", "uv": [ 7.0, 3.0, 8.5, 4.0 ], "windMode": [-1,-1,-1,-1], "windData": [1,1,1,1] },
								"east": { "texture": "#blanketextra", "uv": [ 3.5, 3.5, 5.5, 4.5 ], "windMode": [-1,-1,-1,-1], "windData": [1,1,1,1] },
								"south": { "texture": "#blanketextra", "uv": [ 9.5, 4.5, 11.0, 5.5 ], "windMode": [-1,-1,-1,-1], "windData": [1,1,1,1] },
								"west": { "texture": "#blanketextra", "uv": [ 3.5, 6.5, 5.5, 7.5 ], "windMode": [-1,-1,-1,-1], "windData": [1,1,1,1] },
								"up": { "texture": "#blanketextra", "uv": [ 9.0, 3.5, 10.5, 5.5 ], "windMode": [-1,-1,-1,-1], "windData": [1,1,1,1] },
								"down": { "texture": "#blanketextra", "uv": [ 6.0, 2.0, 7.5, 4.0 ], "windMode": [-1,-1,-1,-1], "windData": [1,1,1,1] }
							}
						},
						{
							"name": "Crupper22",
							"from": [ 0.0, 3.0, 0.0 ],
							"to": [ 3.0049, 6.0, 9.0327 ],
							"rotationOrigin": [ 0.0, 3.0, 0.0 ],
							"faces": {
								"north": { "texture": "#yellow", "uv": [ 2.0, 3.0, 5.0, 6.0 ], "windMode": [-1,-1,-1,-1], "windData": [1,1,1,1] },
								"south": { "texture": "#yellow", "uv": [ 3.5, 4.5, 6.5, 7.5 ], "windMode": [-1,-1,-1,-1], "windData": [1,1,1,1] },
								"west": { "texture": "#yellow", "uv": [ 3.5, 6.5, 12.5, 9.5 ], "windMode": [-1,-1,-1,-1], "windData": [1,1,1,1] },
								"up": { "texture": "#yellow", "uv": [ 4.5, 3.5, 7.5, 12.5 ], "windMode": [-1,-1,-1,-1], "windData": [1,1,1,1] }
							}
						},
						{
							"name": "Crupper22",
							"from": [ 0.0, 6.0, 0.0 ],
							"to": [ 3.0049, 9.0, 9.0327 ],
							"rotationOrigin": [ 0.0, 6.0, 0.0 ],
							"faces": {
								"north": { "texture": "#green", "uv": [ 2.0, 3.0, 5.0, 6.0 ], "windMode": [-1,-1,-1,-1], "windData": [1,1,1,1] },
								"south": { "texture": "#green", "uv": [ 3.5, 4.5, 6.5, 7.5 ], "windMode": [-1,-1,-1,-1], "windData": [1,1,1,1] },
								"west": { "texture": "#green", "uv": [ 3.5, 6.5, 12.5, 9.5 ], "windMode": [-1,-1,-1,-1], "windData": [1,1,1,1] },
								"up": { "texture": "#green", "uv": [ 4.5, 3.5, 7.5, 12.5 ], "windMode": [-1,-1,-1,-1], "windData": [1,1,1,1] }
							}
						},
						{
							"name": "Crupper22",
							"from": [ 3.0, 3.0, 0.0 ],
							"to": [ 6.0049, 6.0, 9.0327 ],
							"rotationOrigin": [ 3.0, 3.0, 0.0 ],
							"faces": {
								"north": { "texture": "#red", "uv": [ 2.0, 3.0, 5.0, 6.0 ], "windMode": [-1,-1,-1,-1], "windData": [1,1,1,1] },
								"south": { "texture": "#red", "uv": [ 3.5, 4.5, 6.5, 7.5 ], "windMode": [-1,-1,-1,-1], "windData": [1,1,1,1] }
							}
						},
						{
							"name": "Crupper22",
							"from": [ 3.0, 6.0, 0.0 ],
							"to": [ 6.0049, 9.0, 9.0327 ],
							"rotationOrigin": [ 3.0, 6.0, 0.0 ],
							"faces": {
								"north": { "texture": "#blue", "uv": [ 2.0, 3.0, 5.0, 6.0 ], "windMode": [-1,-1,-1,-1], "windData": [1,1,1,1] },
								"south": { "texture": "#blue", "uv": [ 3.5, 4.5, 6.5, 7.5 ], "windMode": [-1,-1,-1,-1], "windData": [1,1,1,1] },
								"up": { "texture": "#blue", "uv": [ 4.5, 3.5, 7.5, 12.5 ], "windMode": [-1,-1,-1,-1], "windData": [1,1,1,1] }
							}
						},
						{
							"name": "Crupper22",
							"from": [ 3.0, 0.0, 0.0 ],
							"to": [ 6.0049, 3.0, 9.0327 ],
							"rotationOrigin": [ 3.0, 0.0, 0.0 ],
							"faces": {
								"north": { "texture": "#blue", "uv": [ 2.0, 3.0, 5.0, 6.0 ], "windMode": [-1,-1,-1,-1], "windData": [1,1,1,1] },
								"south": { "texture": "#blue", "uv": [ 3.5, 4.5, 6.5, 7.5 ], "windMode": [-1,-1,-1,-1], "windData": [1,1,1,1] }
							}
						},
						{
							"name": "Crupper22",
							"from": [ 0.0, -3.0, 0.0 ],
							"to": [ 3.0049, 0.0, 9.03 ],
							"faces": {
								"north": { "texture": "#yellow", "uv": [ 2.0, 3.0, 5.0, 6.0 ], "windMode": [-1,-1,-1,-1], "windData": [1,1,1,1] },
								"south": { "texture": "#yellow", "uv": [ 3.5, 4.5, 6.5, 7.5 ], "windMode": [-1,-1,-1,-1], "windData": [1,1,1,1] },
								"west": { "texture": "#yellow", "uv": [ 3.5, 6.5, 12.5, 9.5 ], "windMode": [-1,-1,-1,-1], "windData": [1,1,1,1] },
								"up": { "texture": "#yellow", "uv": [ 4.5, 3.5, 7.5, 12.5 ], "windMode": [-1,-1,-1,-1], "windData": [1,1,1,1] }
							},
							"children": [
								{
									"name": "Crupper22",
									"from": [ 3.0, 0.0, 0.0 ],
									"to": [ 6.0049, 3.0, 9.03 ],
									"rotationOrigin": [ 3.0, 0.0, 0.0 ],
									"faces": {
										"north": { "texture": "#red", "uv": [ 2.0, 3.0, 5.0, 6.0 ], "windMode": [-1,-1,-1,-1], "windData": [1,1,1,1] },
										"south": { "texture": "#red", "uv": [ 3.5, 4.5, 6.5, 7.5 ], "windMode": [-1,-1,-1,-1], "windData": [1,1,1,1] }
									}
								}
							]
						}
					]
				},
				{
					"name": "CrupperMain3",
					"stepParentName": "Belly",
					"from": [ 2.99, 0.83, -0.01 ],
					"to": [ 5.9949, 3.83, 9.0227 ],
					"rotationOrigin": [ 2.9898, 0.8332, -0.0102 ],
					"faces": {
						"north": { "texture": "#green", "uv": [ 2.0, 3.0, 5.0, 6.0 ], "windMode": [-1,-1,-1,-1], "windData": [1,1,1,1] },
						"south": { "texture": "#green", "uv": [ 3.5, 4.5, 6.5, 7.5 ], "windMode": [-1,-1,-1,-1], "windData": [1,1,1,1] },
						"west": { "texture": "#green", "uv": [ 3.5, 6.5, 12.5, 9.5 ], "windMode": [-1,-1,-1,-1], "windData": [1,1,1,1] },
						"up": { "texture": "#green", "uv": [ 4.5, 3.5, 7.5, 12.5 ], "windMode": [-1,-1,-1,-1], "windData": [1,1,1,1] }
					},
					"children": [
						{
							"name": "BlanketExtra3",
							"from": [ -0.1, 4.5, -0.2 ],
							"to": [ 1.4049, 5.9688, 2.0327 ],
							"rotationOrigin": [ -0.1, 4.5, -0.2 ],
							"faces": {
								"north": { "texture": "#blanketextra", "uv": [ 7.0, 3.0, 8.5, 4.0 ], "windMode": [-1,-1,-1,-1], "windData": [1,1,1,1] },
								"east": { "texture": "#blanketextra", "uv": [ 3.5, 3.5, 5.5, 4.5 ], "windMode": [-1,-1,-1,-1], "windData": [1,1,1,1] },
								"south": { "texture": "#blanketextra", "uv": [ 9.5, 4.5, 11.0, 5.5 ], "windMode": [-1,-1,-1,-1], "windData": [1,1,1,1] },
								"west": { "texture": "#blanketextra", "uv": [ 3.5, 6.5, 5.5, 7.5 ], "windMode": [-1,-1,-1,-1], "windData": [1,1,1,1] },
								"up": { "texture": "#blanketextra", "uv": [ 9.0, 3.5, 10.5, 5.5 ], "windMode": [-1,-1,-1,-1], "windData": [1,1,1,1] },
								"down": { "texture": "#blanketextra", "uv": [ 6.0, 2.0, 7.5, 4.0 ], "windMode": [-1,-1,-1,-1], "windData": [1,1,1,1] }
							}
						},
						{
							"name": "Crupper23",
							"from": [ 0.0, 3.0, 0.0 ],
							"to": [ 3.0049, 6.0, 9.0327 ],
							"rotationOrigin": [ 0.0, 3.0, 0.0 ],
							"faces": {
								"north": { "texture": "#yellow", "uv": [ 2.0, 3.0, 5.0, 6.0 ], "windMode": [-1,-1,-1,-1], "windData": [1,1,1,1] },
								"south": { "texture": "#yellow", "uv": [ 3.5, 4.5, 6.5, 7.5 ], "windMode": [-1,-1,-1,-1], "windData": [1,1,1,1] },
								"west": { "texture": "#yellow", "uv": [ 3.5, 6.5, 12.5, 9.5 ], "windMode": [-1,-1,-1,-1], "windData": [1,1,1,1] },
								"up": { "texture": "#yellow", "uv": [ 4.5, 3.5, 7.5, 12.5 ], "windMode": [-1,-1,-1,-1], "windData": [1,1,1,1] }
							}
						},
						{
							"name": "Crupper24",
							"from": [ 0.0, 6.0, 0.0 ],
							"to": [ 3.0049, 9.0, 9.0327 ],
							"rotationOrigin": [ 0.0, 6.0, 0.0 ],
							"faces": {
								"north": { "texture": "#green", "uv": [ 2.0, 3.0, 5.0, 6.0 ], "windMode": [-1,-1,-1,-1], "windData": [1,1,1,1] },
								"south": { "texture": "#green", "uv": [ 3.5, 4.5, 6.5, 7.5 ], "windMode": [-1,-1,-1,-1], "windData": [1,1,1,1] },
								"west": { "texture": "#green", "uv": [ 3.5, 6.5, 12.5, 9.5 ], "windMode": [-1,-1,-1,-1], "windData": [1,1,1,1] },
								"up": { "texture": "#green", "uv": [ 4.5, 3.5, 7.5, 12.5 ], "windMode": [-1,-1,-1,-1], "windData": [1,1,1,1] }
							}
						},
						{
							"name": "Crupper25",
							"from": [ 3.0, 3.0, 0.0 ],
							"to": [ 6.0049, 6.0, 9.0327 ],
							"rotationOrigin": [ 3.0, 3.0, 0.0 ],
							"faces": {
								"north": { "texture": "#red", "uv": [ 2.0, 3.0, 5.0, 6.0 ], "windMode": [-1,-1,-1,-1], "windData": [1,1,1,1] },
								"south": { "texture": "#red", "uv": [ 3.5, 4.5, 6.5, 7.5 ], "windMode": [-1,-1,-1,-1], "windData": [1,1,1,1] }
							}
						},
						{
							"name": "Crupper26",
							"from": [ 3.0, 6.0, 0.0 ],
							"to": [ 6.0049, 9.0, 9.0327 ],
							"rotationOrigin": [ 3.0, 6.0, 0.0 ],
							"faces": {
								"north": { "texture": "#blue", "uv": [ 2.0, 3.0, 5.0, 6.0 ], "windMode": [-1,-1,-1,-1], "windData": [1,1,1,1] },
								"south": { "texture": "#blue", "uv": [ 3.5, 4.5, 6.5, 7.5 ], "windMode": [-1,-1,-1,-1], "windData": [1,1,1,1] },
								"up": { "texture": "#blue", "uv": [ 4.5, 3.5, 7.5, 12.5 ], "windMode": [-1,-1,-1,-1], "windData": [1,1,1,1] }
							}
						},
						{
							"name": "Crupper27",
							"from": [ 3.0, 0.0, 0.0 ],
							"to": [ 6.0049, 3.0, 9.0327 ],
							"rotationOrigin": [ 3.0, 0.0, 0.0 ],
							"faces": {
								"north": { "texture": "#blue", "uv": [ 2.0, 3.0, 5.0, 6.0 ], "windMode": [-1,-1,-1,-1], "windData": [1,1,1,1] },
								"south": { "texture": "#blue", "uv": [ 3.5, 4.5, 6.5, 7.5 ], "windMode": [-1,-1,-1,-1], "windData": [1,1,1,1] }
							}
						},
						{
							"name": "Crupper28",
							"from": [ 0.0, -3.0, 0.0 ],
							"to": [ 3.0049, 0.0, 9.03 ],
							"faces": {
								"north": { "texture": "#yellow", "uv": [ 2.0, 3.0, 5.0, 6.0 ], "windMode": [-1,-1,-1,-1], "windData": [1,1,1,1] },
								"south": { "texture": "#yellow", "uv": [ 3.5, 4.5, 6.5, 7.5 ], "windMode": [-1,-1,-1,-1], "windData": [1,1,1,1] },
								"west": { "texture": "#yellow", "uv": [ 3.5, 6.5, 12.5, 9.5 ], "windMode": [-1,-1,-1,-1], "windData": [1,1,1,1] },
								"up": { "texture": "#yellow", "uv": [ 4.5, 3.5, 7.5, 12.5 ], "windMode": [-1,-1,-1,-1], "windData": [1,1,1,1] }
							},
							"children": [
								{
									"name": "Crupper29",
									"from": [ 3.0, 0.0, 0.0 ],
									"to": [ 6.0049, 3.0, 9.03 ],
									"rotationOrigin": [ 3.0, 0.0, 0.0 ],
									"faces": {
										"north": { "texture": "#red", "uv": [ 2.0, 3.0, 5.0, 6.0 ], "windMode": [-1,-1,-1,-1], "windData": [1,1,1,1] },
										"south": { "texture": "#red", "uv": [ 3.5, 4.5, 6.5, 7.5 ], "windMode": [-1,-1,-1,-1], "windData": [1,1,1,1] }
									}
								}
							]
						}
					]
				},
				{
					"name": "CrupperMain4",
					"stepParentName": "Chest",
					"from": [ -0.1102, 0.83, -0.1102 ],
					"to": [ 2.8947, 3.83, 9.9225 ],
					"rotationOrigin": [ -0.1102, 0.8332, -0.1102 ],
					"faces": {
						"north": { "texture": "#green", "uv": [ 2.0, 3.0, 5.0, 6.0 ], "windMode": [-1,-1,-1,-1], "windData": [1,1,1,1] },
						"south": { "texture": "#green", "uv": [ 3.5, 4.5, 6.5, 7.5 ], "windMode": [-1,-1,-1,-1], "windData": [1,1,1,1] },
						"west": { "texture": "#green", "uv": [ 3.5, 6.5, 13.5, 9.5 ], "windMode": [-1,-1,-1,-1], "windData": [1,1,1,1] },
						"up": { "texture": "#green", "uv": [ 4.5, 3.5, 7.5, 13.5 ], "windMode": [-1,-1,-1,-1], "windData": [1,1,1,1] }
					},
					"children": [
						{
							"name": "BlanketExtra5",
							"from": [ -0.1, 4.5, -0.2 ],
							"to": [ 1.4049, 5.9688, 2.0327 ],
							"rotationOrigin": [ -0.1, 4.5, -0.2 ],
							"faces": {
								"north": { "texture": "#blanketextra", "uv": [ 7.0, 3.0, 8.5, 4.0 ], "windMode": [-1,-1,-1,-1], "windData": [1,1,1,1] },
								"east": { "texture": "#blanketextra", "uv": [ 3.5, 3.5, 5.5, 4.5 ], "windMode": [-1,-1,-1,-1], "windData": [1,1,1,1] },
								"south": { "texture": "#blanketextra", "uv": [ 9.5, 4.5, 11.0, 5.5 ], "windMode": [-1,-1,-1,-1], "windData": [1,1,1,1] },
								"west": { "texture": "#blanketextra", "uv": [ 3.5, 6.5, 5.5, 7.5 ], "windMode": [-1,-1,-1,-1], "windData": [1,1,1,1] },
								"up": { "texture": "#blanketextra", "uv": [ 9.0, 3.5, 10.5, 5.5 ], "windMode": [-1,-1,-1,-1], "windData": [1,1,1,1] },
								"down": { "texture": "#blanketextra", "uv": [ 6.0, 2.0, 7.5, 4.0 ], "windMode": [-1,-1,-1,-1], "windData": [1,1,1,1] }
							}
						},
						{
							"name": "Crupper30",
							"from": [ 0.0, 3.0, 0.0 ],
							"to": [ 3.0049, 6.0, 10.0327 ],
							"rotationOrigin": [ 0.0, 3.0, 0.0 ],
							"faces": {
								"north": { "texture": "#yellow", "uv": [ 2.0, 3.0, 5.0, 6.0 ], "windMode": [-1,-1,-1,-1], "windData": [1,1,1,1] },
								"south": { "texture": "#yellow", "uv": [ 3.5, 4.5, 6.5, 7.5 ], "windMode": [-1,-1,-1,-1], "windData": [1,1,1,1] },
								"west": { "texture": "#yellow", "uv": [ 3.5, 6.5, 13.5, 9.5 ], "windMode": [-1,-1,-1,-1], "windData": [1,1,1,1] },
								"up": { "texture": "#yellow", "uv": [ 4.5, 3.5, 7.5, 13.5 ], "windMode": [-1,-1,-1,-1], "windData": [1,1,1,1] }
							}
						},
						{
							"name": "Crupper30",
							"from": [ 6.0, 3.0, 0.0 ],
							"to": [ 9.0049, 6.0, 10.0327 ],
							"rotationOrigin": [ 6.0, 3.0, 0.0 ],
							"faces": {
								"north": { "texture": "#yellow", "uv": [ 2.0, 3.0, 5.0, 6.0 ], "windMode": [-1,-1,-1,-1], "windData": [1,1,1,1] },
								"east": { "texture": "#yellow", "uv": [ 3.5, 3.5, 13.5, 6.5 ], "windMode": [-1,-1,-1,-1], "windData": [1,1,1,1] },
								"south": { "texture": "#yellow", "uv": [ 3.5, 4.5, 6.5, 7.5 ], "windMode": [-1,-1,-1,-1], "windData": [1,1,1,1] },
								"west": { "texture": "#yellow", "uv": [ 3.5, 6.5, 13.5, 9.5 ], "windMode": [-1,-1,-1,-1], "windData": [1,1,1,1] },
								"up": { "texture": "#yellow", "uv": [ 4.5, 3.5, 7.5, 13.5 ], "windMode": [-1,-1,-1,-1], "windData": [1,1,1,1] },
								"down": { "texture": "#yellow", "uv": [ 6.5, 2.0, 9.5, 12.0 ], "windMode": [-1,-1,-1,-1], "windData": [1,1,1,1] }
							}
						},
						{
							"name": "Crupper30",
							"from": [ 0.0, 6.0, 0.0 ],
							"to": [ 3.0049, 9.0, 10.0327 ],
							"rotationOrigin": [ 0.0, 6.0, 0.0 ],
							"faces": {
								"north": { "texture": "#green", "uv": [ 2.0, 3.0, 5.0, 6.0 ], "windMode": [-1,-1,-1,-1], "windData": [1,1,1,1] },
								"south": { "texture": "#green", "uv": [ 3.5, 4.5, 6.5, 7.5 ], "windMode": [-1,-1,-1,-1], "windData": [1,1,1,1] },
								"west": { "texture": "#green", "uv": [ 3.5, 6.5, 13.5, 9.5 ], "windMode": [-1,-1,-1,-1], "windData": [1,1,1,1] },
								"up": { "texture": "#green", "uv": [ 4.5, 3.5, 7.5, 13.5 ], "windMode": [-1,-1,-1,-1], "windData": [1,1,1,1] }
							}
						},
						{
							"name": "Crupper30",
							"from": [ 6.0, 6.0, 0.01 ],
							"to": [ 9.0049, 9.0, 10.02 ],
							"rotationOrigin": [ 6.0, 6.0, 0.1 ],
							"faces": {
								"north": { "texture": "#green", "uv": [ 2.0, 3.0, 5.0, 6.0 ], "windMode": [-1,-1,-1,-1], "windData": [1,1,1,1] },
								"east": { "texture": "#green", "uv": [ 3.5, 3.5, 13.5, 6.5 ], "windMode": [-1,-1,-1,-1], "windData": [1,1,1,1] },
								"south": { "texture": "#green", "uv": [ 3.5, 4.5, 6.5, 7.5 ], "windMode": [-1,-1,-1,-1], "windData": [1,1,1,1] },
								"west": { "texture": "#green", "uv": [ 3.5, 6.5, 13.5, 9.5 ], "windMode": [-1,-1,-1,-1], "windData": [1,1,1,1] },
								"up": { "texture": "#green", "uv": [ 4.5, 3.5, 7.5, 13.5 ], "windMode": [-1,-1,-1,-1], "windData": [1,1,1,1] },
								"down": { "texture": "#green", "uv": [ 6.5, 2.0, 9.5, 12.0 ], "windMode": [-1,-1,-1,-1], "windData": [1,1,1,1] }
							}
						},
						{
							"name": "Crupper30",
							"from": [ 6.0, 0.0, 0.0 ],
							"to": [ 9.0049, 3.0, 10.0327 ],
							"rotationOrigin": [ 6.0, 0.0, 0.0 ],
							"faces": {
								"north": { "texture": "#green", "uv": [ 2.0, 3.0, 5.0, 6.0 ], "windMode": [-1,-1,-1,-1], "windData": [1,1,1,1] },
								"east": { "texture": "#green", "uv": [ 3.5, 3.5, 13.5, 6.5 ], "windMode": [-1,-1,-1,-1], "windData": [1,1,1,1] },
								"south": { "texture": "#green", "uv": [ 3.5, 4.5, 6.5, 7.5 ], "windMode": [-1,-1,-1,-1], "windData": [1,1,1,1] },
								"west": { "texture": "#green", "uv": [ 3.5, 6.5, 13.5, 9.5 ], "windMode": [-1,-1,-1,-1], "windData": [1,1,1,1] },
								"up": { "texture": "#green", "uv": [ 4.5, 3.5, 7.5, 13.5 ], "windMode": [-1,-1,-1,-1], "windData": [1,1,1,1] },
								"down": { "texture": "#green", "uv": [ 6.5, 2.0, 9.5, 12.0 ], "windMode": [-1,-1,-1,-1], "windData": [1,1,1,1] }
							}
						},
						{
							"name": "Crupper30",
							"from": [ 3.0, 3.0, 0.0 ],
							"to": [ 6.0049, 6.0, 10.0327 ],
							"rotationOrigin": [ 3.0, 3.0, 0.0 ],
							"faces": {
								"north": { "texture": "#red", "uv": [ 2.0, 3.0, 5.0, 6.0 ], "windMode": [-1,-1,-1,-1], "windData": [1,1,1,1] },
								"south": { "texture": "#red", "uv": [ 3.5, 4.5, 6.5, 7.5 ], "windMode": [-1,-1,-1,-1], "windData": [1,1,1,1] }
							}
						},
						{
							"name": "Crupper30",
							"from": [ 3.0, 6.0, 0.0 ],
							"to": [ 6.0049, 9.0, 10.0327 ],
							"rotationOrigin": [ 3.0, 6.0, 0.0 ],
							"faces": {
								"north": { "texture": "#blue", "uv": [ 2.0, 3.0, 5.0, 6.0 ], "windMode": [-1,-1,-1,-1], "windData": [1,1,1,1] },
								"south": { "texture": "#blue", "uv": [ 3.5, 4.5, 6.5, 7.5 ], "windMode": [-1,-1,-1,-1], "windData": [1,1,1,1] },
								"up": { "texture": "#blue", "uv": [ 4.5, 3.5, 7.5, 13.5 ], "windMode": [-1,-1,-1,-1], "windData": [1,1,1,1] }
							}
						},
						{
							"name": "Crupper30",
							"from": [ 3.0, 0.0, 0.0 ],
							"to": [ 6.0049, 3.0, 10.0327 ],
							"rotationOrigin": [ 3.0, 0.0, 0.0 ],
							"faces": {
								"north": { "texture": "#blue", "uv": [ 2.0, 3.0, 5.0, 6.0 ], "windMode": [-1,-1,-1,-1], "windData": [1,1,1,1] },
								"south": { "texture": "#blue", "uv": [ 3.5, 4.5, 6.5, 7.5 ], "windMode": [-1,-1,-1,-1], "windData": [1,1,1,1] }
							}
						},
						{
							"name": "Crupper31",
							"from": [ 0.0, -1.0, 0.0 ],
							"to": [ 3.0049, 0.0, 10.01 ],
							"rotationOrigin": [ 0.0, 0.0, 0.0 ],
							"rotationZ": 6.0,
							"faces": {
								"north": { "texture": "#yellow", "uv": [ 2.0, 3.0, 5.0, 4.0 ], "windMode": [-1,-1,-1,-1], "windData": [1,1,1,1] },
								"south": { "texture": "#yellow", "uv": [ 3.5, 4.5, 6.5, 5.5 ], "windMode": [-1,-1,-1,-1], "windData": [1,1,1,1] },
								"west": { "texture": "#yellow", "uv": [ 3.5, 6.5, 13.5, 7.5 ], "windMode": [-1,-1,-1,-1], "windData": [1,1,1,1] },
								"up": { "texture": "#yellow", "uv": [ 4.5, 3.5, 7.5, 13.5 ], "windMode": [-1,-1,-1,-1], "windData": [1,1,1,1] }
							},
							"children": [
								{
									"name": "Crupper32",
									"from": [ 6.0, 0.0, 0.0 ],
									"to": [ 8.0049, 1.0, 10.01 ],
									"rotationOrigin": [ 6.0, 0.0, 0.0 ],
									"faces": {
										"north": { "texture": "#yellow", "uv": [ 2.0, 3.0, 4.0, 4.0 ], "windMode": [-1,-1,-1,-1], "windData": [1,1,1,1] },
										"east": { "texture": "#yellow", "uv": [ 3.5, 3.5, 13.5, 4.5 ], "windMode": [-1,-1,-1,-1], "windData": [1,1,1,1] },
										"south": { "texture": "#yellow", "uv": [ 3.5, 4.5, 5.5, 5.5 ], "windMode": [-1,-1,-1,-1], "windData": [1,1,1,1] },
										"west": { "texture": "#yellow", "uv": [ 3.5, 6.5, 13.5, 7.5 ], "windMode": [-1,-1,-1,-1], "windData": [1,1,1,1] },
										"up": { "texture": "#yellow", "uv": [ 4.5, 3.5, 6.5, 13.5 ], "windMode": [-1,-1,-1,-1], "windData": [1,1,1,1] },
										"down": { "texture": "#yellow", "uv": [ 6.5, 2.0, 8.5, 12.0 ], "windMode": [-1,-1,-1,-1], "windData": [1,1,1,1] }
									}
								},
								{
									"name": "Crupper33",
									"from": [ 3.0, 0.0, 0.0 ],
									"to": [ 6.0049, 1.0, 10.01 ],
									"rotationOrigin": [ 3.0, 0.0, 0.0 ],
									"faces": {
										"north": { "texture": "#red", "uv": [ 2.0, 3.0, 5.0, 4.0 ], "windMode": [-1,-1,-1,-1], "windData": [1,1,1,1] },
										"south": { "texture": "#red", "uv": [ 3.5, 4.5, 6.5, 5.5 ], "windMode": [-1,-1,-1,-1], "windData": [1,1,1,1] }
									}
								},
								{
									"name": "Crupper30",
									"from": [ 0.0, -2.0, 0.0 ],
									"to": [ 3.0049, 0.0, 10.01 ],
									"rotationOrigin": [ 0.0, 0.0, 0.0 ],
									"rotationZ": 10.0,
									"faces": {
										"north": { "texture": "#yellow", "uv": [ 2.0, 3.0, 5.0, 5.0 ], "windMode": [-1,-1,-1,-1], "windData": [1,1,1,1] },
										"south": { "texture": "#yellow", "uv": [ 3.5, 4.5, 6.5, 6.5 ], "windMode": [-1,-1,-1,-1], "windData": [1,1,1,1] },
										"west": { "texture": "#yellow", "uv": [ 3.5, 6.5, 13.5, 8.5 ], "windMode": [-1,-1,-1,-1], "windData": [1,1,1,1] },
										"up": { "texture": "#yellow", "uv": [ 4.5, 3.5, 7.5, 13.5 ], "windMode": [-1,-1,-1,-1], "windData": [1,1,1,1] }
									},
									"children": [
										{
											"name": "Crupper30",
											"from": [ 6.0, 0.0, 0.0 ],
											"to": [ 9.0049, 2.0, 10.01 ],
											"rotationOrigin": [ 6.0, 0.0, 0.0 ],
											"faces": {
												"north": { "texture": "#yellow", "uv": [ 2.0, 3.0, 5.0, 5.0 ], "windMode": [-1,-1,-1,-1], "windData": [1,1,1,1] },
												"east": { "texture": "#yellow", "uv": [ 3.5, 3.5, 13.5, 5.5 ], "windMode": [-1,-1,-1,-1], "windData": [1,1,1,1] },
												"south": { "texture": "#yellow", "uv": [ 3.5, 4.5, 6.5, 6.5 ], "windMode": [-1,-1,-1,-1], "windData": [1,1,1,1] },
												"west": { "texture": "#yellow", "uv": [ 3.5, 6.5, 13.5, 8.5 ], "windMode": [-1,-1,-1,-1], "windData": [1,1,1,1] },
												"up": { "texture": "#yellow", "uv": [ 4.5, 3.5, 7.5, 13.5 ], "windMode": [-1,-1,-1,-1], "windData": [1,1,1,1] },
												"down": { "texture": "#yellow", "uv": [ 6.5, 2.0, 9.5, 12.0 ], "windMode": [-1,-1,-1,-1], "windData": [1,1,1,1] }
											}
										},
										{
											"name": "Crupper30",
											"from": [ 3.0, 0.0, 0.0 ],
											"to": [ 6.0049, 2.0, 10.01 ],
											"rotationOrigin": [ 3.0, 0.0, 0.0 ],
											"faces": {
												"north": { "texture": "#red", "uv": [ 2.0, 3.0, 5.0, 5.0 ], "windMode": [-1,-1,-1,-1], "windData": [1,1,1,1] },
												"south": { "texture": "#red", "uv": [ 3.5, 4.5, 6.5, 6.5 ], "windMode": [-1,-1,-1,-1], "windData": [1,1,1,1] }
											}
										},
										{
											"name": "Crupper30",
											"from": [ 0.0, -3.0, 0.0 ],
											"to": [ 3.0049, 0.0, 9.99 ],
											"rotationOrigin": [ 0.0, 0.0, 0.0 ],
											"rotationZ": 8.0,
											"faces": {
												"north": { "texture": "#green", "uv": [ 2.0, 3.0, 5.0, 6.0 ], "windMode": [-1,-1,-1,-1], "windData": [1,1,1,1] },
												"east": { "texture": "#green", "uv": [ 3.5, 3.5, 13.0, 6.5 ], "windMode": [-1,-1,-1,-1], "windData": [1,1,1,1] },
												"south": { "texture": "#green", "uv": [ 3.5, 4.5, 6.5, 7.5 ], "windMode": [-1,-1,-1,-1], "windData": [1,1,1,1] },
												"west": { "texture": "#green", "uv": [ 3.5, 6.5, 13.0, 9.5 ], "windMode": [-1,-1,-1,-1], "windData": [1,1,1,1] },
												"up": { "texture": "#green", "uv": [ 4.5, 3.5, 7.5, 13.0 ], "windMode": [-1,-1,-1,-1], "windData": [1,1,1,1] },
												"down": { "texture": "#green", "uv": [ 6.5, 2.0, 9.5, 11.5 ], "windMode": [-1,-1,-1,-1], "windData": [1,1,1,1] }
											},
											"children": [
												{
													"name": "Crupper30",
													"from": [ 6.0, 0.0, 0.0 ],
													"to": [ 9.0049, 3.0, 9.99 ],
													"rotationOrigin": [ 6.0, 0.0, 0.0 ],
													"faces": {
														"north": { "texture": "#green", "uv": [ 2.0, 3.0, 5.0, 6.0 ], "windMode": [-1,-1,-1,-1], "windData": [1,1,1,1] },
														"east": { "texture": "#green", "uv": [ 3.5, 3.5, 13.0, 6.5 ], "windMode": [-1,-1,-1,-1], "windData": [1,1,1,1] },
														"south": { "texture": "#green", "uv": [ 3.5, 4.5, 6.5, 7.5 ], "windMode": [-1,-1,-1,-1], "windData": [1,1,1,1] },
														"west": { "texture": "#green", "uv": [ 3.5, 6.5, 13.0, 9.5 ], "windMode": [-1,-1,-1,-1], "windData": [1,1,1,1] },
														"up": { "texture": "#green", "uv": [ 4.5, 3.5, 7.5, 13.0 ], "windMode": [-1,-1,-1,-1], "windData": [1,1,1,1] },
														"down": { "texture": "#green", "uv": [ 6.5, 2.0, 9.5, 11.5 ], "windMode": [-1,-1,-1,-1], "windData": [1,1,1,1] }
													}
												},
												{
													"name": "Crupper30",
													"from": [ 3.0, 0.0, 0.0 ],
													"to": [ 6.0049, 3.0, 9.99 ],
													"rotationOrigin": [ 3.0, 0.0, 0.0 ],
													"faces": {
														"north": { "texture": "#blue", "uv": [ 2.0, 3.0, 5.0, 6.0 ], "windMode": [-1,-1,-1,-1], "windData": [1,1,1,1] },
														"south": { "texture": "#blue", "uv": [ 3.5, 4.5, 6.5, 7.5 ], "windMode": [-1,-1,-1,-1], "windData": [1,1,1,1] }
													}
												},
												{
													"name": "Crupper30",
													"from": [ 0.0, -3.0, 0.0 ],
													"to": [ 3.0049, 0.0, 9.97 ],
													"rotationOrigin": [ 0.0, 0.0, 0.0 ],
													"rotationZ": 8.0,
													"faces": {
														"north": { "texture": "#yellow", "uv": [ 2.0, 3.0, 5.0, 6.0 ], "windMode": [-1,-1,-1,-1], "windData": [1,1,1,1] },
														"east": { "texture": "#yellow", "uv": [ 3.5, 3.5, 13.0, 6.5 ], "windMode": [-1,-1,-1,-1], "windData": [1,1,1,1] },
														"south": { "texture": "#yellow", "uv": [ 3.5, 4.5, 6.5, 7.5 ], "windMode": [-1,-1,-1,-1], "windData": [1,1,1,1] },
														"west": { "texture": "#yellow", "uv": [ 3.5, 6.5, 13.0, 9.5 ], "windMode": [-1,-1,-1,-1], "windData": [1,1,1,1] },
														"up": { "texture": "#yellow", "uv": [ 4.5, 3.5, 7.5, 13.0 ], "windMode": [-1,-1,-1,-1], "windData": [1,1,1,1] },
														"down": { "texture": "#yellow", "uv": [ 6.5, 2.0, 9.5, 11.5 ], "windMode": [-1,-1,-1,-1], "windData": [1,1,1,1] }
													},
													"children": [
														{
															"name": "Crupper30",
															"from": [ 3.0, 0.0, 0.0 ],
															"to": [ 6.0049, 3.0, 9.97 ],
															"rotationOrigin": [ 3.0, 0.0, 0.0 ],
															"faces": {
																"north": { "texture": "#red", "uv": [ 2.0, 3.0, 5.0, 6.0 ], "windMode": [-1,-1,-1,-1], "windData": [1,1,1,1] },
																"south": { "texture": "#red", "uv": [ 3.5, 4.5, 6.5, 7.5 ], "windMode": [-1,-1,-1,-1], "windData": [1,1,1,1] }
															}
														},
														{
															"name": "Crupper30",
															"from": [ 6.0, 0.0, 0.0 ],
															"to": [ 9.0049, 3.0, 9.97 ],
															"rotationOrigin": [ 6.0, 0.0, 0.0 ],
															"faces": {
																"north": { "texture": "#yellow", "uv": [ 2.0, 3.0, 5.0, 6.0 ], "windMode": [-1,-1,-1,-1], "windData": [1,1,1,1] },
																"east": { "texture": "#yellow", "uv": [ 3.5, 3.5, 13.0, 6.5 ], "windMode": [-1,-1,-1,-1], "windData": [1,1,1,1] },
																"south": { "texture": "#yellow", "uv": [ 3.5, 4.5, 6.5, 7.5 ], "windMode": [-1,-1,-1,-1], "windData": [1,1,1,1] },
																"west": { "texture": "#yellow", "uv": [ 3.5, 6.5, 13.0, 9.5 ], "windMode": [-1,-1,-1,-1], "windData": [1,1,1,1] },
																"up": { "texture": "#yellow", "uv": [ 4.5, 3.5, 7.5, 13.0 ], "windMode": [-1,-1,-1,-1], "windData": [1,1,1,1] },
																"down": { "texture": "#yellow", "uv": [ 6.5, 2.0, 9.5, 11.5 ], "windMode": [-1,-1,-1,-1], "windData": [1,1,1,1] }
															}
														},
														{
															"name": "Crupper30",
															"from": [ 0.0, -3.0, 0.0 ],
															"to": [ 3.0049, 0.0, 9.95 ],
															"rotationOrigin": [ 0.0, 0.0, 0.0 ],
															"rotationZ": 3.0,
															"faces": {
																"north": { "texture": "#green", "uv": [ 2.0, 3.0, 5.0, 6.0 ], "windMode": [-1,-1,-1,-1], "windData": [1,1,1,1] },
																"east": { "texture": "#green", "uv": [ 3.5, 3.5, 13.0, 6.5 ], "windMode": [-1,-1,-1,-1], "windData": [1,1,1,1] },
																"south": { "texture": "#green", "uv": [ 3.5, 4.5, 6.5, 7.5 ], "windMode": [-1,-1,-1,-1], "windData": [1,1,1,1] },
																"west": { "texture": "#green", "uv": [ 3.5, 6.5, 13.0, 9.5 ], "windMode": [-1,-1,-1,-1], "windData": [1,1,1,1] },
																"up": { "texture": "#green", "uv": [ 4.5, 3.5, 7.5, 13.0 ], "windMode": [-1,-1,-1,-1], "windData": [1,1,1,1] },
																"down": { "texture": "#green", "uv": [ 6.5, 2.0, 9.5, 11.5 ], "windMode": [-1,-1,-1,-1], "windData": [1,1,1,1] }
															},
															"children": [
																{
																	"name": "Crupper30",
																	"from": [ 6.0, 0.0, 0.0 ],
																	"to": [ 9.0049, 3.0, 9.95 ],
																	"rotationOrigin": [ 6.0, 0.0, 0.0 ],
																	"faces": {
																		"north": { "texture": "#green", "uv": [ 2.0, 3.0, 5.0, 6.0 ], "windMode": [-1,-1,-1,-1], "windData": [1,1,1,1] },
																		"east": { "texture": "#green", "uv": [ 3.5, 3.5, 13.0, 6.5 ], "windMode": [-1,-1,-1,-1], "windData": [1,1,1,1] },
																		"south": { "texture": "#green", "uv": [ 3.5, 4.5, 6.5, 7.5 ], "windMode": [-1,-1,-1,-1], "windData": [1,1,1,1] },
																		"west": { "texture": "#green", "uv": [ 3.5, 6.5, 13.0, 9.5 ], "windMode": [-1,-1,-1,-1], "windData": [1,1,1,1] },
																		"up": { "texture": "#green", "uv": [ 4.5, 3.5, 7.5, 13.0 ], "windMode": [-1,-1,-1,-1], "windData": [1,1,1,1] },
																		"down": { "texture": "#green", "uv": [ 6.5, 2.0, 9.5, 11.5 ], "windMode": [-1,-1,-1,-1], "windData": [1,1,1,1] }
																	}
																},
																{
																	"name": "Crupper30",
																	"from": [ 3.0, 0.0, 0.0 ],
																	"to": [ 6.0049, 3.0, 9.95 ],
																	"rotationOrigin": [ 3.0, 0.0, 0.0 ],
																	"faces": {
																		"north": { "texture": "#blue", "uv": [ 2.0, 3.0, 5.0, 6.0 ], "windMode": [-1,-1,-1,-1], "windData": [1,1,1,1] },
																		"south": { "texture": "#blue", "uv": [ 3.5, 4.5, 6.5, 7.5 ], "windMode": [-1,-1,-1,-1], "windData": [1,1,1,1] }
																	}
																}
															]
														}
													]
												}
											]
										}
									]
								}
							]
						}
					]
				}
			]
		}
	],
	"animations": [
		{
			"name": "Gallop",
			"code": "gallop",
			"quantityframes": 49,
			"onActivityStopped": "Rewind",
			"onAnimationEnd": "Repeat",
			"keyframes": [
				{
					"frame": 0,
					"elements": {
						"Blanket5": { "rotationX": 0.0, "rotationY": 0.0, "rotationZ": 14.7033 },
						"Blanket12": { "rotationX": 0.0, "rotationY": 0.0, "rotationZ": -42.0 },
						"Blanket14": { "rotationX": 0.0, "rotationY": 0.0, "rotationZ": 5.0 },
						"Blanket13": { "rotationX": 0.0, "rotationY": 0.0, "rotationZ": 0.0 }
					}
				},
				{
					"frame": 6,
					"elements": {
						"Blanket5": { "rotationX": 0.0, "rotationY": 0.0, "rotationZ": 15.0 }
					}
				},
				{
					"frame": 12,
					"elements": {
						"Blanket5": { "rotationX": 0.0, "rotationY": 0.0, "rotationZ": 30.0 },
						"Blanket6": { "rotationX": 0.0, "rotationY": 0.0, "rotationZ": 15.0 },
						"Blanket12": { "rotationX": 0.0, "rotationY": 0.0, "rotationZ": -47.5 },
						"Blanket13": { "rotationX": 0.0, "rotationY": 0.0, "rotationZ": -11.2857 }
					}
				},
				{
					"frame": 14,
					"elements": {
						"Blanket6": { "rotationX": 0.0, "rotationY": 0.0, "rotationZ": 18.3333 },
						"Blanket5": { "rotationX": 0.0, "rotationY": 0.0, "rotationZ": 34.283 }
					}
				},
				{
					"frame": 18,
					"elements": {
						"Blanket12": { "rotationX": 0.0, "rotationY": 0.0, "rotationZ": -50.25 },
						"Blanket14": { "rotationX": 0.0, "rotationY": 0.0, "rotationZ": 1.1429 }
					}
				},
				{
					"frame": 24,
					"elements": {
						"Blanket5": { "rotationX": 0.0, "rotationY": 0.0, "rotationZ": 37.6977 },
						"Blanket6": { "rotationX": 0.0, "rotationY": 0.0, "rotationZ": 17.0 },
						"Blanket13": { "rotationX": 0.0, "rotationY": 0.0, "rotationZ": -11.9714 }
					}
				},
				{
					"frame": 30,
					"elements": {
						"Blanket12": { "rotationX": 0.0, "rotationY": 0.0, "rotationZ": -29.04 }
					}
				},
				{
					"frame": 42,
					"elements": {
						"Blanket5": { "rotationX": 0.0, "rotationY": 0.0, "rotationZ": 11.3571 },
						"Blanket6": { "rotationX": 0.0, "rotationY": 0.0, "rotationZ": 24.9459 },
						"Blanket12": { "rotationX": 0.0, "rotationY": 0.0, "rotationZ": -42.12 },
						"Blanket13": { "rotationX": 0.0, "rotationY": 0.0, "rotationZ": -8.0 },
						"Blanket14": { "rotationX": 0.0, "rotationY": 0.0, "rotationZ": 10.0 }
					}
				}
			]
		},

		{
			"name": "Trot",
			"code": "trot",
			"quantityframes": 60,
			"onActivityStopped": "Rewind",
			"onAnimationEnd": "Repeat",
			"keyframes": [
				{
					"frame": 0,
					"elements": {
						"Blanket14": { "rotationX": 0.0, "rotationY": 0.0, "rotationZ": 13.0 },
						"Blanket5": { "rotationX": 0.0, "rotationY": 0.0, "rotationZ": 21.0 },
						"Blanket6": { "rotationX": 0.0, "rotationY": 0.0, "rotationZ": 9.5 }
					}
				},
				{
					"frame": 10,
					"elements": {
						"Blanket13": { "rotationX": 0.0, "rotationY": 0.0, "rotationZ": -5.0 },
						"Blanket14": { "rotationX": 0.0, "rotationY": 0.0, "rotationZ": 6.0 }
					}
				},
				{
					"frame": 20,
					"elements": {
						"Blanket12": { "rotationX": 0.0, "rotationY": 0.0, "rotationZ": -26.0 },
						"Blanket3": { "rotationX": 0.0, "rotationY": 0.0, "rotationZ": 0.0 },
						"Blanket13": { "rotationX": 0.0, "rotationY": 0.0, "rotationZ": -12.0 },
						"Blanket5": { "rotationX": 0.0, "rotationY": 0.0, "rotationZ": 8.0 }
					}
				},
				{
					"frame": 30,
					"elements": {
						"Blanket12": { "rotationX": 0.0, "rotationY": 0.0, "rotationZ": -13.0 },
						"Blanket5": { "rotationX": 0.0, "rotationY": 0.0, "rotationZ": 20.75 },
						"Blanket6": { "rotationX": 0.0, "rotationY": 0.0, "rotationZ": 10.0 }
					}
				},
				{
					"frame": 40,
					"elements": {
						"Blanket14": { "rotationX": 0.0, "rotationY": 0.0, "rotationZ": 0.0 }
					}
				},
				{
					"frame": 50,
					"elements": {
						"Blanket12": { "rotationX": 0.0, "rotationY": 0.0, "rotationZ": -22.2 },
						"Blanket13": { "rotationX": 0.0, "rotationY": 0.0, "rotationZ": -20.8 }
					}
				},
				{
					"frame": 54,
					"elements": {
						"Blanket5": { "rotationX": 0.0, "rotationY": 0.0, "rotationZ": 11.55 },
						"Blanket6": { "rotationX": 0.0, "rotationY": 0.0, "rotationZ": 1.0 }
					}
				}
			]
		},

		{
			"name": "Eat",
			"code": "eat",
			"quantityframes": 44,
			"onActivityStopped": "Rewind",
			"onAnimationEnd": "Repeat",
			"keyframes": [
				{
					"frame": 15,
					"elements": {
						"Blanket12": { "rotationX": 0.0, "rotationY": 0.0, "rotationZ": -5.0 },
						"Blanket13": { "rotationX": 0.0, "rotationY": 0.0, "rotationZ": -2.5455 },
						"Blanket5": { "rotationX": 0.0, "rotationY": 0.0, "rotationZ": 6.0 },
						"Blanket6": { "rotationX": 0.0, "rotationY": 0.0, "rotationZ": 2.0 }
					}
				},
				{
					"frame": 23,
					"elements": {
						"Blanket12": { "rotationX": 0.0, "rotationY": 0.0, "rotationZ": -7.0 },
						"Blanket13": { "rotationX": 0.0, "rotationY": 0.0, "rotationZ": -1.2888 },
						"Blanket5": { "rotationX": 0.0, "rotationY": 0.0, "rotationZ": 9.0 }
					}
				},
				{
					"frame": 32,
					"elements": {
						"Blanket12": { "rotationX": 0.0, "rotationY": 0.0, "rotationZ": 0.5 },
						"Blanket13": { "rotationX": 0.0, "rotationY": 0.0, "rotationZ": -2.0 },
						"Blanket6": { "rotationX": 0.0, "rotationY": 0.0, "rotationZ": 1.24 },
						"Blanket5": { "rotationX": 0.0, "rotationY": 0.0, "rotationZ": 14.4265 }
					}
				},
				{
					"frame": 40,
					"elements": {
						"Blanket5": { "rotationX": 0.0, "rotationY": 0.0, "rotationZ": 13.5833 },
						"Blanket6": { "rotationX": 0.0, "rotationY": 0.0, "rotationZ": 2.0 }
					}
				},
				{
					"frame": 43,
					"elements": {
						"Blanket13": { "rotationX": 0.0, "rotationY": 0.0, "rotationZ": -5.0 }
					}
				}
			]
		},

		{
			"name": "Walk",
			"code": "walk",
			"quantityframes": 49,
			"onActivityStopped": "Rewind",
			"onAnimationEnd": "Repeat",
			"keyframes": [
				{
					"frame": 4,
					"elements": {
						"Blanket12": { "rotationX": 0.0, "rotationY": 0.0, "rotationZ": -14.0 },
						"Blanket13": { "rotationX": 0.0, "rotationY": 0.0, "rotationZ": -9.0 }
					}
				},
				{
					"frame": 8,
					"elements": {
						"Blanket12": { "rotationX": 0.0, "rotationY": 0.0, "rotationZ": -16.0 },
						"Blanket5": { "rotationX": 0.0, "rotationY": 0.0, "rotationZ": 9.0 },
						"Blanket6": { "rotationX": 0.0, "rotationY": 0.0, "rotationZ": 8.0 }
					}
				},
				{
					"frame": 16,
					"elements": {
						"Blanket5": { "rotationX": 0.0, "rotationY": 0.0, "rotationZ": 27.0 },
						"Blanket6": { "rotationX": 0.0, "rotationY": 0.0, "rotationZ": 12.0 }
					}
				},
				{
					"frame": 24,
					"elements": {
						"Blanket5": { "rotationX": 0.0, "rotationY": 0.0, "rotationZ": 10.4878 },
						"Blanket16": { "rotationX": 0.0, "rotationY": 0.0, "rotationZ": 3.0 },
						"Blanket13": { "rotationX": 0.0, "rotationY": 0.0, "rotationZ": 0.0 }
					}
				},
				{
					"frame": 32,
					"elements": {
						"Blanket13": { "rotationX": 0.0, "rotationY": 0.0, "rotationZ": -16.0 }
					}
				},
				{
					"frame": 40,
					"elements": {
						"Blanket12": { "rotationX": 0.0, "rotationY": 0.0, "rotationZ": -1.8889 },
						"Blanket5": { "rotationX": 0.0, "rotationY": 0.0, "rotationZ": 27.4331 }
					}
				},
				{
					"frame": 48,
					"elements": {
						"Blanket5": { "rotationX": 0.0, "rotationY": 0.0, "rotationZ": 13.4058 }
					}
				}
			]
		},

		{
			"name": "Canter",
			"code": "canter",
			"quantityframes": 36,
			"onActivityStopped": "Rewind",
			"onAnimationEnd": "Repeat",
			"keyframes": [
				{
					"frame": 0,
					"elements": {
						"Blanket12": { "rotationX": 0.0, "rotationY": 0.0, "rotationZ": -39.0 },
						"Blanket5": { "rotationX": 0.0, "rotationY": 0.0, "rotationZ": 12.6891 }
					}
				},
				{
					"frame": 7,
					"elements": {
						"Blanket14": { "rotationX": 0.0, "rotationY": 0.0, "rotationZ": 2.0 },
						"Blanket5": { "rotationX": 0.0, "rotationY": 0.0, "rotationZ": 14.0 },
						"Blanket6": { "rotationX": 0.0, "rotationY": 0.0, "rotationZ": 8.0 }
					}
				},
				{
					"frame": 11,
					"elements": {
						"Blanket12": { "rotationX": 0.0, "rotationY": 0.0, "rotationZ": -17.0 },
						"Blanket13": { "rotationX": 0.0, "rotationY": 0.0, "rotationZ": -13.0 }
					}
				},
				{
					"frame": 12,
					"elements": {
						"Blanket5": { "rotationX": 0.0, "rotationY": 0.0, "rotationZ": 9.0 }
					}
				},
				{
					"frame": 18,
					"elements": {
						"Blanket12": { "rotationX": 0.0, "rotationY": 0.0, "rotationZ": -32.16 },
						"Blanket13": { "rotationX": 0.0, "rotationY": 0.0, "rotationZ": 0.0 }
					}
				},
				{
					"frame": 24,
					"elements": {
						"Blanket13": { "rotationX": 0.0, "rotationY": 0.0, "rotationZ": -0.6897 },
						"Blanket14": { "rotationX": 0.0, "rotationY": 0.0, "rotationZ": 10.0 }
					}
				},
				{
					"frame": 32,
					"elements": {
						"Blanket12": { "rotationX": 0.0, "rotationY": 0.0, "rotationZ": -33.48 },
						"Blanket5": { "rotationX": 0.0, "rotationY": 0.0, "rotationZ": -3.7742 }
					}
				}
			]
		},

		{
			"name": "WalkBack",
			"code": "walkback",
			"quantityframes": 49,
			"onActivityStopped": "Rewind",
			"onAnimationEnd": "Repeat",
			"keyframes": [
				{
					"frame": 0,
					"elements": {
						"Blanket5": { "rotationX": 0.0, "rotationY": 0.0, "rotationZ": 15.0 },
						"Blanket12": { "rotationX": 0.0, "rotationY": 0.0, "rotationZ": -24.0 },
						"Blanket13": { "rotationX": 0.0, "rotationY": 0.0, "rotationZ": 0.0 },
						"Blanket16": { "rotationX": 0.0, "rotationY": 0.0, "rotationZ": 0.0 }
					}
				},
				{
					"frame": 8,
					"elements": {
						"Blanket5": { "rotationX": 0.0, "rotationY": 0.0, "rotationZ": 33.7949 },
						"Blanket16": { "rotationX": 0.0, "rotationY": 0.0, "rotationZ": 33.0 }
					}
				},
				{
					"frame": 13,
					"elements": {
						"Blanket13": { "rotationX": 0.0, "rotationY": 0.0, "rotationZ": 0.0 }
					}
				},
				{
					"frame": 16,
					"elements": {
						"Blanket5": { "rotationX": 0.0, "rotationY": 0.0, "rotationZ": 10.5897 },
						"Blanket12": { "rotationX": 0.0, "rotationY": 0.0, "rotationZ": -42.0 }
					}
				},
				{
					"frame": 32,
					"elements": {
						"Blanket5": { "rotationX": 0.0, "rotationY": 0.0, "rotationZ": 32.9621 },
						"Blanket12": { "rotationX": 0.0, "rotationY": 0.0, "rotationZ": -19.5152 }
					}
				},
				{
					"frame": 39,
					"elements": {
						"Blanket5": { "rotationX": 0.0, "rotationY": 0.0, "rotationZ": 14.0 },
						"Blanket6": { "rotationX": 0.0, "rotationY": 0.0, "rotationZ": 12.0 },
						"Blanket12": { "rotationX": 0.0, "rotationY": 0.0, "rotationZ": -39.0677 }
					}
				},
				{
					"frame": 40,
					"elements": {
						"Blanket12": { "rotationX": 0.0, "rotationY": 0.0, "rotationZ": -42.961 }
					}
				}
			]
		},

		{
			"name": "Jump",
			"code": "jump",
			"quantityframes": 44,
			"onActivityStopped": "Rewind",
			"onAnimationEnd": "Repeat",
			"keyframes": [
				{
					"frame": 0,
					"elements": {
						"Blanket5": { "rotationX": 0.0, "rotationY": 0.0, "rotationZ": 5.0 }
					}
				},
				{
					"frame": 12,
					"elements": {
						"Blanket5": { "rotationX": 0.0, "rotationY": 0.0, "rotationZ": 19.0 },
						"Blanket6": { "rotationX": 0.0, "rotationY": 0.0, "rotationZ": 4.0 },
						"Blanket12": { "rotationX": 0.0, "rotationY": 0.0, "rotationZ": -39.0 },
						"Blanket16": { "rotationX": 0.0, "rotationY": 0.0, "rotationZ": 15.0 }
					}
				},
				{
					"frame": 17,
					"elements": {
						"Blanket12": { "rotationX": 0.0, "rotationY": 0.0, "rotationZ": -37.1667 }
					}
				},
				{
					"frame": 18,
					"elements": {
						"Blanket16": { "rotationX": 0.0, "rotationY": 0.0, "rotationZ": 5.0 }
					}
				},
				{
					"frame": 30,
					"elements": {
						"Blanket5": { "rotationX": 0.0, "rotationY": 0.0, "rotationZ": 15.125 },
						"Blanket6": { "rotationX": 0.0, "rotationY": 0.0, "rotationZ": 15.7143 }
					}
				},
				{
					"frame": 36,
					"elements": {
						"Blanket3": { "rotationX": 0.0, "rotationY": 0.0, "rotationZ": 0.0 },
						"Blanket12": { "rotationX": 0.0, "rotationY": 0.0, "rotationZ": -11.0 }
					}
				},
				{
					"frame": 40,
					"elements": {
						"Blanket5": { "rotationX": 0.0, "rotationY": 0.0, "rotationZ": 10.8929 },
						"Blanket6": { "rotationX": 0.0, "rotationY": 0.0, "rotationZ": 2.0 }
					}
				}
			]
		},

		{
			"name": "Sleep",
			"code": "Sleep",
			"quantityframes": 60,
			"onActivityStopped": "Rewind",
			"onAnimationEnd": "Repeat",
			"keyframes": [
				{
					"frame": 0,
					"elements": {
						"Blanket12": { "offsetX": 0.1, "offsetY": 1.9, "offsetZ": 0.6, "rotationX": 31.0, "rotationY": 0.0, "rotationZ": -29.0 },
						"Blanket17": { "offsetX": 0.0, "offsetY": 0.0, "offsetZ": 0.0, "rotationX": 0.0, "rotationY": 0.0, "rotationZ": 0.0 },
						"Blanket5": { "offsetX": 0.4, "offsetY": 1.2, "offsetZ": -0.3, "rotationX": 16.5, "rotationY": 16.5, "rotationZ": 22.5 },
						"CrupperMain": { "rotationX": 0.0, "rotationY": 0.0, "rotationZ": 0.0 }
					}
				}
			]
		}
	]
}