{
	"editor": {
		"backDropShape": "D:/VSModding/Entitybackdrops/indicus-adult",
		"allAngles": false,
		"entityTextureMode": false
	},
	"textureWidth": 16,
	"textureHeight": 16,
	"textureSizes": {
		"blanket": [16,16],
		"top": [16,16],
		"blanketextra": [16,16]
	},
	"textures": {
		"blanket": "block/cloth/aged/blue/edge-right",
		"blanketextra": "block/cloth/aged/blue/top"
	},
	"elements": [
		{
			"name": "OriginBlanket",
			"stepParentName": "Belly",
			"from": [ 6.0197, 4.0131, 2.9302 ],
			"to": [ 7.0229, 5.0164, 3.9335 ],
			"rotationOrigin": [ 6.0197, 4.0131, 2.9279 ],
			"faces": {
				"north": { "texture": "#blanketextra", "uv": [ 0.0, 0.0, 1.0, 1.0 ], "autoUv": false },
				"east": { "texture": "#blanketextra", "uv": [ 0.0, 0.0, 1.0, 1.0 ], "autoUv": false },
				"south": { "texture": "#blanketextra", "uv": [ 0.0, 0.0, 1.0, 1.0 ], "autoUv": false },
				"west": { "texture": "#blanketextra", "uv": [ 0.0, 0.0, 1.0, 1.0 ], "autoUv": false },
				"up": { "texture": "#blanketextra", "uv": [ 0.0, 0.0, 1.0, 1.0 ], "autoUv": false },
				"down": { "texture": "#blanketextra", "uv": [ 0.0, 0.0, 1.0, 1.0 ], "autoUv": false }
			},
			"children": [
				{
					"name": "Blanket",
					"from": [ -5.51, -1.547, -3.1101 ],
					"to": [ 7.5292, 5.0209, 5.4177 ],
					"rotationOrigin": [ -5.5147, -1.5516, -3.1101 ],
					"faces": {
						"north": { "texture": "#blanketextra", "uv": [ 1.5, 8.0, 13.5, 15.0 ], "autoUv": false },
						"east": { "texture": "#blanketextra", "uv": [ 5.0, 4.5, 13.5, 11.5 ], "autoUv": false },
						"south": { "texture": "#blanketextra", "uv": [ 2.5, 6.0, 15.5, 13.0 ], "autoUv": false },
						"west": { "texture": "#blanketextra", "uv": [ 3.0, 4.0, 11.5, 11.0 ], "autoUv": false },
						"up": { "texture": "#blanketextra", "uv": [ 2.0, 5.0, 14.0, 14.0 ], "autoUv": false },
						"down": { "texture": "#blanketextra", "uv": [ 2.5, 5.0, 14.5, 13.5 ], "autoUv": false }
					},
					"children": [
						{
							"name": "Blanket15",
							"from": [ 8.01, -6.4792, 0.091 ],
							"to": [ 16.2292, 0.0887, 8.4368 ],
							"rotationOrigin": [ 8.006, -6.2836, 0.091 ],
							"faces": {
								"north": { "texture": "#blanket", "uv": [ 4.0, 0.5, 12.0, 7.0 ] },
								"east": { "texture": "#blanket", "uv": [ 4.0, 5.5, 12.0, 12.0 ] },
								"south": { "texture": "#blanket", "uv": [ 2.0, 0.5, 10.0, 7.0 ] },
								"west": { "texture": "#blanket", "uv": [ 3.0, 5.0, 11.0, 11.5 ] },
								"up": { "texture": "#blanket", "uv": [ 2.0, 5.0, 10.0, 13.0 ] },
								"down": { "texture": "#blanket", "uv": [ 2.5, 5.0, 10.5, 13.0 ] }
							}
						},
						{
							"name": "Blanket17",
							"from": [ -1.46, -6.48, 0.091 ],
							"to": [ 6.0292, 0.0879, 8.4368 ],
							"rotationOrigin": [ -1.456, -6.2836, 0.091 ],
							"faces": {
								"north": { "texture": "#blanket", "uv": [ 2.0, 0.5, 9.0, 7.0 ] },
								"east": { "texture": "#blanket", "uv": [ 4.0, 5.5, 12.0, 12.0 ] },
								"south": { "texture": "#blanket", "uv": [ 1.5, 1.0, 8.5, 7.5 ] },
								"west": { "texture": "#blanket", "uv": [ 3.0, 5.0, 11.0, 11.5 ] },
								"up": { "texture": "#blanket", "uv": [ 2.0, 5.0, 9.0, 13.0 ] },
								"down": { "texture": "#blanket", "uv": [ 2.5, 5.0, 9.5, 13.0 ] }
							}
						},
						{
							"name": "Blanket26",
							"from": [ 6.01, -2.98, 0.091 ],
							"to": [ 8.01, 0.0879, 8.4368 ],
							"rotationOrigin": [ 6.006, -2.7836, 0.091 ],
							"faces": {
								"north": { "texture": "#blanket", "uv": [ 9.0, 2.0, 11.0, 5.0 ] },
								"east": { "texture": "#blanket", "uv": [ 4.0, 5.5, 12.0, 8.5 ] },
								"south": { "texture": "#blanket", "uv": [ 4.5, 2.0, 6.5, 5.0 ] },
								"west": { "texture": "#blanket", "uv": [ 3.0, 5.0, 11.0, 8.0 ] },
								"up": { "texture": "#blanket", "uv": [ 2.0, 5.0, 4.0, 13.0 ] },
								"down": { "texture": "#blanket", "uv": [ 2.5, 5.0, 4.5, 13.0 ] }
							}
						}
					]
				},
				{
					"name": "Blanket2",
					"stepParentName": "Hind",
					"from": [ -0.1003, -0.0637, -0.1003 ],
					"to": [ 8.0032, 8.8259, 9.0295 ],
					"rotationOrigin": [ -0.1003, -0.0608, -0.1003 ],
					"faces": {
						"north": { "texture": "#blanketextra", "uv": [ 2.0, 3.0, 10.5, 12.5 ], "autoUv": false, "windMode": [-1,-1,-1,-1], "windData": [1,1,1,1] },
						"east": { "texture": "#blanketextra", "uv": [ 3.5, 3.5, 13.5, 13.0 ], "autoUv": false, "windMode": [-1,-1,-1,-1], "windData": [1,1,1,1] },
						"south": { "texture": "#blanketextra", "uv": [ 3.5, 4.5, 12.0, 14.0 ], "autoUv": false, "windMode": [-1,-1,-1,-1], "windData": [1,1,1,1] },
						"west": { "texture": "#blanketextra", "uv": [ 3.5, 6.5, 13.5, 16.0 ], "autoUv": false, "windMode": [-1,-1,-1,-1], "windData": [1,1,1,1] },
						"up": { "texture": "#blanketextra", "uv": [ 4.5, 3.5, 13.0, 13.5 ], "autoUv": false, "windMode": [-1,-1,-1,-1], "windData": [1,1,1,1] },
						"down": { "texture": "#blanketextra", "uv": [ 6.5, 2.0, 15.0, 12.0 ], "autoUv": false, "windMode": [-1,-1,-1,-1], "windData": [1,1,1,1] }
					},
					"children": [
						{
							"name": "BlanketExtra",
							"stepParentName": "tail",
							"from": [ -0.182, 4.095, -0.182 ],
							"to": [ 1.5515, 5.4316, 1.8498 ],
							"rotationOrigin": [ -0.182, 4.095, -0.182 ],
							"faces": {
								"north": { "texture": "#blanketextra", "uv": [ 7.0, 3.0, 8.5, 4.0 ], "autoUv": false, "windMode": [-1,-1,-1,-1], "windData": [1,1,1,1] },
								"east": { "texture": "#blanketextra", "uv": [ 3.5, 3.5, 5.5, 4.5 ], "autoUv": false, "windMode": [-1,-1,-1,-1], "windData": [1,1,1,1] },
								"south": { "texture": "#blanketextra", "uv": [ 9.5, 4.5, 11.0, 5.5 ], "autoUv": false, "windMode": [-1,-1,-1,-1], "windData": [1,1,1,1] },
								"west": { "texture": "#blanketextra", "uv": [ 3.5, 6.5, 5.5, 7.5 ], "autoUv": false, "windMode": [-1,-1,-1,-1], "windData": [1,1,1,1] },
								"up": { "texture": "#blanketextra", "uv": [ 9.0, 3.5, 10.5, 5.5 ], "autoUv": false, "windMode": [-1,-1,-1,-1], "windData": [1,1,1,1] },
								"down": { "texture": "#blanketextra", "uv": [ 6.0, 2.0, 7.5, 4.0 ], "autoUv": false, "windMode": [-1,-1,-1,-1], "windData": [1,1,1,1] }
							}
						},
						{
							"name": "BlanketExtra4",
							"from": [ 0.0, -0.455, 0.0 ],
							"to": [ 1.5515, 0.0, 9.1298 ],
							"rotationOrigin": [ 0.0, -0.455, 0.0 ],
							"faces": {
								"north": { "texture": "#blanketextra", "uv": [ 7.0, 3.0, 8.5, 3.5 ], "autoUv": false, "windMode": [-1,-1,-1,-1], "windData": [1,1,1,1] },
								"east": { "texture": "#blanketextra", "uv": [ 3.5, 3.5, 13.5, 4.0 ], "autoUv": false, "windMode": [-1,-1,-1,-1], "windData": [1,1,1,1] },
								"south": { "texture": "#blanketextra", "uv": [ 9.5, 4.5, 11.0, 5.0 ], "autoUv": false, "windMode": [-1,-1,-1,-1], "windData": [1,1,1,1] },
								"west": { "texture": "#blanketextra", "uv": [ 3.5, 6.5, 13.5, 7.0 ], "autoUv": false, "windMode": [-1,-1,-1,-1], "windData": [1,1,1,1] },
								"up": { "texture": "#blanketextra", "uv": [ 9.0, 3.5, 10.5, 13.5 ], "autoUv": false, "windMode": [-1,-1,-1,-1], "windData": [1,1,1,1] },
								"down": { "texture": "#blanketextra", "uv": [ 6.0, 2.0, 7.5, 12.0 ], "autoUv": false, "windMode": [-1,-1,-1,-1], "windData": [1,1,1,1] }
							}
						},
						{
							"name": "Blanket5",
							"from": [ 0.0, -7.098, 0.0091 ],
							"to": [ 8.1035, -0.0284, 9.1182 ],
							"rotationOrigin": [ -0.091, -0.0273, 0.091 ],
							"rotationZ": 19.5,
							"faces": {
								"north": { "texture": "#blanketextra", "uv": [ 2.0, 3.0, 10.5, 10.5 ], "autoUv": false, "windMode": [-1,-1,-1,-1], "windData": [1,1,1,1] },
								"east": { "texture": "#blanketextra", "uv": [ 3.5, 3.5, 13.5, 11.0 ], "autoUv": false, "windMode": [-1,-1,-1,-1], "windData": [1,1,1,1] },
								"south": { "texture": "#blanketextra", "uv": [ 3.5, 4.5, 12.0, 12.0 ], "autoUv": false, "windMode": [-1,-1,-1,-1], "windData": [1,1,1,1] },
								"up": { "texture": "#blanketextra", "uv": [ 4.5, 3.5, 13.0, 13.5 ], "autoUv": false, "windMode": [-1,-1,-1,-1], "windData": [1,1,1,1] }
							},
							"children": [
								{
									"name": "Blanket6",
									"from": [ 0.0, -6.9797, -0.0455 ],
									"to": [ 8.1035, 0.0899, 9.1364 ],
									"rotationOrigin": [ -0.091, 0.0637, 0.0819 ],
									"rotationZ": 5.0,
									"faces": {
										"north": { "texture": "#blanket", "uv": [ 3.5, 0.5, 12.0, 8.0 ], "autoUv": false, "windMode": [-1,-1,-1,-1], "windData": [1,1,1,1] },
										"east": { "texture": "#blanket", "uv": [ 4.0, 1.5, 14.0, 9.0 ], "autoUv": false, "windMode": [-1,-1,-1,-1], "windData": [1,1,1,1] },
										"south": { "texture": "#blanket", "uv": [ 0.5, 0.0, 9.0, 7.5 ], "autoUv": false, "windMode": [-1,-1,-1,-1], "windData": [1,1,1,1] }
									}
								}
							]
						}
					]
				},
				{
					"name": "Blanket3",
					"stepParentName": "Chest",
					"from": [ -0.091, -0.0364, -0.1001 ],
					"to": [ 6.9274, 8.9419, 9.0297 ],
					"rotationOrigin": [ -0.091, 9.0727, -0.1003 ],
					"faces": {
						"north": { "texture": "#blanketextra", "uv": [ 7.5, 6.5, 15.0, 16.0 ], "autoUv": false, "windMode": [-1,-1,-1,-1], "windData": [1,1,1,0] },
						"south": { "texture": "#blanketextra", "uv": [ 4.0, 5.0, 11.5, 14.5 ], "autoUv": false, "windMode": [-1,-1,-1,-1], "windData": [1,0,1,1] },
						"west": { "texture": "#blanketextra", "uv": [ 4.0, 5.0, 14.0, 14.5 ], "autoUv": false, "windMode": [-1,-1,-1,-1], "windData": [1,1,1,1] },
						"up": { "texture": "#blanketextra", "uv": [ 5.0, 4.0, 12.5, 14.0 ], "autoUv": false, "windMode": [-1,-1,-1,-1], "windData": [1,1,1,1] },
						"down": { "texture": "#blanket", "uv": [ 3.0, 2.0, 13.0, 9.5 ], "rotation": 90, "autoUv": false, "windMode": [-1,-1,-1,-1], "windData": [1,0,0,1] }
					},
					"children": [
						{
							"name": "Blanket7",
							"stepParentName": "Neck1",
							"from": [ -0.091, -0.091, -0.091 ],
							"to": [ 7.6644, 7.6133, 6.6691 ],
							"rotationOrigin": [ -0.091, -0.091, -0.091 ],
							"faces": {
								"north": { "texture": "#blanketextra", "uv": [ 7.0, 5.5, 15.0, 13.5 ], "autoUv": false, "windMode": [-1,-1,-1,-1], "windData": [1,1,1,0] },
								"east": { "texture": "#blanketextra", "uv": [ 4.0, 5.0, 10.0, 13.0 ], "autoUv": false, "windMode": [-1,-1,-1,-1], "windData": [0,1,1,0] },
								"south": { "texture": "#blanketextra", "uv": [ 4.0, 5.0, 12.0, 13.0 ], "autoUv": false, "windMode": [-1,-1,-1,-1], "windData": [1,0,1,1] },
								"west": { "texture": "#blanketextra", "uv": [ 4.0, 5.0, 10.0, 13.0 ], "autoUv": false, "windMode": [-1,-1,-1,-1], "windData": [1,1,1,1] },
								"up": { "texture": "#blanketextra", "uv": [ 5.0, 4.0, 13.0, 10.0 ], "autoUv": false, "windMode": [-1,-1,-1,-1], "windData": [1,1,1,1] },
								"down": { "texture": "#blanketextra", "uv": [ 4.0, 3.0, 12.0, 9.0 ], "autoUv": false, "windMode": [-1,-1,-1,-1], "windData": [1,0,0,1] }
							}
						},
						{
							"name": "Blanket12",
							"from": [ 0.0, -1.365, 0.0091 ],
							"to": [ 7.0184, 3.64, 9.1182 ],
							"rotationOrigin": [ 7.0161, 3.64, 0.091 ],
							"rotationZ": 30.5,
							"faces": {
								"north": { "texture": "#blanketextra", "uv": [ 7.0, 5.5, 14.5, 11.0 ], "autoUv": false, "windMode": [-1,-1,-1,-1], "windData": [1,1,1,1] },
								"south": { "texture": "#blanketextra", "uv": [ 4.0, 5.0, 11.5, 10.5 ], "autoUv": false, "windMode": [-1,-1,-1,-1], "windData": [1,1,1,1] },
								"west": { "texture": "#blanketextra", "uv": [ 4.0, 5.0, 14.0, 10.5 ], "autoUv": false, "windMode": [-1,-1,-1,-1], "windData": [1,1,1,1] }
							},
							"children": [
								{
									"name": "Blanket16",
									"from": [ 0.0091, -0.455, 0.0091 ],
									"to": [ 7.0275, 0.091, 9.1 ],
									"rotationOrigin": [ 0.0, 0.091, 0.2639 ],
									"faces": {
										"north": { "texture": "#blanketextra", "uv": [ 6.5, 5.5, 14.0, 6.0 ], "autoUv": false, "windMode": [-1,-1,-1,-1], "windData": [1,1,1,1] },
										"south": { "texture": "#blanketextra", "uv": [ 3.5, 5.0, 11.0, 5.5 ], "autoUv": false, "windMode": [-1,-1,-1,-1], "windData": [1,1,1,1] },
										"west": { "texture": "#blanket", "uv": [ 4.0, 2.0, 13.5, 2.5 ], "autoUv": false, "windMode": [-1,-1,-1,-1], "windData": [0,0,0,0] }
									},
									"children": [
										{
											"name": "Blanket13",
											"from": [ 9.0E-4, -4.095, -0.0091 ],
											"to": [ 7.0193, 0.0, 9.0636 ],
											"rotationOrigin": [ 7.0161, 0.0, 0.0728 ],
											"faces": {
												"north": { "texture": "#blanketextra", "uv": [ 7.0, 5.5, 14.5, 10.0 ], "autoUv": false, "windMode": [-1,-1,-1,-1], "windData": [1,1,1,1] },
												"south": { "texture": "#blanketextra", "uv": [ 4.0, 5.0, 11.5, 9.5 ], "autoUv": false, "windMode": [-1,-1,-1,-1], "windData": [1,1,1,1] },
												"west": { "texture": "#blanket", "uv": [ 4.5, 2.0, 14.0, 6.5 ], "autoUv": false, "windMode": [-1,-1,-1,-1], "windData": [0,0,0,0] }
											},
											"children": [
												{
													"name": "Blanket14",
													"from": [ 0.0, -4.55, 0.0091 ],
													"to": [ 7.0184, 0.0, 9.0818 ],
													"rotationOrigin": [ 0.0, 0.0, 0.2548 ],
													"faces": {
														"north": { "texture": "#blanket", "uv": [ 8.0, 1.5, 15.5, 6.5 ], "autoUv": false, "windMode": [-1,-1,-1,-1], "windData": [1,1,1,1] },
														"south": { "texture": "#blanket", "uv": [ 8.0, 2.5, 15.5, 7.5 ], "autoUv": false, "windMode": [-1,-1,-1,-1], "windData": [1,1,1,1] }
													}
												}
											]
										}
									]
								}
							]
						},
						{
							"name": "Blanket8",
							"stepParentName": "Neck3",
							"from": [ -0.09, -0.09, -0.182 ],
							"to": [ 5.0264, 10.0713, 3.3761 ],
							"rotationOrigin": [ -0.091, -0.091, -0.182 ],
							"faces": {
								"north": { "texture": "#blanketextra", "uv": [ 7.0, 5.5, 12.5, 16.5 ], "autoUv": false, "windMode": [-1,-1,-1,-1], "windData": [1,1,1,0] },
								"east": { "texture": "#blanketextra", "uv": [ 4.0, 5.0, 7.5, 16.0 ], "autoUv": false, "windMode": [-1,-1,-1,-1], "windData": [0,1,1,0] },
								"south": { "texture": "#blanketextra", "uv": [ 4.0, 5.0, 9.5, 16.0 ], "autoUv": false, "windMode": [-1,-1,-1,-1], "windData": [1,0,1,1] },
								"west": { "texture": "#blanketextra", "uv": [ 4.0, 5.0, 7.5, 16.0 ], "autoUv": false, "windMode": [-1,-1,-1,-1], "windData": [1,1,1,1] },
								"up": { "texture": "#blanketextra", "uv": [ 5.0, 4.0, 10.5, 7.5 ], "autoUv": false, "windMode": [-1,-1,-1,-1], "windData": [1,1,1,1] },
								"down": { "texture": "#blanketextra", "uv": [ 4.0, 3.0, 9.5, 6.5 ], "autoUv": false, "windMode": [-1,-1,-1,-1], "windData": [1,0,0,1] }
							}
						},
						{
							"name": "Blanket9",
							"stepParentName": "Cube2",
							"from": [ -0.091, -0.091, -0.364 ],
							"to": [ 4.1064, 10.7983, 3.5581 ],
							"rotationOrigin": [ -0.091, -0.091, -0.364 ],
							"faces": {
								"north": { "texture": "#blanketextra", "uv": [ 7.0, 5.5, 11.5, 17.0 ], "autoUv": false, "windMode": [-1,-1,-1,-1], "windData": [1,1,1,0] },
								"east": { "texture": "#blanketextra", "uv": [ 4.0, 5.0, 8.0, 16.5 ], "autoUv": false, "windMode": [-1,-1,-1,-1], "windData": [0,1,1,0] },
								"south": { "texture": "#blanketextra", "uv": [ 4.0, 5.0, 8.5, 16.5 ], "autoUv": false, "windMode": [-1,-1,-1,-1], "windData": [1,0,1,1] },
								"west": { "texture": "#blanketextra", "uv": [ 4.0, 5.0, 8.0, 16.5 ], "autoUv": false, "windMode": [-1,-1,-1,-1], "windData": [1,1,1,1] },
								"up": { "texture": "#blanketextra", "uv": [ 5.0, 4.0, 9.5, 8.0 ], "autoUv": false, "windMode": [-1,-1,-1,-1], "windData": [1,1,1,1] },
								"down": { "texture": "#blanketextra", "uv": [ 4.0, 3.0, 8.5, 7.0 ], "autoUv": false, "windMode": [-1,-1,-1,-1], "windData": [1,0,0,1] }
							}
						},
						{
							"name": "Mane32",
							"stepParentName": "Mane",
							"from": [ -0.08, -0.09, -0.05 ],
							"to": [ 3.5064, 14.7823, 1.1781 ],
							"rotationOrigin": [ -0.082, -0.091, -0.091 ],
							"faces": {
								"north": { "texture": "#blanketextra", "uv": [ 7.0, 2.5, 9.5, 15.5 ], "autoUv": false, "windMode": [-1,-1,-1,-1], "windData": [1,1,1,0] },
								"east": { "texture": "#blanketextra", "uv": [ 6.0, 1.0, 7.0, 15.5 ], "windMode": [-1,-1,-1,-1], "windData": [0,1,1,0] },
								"south": { "texture": "#blanketextra", "uv": [ 5.0, 0.0, 7.5, 13.0 ], "autoUv": false, "windMode": [-1,-1,-1,-1], "windData": [1,0,1,1] },
								"west": { "texture": "#blanketextra", "uv": [ 5.0, 2.0, 6.0, 16.5 ], "windMode": [-1,-1,-1,-1], "windData": [1,1,1,1] },
								"up": { "texture": "#blanketextra", "uv": [ 5.0, 4.0, 7.5, 4.5 ], "autoUv": false, "windMode": [-1,-1,-1,-1], "windData": [1,1,1,1] },
								"down": { "texture": "#blanketextra", "uv": [ 4.0, 4.5, 6.5, 5.0 ], "autoUv": false, "windMode": [-1,-1,-1,-1], "windData": [1,0,0,1] }
							}
						}
					]
				},
				{
					"name": "Blanket18",
					"stepParentName": "Head Origin",
					"from": [ 1.729, -0.4732, 0.1638 ],
					"to": [ 7.8374, 3.3942, 3.2123 ],
					"rotationOrigin": [ 1.729, -0.455, 0.091 ],
					"faces": {
						"north": { "texture": "#blanketextra", "uv": [ 7.0, 5.5, 13.5, 9.5 ], "autoUv": false, "windMode": [-1,-1,-1,-1], "windData": [1,1,1,1] },
						"east": { "texture": "#blanketextra", "uv": [ 0.0, 0.0, 3.0, 4.0 ], "autoUv": false, "windMode": [-1,-1,-1,-1], "windData": [1,1,1,1] },
						"south": { "texture": "#blanketextra", "uv": [ 4.0, 5.0, 10.5, 9.0 ], "autoUv": false, "windMode": [-1,-1,-1,-1], "windData": [1,1,1,1] },
						"west": { "texture": "#blanketextra", "uv": [ 4.0, 5.0, 7.0, 9.0 ], "autoUv": false, "windMode": [-1,-1,-1,-1], "windData": [1,1,1,1] },
						"up": { "texture": "#blanketextra", "uv": [ 0.0, 0.0, 6.5, 3.0 ], "autoUv": false, "windMode": [-1,-1,-1,-1], "windData": [1,1,1,1] },
						"down": { "texture": "#blanketextra", "uv": [ 0.0, 0.0, 6.5, 3.0 ], "autoUv": false, "windMode": [-1,-1,-1,-1], "windData": [1,1,1,1] }
					}
				},
				{
					"name": "Blanket19",
					"stepParentName": "Head",
					"from": [ -0.0091, -0.0091, -0.0455 ],
					"to": [ 4.9595, 5.0322, 4.0495 ],
					"rotationOrigin": [ 0.728, -0.091, -0.091 ],
					"faces": {
						"north": { "texture": "#blanketextra", "uv": [ 7.0, 5.5, 12.0, 10.5 ], "autoUv": false, "windMode": [-1,-1,-1,-1], "windData": [1,1,1,1] },
						"east": { "texture": "#blanketextra", "uv": [ 0.0, 0.0, 4.5, 5.0 ], "autoUv": false, "windMode": [-1,-1,-1,-1], "windData": [1,1,1,1] },
						"south": { "texture": "#blanketextra", "uv": [ 4.0, 5.0, 9.0, 10.0 ], "autoUv": false, "windMode": [-1,-1,-1,-1], "windData": [1,1,1,1] },
						"west": { "texture": "#blanketextra", "uv": [ 4.0, 5.0, 8.5, 10.0 ], "autoUv": false, "windMode": [-1,-1,-1,-1], "windData": [1,1,1,1] },
						"up": { "texture": "#blanketextra", "uv": [ 0.0, 0.0, 5.0, 4.5 ], "autoUv": false, "windMode": [-1,-1,-1,-1], "windData": [1,1,1,1] },
						"down": { "texture": "#blanketextra", "uv": [ 0.0, 0.0, 5.0, 4.5 ], "autoUv": false, "windMode": [-1,-1,-1,-1], "windData": [1,1,1,1] }
					}
				},
				{
					"name": "Blanket20",
					"stepParentName": "Bridge",
					"from": [ 1.638, -0.091, -0.0819 ],
					"to": [ 4.6524, 1.274, 2.3569 ],
					"rotationOrigin": [ 2.457, -0.091, -0.091 ],
					"rotationZ": 2.0,
					"faces": {
						"north": { "texture": "#blanketextra", "uv": [ 7.0, 5.5, 10.0, 7.0 ], "autoUv": false, "windMode": [-1,-1,-1,-1], "windData": [1,1,1,1] },
						"east": { "texture": "#blanketextra", "uv": [ 0.0, 0.0, 2.5, 1.5 ], "autoUv": false, "windMode": [-1,-1,-1,-1], "windData": [1,1,1,1] },
						"south": { "texture": "#blanketextra", "uv": [ 4.0, 5.0, 7.0, 6.5 ], "autoUv": false, "windMode": [-1,-1,-1,-1], "windData": [1,1,1,1] },
						"west": { "texture": "#blanketextra", "uv": [ 4.0, 5.0, 6.5, 6.5 ], "autoUv": false, "windMode": [-1,-1,-1,-1], "windData": [1,1,1,1] },
						"up": { "texture": "#blanketextra", "uv": [ 0.0, 0.0, 3.0, 2.5 ], "autoUv": false, "windMode": [-1,-1,-1,-1], "windData": [1,1,1,1] },
						"down": { "texture": "#blanketextra", "uv": [ 0.0, 0.0, 3.0, 2.5 ], "autoUv": false, "windMode": [-1,-1,-1,-1], "windData": [1,1,1,1] }
					}
				},
				{
					"name": "Blanket21",
					"stepParentName": "Temple",
					"from": [ -0.091, -0.091, -0.091 ],
					"to": [ 3.5604, 1.274, 2.366 ],
					"rotationOrigin": [ 0.728, -0.091, -0.091 ],
					"faces": {
						"north": { "texture": "#blanketextra", "uv": [ 7.0, 5.5, 11.0, 7.0 ], "autoUv": false, "windMode": [-1,-1,-1,-1], "windData": [1,1,1,1] },
						"east": { "texture": "#blanketextra", "uv": [ 0.0, 0.0, 2.5, 1.5 ], "autoUv": false, "windMode": [-1,-1,-1,-1], "windData": [1,1,1,1] },
						"south": { "texture": "#blanketextra", "uv": [ 4.0, 5.0, 8.0, 6.5 ], "autoUv": false, "windMode": [-1,-1,-1,-1], "windData": [1,1,1,1] },
						"west": { "texture": "#blanketextra", "uv": [ 4.0, 5.0, 6.5, 6.5 ], "autoUv": false, "windMode": [-1,-1,-1,-1], "windData": [1,1,1,1] },
						"up": { "texture": "#blanketextra", "uv": [ 0.0, 0.0, 4.0, 2.5 ], "autoUv": false, "windMode": [-1,-1,-1,-1], "windData": [1,1,1,1] },
						"down": { "texture": "#blanketextra", "uv": [ 0.0, 0.0, 4.0, 2.5 ], "autoUv": false, "windMode": [-1,-1,-1,-1], "windData": [1,1,1,1] }
					}
				},
				{
					"name": "Blanket22",
					"stepParentName": "Ear L",
					"from": [ -0.091, -0.273, -0.091 ],
					"to": [ 0.5574, 2.275, 1.456 ],
					"rotationOrigin": [ 0.728, -0.273, -0.091 ],
					"faces": {
						"north": { "texture": "#blanketextra", "uv": [ 7.0, 5.5, 7.5, 8.0 ], "autoUv": false, "windMode": [-1,-1,-1,-1], "windData": [1,1,1,1] },
						"east": { "texture": "#blanketextra", "uv": [ 0.0, 0.0, 1.5, 2.5 ], "autoUv": false, "windMode": [-1,-1,-1,-1], "windData": [1,1,1,1] },
						"south": { "texture": "#blanketextra", "uv": [ 4.0, 5.0, 4.5, 7.5 ], "autoUv": false, "windMode": [-1,-1,-1,-1], "windData": [1,1,1,1] },
						"west": { "texture": "#blanketextra", "uv": [ 4.0, 5.0, 5.5, 7.5 ], "autoUv": false, "windMode": [-1,-1,-1,-1], "windData": [1,1,1,1] },
						"up": { "texture": "#blanketextra", "uv": [ 0.0, 0.0, 0.5, 1.5 ], "autoUv": false, "windMode": [-1,-1,-1,-1], "windData": [1,1,1,1] },
						"down": { "texture": "#blanketextra", "uv": [ 0.0, 0.0, 0.5, 1.5 ], "autoUv": false, "windMode": [-1,-1,-1,-1], "windData": [1,1,1,1] }
					},
					"children": [
						{
							"name": "Blanket23",
							"from": [ 0.091, 2.548, 0.364 ],
							"to": [ 0.5574, 3.003, 1.183 ],
							"rotationOrigin": [ 0.91, 2.548, 0.364 ],
							"faces": {
								"north": { "texture": "#blanketextra", "uv": [ 7.0, 5.5, 7.5, 6.0 ], "autoUv": false, "windMode": [-1,-1,-1,-1], "windData": [1,1,1,1] },
								"east": { "texture": "#blanketextra", "uv": [ 0.0, 0.0, 0.5, 0.5 ], "autoUv": false, "windMode": [-1,-1,-1,-1], "windData": [1,1,1,1] },
								"south": { "texture": "#blanketextra", "uv": [ 4.0, 5.0, 4.5, 5.5 ], "autoUv": false, "windMode": [-1,-1,-1,-1], "windData": [1,1,1,1] },
								"west": { "texture": "#blanketextra", "uv": [ 4.0, 5.0, 4.5, 5.5 ], "autoUv": false, "windMode": [-1,-1,-1,-1], "windData": [1,1,1,1] },
								"up": { "texture": "#blanketextra", "uv": [ 0.0, 0.0, 0.5, 0.5 ], "autoUv": false, "windMode": [-1,-1,-1,-1], "windData": [1,1,1,1] },
								"down": { "texture": "#blanketextra", "uv": [ 0.0, 0.0, 0.5, 0.5 ], "autoUv": false, "windMode": [-1,-1,-1,-1], "windData": [1,1,1,1] }
							}
						}
					]
				},
				{
					"name": "Blanket24",
					"stepParentName": "Ear R",
					"from": [ -0.091, -0.273, -0.091 ],
					"to": [ 0.5574, 2.275, 1.456 ],
					"rotationOrigin": [ 0.728, -0.273, -0.091 ],
					"faces": {
						"north": { "texture": "#blanketextra", "uv": [ 7.0, 5.5, 7.5, 8.0 ], "autoUv": false, "windMode": [-1,-1,-1,-1], "windData": [1,1,1,1] },
						"east": { "texture": "#blanketextra", "uv": [ 0.0, 0.0, 1.5, 2.5 ], "autoUv": false, "windMode": [-1,-1,-1,-1], "windData": [1,1,1,1] },
						"south": { "texture": "#blanketextra", "uv": [ 4.0, 5.0, 4.5, 7.5 ], "autoUv": false, "windMode": [-1,-1,-1,-1], "windData": [1,1,1,1] },
						"west": { "texture": "#blanketextra", "uv": [ 4.0, 5.0, 5.5, 7.5 ], "autoUv": false, "windMode": [-1,-1,-1,-1], "windData": [1,1,1,1] },
						"up": { "texture": "#blanketextra", "uv": [ 0.0, 0.0, 0.5, 1.5 ], "autoUv": false, "windMode": [-1,-1,-1,-1], "windData": [1,1,1,1] },
						"down": { "texture": "#blanketextra", "uv": [ 0.0, 0.0, 0.5, 1.5 ], "autoUv": false, "windMode": [-1,-1,-1,-1], "windData": [1,1,1,1] }
					},
					"children": [
						{
							"name": "Blanket25",
							"from": [ 0.091, 2.548, 0.364 ],
							"to": [ 0.5574, 3.003, 1.183 ],
							"rotationOrigin": [ 0.91, 2.548, 0.364 ],
							"faces": {
								"north": { "texture": "#blanketextra", "uv": [ 7.0, 5.5, 7.5, 6.0 ], "autoUv": false, "windMode": [-1,-1,-1,-1], "windData": [1,1,1,1] },
								"east": { "texture": "#blanketextra", "uv": [ 0.0, 0.0, 0.5, 0.5 ], "autoUv": false, "windMode": [-1,-1,-1,-1], "windData": [1,1,1,1] },
								"south": { "texture": "#blanketextra", "uv": [ 4.0, 5.0, 4.5, 5.5 ], "autoUv": false, "windMode": [-1,-1,-1,-1], "windData": [1,1,1,1] },
								"west": { "texture": "#blanketextra", "uv": [ 4.0, 5.0, 4.5, 5.5 ], "autoUv": false, "windMode": [-1,-1,-1,-1], "windData": [1,1,1,1] },
								"up": { "texture": "#blanketextra", "uv": [ 0.0, 0.0, 0.5, 0.5 ], "autoUv": false, "windMode": [-1,-1,-1,-1], "windData": [1,1,1,1] },
								"down": { "texture": "#blanketextra", "uv": [ 0.0, 0.0, 0.5, 0.5 ], "autoUv": false, "windMode": [-1,-1,-1,-1], "windData": [1,1,1,1] }
							}
						}
					]
				}
			]
		}
	],
	"animations": [
		{
			"name": "Gallop",
			"code": "gallop",
			"quantityframes": 49,
			"onActivityStopped": "Rewind",
			"onAnimationEnd": "Repeat",
			"keyframes": [
				{
					"frame": 0,
					"elements": {
						"Blanket5": { "rotationX": 0.0, "rotationY": 0.0, "rotationZ": 14.7033 },
						"Blanket12": { "rotationX": 0.0, "rotationY": 0.0, "rotationZ": -42.0 },
						"Blanket14": { "rotationX": 0.0, "rotationY": 0.0, "rotationZ": 5.0 },
						"Blanket13": { "rotationX": 0.0, "rotationY": 0.0, "rotationZ": 0.0 }
					}
				},
				{
					"frame": 6,
					"elements": {
						"Blanket5": { "rotationX": 0.0, "rotationY": 0.0, "rotationZ": 15.0 }
					}
				},
				{
					"frame": 12,
					"elements": {
						"Blanket5": { "rotationX": 0.0, "rotationY": 0.0, "rotationZ": 30.0 },
						"Blanket6": { "rotationX": 0.0, "rotationY": 0.0, "rotationZ": 15.0 },
						"Blanket12": { "rotationX": 0.0, "rotationY": 0.0, "rotationZ": -47.5 },
						"Blanket13": { "rotationX": 0.0, "rotationY": 0.0, "rotationZ": -11.2857 }
					}
				},
				{
					"frame": 14,
					"elements": {
						"Blanket6": { "rotationX": 0.0, "rotationY": 0.0, "rotationZ": 18.3333 },
						"Blanket5": { "rotationX": 0.0, "rotationY": 0.0, "rotationZ": 34.283 }
					}
				},
				{
					"frame": 18,
					"elements": {
						"Blanket12": { "rotationX": 0.0, "rotationY": 0.0, "rotationZ": -50.25 },
						"Blanket14": { "rotationX": 0.0, "rotationY": 0.0, "rotationZ": 1.1429 }
					}
				},
				{
					"frame": 24,
					"elements": {
						"Blanket5": { "rotationX": 0.0, "rotationY": 0.0, "rotationZ": 37.6977 },
						"Blanket6": { "rotationX": 0.0, "rotationY": 0.0, "rotationZ": 17.0 },
						"Blanket13": { "rotationX": 0.0, "rotationY": 0.0, "rotationZ": -11.9714 }
					}
				},
				{
					"frame": 30,
					"elements": {
						"Blanket12": { "rotationX": 0.0, "rotationY": 0.0, "rotationZ": -29.04 }
					}
				},
				{
					"frame": 42,
					"elements": {
						"Blanket5": { "rotationX": 0.0, "rotationY": 0.0, "rotationZ": 11.3571 },
						"Blanket6": { "rotationX": 0.0, "rotationY": 0.0, "rotationZ": 24.9459 },
						"Blanket12": { "rotationX": 0.0, "rotationY": 0.0, "rotationZ": -42.12 },
						"Blanket13": { "rotationX": 0.0, "rotationY": 0.0, "rotationZ": -8.0 },
						"Blanket14": { "rotationX": 0.0, "rotationY": 0.0, "rotationZ": 10.0 }
					}
				}
			]
		},

		{
			"name": "Trot",
			"code": "trot",
			"quantityframes": 60,
			"onActivityStopped": "Rewind",
			"onAnimationEnd": "Repeat",
			"keyframes": [
				{
					"frame": 0,
					"elements": {
						"Blanket14": { "rotationX": 0.0, "rotationY": 0.0, "rotationZ": 13.0 },
						"Blanket5": { "rotationX": 0.0, "rotationY": 0.0, "rotationZ": 21.0 },
						"Blanket6": { "rotationX": 0.0, "rotationY": 0.0, "rotationZ": 9.5 }
					}
				},
				{
					"frame": 10,
					"elements": {
						"Blanket13": { "rotationX": 0.0, "rotationY": 0.0, "rotationZ": -5.0 },
						"Blanket14": { "rotationX": 0.0, "rotationY": 0.0, "rotationZ": 6.0 }
					}
				},
				{
					"frame": 20,
					"elements": {
						"Blanket12": { "rotationX": 0.0, "rotationY": 0.0, "rotationZ": -26.0 },
						"Blanket3": { "rotationX": 0.0, "rotationY": 0.0, "rotationZ": 0.0 },
						"Blanket13": { "rotationX": 0.0, "rotationY": 0.0, "rotationZ": -12.0 },
						"Blanket5": { "rotationX": 0.0, "rotationY": 0.0, "rotationZ": 8.0 }
					}
				},
				{
					"frame": 30,
					"elements": {
						"Blanket12": { "rotationX": 0.0, "rotationY": 0.0, "rotationZ": -13.0 },
						"Blanket5": { "rotationX": 0.0, "rotationY": 0.0, "rotationZ": 20.75 },
						"Blanket6": { "rotationX": 0.0, "rotationY": 0.0, "rotationZ": 10.0 }
					}
				},
				{
					"frame": 40,
					"elements": {
						"Blanket14": { "rotationX": 0.0, "rotationY": 0.0, "rotationZ": 0.0 }
					}
				},
				{
					"frame": 50,
					"elements": {
						"Blanket12": { "rotationX": 0.0, "rotationY": 0.0, "rotationZ": -22.2 },
						"Blanket13": { "rotationX": 0.0, "rotationY": 0.0, "rotationZ": -20.8 }
					}
				},
				{
					"frame": 54,
					"elements": {
						"Blanket5": { "rotationX": 0.0, "rotationY": 0.0, "rotationZ": 11.55 },
						"Blanket6": { "rotationX": 0.0, "rotationY": 0.0, "rotationZ": 1.0 }
					}
				}
			]
		},

		{
			"name": "Eat",
			"code": "eat",
			"quantityframes": 44,
			"onActivityStopped": "Rewind",
			"onAnimationEnd": "Repeat",
			"keyframes": [
				{
					"frame": 15,
					"elements": {
						"Blanket12": { "rotationX": 0.0, "rotationY": 0.0, "rotationZ": -5.0 },
						"Blanket13": { "rotationX": 0.0, "rotationY": 0.0, "rotationZ": -2.5455 },
						"Blanket5": { "rotationX": 0.0, "rotationY": 0.0, "rotationZ": 6.0 },
						"Blanket6": { "rotationX": 0.0, "rotationY": 0.0, "rotationZ": 2.0 }
					}
				},
				{
					"frame": 23,
					"elements": {
						"Blanket12": { "rotationX": 0.0, "rotationY": 0.0, "rotationZ": -7.0 },
						"Blanket13": { "rotationX": 0.0, "rotationY": 0.0, "rotationZ": -1.2888 },
						"Blanket5": { "rotationX": 0.0, "rotationY": 0.0, "rotationZ": 9.0 }
					}
				},
				{
					"frame": 32,
					"elements": {
						"Blanket12": { "rotationX": 0.0, "rotationY": 0.0, "rotationZ": 0.5 },
						"Blanket13": { "rotationX": 0.0, "rotationY": 0.0, "rotationZ": -2.0 },
						"Blanket6": { "rotationX": 0.0, "rotationY": 0.0, "rotationZ": 1.24 },
						"Blanket5": { "rotationX": 0.0, "rotationY": 0.0, "rotationZ": 14.4265 }
					}
				},
				{
					"frame": 40,
					"elements": {
						"Blanket5": { "rotationX": 0.0, "rotationY": 0.0, "rotationZ": 13.5833 },
						"Blanket6": { "rotationX": 0.0, "rotationY": 0.0, "rotationZ": 2.0 }
					}
				},
				{
					"frame": 43,
					"elements": {
						"Blanket13": { "rotationX": 0.0, "rotationY": 0.0, "rotationZ": -5.0 }
					}
				}
			]
		},

		{
			"name": "Walk",
			"code": "walk",
			"quantityframes": 49,
			"onActivityStopped": "Rewind",
			"onAnimationEnd": "Repeat",
			"keyframes": [
				{
					"frame": 4,
					"elements": {
						"Blanket12": { "rotationX": 0.0, "rotationY": 0.0, "rotationZ": -14.0 },
						"Blanket13": { "rotationX": 0.0, "rotationY": 0.0, "rotationZ": -9.0 }
					}
				},
				{
					"frame": 8,
					"elements": {
						"Blanket12": { "rotationX": 0.0, "rotationY": 0.0, "rotationZ": -16.0 },
						"Blanket5": { "rotationX": 0.0, "rotationY": 0.0, "rotationZ": 9.0 },
						"Blanket6": { "rotationX": 0.0, "rotationY": 0.0, "rotationZ": 8.0 }
					}
				},
				{
					"frame": 16,
					"elements": {
						"Blanket5": { "rotationX": 0.0, "rotationY": 0.0, "rotationZ": 27.0 },
						"Blanket6": { "rotationX": 0.0, "rotationY": 0.0, "rotationZ": 12.0 }
					}
				},
				{
					"frame": 24,
					"elements": {
						"Blanket5": { "rotationX": 0.0, "rotationY": 0.0, "rotationZ": 10.4878 },
						"Blanket16": { "rotationX": 0.0, "rotationY": 0.0, "rotationZ": 3.0 },
						"Blanket13": { "rotationX": 0.0, "rotationY": 0.0, "rotationZ": 0.0 }
					}
				},
				{
					"frame": 32,
					"elements": {
						"Blanket13": { "rotationX": 0.0, "rotationY": 0.0, "rotationZ": -16.0 }
					}
				},
				{
					"frame": 40,
					"elements": {
						"Blanket12": { "rotationX": 0.0, "rotationY": 0.0, "rotationZ": -1.8889 },
						"Blanket5": { "rotationX": 0.0, "rotationY": 0.0, "rotationZ": 27.4331 }
					}
				},
				{
					"frame": 48,
					"elements": {
						"Blanket5": { "rotationX": 0.0, "rotationY": 0.0, "rotationZ": 13.4058 }
					}
				}
			]
		},

		{
			"name": "Canter",
			"code": "canter",
			"quantityframes": 36,
			"onActivityStopped": "Rewind",
			"onAnimationEnd": "Repeat",
			"keyframes": [
				{
					"frame": 0,
					"elements": {
						"Blanket12": { "rotationX": 0.0, "rotationY": 0.0, "rotationZ": -39.0 },
						"Blanket5": { "rotationX": 0.0, "rotationY": 0.0, "rotationZ": 12.6891 }
					}
				},
				{
					"frame": 7,
					"elements": {
						"Blanket14": { "rotationX": 0.0, "rotationY": 0.0, "rotationZ": 2.0 },
						"Blanket5": { "rotationX": 0.0, "rotationY": 0.0, "rotationZ": 14.0 },
						"Blanket6": { "rotationX": 0.0, "rotationY": 0.0, "rotationZ": 8.0 }
					}
				},
				{
					"frame": 11,
					"elements": {
						"Blanket12": { "rotationX": 0.0, "rotationY": 0.0, "rotationZ": -17.0 },
						"Blanket13": { "rotationX": 0.0, "rotationY": 0.0, "rotationZ": -13.0 }
					}
				},
				{
					"frame": 12,
					"elements": {
						"Blanket5": { "rotationX": 0.0, "rotationY": 0.0, "rotationZ": 9.0 }
					}
				},
				{
					"frame": 18,
					"elements": {
						"Blanket12": { "rotationX": 0.0, "rotationY": 0.0, "rotationZ": -32.16 },
						"Blanket13": { "rotationX": 0.0, "rotationY": 0.0, "rotationZ": 0.0 }
					}
				},
				{
					"frame": 24,
					"elements": {
						"Blanket13": { "rotationX": 0.0, "rotationY": 0.0, "rotationZ": -0.6897 },
						"Blanket14": { "rotationX": 0.0, "rotationY": 0.0, "rotationZ": 10.0 }
					}
				},
				{
					"frame": 32,
					"elements": {
						"Blanket12": { "rotationX": 0.0, "rotationY": 0.0, "rotationZ": -33.48 },
						"Blanket5": { "rotationX": 0.0, "rotationY": 0.0, "rotationZ": -3.7742 }
					}
				}
			]
		},

		{
			"name": "WalkBack",
			"code": "walkback",
			"quantityframes": 49,
			"onActivityStopped": "Rewind",
			"onAnimationEnd": "Repeat",
			"keyframes": [
				{
					"frame": 0,
					"elements": {
						"Blanket5": { "rotationX": 0.0, "rotationY": 0.0, "rotationZ": 15.0 },
						"Blanket12": { "rotationX": 0.0, "rotationY": 0.0, "rotationZ": -24.0 },
						"Blanket13": { "rotationX": 0.0, "rotationY": 0.0, "rotationZ": 0.0 },
						"Blanket16": { "rotationX": 0.0, "rotationY": 0.0, "rotationZ": 0.0 }
					}
				},
				{
					"frame": 8,
					"elements": {
						"Blanket5": { "rotationX": 0.0, "rotationY": 0.0, "rotationZ": 33.7949 },
						"Blanket16": { "rotationX": 0.0, "rotationY": 0.0, "rotationZ": 33.0 }
					}
				},
				{
					"frame": 13,
					"elements": {
						"Blanket13": { "rotationX": 0.0, "rotationY": 0.0, "rotationZ": 0.0 }
					}
				},
				{
					"frame": 16,
					"elements": {
						"Blanket5": { "rotationX": 0.0, "rotationY": 0.0, "rotationZ": 10.5897 },
						"Blanket12": { "rotationX": 0.0, "rotationY": 0.0, "rotationZ": -42.0 }
					}
				},
				{
					"frame": 32,
					"elements": {
						"Blanket5": { "rotationX": 0.0, "rotationY": 0.0, "rotationZ": 32.9621 },
						"Blanket12": { "rotationX": 0.0, "rotationY": 0.0, "rotationZ": -19.5152 }
					}
				},
				{
					"frame": 39,
					"elements": {
						"Blanket5": { "rotationX": 0.0, "rotationY": 0.0, "rotationZ": 14.0 },
						"Blanket6": { "rotationX": 0.0, "rotationY": 0.0, "rotationZ": 12.0 },
						"Blanket12": { "rotationX": 0.0, "rotationY": 0.0, "rotationZ": -39.0677 }
					}
				},
				{
					"frame": 40,
					"elements": {
						"Blanket12": { "rotationX": 0.0, "rotationY": 0.0, "rotationZ": -42.961 }
					}
				}
			]
		},

		{
			"name": "Jump",
			"code": "jump",
			"quantityframes": 44,
			"onActivityStopped": "Rewind",
			"onAnimationEnd": "Repeat",
			"keyframes": [
				{
					"frame": 0,
					"elements": {
						"Blanket5": { "rotationX": 0.0, "rotationY": 0.0, "rotationZ": 5.0 }
					}
				},
				{
					"frame": 12,
					"elements": {
						"Blanket5": { "rotationX": 0.0, "rotationY": 0.0, "rotationZ": 19.0 },
						"Blanket6": { "rotationX": 0.0, "rotationY": 0.0, "rotationZ": 4.0 },
						"Blanket12": { "rotationX": 0.0, "rotationY": 0.0, "rotationZ": -39.0 },
						"Blanket16": { "rotationX": 0.0, "rotationY": 0.0, "rotationZ": 15.0 }
					}
				},
				{
					"frame": 17,
					"elements": {
						"Blanket12": { "rotationX": 0.0, "rotationY": 0.0, "rotationZ": -37.1667 }
					}
				},
				{
					"frame": 18,
					"elements": {
						"Blanket16": { "rotationX": 0.0, "rotationY": 0.0, "rotationZ": 5.0 }
					}
				},
				{
					"frame": 30,
					"elements": {
						"Blanket5": { "rotationX": 0.0, "rotationY": 0.0, "rotationZ": 15.125 },
						"Blanket6": { "rotationX": 0.0, "rotationY": 0.0, "rotationZ": 15.7143 }
					}
				},
				{
					"frame": 36,
					"elements": {
						"Blanket3": { "rotationX": 0.0, "rotationY": 0.0, "rotationZ": 0.0 },
						"Blanket12": { "rotationX": 0.0, "rotationY": 0.0, "rotationZ": -11.0 }
					}
				},
				{
					"frame": 40,
					"elements": {
						"Blanket5": { "rotationX": 0.0, "rotationY": 0.0, "rotationZ": 10.8929 },
						"Blanket6": { "rotationX": 0.0, "rotationY": 0.0, "rotationZ": 2.0 }
					}
				}
			]
		},

		{
			"name": "Sleep",
			"code": "Sleep",
			"quantityframes": 60,
			"onActivityStopped": "Rewind",
			"onAnimationEnd": "Repeat",
			"keyframes": [
				{
					"frame": 0,
					"elements": {
						"Blanket12": { "offsetX": 0.091, "offsetY": 1.729, "offsetZ": 0.546, "rotationX": 31.0, "rotationY": 0.0, "rotationZ": -29.0 },
						"Blanket17": { "offsetX": 0.0, "offsetY": 0.0, "offsetZ": 0.0, "rotationX": 0.0, "rotationY": 0.0, "rotationZ": 0.0 },
						"Blanket5": { "offsetX": 0.364, "offsetY": 1.092, "offsetZ": -0.273, "rotationX": 16.5, "rotationY": 16.5, "rotationZ": 22.5 },
						"Blanket2": { "rotationX": 0.0, "rotationY": 0.0, "rotationZ": 0.0 }
					}
				}
			]
		}
	]
}