{
  "version": 1,
  "settings": {
    "boolean": {
      "ENABLED": {
        "name": "enabled",
        "comment": "Toggles healing entirely. This makes hot water entirely harmless and healless.",
        "ingui": "Enable healing",
        "weight": 1,
        "default": true
      }
    },
    "float": {
      "HEALAMOUNT": {
        "name": "heal-amount",
        "comment": "Amount of health restored each tick.",
        "ingui": "Healing amount",
        "weight": 2,
        "default": 0.1,
        "range": {
          "min": 0,
          "max": 50,
          "step": 0.1
        }
      },
      "INTERVAL": {
        "name": "heal-interval-seconds",
        "comment": "How often should healing tick, in seconds.",
        "ingui": "Healing interval",
        "weight": 3,
        "default": 1.5,
        "range": {
          "min": 0.2,
          "max": 60,
          "step": 0.1
        }
      }
    }
  },
  "formatting": [
    {
      "type": "separator",
      "title": "Healing springs settings",
      "weight": 0.0
    }
  ]
}
