﻿{
  "code": "powderflask",
  "class": "Firearms:PowderFlask",
  "maxstacksize": 1,
  "shape": {"base": "powder/powderflask"},
  "durability": 512,
  "variantgroups": [{"code": "metal", "states": ["brass", "copper", "tinbronze", "bismuthbronze", "blackbronze", "iron", "meteoriciron", "steel"]}],
  "textures": {"metal": {"base": "game:block/metal/plate/{metal}"}},
  "creativeinventoryStacks": [{"tabs": ["general", "maltiezfirearms"], "stacks": [{"type": "item", "code": "powderflask-{metal}", "attributes": {"durability": 0}}]}],
  "behaviors": [
    {
      "name": "GroundStorable",
      "properties": {"layout": "Quadrants", "placeRemoveSound": "sounds/player/build", "collisionBox": {"x1": 0, "y1": 0, "z1": 0, "x2": 1, "y2": 0.3125, "z2": 1}}
    }
  ],
  "attributes": {
    "groundStorageTransform": {"rotation": {"x": 0, "y": -28, "z": 0}, "origin": {"x": 0.5, "y": 0, "z": 0.5}, "scale": 0.5},
    "handbook": {"groupBy": ["powderflask-*"]},
    "attachableShape": "maltiezfirearms:shapes/powder/powderflask-opened",
    "durabilityPerPowderItem": 4,
    "powderWildcard": "*gunpowder-fine",
    "refillSound": "maltiezfirearms:sounds/powder/powder-prime"
  },
  "guiTransform": {"translation": {"x": 0, "y": 0, "z": 0}, "rotation": {"x": 163, "y": 56, "z": 0}, "origin": {"x": -0.1, "y": 0.1, "z": 0.8}, "scale": 2.19},
  "fpHandTransform": {"translation": {"x": 0, "y": 0, "z": 0}, "rotation": {"x": 0, "y": 0, "z": 0}, "origin": {"x": 0.3, "y": 0.9, "z": 0.8}, "scale": 1.8},
  "tpHandTransform": {"translation": {"x": 0, "y": 0, "z": 0}, "rotation": {"x": 0, "y": -90, "z": 0}, "origin": {"x": -0.2, "y": -0.2, "z": 0.33}, "scale": 0.47},
  "groundTransform": {"translation": {"x": 0, "y": 0, "z": 0}, "rotation": {"x": 0, "y": 0, "z": 90}, "origin": {"x": 0.4, "y": 0, "z": 0}, "scale": 2.62}
}