﻿{
  "code": "slug",
  "class": "Item",
  "maxstacksize": 16,
  "storageFlags": 513,
  "variantgroups": [{"code": "material", "states": ["lead", "copper"]}],
  "shape": {"base": "ammo/slug"},
  "textures": {"metal": {"base": "game:block/metal/plate/{material}"}},
  "creativeinventory": {"general": ["*"], "maltiezfirearms": ["*"]},
  "guiTransform": {"rotation": {"x": 66, "y": 0, "z": 45}, "origin": {"x": 0.6, "y": 0.1, "z": 0.6}, "scale": 4.1},
  "fpHandTransform": {"translation": {"x": 0.15, "y": 0, "z": 0}, "rotation": {"x": 91, "y": 0, "z": -30}, "scale": 2},
  "tpHandTransform": {"translation": {"x": -1.05, "y": -0.59, "z": -0.96}, "rotation": {"x": 0, "y": 2, "z": 3}, "scale": 0.48},
  "groundTransform": {"translation": {"x": 0, "y": 0, "z": 0}, "rotation": {"x": 0, "y": 0, "z": 0}, "origin": {"x": 0.5, "y": 0.37, "z": 0.5}, "scale": 3},
  "behaviors": [
    {
      "name": "GroundStorable",
      "properties": {
        "layout": "Stacking",
        "placeRemoveSound": "game:sounds/block/ceramicplace",
        "stackingModel": "maltiezfirearms:piles/slugs",
        "modelItemsToStackSizeRatio": 1,
        "stackingCapacity": 64,
        "upSolid": false,
        "transferQuantity": 1,
        "bulkTransferQuantity": 8,
        "collisionBox": {"x1": 0.2, "y1": 0, "z1": 0.2, "x2": 0.8, "y2": 0.05, "z2": 0.8},
        "cbScaleYByLayer": 0.1
      }
    },
    {
      "name": "CombatOverhaul:Projectile",
      "properties": {
        "stats": {
          "AdditionalDurabilityCost": 0,
          "CollisionRadius": 0.04,
          "PenetrationDistance": 2,
          "DamageStatsByType": {"*-lead": {"DamageType": "BluntAttack", "Damage": 38}, "*-copper": {"DamageType": "BluntAttack", "Damage": 26}},
          "SpeedThreshold": 0.3,
          "Knockback": 0.1,
          "EntityCode": "maltiezfirearms:slug-{material}",
          "DurabilityDamage": 0,
          "DropChanceByType": {"*-flint": 0, "*-copper": 0, "*-steel": 0}
        }
      }
    }
  ]
}