[
	{
	"ingredientPattern": "RTR,_S_",
	"requiresTrait": "clothier",
	"ingredients": {
		"R": { "type": "item", "code": "game:cloth-red" },
		"T": { "type": "item", "code": "tailorsdelight:twine-red" },
		"S": { "type": "item", "code": "game:sewingkit" }
	},
	"width": 3,
	"height": 2,
	"output": { "type": "item", "code": "game:clothes-waist-tailor-belt" }
	},

	{
	"ingredientPattern": "_S_,BRB,_C_",
	"requiresTrait": "clothier",
	"ingredients": {
		"B": { "type": "item", "code": "game:cloth-brown" },
		"R": { "type": "item", "code": "game:rope" },
		"S": { "type": "item", "code": "game:sewingkit" },
		"C": { "type": "item", "code": "tailorsdelight:buttons-brass" }
	},
	"width": 3,
	"height": 3,
	"output": { "type": "item", "code": "game:clothes-waist-blackguard-belt" }
	},

	{
	"ingredientPattern": "_N_,BRB,_C_",
	"requiresTrait": "merciless",
	"ingredients": {
		"B": { "type": "item", "code": "game:cloth-brown" },
		"R": { "type": "item", "code": "game:rope", "quantity": 2 },
		"N": { "type": "item", "code": "tailorsdelight:needle-*" },
		"C": { "type": "item", "code": "tailorsdelight:buttons-brass" }
	},
	"recipeGroup": 2,
	"width": 3,
	"height": 3,
	"output": { "type": "item", "code": "game:clothes-waist-blackguard-belt" }
	},

	{
	"ingredientPattern": "GKG,ACS",
	"requiresTrait": "clothier",
	"ingredients": {
		"G": { "type": "item", "code": "tailorsdelight:leatherbundle-plain" },
		"K": { "type": "item", "code": "tailorsdelight:buttons-*", "name": "button", "allowedVariants": [ "brass", "zinc" ] },
		"S": { "type": "item", "code": "game:sewingkit" },
		"A": { "type": "item", "code": "tailorsdelight:awl-*", "isTool": true },
		"C": { "type": "item", "code": "game:flaxtwine" }
	},
	"width": 3,
	"height": 2,
	"output": { "type": "item", "code": "game:clothes-waist-alchemist" }
	},

	{
	"ingredientPattern": "GKG,CAC",
	"requiresTrait": "tinkerer",
	"ingredients": {
		"G": { "type": "item", "code": "game:leather-normal-plain", "quantity": 3 },
		"K": { "type": "item", "code": "tailorsdelight:buttons-*", "name": "button", "allowedVariants": [ "brass", "zinc" ] },
		"A": { "type": "item", "code": "tailorsdelight:awl-*", "isTool": true, "toolDurabilityCost": 3 },
		"C": { "type": "item", "code": "game:flaxtwine", "quantity": 3 }
	},
	"recipeGroup": 2,
	"width": 3,
	"height": 2,
	"output": { "type": "item", "code": "game:clothes-waist-alchemist" }
	},

	{
	"ingredientPattern": "RTR,_S_",
	"requiresTrait": "clothier",
	"ingredients": {
		"R": { "type": "item", "code": "tailorsdelight:cloth-darkblue" },
		"T": { "type": "item", "code": "tailorsdelight:twine-darkblue" },
		"S": { "type": "item", "code": "game:sewingkit" }
	},
	"width": 3,
	"height": 2,
	"output": { "type": "item", "code": "game:clothes-waist-malefactor-sash" }
	},

	{
	"ingredientPattern": "RTR,_S_",
	"requiresTrait": "improviser",
	"ingredients": {
		"R": { "type": "item", "code": "tailorsdelight:cloth-darkblue" },
		"T": { "type": "item", "code": "tailorsdelight:twine-darkblue", "quantity": 2 },
		"S": { "type": "item", "code": "tailorsdelight:needle-*" }
	},
	"recipeGroup": 2,
	"width": 3,
	"height": 2,
	"output": { "type": "item", "code": "game:clothes-waist-malefactor-sash" }
	},

	{
	"ingredientPattern": "BGB,ACS",
	"requiresTrait": "clothier",
	"ingredients": {
		"G": { "type": "item", "code": "tailorsdelight:leatherbundle-darkbrown", "quantity": 2 },
		"B": { "type": "item", "code": "tailorsdelight:twine-brown" },
		"S": { "type": "item", "code": "game:sewingkit" },
		"A": { "type": "item", "code": "tailorsdelight:awl-*", "isTool": true },
		"C": { "type": "item", "code": "tailorsdelight:buttons-zinc" }
	},
	"width": 3,
	"height": 2,
	"output": { "type": "item", "code": "game:clothes-waist-clockmaker-belt" }
	},

	{
	"ingredientPattern": "BGB,ACS",
	"requiresTrait": "tinkerer",
	"ingredients": {
		"G": { "type": "item", "code": "tailorsdelight:leather-darkbrown", "quantity": 6 },
		"B": { "type": "item", "code": "tailorsdelight:twine-brown", "quantity": 2 },
		"S": { "type": "item", "code": "game:sewingkit" },
		"A": { "type": "item", "code": "tailorsdelight:awl-*", "isTool": true },
		"C": { "type": "item", "code": "tailorsdelight:buttons-zinc" }
	},
	"recipeGroup": 2,
	"width": 3,
	"height": 2,
	"output": { "type": "item", "code": "game:clothes-waist-clockmaker-belt" }
	}
]
