{
	"editor": {
		"allAngles": false,
		"entityTextureMode": false
	},
	"textureWidth": 16,
	"textureHeight": 16,
	"textureSizes": {
	},
	"textures": {
		"material": "block/stone/shingles/slate1"
	},
	"elements": [
		{
			"name": "main",
			"from": [ 0.0, 0.0, 0.0 ],
			"to": [ 0.0, 0.0, 0.0 ],
			"faces": {
			},
			"children": [
				{
					"name": "lower",
					"from": [ 0.0, 0.0, 0.0 ],
					"to": [ 0.0, 0.0, 0.0 ],
					"faces": {
					},
					"children": [
						{
							"name": "0",
							"from": [ 10.2, 3.25, -0.02 ],
							"to": [ 17.2, 8.75, 16.01 ],
							"rotationOrigin": [ 9.2049, 6.0, 8.0 ],
							"rotationZ": 15.0,
							"faces": {
								"north": { "texture": "#material", "uv": [ 0.0, 0.0, 5.5, 7.0 ], "rotation": 90 },
								"east": { "texture": "#material", "uv": [ 0.0, 0.0, 16.0, 5.5 ] },
								"south": { "texture": "#material", "uv": [ 0.0, 0.0, 5.5, 7.0 ], "rotation": 90 },
								"west": { "texture": "#material", "uv": [ 0.0, 0.0, 16.0, 5.5 ] },
								"up": { "texture": "#material", "uv": [ 0.0, 0.0, 16.0, 7.0 ], "rotation": 90 },
								"down": { "texture": "#material", "uv": [ 0.0, 0.0, 16.0, 7.0 ], "rotation": 90 }
							}
						},
						{
							"name": "1",
							"from": [ 3.2, 3.25, -0.02 ],
							"to": [ 10.2, 8.75, 16.01 ],
							"rotationOrigin": [ 9.2049, 6.0, 8.0 ],
							"rotationZ": 15.0,
							"faces": {
								"north": { "texture": "#material", "uv": [ 0.0, 8.0, 5.5, 15.0 ], "rotation": 90 },
								"east": { "texture": "#material", "uv": [ 0.0, 0.0, 16.0, 5.5 ] },
								"south": { "texture": "#material", "uv": [ 0.0, 8.0, 5.5, 15.0 ], "rotation": 90 },
								"west": { "texture": "#material", "uv": [ 0.0, 0.0, 16.0, 5.5 ] },
								"up": { "texture": "#material", "uv": [ 0.0, 8.0, 16.0, 15.0 ], "rotation": 90 },
								"down": { "texture": "#material", "uv": [ 0.0, 8.0, 16.0, 15.0 ], "rotation": 90 }
							}
						},
						{
							"name": "2",
							"from": [ 0.2, -0.5, -0.04 ],
							"to": [ 7.2, 4.5, 16.02 ],
							"rotationOrigin": [ 1.2049, 2.0, 8.0 ],
							"rotationZ": 15.0,
							"faces": {
								"north": { "texture": "#material", "uv": [ 0.0, 0.0, 5.0, 7.0 ], "rotation": 90 },
								"east": { "texture": "#material", "uv": [ 0.0, 0.0, 16.0, 5.0 ] },
								"south": { "texture": "#material", "uv": [ 0.0, 0.0, 5.0, 7.0 ], "rotation": 90 },
								"west": { "texture": "#material", "uv": [ 0.0, 0.0, 16.0, 5.0 ] },
								"up": { "texture": "#material", "uv": [ 0.0, 0.0, 16.0, 7.0 ], "rotation": 90 },
								"down": { "texture": "#material", "uv": [ 0.0, 0.0, 16.0, 7.0 ], "rotation": 90 }
							}
						},
						
						{
							"name": "3",
							"from": [ -6.7951, -0.5, -0.04 ],
							"to": [ 0.2049, 4.5, 16.02 ],
							"rotationOrigin": [ 1.2049, 2.0, 8.0 ],
							"rotationZ": 15.0,
							"faces": {
								"north": { "texture": "#material", "uv": [ 0.0, 8.0, 5.0, 15.0 ], "rotation": 90 },
								"east": { "texture": "#material", "uv": [ 0.0, 0.0, 16.0, 5.0 ] },
								"south": { "texture": "#material", "uv": [ 0.0, 8.0, 5.0, 15.0 ], "rotation": 90 },
								"west": { "texture": "#material", "uv": [ 0.0, 0.0, 16.0, 5.0 ] },
								"up": { "texture": "#material", "uv": [ 0.0, 8.0, 16.0, 15.0 ], "rotation": 90 },
								"down": { "texture": "#material", "uv": [ 0.0, 8.0, 16.0, 15.0 ], "rotation": 90 }
							}
						}
					]
				},
				{
					"name": "upper",
					"from": [ 0.0, 8.0, 0.0 ],
					"to": [ 0.0, 8.0, 0.0 ],
					"faces": {
					},
					"children": [
						{
							"name": "0",
							"from": [ 10.2, 3.25, -0.02 ],
							"to": [ 17.2, 8.75, 16.01 ],
							"rotationOrigin": [ 9.2049, 6.0, 8.0 ],
							"rotationZ": 15.0,
							"faces": {
								"north": { "texture": "#material", "uv": [ 0.0, 0.0, 5.5, 7.0 ], "rotation": 90 },
								"east": { "texture": "#material", "uv": [ 0.0, 0.0, 16.0, 5.5 ] },
								"south": { "texture": "#material", "uv": [ 0.0, 0.0, 5.5, 7.0 ], "rotation": 90 },
								"west": { "texture": "#material", "uv": [ 0.0, 0.0, 16.0, 5.5 ] },
								"up": { "texture": "#material", "uv": [ 0.0, 0.0, 16.0, 7.0 ], "rotation": 90 },
								"down": { "texture": "#material", "uv": [ 0.0, 0.0, 16.0, 7.0 ], "rotation": 90 }
							}
						},
						{
							"name": "1",
							"from": [ 3.2, 3.25, -0.02 ],
							"to": [ 10.2, 8.75, 16.01 ],
							"rotationOrigin": [ 9.2049, 6.0, 8.0 ],
							"rotationZ": 15.0,
							"faces": {
								"north": { "texture": "#material", "uv": [ 0.0, 8.0, 5.5, 15.0 ], "rotation": 90 },
								"east": { "texture": "#material", "uv": [ 0.0, 0.0, 16.0, 5.5 ] },
								"south": { "texture": "#material", "uv": [ 0.0, 8.0, 5.5, 15.0 ], "rotation": 90 },
								"west": { "texture": "#material", "uv": [ 0.0, 0.0, 16.0, 5.5 ] },
								"up": { "texture": "#material", "uv": [ 0.0, 8.0, 16.0, 15.0 ], "rotation": 90 },
								"down": { "texture": "#material", "uv": [ 0.0, 8.0, 16.0, 15.0 ], "rotation": 90 }
							}
						},
						{
							"name": "2",
							"from": [ 0.2, -0.5, -0.04 ],
							"to": [ 7.2, 4.5, 16.02 ],
							"rotationOrigin": [ 1.2049, 2.0, 8.0 ],
							"rotationZ": 15.0,
							"faces": {
								"north": { "texture": "#material", "uv": [ 0.0, 0.0, 5.0, 7.0 ], "rotation": 90 },
								"east": { "texture": "#material", "uv": [ 0.0, 0.0, 16.0, 5.0 ] },
								"south": { "texture": "#material", "uv": [ 0.0, 0.0, 5.0, 7.0 ], "rotation": 90 },
								"west": { "texture": "#material", "uv": [ 0.0, 0.0, 16.0, 5.0 ] },
								"up": { "texture": "#material", "uv": [ 0.0, 0.0, 16.0, 7.0 ], "rotation": 90 },
								"down": { "texture": "#material", "uv": [ 0.0, 0.0, 16.0, 7.0 ], "rotation": 90 }
							}
						},
						
						{
							"name": "3",
							"from": [ -6.7951, -0.5, -0.04 ],
							"to": [ 0.2049, 4.5, 16.02 ],
							"rotationOrigin": [ 1.2049, 2.0, 8.0 ],
							"rotationZ": 15.0,
							"faces": {
								"north": { "texture": "#material", "uv": [ 0.0, 8.0, 5.0, 15.0 ], "rotation": 90 },
								"east": { "texture": "#material", "uv": [ 0.0, 0.0, 16.0, 5.0 ] },
								"south": { "texture": "#material", "uv": [ 0.0, 8.0, 5.0, 15.0 ], "rotation": 90 },
								"west": { "texture": "#material", "uv": [ 0.0, 0.0, 16.0, 5.0 ] },
								"up": { "texture": "#material", "uv": [ 0.0, 8.0, 16.0, 15.0 ], "rotation": 90 },
								"down": { "texture": "#material", "uv": [ 0.0, 8.0, 16.0, 15.0 ], "rotation": 90 }
							}
						}
					]
				}
			]
		}
	]}