{"editor": {"allAngles": false, "entityTextureMode": false}, "textureWidth": 16, "textureHeight": 16, "textureSizes": {}, "textures": {"material": "block/stone/shingles/slate1"}, "elements": [{"name": "main", "from": [0.0, 0.0, 0.0], "to": [0.0, 0.0, 0.0], "faces": {}, "children": [{"name": "lower", "from": [0.0, 0.0, 0.0], "to": [0.0, 0.0, 0.0], "faces": {}, "children": [{"name": "0", "from": [10.5, 2.0406, -0.02], "to": [16.5, 7.5406, 16.01], "rotationOrigin": [9.1012, 4.7906, 8.0], "rotationZ": 7.5, "faces": {"north": {"texture": "#material", "uv": [0.0, 0.0, 5.5, 6.0], "rotation": 90}, "east": {"texture": "#material", "uv": [0.0, 0.0, 16.0, 5.5]}, "south": {"texture": "#material", "uv": [0.0, 0.0, 5.5, 6.0], "rotation": 90}, "west": {"texture": "#material", "uv": [0.0, 0.0, 16.0, 5.5]}, "up": {"texture": "#material", "uv": [0.0, 0.0, 16.0, 6.0], "rotation": 90}, "down": {"texture": "#material", "uv": [0.0, 0.0, 16.0, 6.0], "rotation": 90}}, "children": [{"name": "snow", "from": [0.0, 5.5, 0.025], "to": [6.0, 7.5, 16.015], "rotationOrigin": [9.1012, 4.7906, 8.0], "faces": {"north": {"uv": [0.0, 5.5, 6.0, 7.5], "texture": "#snowcover"}, "east": {"uv": [0.005000000000000001, 5.5, 15.995000000000001, 7.5], "texture": "#snowcover"}, "south": {"uv": [0.0, 5.5, 6.0, 7.5], "texture": "#snowcover"}, "west": {"uv": [0.005000000000000001, 5.5, 15.995000000000001, 7.5], "texture": "#snowcover"}, "up": {"texture": "#snowcover", "uv": [0.0, 0.0, 16.0, 6.0], "rotation": 90}, "down": {"texture": "#snowcover", "uv": [0.0, 0.0, 16.0, 6.0], "rotation": 90}}}]}, {"name": "1", "from": [3.5, 2.0406, -0.02], "to": [10.5, 7.5406, 16.01], "rotationOrigin": [9.1012, 4.7906, 8.0], "rotationZ": 7.5, "faces": {"north": {"texture": "#material", "uv": [0.0, 8.0, 5.5, 15.0], "rotation": 90}, "east": {"texture": "#material", "uv": [0.0, 0.0, 16.0, 5.5]}, "south": {"texture": "#material", "uv": [0.0, 8.0, 5.5, 15.0], "rotation": 90}, "west": {"texture": "#material", "uv": [0.0, 0.0, 16.0, 5.5]}, "up": {"texture": "#material", "uv": [0.0, 8.0, 16.0, 15.0], "rotation": 90}, "down": {"texture": "#material", "uv": [0.0, 8.0, 16.0, 15.0], "rotation": 90}}, "children": [{"name": "snow", "from": [0.0, 5.5, 0.02], "to": [7.0, 7.5, 16.02], "rotationOrigin": [9.1012, 4.7906, 8.0], "faces": {"north": {"uv": [0.0, 5.5, 7.0, 7.5], "texture": "#snowcover"}, "east": {"uv": [0.0, 5.5, 16.0, 7.5], "texture": "#snowcover"}, "south": {"uv": [0.0, 5.5, 7.0, 7.5], "texture": "#snowcover"}, "west": {"uv": [0.0, 5.5, 16.0, 7.5], "texture": "#snowcover"}, "up": {"texture": "#snowcover", "uv": [0.0, 8.0, 16.0, 15.0], "rotation": 90}, "down": {"texture": "#snowcover", "uv": [0.0, 8.0, 16.0, 15.0], "rotation": 90}}}]}, {"name": "2", "from": [0.5, -0.3761, -0.04], "to": [6.5, 4.6239, 16.02], "rotationOrigin": [1.1012, 2.1239, 8.0], "rotationZ": 7.5, "faces": {"north": {"texture": "#material", "uv": [0.0, 0.0, 5.0, 6.0], "rotation": 90}, "east": {"texture": "#material", "uv": [0.0, 0.0, 16.0, 5.0]}, "south": {"texture": "#material", "uv": [0.0, 0.0, 5.0, 6.0], "rotation": 90}, "west": {"texture": "#material", "uv": [0.0, 0.0, 16.0, 5.0]}, "up": {"texture": "#material", "uv": [0.0, 0.0, 16.0, 6.0], "rotation": 90}, "down": {"texture": "#material", "uv": [0.0, 0.0, 16.0, 6.0], "rotation": 90}}, "children": [{"name": "snow", "from": [0.0, 5.0, 0.045], "to": [6.0, 7.0, 16.035], "rotationOrigin": [1.1012, 2.1239, 8.0], "faces": {"north": {"uv": [0.0, 5.0, 6.0, 7.0], "texture": "#snowcover"}, "east": {"uv": [0.0049999999999999975, 5.0, 15.995000000000001, 7.0], "texture": "#snowcover"}, "south": {"uv": [0.0, 5.0, 6.0, 7.0], "texture": "#snowcover"}, "west": {"uv": [0.0049999999999999975, 5.0, 15.995000000000001, 7.0], "texture": "#snowcover"}, "up": {"texture": "#snowcover", "uv": [0.0, 0.0, 16.0, 6.0], "rotation": 90}, "down": {"texture": "#snowcover", "uv": [0.0, 0.0, 16.0, 6.0], "rotation": 90}}}]}, {"name": "3", "from": [-6.5, -0.3761, -0.04], "to": [0.5, 4.6239, 16.02], "rotationOrigin": [1.1012, 2.1239, 8.0], "rotationZ": 7.5, "faces": {"north": {"texture": "#material", "uv": [0.0, 8.0, 5.0, 15.0], "rotation": 90}, "east": {"texture": "#material", "uv": [0.0, 0.0, 16.0, 5.0]}, "south": {"texture": "#material", "uv": [0.0, 8.0, 5.0, 15.0], "rotation": 90}, "west": {"texture": "#material", "uv": [0.0, 0.0, 16.0, 5.0]}, "up": {"texture": "#material", "uv": [0.0, 8.0, 16.0, 15.0], "rotation": 90}, "down": {"texture": "#material", "uv": [0.0, 8.0, 16.0, 15.0], "rotation": 90}}, "children": [{"name": "snow", "from": [0.0, 5.0, 0.04], "to": [7.0, 7.0, 16.04], "rotationOrigin": [1.1012, 2.1239, 8.0], "faces": {"north": {"uv": [0.0, 5.0, 7.0, 7.0], "texture": "#snowcover"}, "east": {"uv": [0.0, 5.0, 16.0, 7.0], "texture": "#snowcover"}, "south": {"uv": [0.0, 5.0, 7.0, 7.0], "texture": "#snowcover"}, "west": {"uv": [0.0, 5.0, 16.0, 7.0], "texture": "#snowcover"}, "up": {"texture": "#snowcover", "uv": [0.0, 8.0, 16.0, 15.0], "rotation": 90}, "down": {"texture": "#snowcover", "uv": [0.0, 8.0, 16.0, 15.0], "rotation": 90}}}]}]}, {"name": "middle", "from": [0.0, 5.33, 0.0], "to": [0.0, 5.33, 0.0], "faces": {}, "children": [{"name": "0", "from": [10.5, 2.0406, -0.02], "to": [16.5, 7.5406, 16.01], "rotationOrigin": [9.1012, 4.7906, 8.0], "rotationZ": 7.5, "faces": {"north": {"texture": "#material", "uv": [0.0, 0.0, 5.5, 6.0], "rotation": 90}, "east": {"texture": "#material", "uv": [0.0, 0.0, 16.0, 5.5]}, "south": {"texture": "#material", "uv": [0.0, 0.0, 5.5, 6.0], "rotation": 90}, "west": {"texture": "#material", "uv": [0.0, 0.0, 16.0, 5.5]}, "up": {"texture": "#material", "uv": [0.0, 0.0, 16.0, 6.0], "rotation": 90}, "down": {"texture": "#material", "uv": [0.0, 0.0, 16.0, 6.0], "rotation": 90}}, "children": [{"name": "snow", "from": [0.0, 5.5, 0.025], "to": [6.0, 7.5, 16.015], "rotationOrigin": [9.1012, 4.7906, 8.0], "faces": {"north": {"uv": [0.0, 5.5, 6.0, 7.5], "texture": "#snowcover"}, "east": {"uv": [0.005000000000000001, 5.5, 15.995000000000001, 7.5], "texture": "#snowcover"}, "south": {"uv": [0.0, 5.5, 6.0, 7.5], "texture": "#snowcover"}, "west": {"uv": [0.005000000000000001, 5.5, 15.995000000000001, 7.5], "texture": "#snowcover"}, "up": {"texture": "#snowcover", "uv": [0.0, 0.0, 16.0, 6.0], "rotation": 90}, "down": {"texture": "#snowcover", "uv": [0.0, 0.0, 16.0, 6.0], "rotation": 90}}}]}, {"name": "1", "from": [3.5, 2.0406, -0.02], "to": [10.5, 7.5406, 16.01], "rotationOrigin": [9.1012, 4.7906, 8.0], "rotationZ": 7.5, "faces": {"north": {"texture": "#material", "uv": [0.0, 8.0, 5.5, 15.0], "rotation": 90}, "east": {"texture": "#material", "uv": [0.0, 0.0, 16.0, 5.5]}, "south": {"texture": "#material", "uv": [0.0, 8.0, 5.5, 15.0], "rotation": 90}, "west": {"texture": "#material", "uv": [0.0, 0.0, 16.0, 5.5]}, "up": {"texture": "#material", "uv": [0.0, 8.0, 16.0, 15.0], "rotation": 90}, "down": {"texture": "#material", "uv": [0.0, 8.0, 16.0, 15.0], "rotation": 90}}, "children": [{"name": "snow", "from": [0.0, 5.5, 0.02], "to": [7.0, 7.5, 16.02], "rotationOrigin": [9.1012, 4.7906, 8.0], "faces": {"north": {"uv": [0.0, 5.5, 7.0, 7.5], "texture": "#snowcover"}, "east": {"uv": [0.0, 5.5, 16.0, 7.5], "texture": "#snowcover"}, "south": {"uv": [0.0, 5.5, 7.0, 7.5], "texture": "#snowcover"}, "west": {"uv": [0.0, 5.5, 16.0, 7.5], "texture": "#snowcover"}, "up": {"texture": "#snowcover", "uv": [0.0, 8.0, 16.0, 15.0], "rotation": 90}, "down": {"texture": "#snowcover", "uv": [0.0, 8.0, 16.0, 15.0], "rotation": 90}}}]}, {"name": "2", "from": [0.5, -0.3761, -0.04], "to": [6.5, 4.6239, 16.02], "rotationOrigin": [1.1012, 2.1239, 8.0], "rotationZ": 7.5, "faces": {"north": {"texture": "#material", "uv": [0.0, 0.0, 5.0, 6.0], "rotation": 90}, "east": {"texture": "#material", "uv": [0.0, 0.0, 16.0, 5.0]}, "south": {"texture": "#material", "uv": [0.0, 0.0, 5.0, 6.0], "rotation": 90}, "west": {"texture": "#material", "uv": [0.0, 0.0, 16.0, 5.0]}, "up": {"texture": "#material", "uv": [0.0, 0.0, 16.0, 6.0], "rotation": 90}, "down": {"texture": "#material", "uv": [0.0, 0.0, 16.0, 6.0], "rotation": 90}}, "children": [{"name": "snow", "from": [0.0, 5.0, 0.045], "to": [6.0, 7.0, 16.035], "rotationOrigin": [1.1012, 2.1239, 8.0], "faces": {"north": {"uv": [0.0, 5.0, 6.0, 7.0], "texture": "#snowcover"}, "east": {"uv": [0.0049999999999999975, 5.0, 15.995000000000001, 7.0], "texture": "#snowcover"}, "south": {"uv": [0.0, 5.0, 6.0, 7.0], "texture": "#snowcover"}, "west": {"uv": [0.0049999999999999975, 5.0, 15.995000000000001, 7.0], "texture": "#snowcover"}, "up": {"texture": "#snowcover", "uv": [0.0, 0.0, 16.0, 6.0], "rotation": 90}, "down": {"texture": "#snowcover", "uv": [0.0, 0.0, 16.0, 6.0], "rotation": 90}}}]}, {"name": "3", "from": [-6.5, -0.3761, -0.04], "to": [0.5, 4.6239, 16.02], "rotationOrigin": [1.1012, 2.1239, 8.0], "rotationZ": 7.5, "faces": {"north": {"texture": "#material", "uv": [0.0, 8.0, 5.0, 15.0], "rotation": 90}, "east": {"texture": "#material", "uv": [0.0, 0.0, 16.0, 5.0]}, "south": {"texture": "#material", "uv": [0.0, 8.0, 5.0, 15.0], "rotation": 90}, "west": {"texture": "#material", "uv": [0.0, 0.0, 16.0, 5.0]}, "up": {"texture": "#material", "uv": [0.0, 8.0, 16.0, 15.0], "rotation": 90}, "down": {"texture": "#material", "uv": [0.0, 8.0, 16.0, 15.0], "rotation": 90}}, "children": [{"name": "snow", "from": [0.0, 5.0, 0.04], "to": [7.0, 7.0, 16.04], "rotationOrigin": [1.1012, 2.1239, 8.0], "faces": {"north": {"uv": [0.0, 5.0, 7.0, 7.0], "texture": "#snowcover"}, "east": {"uv": [0.0, 5.0, 16.0, 7.0], "texture": "#snowcover"}, "south": {"uv": [0.0, 5.0, 7.0, 7.0], "texture": "#snowcover"}, "west": {"uv": [0.0, 5.0, 16.0, 7.0], "texture": "#snowcover"}, "up": {"texture": "#snowcover", "uv": [0.0, 8.0, 16.0, 15.0], "rotation": 90}, "down": {"texture": "#snowcover", "uv": [0.0, 8.0, 16.0, 15.0], "rotation": 90}}}]}]}, {"name": "upper", "from": [0.0, 10.66, 0.0], "to": [0.0, 10.66, 0.0], "faces": {}, "children": [{"name": "0", "from": [10.5, 2.0406, -0.02], "to": [16.5, 7.5406, 16.01], "rotationOrigin": [9.1012, 4.7906, 8.0], "rotationZ": 7.5, "faces": {"north": {"texture": "#material", "uv": [0.0, 0.0, 5.5, 6.0], "rotation": 90}, "east": {"texture": "#material", "uv": [0.0, 0.0, 16.0, 5.5]}, "south": {"texture": "#material", "uv": [0.0, 0.0, 5.5, 6.0], "rotation": 90}, "west": {"texture": "#material", "uv": [0.0, 0.0, 16.0, 5.5]}, "up": {"texture": "#material", "uv": [0.0, 0.0, 16.0, 6.0], "rotation": 90}, "down": {"texture": "#material", "uv": [0.0, 0.0, 16.0, 6.0], "rotation": 90}}, "children": [{"name": "snow", "from": [0.0, 5.5, 0.025], "to": [6.0, 7.5, 16.015], "rotationOrigin": [9.1012, 4.7906, 8.0], "faces": {"north": {"uv": [0.0, 5.5, 6.0, 7.5], "texture": "#snowcover"}, "east": {"uv": [0.005000000000000001, 5.5, 15.995000000000001, 7.5], "texture": "#snowcover"}, "south": {"uv": [0.0, 5.5, 6.0, 7.5], "texture": "#snowcover"}, "west": {"uv": [0.005000000000000001, 5.5, 15.995000000000001, 7.5], "texture": "#snowcover"}, "up": {"texture": "#snowcover", "uv": [0.0, 0.0, 16.0, 6.0], "rotation": 90}, "down": {"texture": "#snowcover", "uv": [0.0, 0.0, 16.0, 6.0], "rotation": 90}}}]}, {"name": "1", "from": [3.5, 2.0406, -0.02], "to": [10.5, 7.5406, 16.01], "rotationOrigin": [9.1012, 4.7906, 8.0], "rotationZ": 7.5, "faces": {"north": {"texture": "#material", "uv": [0.0, 8.0, 5.5, 15.0], "rotation": 90}, "east": {"texture": "#material", "uv": [0.0, 0.0, 16.0, 5.5]}, "south": {"texture": "#material", "uv": [0.0, 8.0, 5.5, 15.0], "rotation": 90}, "west": {"texture": "#material", "uv": [0.0, 0.0, 16.0, 5.5]}, "up": {"texture": "#material", "uv": [0.0, 8.0, 16.0, 15.0], "rotation": 90}, "down": {"texture": "#material", "uv": [0.0, 8.0, 16.0, 15.0], "rotation": 90}}, "children": [{"name": "snow", "from": [0.0, 5.5, 0.02], "to": [7.0, 7.5, 16.02], "rotationOrigin": [9.1012, 4.7906, 8.0], "faces": {"north": {"uv": [0.0, 5.5, 7.0, 7.5], "texture": "#snowcover"}, "east": {"uv": [0.0, 5.5, 16.0, 7.5], "texture": "#snowcover"}, "south": {"uv": [0.0, 5.5, 7.0, 7.5], "texture": "#snowcover"}, "west": {"uv": [0.0, 5.5, 16.0, 7.5], "texture": "#snowcover"}, "up": {"texture": "#snowcover", "uv": [0.0, 8.0, 16.0, 15.0], "rotation": 90}, "down": {"texture": "#snowcover", "uv": [0.0, 8.0, 16.0, 15.0], "rotation": 90}}}]}, {"name": "2", "from": [0.5, -0.3761, -0.04], "to": [6.5, 4.6239, 16.02], "rotationOrigin": [1.1012, 2.1239, 8.0], "rotationZ": 7.5, "faces": {"north": {"texture": "#material", "uv": [0.0, 0.0, 5.0, 6.0], "rotation": 90}, "east": {"texture": "#material", "uv": [0.0, 0.0, 16.0, 5.0]}, "south": {"texture": "#material", "uv": [0.0, 0.0, 5.0, 6.0], "rotation": 90}, "west": {"texture": "#material", "uv": [0.0, 0.0, 16.0, 5.0]}, "up": {"texture": "#material", "uv": [0.0, 0.0, 16.0, 6.0], "rotation": 90}, "down": {"texture": "#material", "uv": [0.0, 0.0, 16.0, 6.0], "rotation": 90}}, "children": [{"name": "snow", "from": [0.0, 5.0, 0.045], "to": [6.0, 7.0, 16.035], "rotationOrigin": [1.1012, 2.1239, 8.0], "faces": {"north": {"uv": [0.0, 5.0, 6.0, 7.0], "texture": "#snowcover"}, "east": {"uv": [0.0049999999999999975, 5.0, 15.995000000000001, 7.0], "texture": "#snowcover"}, "south": {"uv": [0.0, 5.0, 6.0, 7.0], "texture": "#snowcover"}, "west": {"uv": [0.0049999999999999975, 5.0, 15.995000000000001, 7.0], "texture": "#snowcover"}, "up": {"texture": "#snowcover", "uv": [0.0, 0.0, 16.0, 6.0], "rotation": 90}, "down": {"texture": "#snowcover", "uv": [0.0, 0.0, 16.0, 6.0], "rotation": 90}}}]}, {"name": "3", "from": [-6.5, -0.3761, -0.04], "to": [0.5, 4.6239, 16.02], "rotationOrigin": [1.1012, 2.1239, 8.0], "rotationZ": 7.5, "faces": {"north": {"texture": "#material", "uv": [0.0, 8.0, 5.0, 15.0], "rotation": 90}, "east": {"texture": "#material", "uv": [0.0, 0.0, 16.0, 5.0]}, "south": {"texture": "#material", "uv": [0.0, 8.0, 5.0, 15.0], "rotation": 90}, "west": {"texture": "#material", "uv": [0.0, 0.0, 16.0, 5.0]}, "up": {"texture": "#material", "uv": [0.0, 8.0, 16.0, 15.0], "rotation": 90}, "down": {"texture": "#material", "uv": [0.0, 8.0, 16.0, 15.0], "rotation": 90}}, "children": [{"name": "snow", "from": [0.0, 5.0, 0.04], "to": [7.0, 7.0, 16.04], "rotationOrigin": [1.1012, 2.1239, 8.0], "faces": {"north": {"uv": [0.0, 5.0, 7.0, 7.0], "texture": "#snowcover"}, "east": {"uv": [0.0, 5.0, 16.0, 7.0], "texture": "#snowcover"}, "south": {"uv": [0.0, 5.0, 7.0, 7.0], "texture": "#snowcover"}, "west": {"uv": [0.0, 5.0, 16.0, 7.0], "texture": "#snowcover"}, "up": {"texture": "#snowcover", "uv": [0.0, 8.0, 16.0, 15.0], "rotation": 90}, "down": {"texture": "#snowcover", "uv": [0.0, 8.0, 16.0, 15.0], "rotation": 90}}}]}]}]}]}