{
	"editor": {
		"allAngles": false,
		"entityTextureMode": false
	},
	"textureWidth": 16,
	"textureHeight": 16,
	"textureSizes": {
	},
	"textures": {
		"material": "block/stone/shingles/slate1"
	},
	"elements": [
		{
			"name": "main",
			"from": [ 0.0, 0.0, 0.0 ],
			"to": [ 0.0, 0.0, 0.0 ],
			"faces": {
			},
			"children": [
				{
					"name": "lower",
					"from": [ 0.0, 0.0, 0.0 ],
					"to": [ 0.0, 0.0, 0.0 ],
					"faces": {
					},
					"children": [
						{
							"name": "0",
							"from": [ 3.76, 7.5729, -0.02 ],
							"to": [ 11.76, 13.0729, 16.01 ],
							"rotationOrigin": [ 3.7639, 10.3229, 8.0 ],
							"rotationZ": 33.75,
							"faces": {
								"north": { "texture": "#material", "uv": [ 0.0, 0.0, 5.5, 8.0 ], "rotation": 90 },
								"east": { "texture": "#material", "uv": [ 0.0, 0.0, 16.0, 5.5 ] },
								"south": { "texture": "#material", "uv": [ 0.0, 0.0, 5.5, 8.0 ], "rotation": 90 },
								"west": { "texture": "#material", "uv": [ 0.0, 0.0, 16.0, 5.5 ] },
								"up": { "texture": "#material", "uv": [ 0.0, 0.0, 16.0, 8.0 ], "rotation": 90 },
								"down": { "texture": "#material", "uv": [ 0.0, 0.0, 16.0, 8.0 ], "rotation": 90 }
							}
						},
						{
							"name": "1",
							"from": [ -4.2361, 7.5729, -0.02 ],
							"to": [ 3.7639, 13.0729, 16.01 ],
							"rotationOrigin": [ 3.7639, 10.3229, 8.0 ],
							"rotationZ": 33.75,
							"faces": {
								"north": { "texture": "#material", "uv": [ 0.0, 8.0, 5.5, 16.0 ], "rotation": 90 },
								"east": { "texture": "#material", "uv": [ 0.0, 0.0, 16.0, 5.5 ] },
								"south": { "texture": "#material", "uv": [ 0.0, 8.0, 5.5, 16.0 ], "rotation": 90 },
								"west": { "texture": "#material", "uv": [ 0.0, 0.0, 16.0, 5.5 ] },
								"up": { "texture": "#material", "uv": [ 0.0, 8.0, 16.0, 16.0 ], "rotation": 90 },
								"down": { "texture": "#material", "uv": [ 0.0, 8.0, 16.0, 16.0 ], "rotation": 90 }
							}
						},
						{
							"name": "2",
							"from": [ -0.24, -0.1771, -0.04 ],
							"to": [ 7.76, 4.8229, 16.02 ],
							"rotationOrigin": [ -0.2361, 2.3229, 8.0 ],
							"rotationZ": 33.75,
							"faces": {
								"north": { "texture": "#material", "uv": [ 0.0, 0.0, 5.0, 8.0 ], "rotation": 90 },
								"east": { "texture": "#material", "uv": [ 0.0, 0.0, 16.0, 5.0 ] },
								"south": { "texture": "#material", "uv": [ 0.0, 0.0, 5.0, 8.0 ], "rotation": 90 },
								"west": { "texture": "#material", "uv": [ 0.0, 0.0, 16.0, 5.0 ] },
								"up": { "texture": "#material", "uv": [ 0.0, 0.0, 16.0, 8.0 ], "rotation": 90 },
								"down": { "texture": "#material", "uv": [ 0.0, 0.0, 16.0, 8.0 ], "rotation": 90 }
							}
						},
						{
							"name": "3",
							"from": [ -8.2361, -0.1771, -0.04 ],
							"to": [ -0.2361, 4.8229, 16.02 ],
							"rotationOrigin": [ -0.2361, 2.3229, 8.0 ],
							"rotationZ": 33.75,
							"faces": {
								"north": { "texture": "#material", "uv": [ 0.0, 8.0, 5.0, 16.0 ], "rotation": 90 },
								"east": { "texture": "#material", "uv": [ 0.0, 0.0, 16.0, 5.0 ] },
								"south": { "texture": "#material", "uv": [ 0.0, 8.0, 5.0, 16.0 ], "rotation": 90 },
								"west": { "texture": "#material", "uv": [ 0.0, 0.0, 16.0, 5.0 ] },
								"up": { "texture": "#material", "uv": [ 0.0, 8.0, 16.0, 16.0 ], "rotation": 90 },
								"down": { "texture": "#material", "uv": [ 0.0, 8.0, 16.0, 16.0 ], "rotation": 90 }
							}
						}
					]
				},
				{
					"name": "upper",
					"from": [ 8.0, 0.0, 0.0 ],
					"to": [ 8.0, 0.0, 0.0 ],
					"faces": {
					},
					"children": [
						{
							"name": "0",
							"from": [ 3.76, 7.5729, -0.02 ],
							"to": [ 11.76, 13.0729, 16.01 ],
							"rotationOrigin": [ 3.7639, 10.3229, 8.0 ],
							"rotationZ": 33.75,
							"faces": {
								"north": { "texture": "#material", "uv": [ 0.0, 0.0, 5.5, 8.0 ], "rotation": 90 },
								"east": { "texture": "#material", "uv": [ 0.0, 0.0, 16.0, 5.5 ] },
								"south": { "texture": "#material", "uv": [ 0.0, 0.0, 5.5, 8.0 ], "rotation": 90 },
								"west": { "texture": "#material", "uv": [ 0.0, 0.0, 16.0, 5.5 ] },
								"up": { "texture": "#material", "uv": [ 0.0, 0.0, 16.0, 8.0 ], "rotation": 90 },
								"down": { "texture": "#material", "uv": [ 0.0, 0.0, 16.0, 8.0 ], "rotation": 90 }
							}
						},
						{
							"name": "1",
							"from": [ -4.2361, 7.5729, -0.02 ],
							"to": [ 3.7639, 13.0729, 16.01 ],
							"rotationOrigin": [ 3.7639, 10.3229, 8.0 ],
							"rotationZ": 33.75,
							"faces": {
								"north": { "texture": "#material", "uv": [ 0.0, 8.0, 5.5, 16.0 ], "rotation": 90 },
								"east": { "texture": "#material", "uv": [ 0.0, 0.0, 16.0, 5.5 ] },
								"south": { "texture": "#material", "uv": [ 0.0, 8.0, 5.5, 16.0 ], "rotation": 90 },
								"west": { "texture": "#material", "uv": [ 0.0, 0.0, 16.0, 5.5 ] },
								"up": { "texture": "#material", "uv": [ 0.0, 8.0, 16.0, 16.0 ], "rotation": 90 },
								"down": { "texture": "#material", "uv": [ 0.0, 8.0, 16.0, 16.0 ], "rotation": 90 }
							}
						},
						{
							"name": "2",
							"from": [ -0.24, -0.1771, -0.04 ],
							"to": [ 7.76, 4.8229, 16.02 ],
							"rotationOrigin": [ -0.2361, 2.3229, 8.0 ],
							"rotationZ": 33.75,
							"faces": {
								"north": { "texture": "#material", "uv": [ 0.0, 0.0, 5.0, 8.0 ], "rotation": 90 },
								"east": { "texture": "#material", "uv": [ 0.0, 0.0, 16.0, 5.0 ] },
								"south": { "texture": "#material", "uv": [ 0.0, 0.0, 5.0, 8.0 ], "rotation": 90 },
								"west": { "texture": "#material", "uv": [ 0.0, 0.0, 16.0, 5.0 ] },
								"up": { "texture": "#material", "uv": [ 0.0, 0.0, 16.0, 8.0 ], "rotation": 90 },
								"down": { "texture": "#material", "uv": [ 0.0, 0.0, 16.0, 8.0 ], "rotation": 90 }
							}
						},
						{
							"name": "3",
							"from": [ -8.2361, -0.1771, -0.04 ],
							"to": [ -0.2361, 4.8229, 16.02 ],
							"rotationOrigin": [ -0.2361, 2.3229, 8.0 ],
							"rotationZ": 33.75,
							"faces": {
								"north": { "texture": "#material", "uv": [ 0.0, 8.0, 5.0, 16.0 ], "rotation": 90 },
								"east": { "texture": "#material", "uv": [ 0.0, 0.0, 16.0, 5.0 ] },
								"south": { "texture": "#material", "uv": [ 0.0, 8.0, 5.0, 16.0 ], "rotation": 90 },
								"west": { "texture": "#material", "uv": [ 0.0, 0.0, 16.0, 5.0 ] },
								"up": { "texture": "#material", "uv": [ 0.0, 8.0, 16.0, 16.0 ], "rotation": 90 },
								"down": { "texture": "#material", "uv": [ 0.0, 8.0, 16.0, 16.0 ], "rotation": 90 }
							}
						}
					]
				}
			]
		}
	]}