{
	"editor": {
		"allAngles": false,
		"entityTextureMode": false
	},
	"textureWidth": 16,
	"textureHeight": 16,
	"textureSizes": {
	},
	"textures": {
		"material": "block/stone/shingles/slate1"
	},
	"elements": [
		{
			"name": "main",
			"from": [ 0.0, 0.0, 0.0 ],
			"to": [ 0.0, 0.0, 0.0 ],
			"faces": {
			},
			"children": [
				{
					"name": "middle",
					"from": [ 0.0, 0.0, 0.0 ],
					"to": [ 0.0, 0.0, 0.0 ],
					"faces": {
					},
					"children": [
						{
							"name": "0",
							"from": [ 10.53, 8.1893, -0.02 ],
							"to": [ 17.53, 13.6893, 16.01 ],
							"rotationOrigin": [ 9.5251, 10.9393, 8.0 ],
							"rotationZ": 28.0,
							"faces": {
								"north": { "texture": "#material", "uv": [ 0.0, 0.0, 5.5, 7.0 ], "rotation": 90 },
								"east": { "texture": "#material", "uv": [ 0.0, 0.0, 16.0, 5.5 ] },
								"south": { "texture": "#material", "uv": [ 0.0, 0.0, 5.5, 7.0 ], "rotation": 90 },
								"west": { "texture": "#material", "uv": [ 0.0, 0.0, 16.0, 5.5 ] },
								"up": { "texture": "#material", "uv": [ 0.0, 0.0, 16.0, 7.0 ], "rotation": 90 },
								"down": { "texture": "#material", "uv": [ 0.0, 0.0, 16.0, 7.0 ], "rotation": 90 }
							}
						},
						{
							"name": "1",
							"from": [ 3.53, 8.1893, -0.02 ],
							"to": [ 10.53, 13.6893, 16.01 ],
							"rotationOrigin": [ 9.5251, 10.9393, 8.0 ],
							"rotationZ": 28.0,
							"faces": {
								"north": { "texture": "#material", "uv": [ 0.0, 0.0, 5.5, 7.0 ], "rotation": 90 },
								"east": { "texture": "#material", "uv": [ 0.0, 0.0, 16.0, 5.5 ] },
								"south": { "texture": "#material", "uv": [ 0.0, 0.0, 5.5, 7.0 ], "rotation": 90 },
								"west": { "texture": "#material", "uv": [ 0.0, 0.0, 16.0, 5.5 ] },
								"up": { "texture": "#material", "uv": [ 0.0, 8.0, 16.0, 15.0 ], "rotation": 90 },
								"down": { "texture": "#material", "uv": [ 0.0, 8.0, 16.0, 15.0 ], "rotation": 90 }
							}
						},
						{
							"name": "2",
							"from": [ 0.53, 0.4393, -0.04 ],
							"to": [ 7.53, 5.4393, 16.02 ],
							"rotationOrigin": [ 1.5251, 2.9393, 8.0 ],
							"rotationZ": 28.0,
							"faces": {
								"north": { "texture": "#material", "uv": [ 0.0, 0.0, 5.0, 7.0 ], "rotation": 90 },
								"east": { "texture": "#material", "uv": [ 0.0, 0.0, 16.0, 5.0 ] },
								"south": { "texture": "#material", "uv": [ 0.0, 0.0, 5.0, 7.0 ], "rotation": 90 },
								"west": { "texture": "#material", "uv": [ 0.0, 0.0, 16.0, 5.0 ] },
								"up": { "texture": "#material", "uv": [ 0.0, 0.0, 16.0, 7.0 ], "rotation": 90 },
								"down": { "texture": "#material", "uv": [ 0.0, 0.0, 16.0, 7.0 ], "rotation": 90 }
							}
						},
						{
							"name": "3",
							"from": [ -6.4749, 0.4393, -0.04 ],
							"to": [ 0.5251, 5.4393, 16.02 ],
							"rotationOrigin": [ 1.5251, 2.9393, 8.0 ],
							"rotationZ": 28.0,
							"faces": {
								"north": { "texture": "#material", "uv": [ 0.0, 0.0, 5.0, 7.0 ], "rotation": 90 },
								"east": { "texture": "#material", "uv": [ 0.0, 0.0, 16.0, 5.0 ] },
								"south": { "texture": "#material", "uv": [ 0.0, 0.0, 5.0, 7.0 ], "rotation": 90 },
								"west": { "texture": "#material", "uv": [ 0.0, 0.0, 16.0, 5.0 ] },
								"up": { "texture": "#material", "uv": [ 0.0, 8.0, 16.0, 15.0 ], "rotation": 90 },
								"down": { "texture": "#material", "uv": [ 0.0, 8.0, 16.0, 15.0 ], "rotation": 90 }
							}
						}
					]
				}
			]
		}
	]}