{
	"editor": {
		"allAngles": false,
		"entityTextureMode": false
	},
	"textureWidth": 16,
	"textureHeight": 16,
	"textureSizes": {
		"generic": [16,16],
		"acacia-inside": [16,16]
	},
	"textures": {
		"acacia-inside": "block/wood/crate/acacia-inside"
	},
	"elements": [
		{
			"name": "OriginDresser",
			"from": [ 8.0, 0.0, 8.0 ],
			"to": [ 8.0, 0.0, 8.0 ],
			"rotationOrigin": [ 8.0, 0.0, 8.0 ],
			"faces": {
				"north": { "texture": "#acacia-inside", "uv": [ 0.0, 0.0, 0.5, 0.5 ] },
				"east": { "texture": "#acacia-inside", "uv": [ 0.0, 0.0, 0.5, 0.5 ] },
				"south": { "texture": "#acacia-inside", "uv": [ 0.0, 0.0, 0.5, 0.5 ] },
				"west": { "texture": "#acacia-inside", "uv": [ 0.0, 0.0, 0.5, 0.5 ] },
				"up": { "texture": "#acacia-inside", "uv": [ 0.0, 0.0, 0.5, 0.5 ] },
				"down": { "texture": "#acacia-inside", "uv": [ 0.0, 0.0, 0.5, 0.5 ] }
			},
			"children": [
				{
					"name": "Panel",
					"from": [ -6.0, 2.0, -3.0 ],
					"to": [ 6.0, 2.5, 3.0 ],
					"rotationOrigin": [ -6.0, 2.0, -3.0 ],
					"faces": {
						"north": { "texture": "#acacia-inside", "uv": [ 0.0, 0.0, 12.0, 0.5 ] },
						"east": { "texture": "#acacia-inside", "uv": [ 0.0, 0.0, 6.0, 0.5 ] },
						"south": { "texture": "#acacia-inside", "uv": [ 0.0, 0.0, 12.0, 0.5 ] },
						"west": { "texture": "#acacia-inside", "uv": [ 0.0, 0.0, 6.0, 0.5 ] },
						"up": { "texture": "#acacia-inside", "uv": [ 0.0, 0.0, 6.0, 12.0 ], "rotation": 90 },
						"down": { "texture": "#acacia-inside", "uv": [ 0.0, 0.0, 12.0, 6.0 ] }
					}
				},
				{
					"name": "Panel2",
					"from": [ -6.0, 6.0, -3.0 ],
					"to": [ 6.0, 6.5, 3.0 ],
					"rotationOrigin": [ -6.0, 6.0, -3.0 ],
					"faces": {
						"north": { "texture": "#acacia-inside", "uv": [ 0.0, 0.0, 12.0, 0.5 ] },
						"east": { "texture": "#acacia-inside", "uv": [ 0.0, 0.0, 6.0, 0.5 ] },
						"south": { "texture": "#acacia-inside", "uv": [ 0.0, 0.0, 12.0, 0.5 ] },
						"west": { "texture": "#acacia-inside", "uv": [ 0.0, 0.0, 6.0, 0.5 ] },
						"up": { "texture": "#acacia-inside", "uv": [ 0.0, 0.0, 6.0, 12.0 ], "rotation": 90 },
						"down": { "texture": "#acacia-inside", "uv": [ 0.0, 0.0, 12.0, 6.0 ] }
					}
				},
				{
					"name": "Panel3",
					"from": [ -7.99, 14.0, 1.0 ],
					"to": [ 7.99, 15.0, 4.0 ],
					"rotationOrigin": [ -7.9, 15.0, 1.0 ],
					"rotationX": 20.0,
					"faces": {
						"north": { "texture": "#acacia-inside", "uv": [ 0.0, 0.0, 1.0, 15.5 ], "rotation": 90 },
						"east": { "texture": "#acacia-inside", "uv": [ 0.0, 0.0, 3.0, 1.0 ], "rotation": 180 },
						"south": { "texture": "#acacia-inside", "uv": [ 0.0, 0.0, 1.0, 15.5 ], "rotation": 90 },
						"west": { "texture": "#acacia-inside", "uv": [ 0.0, 0.0, 3.0, 1.0 ] },
						"up": { "texture": "#acacia-inside", "uv": [ 0.0, 0.0, 3.0, 15.5 ], "rotation": 90 },
						"down": { "texture": "#acacia-inside", "uv": [ 0.0, 0.0, 3.0, 15.5 ], "rotation": 90 }
					}
				},
				{
					"name": "Panel4",
					"from": [ -7.0, 14.1, -3.0 ],
					"to": [ -6.0, 17.1, 10.1 ],
					"rotationOrigin": [ -7.0, 14.1, -3.0 ],
					"rotationX": 90.0,
					"faces": {
						"north": { "texture": "#acacia-inside", "uv": [ 0.0, 0.0, 1.0, 3.0 ] },
						"east": { "texture": "#acacia-inside", "uv": [ 1.5, 1.5, 4.5, 14.5 ], "rotation": 90 },
						"south": { "texture": "#acacia-inside", "uv": [ 0.0, 0.0, 1.0, 3.0 ] },
						"west": { "texture": "#acacia-inside", "uv": [ 5.0, 1.5, 8.0, 14.5 ], "rotation": 90 },
						"up": { "texture": "#acacia-inside", "uv": [ 0.5, 0.0, 1.5, 13.0 ] },
						"down": { "texture": "#acacia-inside", "uv": [ 1.0, 1.5, 1.5, 14.5 ], "autoUv": false }
					}
				},
				{
					"name": "Panel5",
					"from": [ -7.0, 14.1, 0.0 ],
					"to": [ -6.0, 17.1, 13.1 ],
					"rotationOrigin": [ -7.0, 14.1, 0.0 ],
					"rotationX": 90.0,
					"faces": {
						"north": { "texture": "#acacia-inside", "uv": [ 0.0, 0.0, 1.0, 3.0 ] },
						"east": { "texture": "#acacia-inside", "uv": [ 1.0, 2.5, 4.0, 15.5 ], "rotation": 90 },
						"south": { "texture": "#acacia-inside", "uv": [ 0.0, 0.0, 1.0, 3.0 ] },
						"west": { "texture": "#acacia-inside", "uv": [ 1.0, 1.0, 4.0, 14.0 ], "rotation": 90 },
						"up": { "texture": "#acacia-inside", "uv": [ 1.0, 0.0, 1.5, 13.0 ], "autoUv": false },
						"down": { "texture": "#acacia-inside", "uv": [ 0.5, 1.5, 1.5, 14.5 ] }
					}
				},
				{
					"name": "Panel6",
					"from": [ -7.99, 14.0, -4.0 ],
					"to": [ 7.99, 15.0, -1.0 ],
					"rotationOrigin": [ -7.9, 15.0, -1.0 ],
					"rotationX": -20.0,
					"faces": {
						"north": { "texture": "#acacia-inside", "uv": [ 0.0, 0.0, 1.0, 15.5 ], "rotation": 90 },
						"east": { "texture": "#acacia-inside", "uv": [ 0.0, 0.0, 3.0, 1.0 ], "rotation": 180 },
						"south": { "texture": "#acacia-inside", "uv": [ 0.0, 0.0, 1.0, 15.5 ], "rotation": 90 },
						"west": { "texture": "#acacia-inside", "uv": [ 0.0, 0.0, 3.0, 1.0 ] },
						"up": { "texture": "#acacia-inside", "uv": [ 0.0, 0.0, 3.0, 15.5 ], "rotation": 90 },
						"down": { "texture": "#acacia-inside", "uv": [ 0.0, 0.0, 3.0, 15.5 ], "rotation": 90 }
					}
				},
				{
					"name": "Panel7",
					"from": [ -8.0, 14.0, -1.0 ],
					"to": [ 8.0, 15.0, 1.0 ],
					"rotationOrigin": [ -8.0, 14.5, -1.0 ],
					"faces": {
						"north": { "texture": "#acacia-inside", "uv": [ 0.0, 0.0, 16.0, 1.0 ] },
						"east": { "texture": "#acacia-inside", "uv": [ 3.5, 4.5, 5.5, 5.5 ] },
						"south": { "texture": "#acacia-inside", "uv": [ 0.0, 0.0, 16.0, 1.0 ] },
						"west": { "texture": "#acacia-inside", "uv": [ 3.0, 3.0, 5.0, 4.0 ] },
						"up": { "texture": "#acacia-inside", "uv": [ 0.0, 0.0, 2.0, 16.0 ], "rotation": 90 },
						"down": { "texture": "#acacia-inside", "uv": [ 0.0, 0.0, 2.0, 16.0 ], "rotation": 90 }
					}
				},
				{
					"name": "Panel8",
					"from": [ 6.0, 14.1, 0.0 ],
					"to": [ 7.0, 17.1, 13.1 ],
					"rotationOrigin": [ 6.0, 14.1, 0.0 ],
					"rotationX": 90.0,
					"faces": {
						"north": { "texture": "#acacia-inside", "uv": [ 0.0, 0.0, 1.0, 3.0 ] },
						"east": { "texture": "#acacia-inside", "uv": [ 11.5, 1.0, 14.5, 14.0 ], "rotation": 270 },
						"south": { "texture": "#acacia-inside", "uv": [ 0.0, 0.0, 1.0, 3.0 ] },
						"west": { "texture": "#acacia-inside", "uv": [ 1.0, 0.0, 4.0, 13.0 ], "rotation": 90 },
						"up": { "texture": "#acacia-inside", "uv": [ 0.0, 0.0, 1.0, 13.0 ] },
						"down": { "texture": "#acacia-inside", "uv": [ 0.0, 0.0, 1.0, 13.0 ] }
					}
				},
				{
					"name": "Panel9",
					"from": [ 6.0, 14.1, -3.0 ],
					"to": [ 7.0, 17.1, 10.1 ],
					"rotationOrigin": [ 6.0, 14.1, -3.0 ],
					"rotationX": 90.0,
					"faces": {
						"north": { "texture": "#acacia-inside", "uv": [ 0.0, 0.0, 1.0, 3.0 ] },
						"east": { "texture": "#acacia-inside", "uv": [ 1.0, 2.0, 4.0, 15.0 ], "rotation": 270 },
						"south": { "texture": "#acacia-inside", "uv": [ 0.0, 0.0, 1.0, 3.0 ] },
						"west": { "texture": "#acacia-inside", "uv": [ 1.5, 1.5, 4.5, 14.5 ], "rotation": 90 },
						"up": { "texture": "#acacia-inside", "uv": [ 0.0, 0.0, 1.0, 13.0 ] },
						"down": { "texture": "#acacia-inside", "uv": [ 0.0, 0.0, 1.0, 13.0 ] }
					}
				},
				{
					"name": "Panel11",
					"from": [ -7.0, 1.0, -4.0 ],
					"to": [ -6.0, 4.0, -3.0 ],
					"rotationOrigin": [ -7.0, 1.0, -4.0 ],
					"rotationX": 90.0,
					"faces": {
						"north": { "texture": "#acacia-inside", "uv": [ 0.0, 0.0, 1.0, 3.0 ] },
						"east": { "texture": "#acacia-inside", "uv": [ 0.0, 0.0, 1.0, 3.0 ] },
						"south": { "texture": "#acacia-inside", "uv": [ 0.0, 0.0, 1.0, 3.0 ] },
						"west": { "texture": "#acacia-inside", "uv": [ 6.0, 4.5, 9.0, 5.5 ], "rotation": 90 },
						"up": { "texture": "#acacia-inside", "uv": [ 0.0, 0.0, 1.0, 1.0 ] },
						"down": { "texture": "#acacia-inside", "uv": [ 0.0, 0.0, 1.0, 1.0 ] }
					},
					"children": [
						{
							"name": "Panel12",
							"from": [ 0.01, 0.0, 0.0 ],
							"to": [ 0.99, 3.0, 1.0 ],
							"rotationOrigin": [ 1.1, 0.0, 0.0 ],
							"rotationX": -70.0,
							"faces": {
								"north": { "texture": "#acacia-inside", "uv": [ 0.0, 0.0, 0.5, 3.0 ] },
								"east": { "texture": "#acacia-inside", "uv": [ 0.0, 0.0, 1.0, 3.0 ] },
								"south": { "texture": "#acacia-inside", "uv": [ 0.0, 0.0, 0.5, 3.0 ] },
								"west": { "texture": "#acacia-inside", "uv": [ 0.0, 0.0, 1.0, 3.0 ] },
								"up": { "texture": "#acacia-inside", "uv": [ 0.0, 0.0, 0.5, 1.0 ] },
								"down": { "texture": "#acacia-inside", "uv": [ 0.0, 0.0, 0.5, 1.0 ] }
							}
						}
					]
				},
				{
					"name": "Panel13",
					"from": [ -6.0, 1.0, 4.0 ],
					"to": [ -5.0, 4.0, 5.0 ],
					"rotationOrigin": [ -6.0, 1.0, 4.0 ],
					"rotationX": 90.0,
					"rotationZ": -180.0,
					"faces": {
						"north": { "texture": "#acacia-inside", "uv": [ 0.0, 0.0, 1.0, 3.0 ] },
						"east": { "texture": "#acacia-inside", "uv": [ 3.0, 1.0, 6.0, 2.0 ], "rotation": 270 },
						"south": { "texture": "#acacia-inside", "uv": [ 0.0, 0.0, 1.0, 3.0 ] },
						"west": { "texture": "#acacia-inside", "uv": [ 0.0, 0.0, 1.0, 3.0 ] },
						"up": { "texture": "#acacia-inside", "uv": [ 0.0, 0.0, 1.0, 1.0 ] },
						"down": { "texture": "#acacia-inside", "uv": [ 0.0, 0.0, 1.0, 1.0 ] }
					},
					"children": [
						{
							"name": "Panel14",
							"from": [ 0.01, 0.0, 0.0 ],
							"to": [ 0.99, 3.0, 1.0 ],
							"rotationOrigin": [ 1.1, 0.0, 0.0 ],
							"rotationX": -70.0,
							"faces": {
								"north": { "texture": "#acacia-inside", "uv": [ 0.0, 0.0, 0.5, 3.0 ] },
								"east": { "texture": "#acacia-inside", "uv": [ 0.0, 0.0, 1.0, 3.0 ] },
								"south": { "texture": "#acacia-inside", "uv": [ 0.0, 0.0, 0.5, 3.0 ] },
								"west": { "texture": "#acacia-inside", "uv": [ 0.0, 0.0, 1.0, 3.0 ] },
								"up": { "texture": "#acacia-inside", "uv": [ 0.0, 0.0, 0.5, 1.0 ] },
								"down": { "texture": "#acacia-inside", "uv": [ 0.0, 0.0, 0.5, 1.0 ] }
							}
						}
					]
				},
				{
					"name": "Panel15",
					"from": [ 7.0, 1.0, 4.0 ],
					"to": [ 8.0, 4.0, 5.0 ],
					"rotationOrigin": [ 7.0, 1.0, 4.0 ],
					"rotationX": 90.0,
					"rotationZ": -180.0,
					"faces": {
						"north": { "texture": "#acacia-inside", "uv": [ 0.0, 0.0, 1.0, 3.0 ] },
						"east": { "texture": "#acacia-inside", "uv": [ 0.0, 0.0, 1.0, 3.0 ] },
						"south": { "texture": "#acacia-inside", "uv": [ 0.0, 0.0, 1.0, 3.0 ] },
						"west": { "texture": "#acacia-inside", "uv": [ 9.0, 3.5, 12.0, 4.5 ], "rotation": 90 },
						"up": { "texture": "#acacia-inside", "uv": [ 0.0, 0.0, 1.0, 1.0 ] },
						"down": { "texture": "#acacia-inside", "uv": [ 0.0, 0.0, 1.0, 1.0 ] }
					},
					"children": [
						{
							"name": "Panel16",
							"from": [ 0.01, 0.0, 0.0 ],
							"to": [ 0.99, 3.0, 1.0 ],
							"rotationOrigin": [ 1.1, 0.0, 0.0 ],
							"rotationX": -70.0,
							"faces": {
								"north": { "texture": "#acacia-inside", "uv": [ 0.0, 0.0, 0.5, 3.0 ] },
								"east": { "texture": "#acacia-inside", "uv": [ 0.0, 0.0, 1.0, 3.0 ] },
								"south": { "texture": "#acacia-inside", "uv": [ 0.0, 0.0, 0.5, 3.0 ] },
								"west": { "texture": "#acacia-inside", "uv": [ 0.0, 0.0, 1.0, 3.0 ] },
								"up": { "texture": "#acacia-inside", "uv": [ 0.0, 0.0, 0.5, 1.0 ] },
								"down": { "texture": "#acacia-inside", "uv": [ 0.0, 0.0, 0.5, 1.0 ] }
							}
						}
					]
				},
				{
					"name": "Panel17",
					"from": [ 6.0, 1.0, -4.0 ],
					"to": [ 7.0, 4.0, -3.0 ],
					"rotationOrigin": [ 6.0, 1.0, -4.0 ],
					"rotationX": 90.0,
					"faces": {
						"north": { "texture": "#acacia-inside", "uv": [ 0.0, 0.0, 1.0, 3.0 ] },
						"east": { "texture": "#acacia-inside", "uv": [ 0.0, 0.0, 3.0, 1.0 ], "rotation": 270 },
						"south": { "texture": "#acacia-inside", "uv": [ 0.0, 0.0, 1.0, 3.0 ] },
						"west": { "texture": "#acacia-inside", "uv": [ 0.0, 0.0, 1.0, 3.0 ] },
						"up": { "texture": "#acacia-inside", "uv": [ 0.0, 0.0, 1.0, 1.0 ] },
						"down": { "texture": "#acacia-inside", "uv": [ 0.0, 0.0, 1.0, 1.0 ] }
					},
					"children": [
						{
							"name": "Panel18",
							"from": [ 0.01, 0.0, 0.0 ],
							"to": [ 0.99, 3.0, 1.0 ],
							"rotationOrigin": [ 1.1, 0.0, 0.0 ],
							"rotationX": -70.0,
							"faces": {
								"north": { "texture": "#acacia-inside", "uv": [ 0.0, 0.0, 0.5, 3.0 ] },
								"east": { "texture": "#acacia-inside", "uv": [ 0.0, 0.0, 1.0, 3.0 ] },
								"south": { "texture": "#acacia-inside", "uv": [ 0.0, 0.0, 0.5, 3.0 ] },
								"west": { "texture": "#acacia-inside", "uv": [ 0.0, 0.0, 1.0, 3.0 ] },
								"up": { "texture": "#acacia-inside", "uv": [ 0.0, 0.0, 0.5, 1.0 ] },
								"down": { "texture": "#acacia-inside", "uv": [ 0.0, 0.0, 0.5, 1.0 ] }
							}
						}
					]
				},
				{
					"name": "Saddle",
					"from": [ -6.0, 13.0, -3.0 ],
					"to": [ 6.0, 19.0, 3.0 ],
					"rotationOrigin": [ -6.0, 13.0, -3.0 ],
					"faces": {
					},
					"attachmentpoints": [
						{
							"code": "SaddleAP",
							"posX": "0.0","posY": "0.0","posZ": "0.0",
							"rotationX": "0.0","rotationY": "0.0","rotationZ": "0.0"
						}
					]
				},
				{
					"name": "Saddlebag",
					"from": [ -2.0, 8.5, -3.0 ],
					"to": [ 6.0, 12.5, 3.0 ],
					"rotationOrigin": [ -2.0, 8.5, -3.0 ],
					"faces": {
					},
					"attachmentpoints": [
						{
							"code": "SaddlebagAP",
							"posX": "0.0","posY": "0.0","posZ": "0.0",
							"rotationX": "0.0","rotationY": "0.0","rotationZ": "0.0"
						}
					]
				},
				{
					"name": "Horseshoe",
					"from": [ -6.0, 8.5, -3.0 ],
					"to": [ -2.0, 12.5, 3.0 ],
					"rotationOrigin": [ -6.0, 8.5, -3.0 ],
					"faces": {
					},
					"attachmentpoints": [
						{
							"code": "HorseshoeAP",
							"posX": "0.0","posY": "0.0","posZ": "0.0",
							"rotationX": "0.0","rotationY": "0.0","rotationZ": "0.0"
						}
					]
				},
				{
					"name": "Blanket",
					"from": [ -6.0, 2.5, -3.0 ],
					"to": [ 6.0, 7.5, 3.0 ],
					"rotationOrigin": [ -6.0, 2.5, -3.0 ],
					"faces": {
					},
					"attachmentpoints": [
						{
							"code": "BlanketAP",
							"posX": "0.0","posY": "0.0","posZ": "0.0",
							"rotationX": "0.0","rotationY": "0.0","rotationZ": "0.0"
						}
					]
				},
				{
					"name": "Bridle",
					"from": [ 7.0, 12.5, -3.0 ],
					"to": [ 15.0, 14.5, 3.0 ],
					"rotationOrigin": [ 7.0, 12.5, -3.0 ],
					"rotationZ": -90.0,
					"faces": {
					},
					"attachmentpoints": [
						{
							"code": "BridleAP",
							"posX": "0.0","posY": "0.0","posZ": "0.0",
							"rotationX": "0.0","rotationY": "0.0","rotationZ": "0.0"
						}
					]
				},
				{
					"name": "Panel10",
					"from": [ 7.0, 13.1, -0.5 ],
					"to": [ 8.0, 14.1, 0.0 ],
					"rotationOrigin": [ 7.0, 13.1, -0.5 ],
					"rotationX": 90.0,
					"faces": {
						"north": { "texture": "#acacia-inside", "uv": [ 1.5, 0.0, 2.0, 1.0 ], "autoUv": false },
						"east": { "texture": "#acacia-inside", "uv": [ 1.0, 0.0, 1.5, 1.0 ] },
						"south": { "texture": "#acacia-inside", "uv": [ 1.0, 0.0, 1.5, 1.0 ], "autoUv": false },
						"west": { "texture": "#acacia-inside", "uv": [ 1.0, 0.5, 1.5, 1.5 ] },
						"up": { "texture": "#acacia-inside", "uv": [ 1.0, 4.5, 1.5, 5.5 ], "rotation": 90 },
						"down": { "texture": "#acacia-inside", "uv": [ 1.0, 3.0, 1.5, 4.0 ], "rotation": 90 }
					}
				},
				{
					"name": "Panel19",
					"from": [ -6.0, 5.5, -2.5 ],
					"to": [ -5.5, 6.0, 2.5 ],
					"rotationOrigin": [ -6.0, 5.5, -2.5 ],
					"faces": {
						"north": { "texture": "#acacia-inside", "uv": [ 0.0, 0.0, 0.5, 0.5 ] },
						"east": { "texture": "#acacia-inside", "uv": [ 0.0, 0.0, 5.0, 0.5 ] },
						"south": { "texture": "#acacia-inside", "uv": [ 0.0, 0.0, 0.5, 0.5 ] },
						"west": { "texture": "#acacia-inside", "uv": [ 0.0, 0.0, 5.0, 0.5 ] },
						"up": { "texture": "#acacia-inside", "uv": [ 0.0, 0.0, 5.0, 0.5 ], "rotation": 90 },
						"down": { "texture": "#acacia-inside", "uv": [ 0.0, 0.0, 0.5, 5.0 ] }
					}
				},
				{
					"name": "Panel20",
					"from": [ 5.5, 5.5, -2.5 ],
					"to": [ 6.0, 6.0, 2.5 ],
					"rotationOrigin": [ 5.5, 5.5, -2.5 ],
					"faces": {
						"north": { "texture": "#acacia-inside", "uv": [ 0.0, 0.0, 0.5, 0.5 ] },
						"east": { "texture": "#acacia-inside", "uv": [ 0.0, 0.0, 5.0, 0.5 ] },
						"south": { "texture": "#acacia-inside", "uv": [ 0.0, 0.0, 0.5, 0.5 ] },
						"west": { "texture": "#acacia-inside", "uv": [ 0.0, 0.0, 5.0, 0.5 ] },
						"up": { "texture": "#acacia-inside", "uv": [ 0.0, 0.0, 5.0, 0.5 ], "rotation": 90 },
						"down": { "texture": "#acacia-inside", "uv": [ 0.0, 0.0, 0.5, 5.0 ] }
					}
				},
				{
					"name": "Panel21",
					"from": [ 5.5, 1.5, -2.5 ],
					"to": [ 6.0, 2.0, 2.5 ],
					"rotationOrigin": [ 5.5, 1.5, -2.5 ],
					"faces": {
						"north": { "texture": "#acacia-inside", "uv": [ 0.0, 0.0, 0.5, 0.5 ] },
						"east": { "texture": "#acacia-inside", "uv": [ 0.0, 0.0, 5.0, 0.5 ] },
						"south": { "texture": "#acacia-inside", "uv": [ 0.0, 0.0, 0.5, 0.5 ] },
						"west": { "texture": "#acacia-inside", "uv": [ 0.0, 0.0, 5.0, 0.5 ] },
						"up": { "texture": "#acacia-inside", "uv": [ 0.0, 0.0, 5.0, 0.5 ], "rotation": 90 },
						"down": { "texture": "#acacia-inside", "uv": [ 0.0, 0.0, 0.5, 5.0 ] }
					}
				},
				{
					"name": "Panel22",
					"from": [ -6.0, 1.5, -2.5 ],
					"to": [ -5.5, 2.0, 2.5 ],
					"rotationOrigin": [ -6.0, 1.5, -2.5 ],
					"faces": {
						"north": { "texture": "#acacia-inside", "uv": [ 0.0, 0.0, 0.5, 0.5 ] },
						"east": { "texture": "#acacia-inside", "uv": [ 0.0, 0.0, 5.0, 0.5 ] },
						"south": { "texture": "#acacia-inside", "uv": [ 0.0, 0.0, 0.5, 0.5 ] },
						"west": { "texture": "#acacia-inside", "uv": [ 0.0, 0.0, 5.0, 0.5 ] },
						"up": { "texture": "#acacia-inside", "uv": [ 0.0, 0.0, 5.0, 0.5 ], "rotation": 90 },
						"down": { "texture": "#acacia-inside", "uv": [ 0.0, 0.0, 0.5, 5.0 ] }
					}
				},
				{
					"name": "Panel23",
					"from": [ 8.0, 8.5, -0.5 ],
					"to": [ 9.0, 9.5, 0.0 ],
					"rotationOrigin": [ 8.0, 8.5, -0.5 ],
					"rotationX": 90.0,
					"faces": {
						"north": { "texture": "#acacia-inside", "uv": [ 1.5, 0.0, 2.0, 1.0 ], "autoUv": false },
						"east": { "texture": "#acacia-inside", "uv": [ 1.0, 0.0, 1.5, 1.0 ] },
						"south": { "texture": "#acacia-inside", "uv": [ 1.0, 0.0, 1.5, 1.0 ], "autoUv": false },
						"west": { "texture": "#acacia-inside", "uv": [ 1.0, 0.5, 1.5, 1.5 ] },
						"up": { "texture": "#acacia-inside", "uv": [ 1.0, 4.5, 1.5, 5.5 ], "rotation": 90 },
						"down": { "texture": "#acacia-inside", "uv": [ 1.0, 3.0, 1.5, 4.0 ], "rotation": 90 }
					}
				},
				{
					"name": "Panel24",
					"from": [ 7.0, 8.5, -0.5 ],
					"to": [ 8.0, 9.5, 0.0 ],
					"rotationOrigin": [ 7.0, 8.5, -0.5 ],
					"rotationX": 90.0,
					"faces": {
						"north": { "texture": "#acacia-inside", "uv": [ 1.5, 0.0, 2.0, 1.0 ], "autoUv": false },
						"east": { "texture": "#acacia-inside", "uv": [ 1.0, 0.0, 1.5, 1.0 ] },
						"south": { "texture": "#acacia-inside", "uv": [ 1.0, 0.0, 1.5, 1.0 ], "autoUv": false },
						"west": { "texture": "#acacia-inside", "uv": [ 1.0, 0.5, 1.5, 1.5 ] },
						"up": { "texture": "#acacia-inside", "uv": [ 1.0, 4.5, 1.5, 5.5 ], "rotation": 90 },
						"down": { "texture": "#acacia-inside", "uv": [ 1.0, 3.0, 1.5, 4.0 ], "rotation": 90 }
					}
				},
				{
					"name": "Panel25",
					"from": [ -8.0, 12.0, -0.5 ],
					"to": [ -7.0, 13.0, 0.0 ],
					"rotationOrigin": [ -8.0, 12.0, -0.5 ],
					"rotationX": 90.0,
					"faces": {
						"north": { "texture": "#acacia-inside", "uv": [ 1.5, 0.0, 2.0, 1.0 ], "autoUv": false },
						"east": { "texture": "#acacia-inside", "uv": [ 1.0, 0.0, 1.5, 1.0 ] },
						"south": { "texture": "#acacia-inside", "uv": [ 1.0, 0.0, 1.5, 1.0 ], "autoUv": false },
						"west": { "texture": "#acacia-inside", "uv": [ 1.0, 0.5, 1.5, 1.5 ] },
						"up": { "texture": "#acacia-inside", "uv": [ 1.0, 4.5, 1.5, 5.5 ], "rotation": 90 },
						"down": { "texture": "#acacia-inside", "uv": [ 1.0, 3.0, 1.5, 4.0 ], "rotation": 90 }
					}
				}
			]
		}
	]}