{
	"code": "soapbar",
	"creativeinventory": {
		"general": [ "*" ],
		"soaplyeandbloom": [ "*" ]
	},
	"behaviors": [
		{
			"name": "GroundStorable",
			"properties": {
				"layout": "Stacking",
				"placeRemoveSound": "game:block/planks",
				"stackingModel": "block/soappile",
				"modelItemsToStackSizeRatio": 1,
				"upSolid": true,
				"stackingCapacity": 72,
				"transferQuantity": 4,
				"bulkTransferQuantity": 18,
				"collisionBox": { "x1": 0, "y1": 0, "z1": 0, "x2": 1, "y2": 0.25, "z2": 1 },
				"cbScaleYByLayer": 0.055
			}
		}
	],
	"attributes": {
		"displaycaseable": true,
		"shelvable": true
	},
	"maxstacksize": 32,
	"materialDensity": 1200,
	"variantgroups": [
		{
			"code": "scent",
			"states": [ "lye", "honey", "chamomile", "hibiscus", "lavender", "calendula", "mint" ]
		}
	],
	"shape": {
		"base": "game:item/stone"
	},
	"texturesByType": {
		"*-calendula": {
			"material": { "base": "game:block/food/pie/fill-peach" }
		},
		"*": {
			"material": { "base": "item/resource/{scent}soap" }
		}
	},
	"guiTransform": {
		"translation": { "x": 2, "y": 1, "z": 0 },
		"rotation": { "x": 150, "y": -38, "z": 0 },
		"origin": { "x": 0.5, "y": 0.1, "z": 0.5 },
		"scale": 2.8
	},
	"groundTransform": {
		"translation": { "x": 0, "y": 0, "z": 0 },
		"rotation": { "x": 0, "y": 0, "z": 0 },
		"origin": { "x": 0.5, "y": 0.0, "z": 0.5 },
		"scale": 4.5
	},
	"fpHandTransform": {
		"translation": { "x": 0.05, "y": 0.2, "z": 0 },
		"rotation": { "x": 94, "y": 95, "z": -21 },
		"origin": { "x": 0.5, "y": 0.1, "z": 0.5 },
		"scale": 1.78
	},
	"tpHandTransform": {
		"translation": { "x": -0.7, "y": -0.12, "z": -0.7 },
		"rotation": { "x": -44, "y": 7, "z": -9 },
		"origin": { "x": 0.5, "y": 0.1, "z": 0.5 },
		"scale": 0.7
	}
}