[
  {
    "name": "tackblanketc1",
    "ingredientPattern": "KCL",
    "ingredients": {
      "K": {
        "type": "item",
        "code": "game:sewingkit",
        "isTool": true
      },
      "C": {
        "type": "item",
        "code": "tackblanket-cloth-colored-*",
        "name": "color",
        "allowedVariants": [ "black", "blue", "brown", "gray", "green", "orange", "pink", "normal", "purple", "red", "white", "yellow" ],
        "quantity": 1
      },
      "L": {
        "type": "item",
        "code": "game:leather-normal-*",
        "name": "lining",
        "allowedVariants": [ "plain" ],
        "quantity": 1
      }
    },
    "width": 3,
    "height": 1,
    "recipeGroup": 2,
    "shapeless": true,
    "output": {
      "type": "item",
      "code": "tackblanket-cloth-brown-{color}",
      "quantity": 1
    }
  },
  {
    "name": "tackblanketc2",
    "ingredientPattern": "KCL",
    "ingredients": {
      "K": {
        "type": "item",
        "code": "game:sewingkit",
        "isTool": true
      },
      "C": {
        "type": "item",
        "code": "tackblanket-cloth-colored-*",
        "name": "color",
        "allowedVariants": [ "black", "blue", "brown", "gray", "green", "orange", "pink", "normal", "purple", "red", "white", "yellow" ],
        "quantity": 1
      },
      "L": {
        "type": "item",
        "code": "game:leather-normal-*",
        "name": "lining",
        "allowedVariants": [ "black" ],
        "quantity": 1
      }
    },
    "width": 3,
    "height": 1,
    "recipeGroup": 2,
    "shapeless": true,
    "output": {
      "type": "item",
      "code": "tackblanket-cloth-{lining}-{color}",
      "quantity": 1
    }
  },
    {
    "name": "tackblanketc2b",
    "ingredientPattern": "KCL",
    "ingredients": {
      "K": {
        "type": "item",
        "code": "game:sewingkit",
        "isTool": true
      },
      "C": {
        "type": "item",
        "code": "tackblanket-cloth-colored-*",
        "name": "color",
        "allowedVariants": [ "black", "blue", "brown", "gray", "green", "orange", "pink", "normal", "purple", "red", "white", "yellow" ],
        "quantity": 1
      },
      "L": {
        "type": "item",
        "code": "game:leather-normal-*",
        "name": "lining",
        "allowedVariants": ["white" ],
        "quantity": 1
      }
    },
    "width": 3,
    "height": 1,
    "recipeGroup": 2,
    "shapeless": true,
    "output": {
      "type": "item",
      "code": "tackblanket-cloth-{lining}-{color}",
      "quantity": 1
    }
  },
  {
    "name": "tackblanketl1",
    "ingredientPattern": "KCL",
    "ingredients": {
      "K": {
        "type": "item",
        "code": "game:sewingkit",
        "isTool": true
      },
      "C": {
        "type": "item",
        "code": "tackblanket-linen-colored-*",
        "name": "color",
        "allowedVariants": [ "black", "blue", "brown", "gray", "green", "orange", "pink", "normal", "purple", "red", "white", "yellow" ],
        "quantity": 1
      },
      "L": {
        "type": "item",
        "code": "game:leather-normal-*",
        "name": "lining",
        "allowedVariants": [ "plain" ],
        "quantity": 1
      }
    },
    "width": 3,
    "height": 1,
    "recipeGroup": 2,
    "shapeless": true,
    "output": {
      "type": "item",
      "code": "tackblanket-linen-brown-{color}",
      "quantity": 1
    }
  },
    {
    "name": "tackblanketl2",
    "ingredientPattern": "KCL",
    "ingredients": {
      "K": {
        "type": "item",
        "code": "game:sewingkit",
        "isTool": true
      },
      "C": {
        "type": "item",
        "code": "tackblanket-linen-colored-*",
        "name": "color",
        "allowedVariants": [ "black", "blue", "brown", "gray", "green", "orange", "pink", "normal", "purple", "red", "white", "yellow" ],
        "quantity": 1
      },
      "L": {
        "type": "item",
        "code": "game:leather-normal-*",
        "name": "lining",
        "allowedVariants": [ "black" ],
        "quantity": 1
      }
    },
    "width": 3,
    "height": 1,
    "recipeGroup": 2,
    "shapeless": true,
    "output": {
      "type": "item",
      "code": "tackblanket-linen-{lining}-{color}",
      "quantity": 1
    }
  },
    {
    "name": "tackblanketl2b",
    "ingredientPattern": "KCL",
    "ingredients": {
      "K": {
        "type": "item",
        "code": "game:sewingkit",
        "isTool": true
      },
      "C": {
        "type": "item",
        "code": "tackblanket-linen-colored-*",
        "name": "color",
        "allowedVariants": [ "black", "blue", "brown", "gray", "green", "orange", "pink", "normal", "purple", "red", "white", "yellow" ],
        "quantity": 1
      },
      "L": {
        "type": "item",
        "code": "game:leather-normal-*",
        "name": "lining",
        "allowedVariants": ["white" ],
        "quantity": 1
      }
    },
    "width": 3,
    "height": 1,
    "recipeGroup": 2,
    "shapeless": true,
    "output": {
      "type": "item",
      "code": "tackblanket-linen-{lining}-{color}",
      "quantity": 1
    }
  }
]