[
  {
    "name": "tackblanket1",
    "ingredientPattern": "KC_,CCC",
    "ingredients": {
      "K": {
        "type": "item",
        "code": "game:knife-*",
        "isTool": true
      },
      "C": {
        "type": "item",
        "code": "game:cloth-*",
        "name": "color",
        "allowedVariants": [ "black", "blue", "brown", "gray", "green", "orange", "pink", "purple", "red", "white", "yellow" ],
        "quantity": 1
      }
    },
    "width": 3,
    "height": 2,
    "output": {
      "type": "item",
      "code": "tackblanket-cloth-colored-{color}",
      "quantity": 1
    }
  },  
  {
    "name": "tackblanket2",
    "ingredientPattern": "KL_,CCC",
    "ingredients": {
      "K": {
        "type": "item",
        "code": "game:knife-*",
        "isTool": true
      },
      "C": {
        "type": "item",
        "code": "game:cloth-*",
        "name": "color",
        "allowedVariants": [ "black", "blue", "brown", "gray", "green", "orange", "pink", "purple", "red", "white", "yellow" ],
        "quantity": 1
      },
      "L": {
        "type": "item",
        "code": "game:leather-normal-*",
        "name": "lining",
        "allowedVariants": [ "black","white" ],
        "quantity": 1
      }
    },
    "width": 3,
    "height": 2,
    "output": {
      "type": "item",
      "code": "tackblanket-cloth-{lining}-{color}",
      "quantity": 1
    }
  },  
  {
    "name": "tackblanket3",
    "ingredientPattern": "KL_,CCC",
    "ingredients": {
      "K": {
        "type": "item",
        "code": "game:knife-*",
        "isTool": true
      },
      "C": {
        "type": "item",
        "code": "game:cloth-*",
        "name": "color",
        "allowedVariants": [ "black", "blue", "brown", "gray", "green", "orange", "pink", "purple", "red", "white", "yellow" ],
        "quantity": 1
      },
      "L": {
        "type": "item",
        "code": "game:leather-normal-*",
        "name": "lining",
        "allowedVariants": [ "plain" ],
        "quantity": 1
      }
    },
    "width": 3,
    "height": 2,
    "output": {
      "type": "item",
      "code": "tackblanket-cloth-brown-{color}",
      "quantity": 1
    }
  },
    {
    "name": "tackblanket4",
    "ingredientPattern": "KC_,CCC",
    "ingredients": {
      "K": {
        "type": "item",
        "code": "game:knife-*",
        "isTool": true
      },
      "C": {
        "type": "block",
        "code": "game:linen-*-down",
        "name": "color",
        "allowedVariants": [ "normal"],
        "quantity": 1
      }
    },
    "width": 3,
    "height": 2,
    "output": {
      "type": "item",
      "code": "tackblanket-linen-colored-normal",
      "quantity": 1
    }
  },  
  {
    "name": "tackblanket5",
    "ingredientPattern": "KL_,CCC",
    "ingredients": {
      "K": {
        "type": "item",
        "code": "game:knife-*",
        "isTool": true
      },
      "C": {
        "type": "block",
        "code": "game:linen-*-down",
        "name": "color",
        "allowedVariants": [ "normal"],
        "quantity": 1
      },
      "L": {
        "type": "item",
        "code": "game:leather-normal-*",
        "name": "lining",
        "allowedVariants": [ "black","white" ],
        "quantity": 1
      }
    },
    "width": 3,
    "height": 2,
    "output": {
      "type": "item",
      "code": "tackblanket-linen-{lining}-normal",
      "quantity": 1
    }
  },  
  {
    "name": "tackblanket6",
    "ingredientPattern": "KL_,CCC",
    "ingredients": {
      "K": {
        "type": "item",
        "code": "game:knife-*",
        "isTool": true
      },
      "C": {
        "type": "block",
        "code": "linen-*-down",
        "name": "color",
        "allowedVariants": [ "black", "blue", "brown", "gray", "green", "orange", "pink", "normal", "purple", "red", "white", "yellow" ],
        "quantity": 1
      },
      "L": {
        "type": "item",
        "code": "game:leather-normal-*",
        "name": "lining",
        "allowedVariants": [ "plain" ],
        "quantity": 1
      }
    },
    "width": 3,
    "height": 2,
    "output": {
      "type": "item",
      "code": "tackblanket-linen-brown-{color}",
      "quantity": 1
    }
  },
    {
    "name": "tackblanket7",
    "ingredientPattern": "KC_,CCC",
    "ingredients": {
      "K": {
        "type": "item",
        "code": "game:knife-*",
        "isTool": true
      },
      "C": {
        "type": "item",
        "code": "game:cloth-plain",
        "quantity": 1
      }
    },
    "width": 3,
    "height": 2,
    "output": {
      "type": "item",
      "code": "tackblanket-cloth-colored-normal",
      "quantity": 1
    }
  },  
  {
    "name": "tackblanket8",
    "ingredientPattern": "KL_,CCC",
    "ingredients": {
      "K": {
        "type": "item",
        "code": "game:knife-*",
        "isTool": true
      },
      "C": {
        "type": "item",
        "code": "game:cloth-plain",
        "quantity": 1
      },
      "L": {
        "type": "item",
        "code": "game:leather-normal-*",
        "name": "lining",
        "allowedVariants": [ "black","white" ],
        "quantity": 1
      }
    },
    "width": 3,
    "height": 2,
    "output": {
      "type": "item",
      "code": "tackblanket-cloth-{lining}-normal",
      "quantity": 1
    }
  },  
  {
    "name": "tackblanket9",
    "ingredientPattern": "KL_,CCC",
    "ingredients": {
      "K": {
        "type": "item",
        "code": "game:knife-*",
        "isTool": true
      },
      "C": {
        "type": "item",
        "code": "game:cloth-plain",
        "quantity": 1
      },
      "L": {
        "type": "item",
        "code": "game:leather-normal-*",
        "name": "lining",
        "allowedVariants": [ "plain" ],
        "quantity": 1
      }
    },
    "width": 3,
    "height": 2,
    "output": {
      "type": "item",
      "code": "tackblanket-cloth-brown-normal",
      "quantity": 1
    }
  }
]