[
  {
    "ingredientPattern": "_R_,R_R",
    "ingredients": {
      "R": {
        "type": "item",
        "code": "game:rope"
      }
    },
    "name": "liberty",
    "width": 3,
    "height": 2,
    "output": {
      "type": "item",
      "code": "tackbridle-hold-liberty",
      "quantity": 1
    }
  },
  {
    "ingredientPattern": "RRR,R_R,R_R",
    "ingredients": {
      "R": {
        "type": "item",
        "code": "game:rope"
      }
    },
    "name": "rope",
    "width": 3,
    "height": 3,
    "output": {
      "type": "item",
      "code": "tackbridle-hold-rope",
      "quantity": 1
    }
  },
    {
    "ingredientPattern": "RSR,R_R,R_R",
    "ingredients": {
      "R": {
        "type": "item",
        "code": "game:rope"
      },
      "S": { "type": "item", "code": "game:cloth-plain"}
    },
    "name": "rope",
    "width": 3,
    "height": 3,
    "output": {
      "type": "item",
      "code": "tackbridle-hold-war",
      "quantity": 1
    }
  },
  {
    "ingredientPattern": "KLL,LCL,LLL",
    "ingredients": {
      "K": {
        "type": "item",
        "code": "game:knife-*",
        "isTool": true
      },
      "L": {
        "type": "item",
        "code": "game:leather-normal-plain",
        "quantity": 1
      },
      "C": {
        "type": "item",
        "code": "game:cloth-plain",
        "quantity": 1
      }
    },
    "name": "bosal1",
    "width": 3,
    "height": 3,
    "output": {
      "type": "item",
      "code": "tackbridle-hold-bosal2",
      "quantity": 1
    }
  },
  {
    "ingredientPattern": "KLL,LCL,LLL",
    "ingredients": {
      "K": {
        "type": "item",
        "code": "game:knife-*",
        "isTool": true
      },
      "L": {
        "type": "item",
        "code": "game:leather-normal-plain",
        "quantity": 1
      },
      "C": {
        "type": "item",
        "code": "game:cloth-black",
        "quantity": 1
      }
    },
    "name": "bosal2",
    "width": 3,
    "height": 3,
    "output": {
      "type": "item",
      "code": "tackbridle-hold-bosal1",
      "quantity": 1
    }
  },
  {
    "ingredientPattern": "KLL,LNL,LLL",
    "ingredients": {
      "K": {
        "type": "item",
        "code": "game:knife-*",
        "isTool": true
      },
      "L": {
        "type": "item",
        "code": "game:leather-normal-plain",
        "quantity": 1
      },
      "N": {
        "type": "item",
        "code": "game:metalnailsandstrips-*",
        "quantity": 2
      }
    },
    "name": "rope",
    "width": 3,
    "height": 3,
    "output": {
      "type": "item",
      "code": "tackbridle-hold-english",
      "quantity": 1
    }
  },
  {
    "ingredientPattern": "KLC,LNL,LLL",
    "ingredients": {
      "K": {
        "type": "item",
        "code": "game:knife-*",
        "isTool": true
      },
      "L": {
        "type": "item",
        "code": "game:leather-normal-plain",
        "quantity": 1
      },
      "N": {
        "type": "item",
        "code": "game:metalnailsandstrips-*",
        "quantity": 2
      },
       "C": {
        "type": "item",
        "code": "game:cloth-plain",
        "quantity": 1
      }
    },
    "name": "ornate",
    "width": 3,
    "height": 3,
    "output": {
      "type": "item",
      "code": "tackbridle-hold-ornate",
      "quantity": 1
    }
  }
]
