[
  {
    "ingredientPattern": "B",
    "ingredients": {
      "B": {
        "type": "item",
        "code": "tackbridle-hold-*",
        "name": "style"
      }
    },
    "name": "bridlecontrolconv1",
    "width": 1,
    "height": 1,
    "RecipeGroup": 2,
    "shapeless": true,
    "output": {
      "type": "item",
      "code": "tackbridle-press-{style}",
      "quantity": 1
    }
  },
  {
    "ingredientPattern": "B",
    "ingredients": {
      "B": {
        "type": "item",
        "code": "tackbridle-press-*",
        "name": "style"
      }
    },
    "name": "bridlecontrolconv2",
    "width": 1,
    "height": 1,
    "RecipeGroup": 3,
    "shapeless": true,
    "output": {
      "type": "item",
      "code": "tackbridle-hold-{style}",
      "quantity": 1
    }
  }
]
