[
  {
    "enabled": false,
    "ingredientPattern": "CKC",
    "ingredients": {
      "K": {
        "type": "item",
        "code": "game:knife-*",
        "isTool": true
      },
      "C": {
        "type": "item",
        "code": "game:cloth-*",
        "name": "color",
        "allowedVariants": [ "black", "blue", "brown", "gray", "green", "orange", "pink", "normal", "purple", "red", "white", "yellow" ],
        "quantity": 1
      }
    },
    "name": "caparison",
    "width": 3,
    "height": 1,
    "output": {
      "type": "item",
      "code": "caparison-split-{color}",
      "quantity": 1
    }
  },
  {
    "enabled": false,
    "ingredientPattern": "CK",
    "ingredients": {
      "K": {
        "type": "item",
        "code": "game:knife-*",
        "isTool": true
      },
      "C": {
        "type": "item",
        "code": "caparison-split-*",
        "name": "color",
        "allowedVariants": [ "black", "blue", "brown", "gray", "green", "orange", "pink", "purple", "red", "white", "yellow" ],
        "quantity": 1
      }
    },
    "name": "caparisonback",
    "width": 2,
    "height": 1,
    "output": {
      "type": "item",
      "code": "game:cloth-{color}",
      "quantity": 2
    }
  },
  {
    "enabled": false,
    "ingredientPattern": "CK",
    "ingredients": {
      "K": {
        "type": "item",
        "code": "game:knife-*",
        "isTool": true
      },
      "C": {
        "type": "item",
        "code": "caparison-split-normal",
        "quantity": 1
      }
    },
    "name": "caparisonback",
    "width": 2,
    "height": 1,
    "output": {
      "type": "item",
      "code": "game:cloth-plain",
      "quantity": 2
    }
  }
]