[
		{
		"ingredientPattern": "K__,LPL,LRL",
		"ingredients": {
			"K": { "type": "item", "code": "game:knife-*", "isTool": true  },
			"P": { "type": "item", "code": "game:plank-*", "quantity":3},
			"L": { "type": "item", "code": "game:hide-raw-large", "quantity":1},
			"R": { "type": "item", "code": "game:rope", "quantity":2}
		},
		"name": "ancientsaddle1",
		"width": 3,
		"height": 3,
		"RecipeGroup": 1,
		"output": {
			"type": "item",
			"code": "tacksaddle-ancient-plain",
			"quantity": 1
		}
	},		
		{
		"ingredientPattern": "K__,LPL,LRL",
		"ingredients": {
			"K": { "type": "item", "code": "game:knife-*", "isTool": true  },
			"P": { "type": "item", "code": "game:plank-*", "quantity":3},
			"L": { "type": "item", "code": "game:hide-raw-medium", "quantity":2},
			"R": { "type": "item", "code": "game:rope", "quantity":2}
		},
		"name": "ancientsaddle2",
		"width": 3,
		"height": 3,
		"RecipeGroup": 4,
		"output": {
			"type": "item",
			"code": "tacksaddle-ancient-plain",
			"quantity": 1
		}
	},		
		{
		"ingredientPattern": "K__,LPL,LRL",
		"ingredients": {
			"K": { "type": "item", "code": "game:knife-*", "isTool": true  },
			"P": { "type": "item", "code": "game:plank-*", "quantity":3},
			"L": { "type": "item", "code": "game:hide-raw-small", "quantity":4},
			"R": { "type": "item", "code": "game:rope", "quantity":2}
		},
		"name": "ancientsaddle3",
		"width": 3,
		"height": 3,
		"RecipeGroup": 3,
		"output": {
			"type": "item",
			"code": "tacksaddle-ancient-plain",
			"quantity": 1
		}
	},
	{
		"ingredientPattern": "K_N,LPL,LLL",
		"ingredients": {
			"K": { "type": "item", "code": "game:knife-*", "isTool": true  },
			"P": { "type": "item", "code": "game:plank-*", "quantity":3},
			"L": { "type": "item", "code": "game:leather-normal-plain", "quantity":3},
			"N": { "type": "item", "code": "game:metalnailsandstrips-*", "quantity":2}
		},
		"name": "westernsaddle",
		"width": 3,
		"height": 3,
		"output": {
			"type": "item",
			"code": "tacksaddle-western-plain",
			"quantity": 1
		}
	},
	{
		"ingredientPattern": "KSN,LPL,_I_",
		"ingredients": {
			"K": { "type": "item", "code": "game:knife-*", "isTool": true  },
			"P": { "type": "item", "code": "game:plank-*", "quantity":3},
			"L": { "type": "item", "code": "game:leather-normal-plain", "quantity":5},
			"I": { "type": "block", "code": "game:linen-normal-down", "quantity":5},
			"N": { "type": "item", "code": "game:metalnailsandstrips-*", "quantity":4},
			"S": { "type": "item", "code": "game:sewingkit"}
		},
		"name": "ornatesaddle",
		"width": 3,
		"height": 3,
		"output": {
			"type": "item",
			"code": "tacksaddle-ornate-plain",
			"quantity": 1
		}
	}
]
