[
  {
    "code": "saddlewesternuncolor",
    "ingredientPattern": "TK",
    "ingredients": {
      "T": {
        "type": "item",
        "code": "tacksaddle-western-*",
        "name": "color"
      },
      "K": {
        "type": "item",
        "code": "game:knife-generic*",
        "IsTool": true
      }
    },
    "width": 1,
    "height": 2,
    "recipeGroup": 2,
    "shapeless": true,
    "output": {
      "type": "item",
      "code": "tacksaddle-western-plain"
    }
  },
  {
    "code": "saddleornateuncolor",
    "ingredientPattern": "TK",
    "ingredients": {
      "T": {
        "type": "item",
        "code": "tacksaddle-ornate-*",
        "name": "color"
      },
      "K": {
        "type": "item",
        "code": "game:knife-generic*",
        "IsTool": true
      }
    },
    "width": 1,
    "height": 2,
    "recipeGroup": 2,
    "shapeless": true,
    "output": {
      "type": "item",
      "code": "tacksaddle-ornate-plain"
    }
  },
  {
    "code": "saddleancientuncolor",
    "ingredientPattern": "TK",
    "ingredients": {
      "T": {
        "type": "item",
        "code": "tacksaddle-ancient-*",
        "name": "color"
      },
      "K": {
        "type": "item",
        "code": "game:knife-generic*",
        "IsTool": true
      }
    },
    "width": 1,
    "height": 2,
    "recipeGroup": 2,
    "shapeless": true,
    "output": {
      "type": "item",
      "code": "tacksaddle-ancient-plain"
    }
  },
    {
    "name": "blanketscraped1",
    "ingredientPattern": "KC",
    "ingredients": {
      "C": {
        "type": "item",
        "code": "tackblanket-cloth-colored-*",
        "name": "color",
        "allowedVariants": [ "black", "blue", "brown", "gray", "green", "orange", "pink", "purple", "red", "white", "yellow" ],
        "quantity": 1
      },
      "K": {
        "type": "item",
        "code": "game:knife-generic*",
        "IsTool": true
      }
    },
    "width": 2,
    "height": 1,
    "recipeGroup": 3,
    "shapeless": true,
    "output": {
      "type": "item",
      "code": "tackblanket-cloth-colored-normal",
      "quantity": 1
    }
  },
    {
    "name": "blanketscraped2",
    "ingredientPattern": "KC",
    "ingredients": {
      "C": {
        "type": "item",
        "code": "tackblanket-cloth-white-*",
        "name": "color",
        "allowedVariants": [ "black", "blue", "brown", "gray", "green", "orange", "pink", "purple", "red", "white", "yellow" ],
        "quantity": 1
      },
      "K": {
        "type": "item",
        "code": "game:knife-generic*",
        "IsTool": true
      }
    },
    "width": 2,
    "height": 1,
    "recipeGroup": 3,
    "shapeless": true,
    "output": {
      "type": "item",
      "code": "tackblanket-cloth-white-normal",
      "quantity": 1
    }
  },
    {
    "name": "blanketscraped3",
    "ingredientPattern": "KC",
    "ingredients": {
      "C": {
        "type": "item",
        "code": "tackblanket-cloth-brown-*",
        "name": "color",
        "allowedVariants": [ "black", "blue", "brown", "gray", "green", "orange", "pink", "purple", "red", "white", "yellow" ],
        "quantity": 1
      },
      "K": {
        "type": "item",
        "code": "game:knife-generic*",
        "IsTool": true
      }
    },
    "width": 2,
    "height": 1,
    "recipeGroup": 3,
    "shapeless": true,
    "output": {
      "type": "item",
      "code": "tackblanket-cloth-brown-normal",
      "quantity": 1
    }
  },
    {
    "name": "blanketscraped4",
    "ingredientPattern": "KC",
    "ingredients": {
      "C": {
        "type": "item",
        "code": "tackblanket-cloth-black-*",
        "name": "color",
        "allowedVariants": [ "black", "blue", "brown", "gray", "green", "orange", "pink", "purple", "red", "white", "yellow" ],
        "quantity": 1
      },
      "K": {
        "type": "item",
        "code": "game:knife-generic*",
        "IsTool": true
      }
    },
    "width": 2,
    "height": 1,
    "recipeGroup": 3,
    "shapeless": true,
    "output": {
      "type": "item",
      "code": "tackblanket-cloth-black-normal",
      "quantity": 1
    }
  },
    {
    "name": "blanketscraped5",
    "ingredientPattern": "KC",
    "ingredients": {
      "C": {
        "type": "item",
        "code": "tackblanket-linen-colored-*",
        "name": "color",
        "allowedVariants": [ "black", "blue", "brown", "gray", "green", "orange", "pink", "purple", "red", "white", "yellow" ],
        "quantity": 1
      },
      "K": {
        "type": "item",
        "code": "game:knife-generic*",
        "IsTool": true
      }
    },
    "width": 2,
    "height": 1,
    "recipeGroup": 3,
    "shapeless": true,
    "output": {
      "type": "item",
      "code": "tackblanket-linen-colored-normal",
      "quantity": 1
    }
  },
    {
    "name": "blanketscraped6",
    "ingredientPattern": "KC",
    "ingredients": {
      "C": {
        "type": "item",
        "code": "tackblanket-linen-white-*",
        "name": "color",
        "allowedVariants": [ "black", "blue", "brown", "gray", "green", "orange", "pink", "purple", "red", "white", "yellow" ],
        "quantity": 1
      },
      "K": {
        "type": "item",
        "code": "game:knife-generic*",
        "IsTool": true
      }
    },
    "width": 2,
    "height": 1,
    "recipeGroup": 3,
    "shapeless": true,
    "output": {
      "type": "item",
      "code": "tackblanket-linen-white-normal",
      "quantity": 1
    }
  },
    {
    "name": "blanketscraped7",
    "ingredientPattern": "KC",
    "ingredients": {
      "C": {
        "type": "item",
        "code": "tackblanket-linen-brown-*",
        "name": "color",
        "allowedVariants": [ "black", "blue", "brown", "gray", "green", "orange", "pink", "purple", "red", "white", "yellow" ],
        "quantity": 1
      },
      "K": {
        "type": "item",
        "code": "game:knife-generic*",
        "IsTool": true
      }
    },
    "width": 2,
    "height": 1,
    "recipeGroup": 3,
    "shapeless": true,
    "output": {
      "type": "item",
      "code": "tackblanket-linen-brown-normal",
      "quantity": 1
    }
  },
    {
    "name": "blanketscraped8",
    "ingredientPattern": "KC",
    "ingredients": {
      "C": {
        "type": "item",
        "code": "tackblanket-linen-black-*",
        "name": "color",
        "allowedVariants": [ "black", "blue", "brown", "gray", "green", "orange", "pink", "purple", "red", "white", "yellow" ],
        "quantity": 1
      },
      "K": {
        "type": "item",
        "code": "game:knife-generic*",
        "IsTool": true
      }
    },
    "width": 2,
    "height": 1,
    "recipeGroup": 3,
    "shapeless": true,
    "output": {
      "type": "item",
      "code": "tackblanket-linen-black-normal",
      "quantity": 1
    }
  }
]