[
    {
        "code": "honey",
        "sealHours": 0,
        "ingredients": [
            { "type": "item", "code": "soapportion-*", "name": "scent", "litres": 0.25, "consumeLitres": 0.25, "allowedVariants": [ "chamomile", "lavender", "calendula" ] },
            { "type": "item", "code": "game:poultice-linen-honey-sulfur", "quantity": 1 }
        ],
        "output": { "type": "item", "code": "poultice-{scent}-linen-honey-sulfur", "quantity": 1
        }
    },
    {
        "code": "horsetail",
        "sealHours": 0,
        "ingredients": [
            { "type": "item", "code": "soapportion-*", "name": "scent", "litres": 0.25, "consumeLitres": 0.25, "allowedVariants": [ "chamomile", "lavender", "calendula" ] },
            { "type": "item", "code": "game:poultice-linen-horsetail", "quantity": 1 }
        ],
        "output": { "type": "item", "code": "poultice-{scent}-linen-horsetail", "quantity": 1
        }
    }
]