﻿[
	{
	"code": "soapbar",
	"sealHours": 24,
	"ingredients": [
		{ "type": "item", "code": "lyeportion", "litres": 2, "consumeLitres": 2 },
		{ "type": "item", "code": "game:fat", "quantity": 1 }
	],
		"output": { "type": "item", "code": "soapbar-lye", "quantity": 2 }
	},
	{
	"code": "soapbar2",
	"sealHours": 12,
	"ingredients": [
		{ "type": "item", "code": "lyeportion", "litres": 2, "consumeLitres": 2 },
		{ "type": "item", "code": "shea-butter", "quantity": 2 }
	],
		"output": { "type": "item", "code": "soapbar-lye", "quantity": 2 }
	},
	{
	"code": "soapportion",
	"sealHours": 1,
	"ingredients": [
		{ "type": "item", "code": "game:waterportion", "litres": 1 },
		{ "type": "item", "code": "soapbar-lye", "quantity": 1 }
	],
		"output": { "type": "item", "code": "soapportion-lye", "litres": 1 }
	},
	{
	"code": "scentedsoapbar",
	"sealHours": 24,
	"ingredients": [
		{ "type": "item", "code": "oil-*", "name": "scent", "litres": 0.5, "consumeLitres": 0.5, "allowedVariants": [ "chamomile", "hibiscus", "lavender", "calendula", "mint" ] },
		{ "type": "item", "code": "soapbar-lye", "quantity": 1 }
	],
		"output": { "type": "item", "code": "soapbar-{scent}", "quantity": 1 }
	},
	{
	"code": "scentedsoapportion",
	"sealHours": 1,
	"ingredients": [
		{ "type": "item", "code": "game:waterportion", "litres": 1 },
		{ "type": "item", "code": "soapbar-*", "name": "scent", "quantity": 1, "allowedVariants": [ "chamomile", "hibiscus", "lavender", "calendula", "mint" ] }
	],
		"output": { "type": "item", "code": "soapportion-{scent}", "litres": 1 }
	},
	{
	"code": "scentedsoapportionlye",
	"sealHours": 16,
	"ingredients": [
		{ "type": "item", "code": "soapportion-lye", "litres": 1 },
		{ "type": "item", "code": "herb-*-fresh", "name": "scent", "quantity": 4, "allowedVariants": [ "chamomile", "hibiscus", "lavender", "calendula", "mint" ] }
	],
		"output": { "type": "item", "code": "soapportion-{scent}", "litres": 1 }
	},
	{
	"code": "honeysoapportion",
	"sealHours": 2,
	"ingredients": [
		{ "type": "item", "code": "soapportion-lye", "litres": 1 },
		{ "type": "item", "code": "game:honeycomb", "quantity": 2 }
	],
		"output": { "type": "item", "code": "soapportion-honey", "litres": 1 }
	},
	{
	"code": "honeysoapportion2",
	"sealHours": 2,
	"ingredients": [
		{ "type": "item", "code": "game:waterportion", "litres": 1 },
		{ "type": "item", "code": "soapbar-honey", "quantity": 1 }
	],
		"output": { "type": "item", "code": "soapportion-honey", "litres": 1 }
	},
	{
	"code": "honeysoapbar",
	"sealHours": 24,
	"ingredients": [
		{ "type": "item", "code": "game:honeyportion", "litres": 0.4, "consumeLitres": 0.4 },
		{ "type": "item", "code": "soapbar-lye", "quantity": 1 }
	],
		"output": { "type": "item", "code": "soapbar-honey", "quantity": 1 }
	},


	{
	"code": "removemordant",
	"sealHours": 24,
	"ingredients": [
		{ "type": "item", "code": "soapportion-lye", "litres": 2, "consumeLitres": 2 },
		{ "type": "item", "code": "game:cloth-mordant", "quantity": 1 }
	],
		"output": { "type": "item", "code": "game:cloth-plain", "quantity": 1 }
	},
	{
	"code": "removemordant2",
	"sealHours": 12,
	"ingredients": [
		{ "type": "item", "code": "soapportion-*", "name": "scents", "litres": 1, "consumeLitres": 1, "skipVariants": [ "lye" ] },
		{ "type": "item", "code": "game:cloth-mordant", "quantity": 1 }
	],
		"output": { "type": "item", "code": "game:cloth-plain", "quantity": 1 }
	},

	{
	"code": "removedyecloth",
	"sealHours": 24,
	"ingredients": [
		{ "type": "item", "code": "soapportion-lye", "litres": 2, "consumeLitres": 2 },
		{ "type": "item", "code": "game:cloth-*", "name": "color", "skipVariants": [ "mordant", "plain" ] }
	],
		"output": { "type": "item", "code": "game:cloth-mordant", "quantity": 1 }
	},
	{
	"code": "removedyecloth2",
	"sealHours": 12,
	"ingredients": [
		{ "type": "item", "code": "soapportion-*", "name": "scent", "litres": 1, "consumeLitres": 1, "skipVariants": [ "lye" ] },
		{ "type": "item", "code": "game:cloth-*", "name": "color", "skipVariants": [ "mordant", "plain" ] }
	],
		"output": { "type": "item", "code": "game:cloth-mordant", "quantity": 1 }
	},

	{
	"code": "removedyeleather",
	"sealHours": 24,
	"ingredients": [
		{ "type": "item", "code": "soapportion-lye", "litres": 4, "consumeLitres": 4 },
		{ "type": "item", "code": "game:leather-normal-*", "name": "color", "skipVariants": [ "mordant", "plain" ] }
	],
		"output": { "type": "item", "code": "game:leather-normal-plain", "quantity": 1 }
	},
	{
	"code": "removedyeleather2",
	"sealHours": 12,
	"ingredients": [
		{ "type": "item", "code": "soapportion-*", "name": "scent", "litres": 2, "consumeLitres": 2, "skipVariants": [ "lye" ] },
		{ "type": "item", "code": "game:leather-normal-*", "name": "color", "skipVariants": [ "mordant", "plain" ] }
	],
		"output": { "type": "item", "code": "game:leather-normal-plain", "quantity": 1 }
	},


	{
	"code": "cleanpot",
	"sealHours": 12,
	"ingredients": [
		{ "type": "item", "code": "soapportion-lye", "litres": 5, "consumeLitres": 5 },
		{ "type": "block", "code": "game:dirtyclaypot-*-empty", "name": "color" }
	],
		"output": { "type": "block", "code": "game:claypot-{color}-fired", "quantity": 1 }
	},
	{
	"code": "cleanpot2",
	"sealHours": 12,
	"ingredients": [
		{ "type": "item", "code": "soapportion-*", "name": "scent", "litres": 2.5, "consumeLitres": 2.5, "skipVariants": [ "lye" ] },
		{ "type": "block", "code": "game:dirtyclaypot-*-empty", "name": "color" }
	],
		"output": { "type": "block", "code": "game:claypot-{color}-fired", "quantity": 1 }
	}
]
