{
	"code": "causticpotashportion",
	"class": "ItemLiquidPortion",
	"matterState": "liquid",
	"attributes": {
		"handbook": { "ignoreCreativeInvStacks": true },
		"waterTightContainerProps": {
			"containable": true,
			"itemsPerLitre": 100,
			"texture": { "base": "game:block/liquid/slakedlime", "alpha": 100 },
			"nutritionPropsPerLitre": { "saturation": 0, "health": -20, "foodcategory": "NoNutrition" }
		},
		"allowSpill": true,
		"whenSpilled": { "action": "DropContents", "stack": { "type": "item", "code": "em:causticpotashportion" } }
	},
	"shape": { "base": "game:item/liquid" },
	"textures": {
		"all": { "base": "game:block/liquid/slakedlime", "alpha": 100 }
	},
	"creativeinventoryStacks": [ { "tabs": ["general", "liquids" ],
		"stacks": [
			{ "type": "block", "code": "game:woodbucket", "attributes": { "ucontents": [ { "type": "item", "code": "em:causticpotashportion", "makefull": true } ] } }
		] } ],
	"nutritionProps": { "saturation": 0, "health": -25, "foodcategory": "NoNutrition" },
	"maxstacksize": 16,
	"materialDensity": 250,
	"guiTransform": {
		"rotation": { "x": 123, "y": -33, "z": -13 },
		"origin": { "x": 0.5, "y": 0, "z": 0.5 },
		"scale": 1.4
	},
	"tpHandTransform": {
		"translation": { "x": -1.5, "y": -1, "z": -1.4 }
	}
}
