[
  {
    "op": "add",
    "path": "/attributes/displaycaseable",
    "value": true,
    "file": "bottomsup:blocktypes/finished/bottle1.json",
    "side": "Server"
  },
  {
    "op": "add",
    "path": "/attributes/displaycaseable",
    "value": true,
    "file": "bottomsup:blocktypes/finished/bottle2.json",
    "side": "Server"
  },
  {
    "op": "add",
    "path": "/attributes/displaycaseable",
    "value": true,
    "file": "bottomsup:blocktypes/finished/bottle3.json",
    "side": "Server"
  },
  {
    "op": "add",
    "path": "/attributes/displaycaseable",
    "value": true,
    "file": "bottomsup:blocktypes/finished/bottle4.json",
    "side": "Server"
  },
  {
    "op": "add",
    "path": "/attributes/displaycaseable",
    "value": true,
    "file": "bottomsup:blocktypes/finished/glass.json",
    "side": "Server"
  },
  {
    "op": "add",
    "path": "/attributes/displaycaseable",
    "value": true,
    "file": "bottomsup:blocktypes/raw/bottle1.json",
    "side": "Server"
  },
  {
    "op": "add",
    "path": "/attributes/displaycaseable",
    "value": true,
    "file": "bottomsup:blocktypes/raw/bottle2.json",
    "side": "Server"
  },
  {
    "op": "add",
    "path": "/attributes/displaycaseable",
    "value": true,
    "file": "bottomsup:blocktypes/raw/bottle3.json",
    "side": "Server"
  },
  {
    "op": "add",
    "path": "/attributes/displaycaseable",
    "value": true,
    "file": "bottomsup:blocktypes/raw/bottle4.json",
    "side": "Server"
  },
  {
    "op": "add",
    "path": "/attributes/displaycaseable",
    "value": true,
    "file": "bottomsup:blocktypes/raw/glass.json",
    "side": "Server"
  }
]