[
  {
    "op": "add",
    "path": "/attributes/bookshelveable",
    "value": true,
    "file": "butchering:itemtypes/resource/sinew.json",
    "side": "Server"
  },
  {
    "op": "add",
    "path": "/attributes/bookshelveable",
    "value": true,
    "file": "butchering:itemtypes/tool/needle.json",
    "side": "Server"
  },
  {
    "op": "add",
    "path": "/attributes/bookshelveable",
    "value": true,
    "file": "butchering:itemtypes/tool/butcherybag.json",
    "side": "Server"
  }

]