[
  {
    "op": "add",
    "path": "/attributes/bookshelveable",
    "value": true,
    "file": "soaplyeandbloom:itemtypes/resource/soapbar.json",
    "side": "Server"
  },
  {
    "op": "add",
    "path": "/attributes/bookshelveable",
    "value": true,
    "file": "soaplyeandbloom:itemtypes/resource/woodash.json",
    "side": "Server"
  },
  {
    "op": "add",
    "path": "/attributes/bookshelveable",
    "value": true,
    "file": "soaplyeandbloom:itemtypes/wax/candle.json",
    "side": "Server"
  } 
]