[
  {
    "op": "add",
    "path": "/attributes/bookshelveable",
    "value": true,
    "file": "toolsmith:itemtypes/whetstone.json",
    "side": "Server"
  },
  {
    "op": "add",
    "path": "/attributes/displaycaseable",
    "value": true,
    "file": "toolsmith:itemtypes/whetstone.json",
    "side": "Server"
  },
  {
    "op": "add",
    "path": "/attributes/bookshelveable",
    "value": true,
    "file": "toolsmith:itemtypes/handles/handle.json",
    "side": "Server"
  },
  {
    "op": "add",
    "path": "/attributes/displaycaseable",
    "value": true,
    "file": "toolsmith:itemtypes/handles/handle.json",
    "side": "Server"
  },
  {
    "op": "add",
    "path": "/attributes/bookshelveable",
    "value": true,
    "file": "toolsmith:itemtypes/handles/crudehandle.json",
    "side": "Server"
  },
  {
    "op": "add",
    "path": "/attributes/displaycaseable",
    "value": true,
    "file": "toolsmith:itemtypes/handles/crudehandle.json",
    "side": "Server"
  },
  {
    "op": "add",
    "path": "/attributes/bookshelveable",
    "value": true,
    "file": "toolsmith:itemtypes/handles/carpentedhandle.json",
    "side": "Server"
  },
  {
    "op": "add",
    "path": "/attributes/displaycaseable",
    "value": true,
    "file": "toolsmith:itemtypes/handles/carpentedhandle.json",
    "side": "Server"
  }
]