[
  {
    "op": "add",
    "path": "/attributes/bookshelveable",
    "value": true,
    "file": "wool:itemtypes/resource/cloth.json",
    "side": "Server"
  },
  {
    "op": "add",
    "path": "/attributes/bookshelveable",
    "value": true,
    "file": "wool:itemtypes/resource/fibers.json",
    "side": "Server"
  },
  {
    "op": "add",
    "path": "/attributes/bookshelveable",
    "value": true,
    "file": "wool:itemtypes/resource/fleece.json",
    "side": "Server"
  },
  {
    "op": "add",
    "path": "/attributes/bookshelveable",
    "value": true,
    "file": "wool:itemtypes/resource/twine.json",
    "side": "Server"
  },
  {
    "op": "add",
    "path": "/attributes/bookshelveable",
    "value": true,
    "file": "wool:itemtypes/tool/knitting_needles.json",
    "side": "Server"
  }
]