[
  /// Frames
    {
      "file": "wildcrafttree:itemtypes/resource/plank.json",
      "op": "addmerge",
      "path": "/behaviors",
      "value": [{ "name": "vsroofing.PlaceFrame", "properties": { "primary": "rafterbeam" } }]
    },
    {
		"op": "addeach",
    	"path": "/attributes/Frames/rafterbeam/Material/Code/-",
    	"file": "vsroofing:blocktypes/roof.json",
        "value": [ "wildcrafttree:plank-*" ]
    },

    /// Basic wood
    {
		  "op": "addeach",
    	"path": "/attributes/Roofs/wood-basic/Materials/0/Primary/Code/-",
    	"file": "vsroofing:blocktypes/roof.json",
        "value": [ "wildcrafttree:plank-*" ]
    },
    {
		  "op": "addmerge",
    	"path": "/attributes/Roofs/wood-basic/TexturesByMaterial/aged-side/Textures",
    	"file": "vsroofing:blocktypes/roof.json",
      "value": { 
        "cedar": "wildcrafttree:block/wood/shingles/cedar-side",
        "fir": "wildcrafttree:block/wood/shingles/fir-side",
        "spruce": "wildcrafttree:block/wood/shingles/spruce-side",
        "douglasfir": "wildcrafttree:block/wood/shingles/douglasfir-side",
        "tuja": "wildcrafttree:block/wood/shingles/tuja-side",
        "redcedar": "wildcrafttree:block/wood/shingles/redcedar-side",
        "yew": "wildcrafttree:block/wood/shingles/yew-side",
        "kauri": "wildcrafttree:block/wood/shingles/kauri-side",
        "ginkgo": "wildcrafttree:block/wood/shingles/ginkgo-side",
        "sycamore": "wildcrafttree:block/wood/shingles/sycamore-side",
        "honeylocust": "wildcrafttree:block/wood/shingles/honeylocust-side",
        "dalbergia": "wildcrafttree:block/wood/shingles/dalbergia-side",
        "umnini": "wildcrafttree:block/wood/shingles/umnini-side",
        "banyan": "wildcrafttree:block/wood/shingles/banyan-side",
        "elm": "wildcrafttree:block/wood/shingles/elm-side",
        "beech": "wildcrafttree:block/wood/shingles/beech-side",
        "bearnut": "wildcrafttree:block/wood/shingles/bearnut-side",
        "willow": "wildcrafttree:block/wood/shingles/willow-side",
        "poplar": "wildcrafttree:block/wood/shingles/poplar-side",
        "tamanu": "wildcrafttree:block/wood/shingles/tamanu-side",
        "spurgetree": "wildcrafttree:block/wood/shingles/spurgetree-side",
        "azobe": "wildcrafttree:block/wood/shingles/azobe-side",
        "guajacum": "wildcrafttree:block/wood/shingles/guajacum-side",
        "eucalyptus": "wildcrafttree:block/wood/shingles/eucalyptus-side",
        "ghostgum": "wildcrafttree:block/wood/shingles/ghostgum-side",
        "ohia": "wildcrafttree:block/wood/shingles/ohia-side",
        "satinash": "wildcrafttree:block/wood/shingles/satinash-side",
        "leadwood": "wildcrafttree:block/wood/shingles/leadwood-side",
        "bluemahoe": "wildcrafttree:block/wood/shingles/bluemahoe-side",
        "linden": "wildcrafttree:block/wood/shingles/linden-side",
        "sal": "wildcrafttree:block/wood/shingles/sal-side",
        "horsechestnut": "wildcrafttree:block/wood/shingles/horsechestnut-side",
        "tigerwood": "wildcrafttree:block/wood/shingles/tigerwood-side",
        "mahogany": "wildcrafttree:block/wood/shingles/mahogany-side",
        "sapele": "wildcrafttree:block/wood/shingles/sapele-side",
        "saxaul": "wildcrafttree:block/wood/shingles/saxaul-side",
        "ash": "wildcrafttree:block/wood/shingles/ash-side",
        "catalpa": "wildcrafttree:block/wood/shingles/catalpa-side",
        "jacaranda": "wildcrafttree:block/wood/shingles/jacaranda-side",
        "mangrove": "wildcrafttree:block/wood/shingles/mangrove-side",
        "empresstree": "wildcrafttree:block/wood/shingles/empresstree-side",
        "charred": "wildcrafttree:block/wood/shingles/charred-side",
        "chlorociboria": "wildcrafttree:block/wood/shingles/chlorociboria-side",
        "petrified": "wildcrafttree:block/wood/shingles/petrified-side", }
    },
    {
		  "op": "addmerge",
    	"path": "/attributes/Roofs/wood-basic/TexturesByMaterial/material/Textures",
    	"file": "vsroofing:blocktypes/roof.json",
      "value": {
        "cedar": "wildcrafttree:block/wood/planks/cedar1",
        "fir": "wildcrafttree:block/wood/planks/fir1",
        "spruce": "wildcrafttree:block/wood/planks/spruce1",
        "douglasfir": "wildcrafttree:block/wood/planks/douglasfir1",
        "tuja": "wildcrafttree:block/wood/planks/tuja1",
        "redcedar": "wildcrafttree:block/wood/planks/redcedar1",
        "yew": "wildcrafttree:block/wood/planks/yew1",
        "kauri": "wildcrafttree:block/wood/planks/kauri1",
        "ginkgo": "wildcrafttree:block/wood/planks/ginkgo1",
        "sycamore": "wildcrafttree:block/wood/planks/sycamore1",
        "honeylocust": "wildcrafttree:block/wood/planks/honeylocust1",
        "dalbergia": "wildcrafttree:block/wood/planks/dalbergia1",
        "umnini": "wildcrafttree:block/wood/planks/umnini1",
        "banyan": "wildcrafttree:block/wood/planks/banyan1",
        "elm": "wildcrafttree:block/wood/planks/elm1",
        "beech": "wildcrafttree:block/wood/planks/beech1",
        "bearnut": "wildcrafttree:block/wood/planks/bearnut1",
        "willow": "wildcrafttree:block/wood/planks/willow1",
        "poplar": "wildcrafttree:block/wood/planks/poplar1",
        "tamanu": "wildcrafttree:block/wood/planks/tamanu1",
        "spurgetree": "wildcrafttree:block/wood/planks/spurgetree1",
        "azobe": "wildcrafttree:block/wood/planks/azobe1",
        "guajacum": "wildcrafttree:block/wood/planks/guajacum1",
        "eucalyptus": "wildcrafttree:block/wood/planks/eucalyptus1",
        "ghostgum": "wildcrafttree:block/wood/planks/ghostgum1",
        "ohia": "wildcrafttree:block/wood/planks/ohia1",
        "satinash": "wildcrafttree:block/wood/planks/satinash1",
        "leadwood": "wildcrafttree:block/wood/planks/leadwood1",
        "bluemahoe": "wildcrafttree:block/wood/planks/bluemahoe1",
        "linden": "wildcrafttree:block/wood/planks/linden1",
        "sal": "wildcrafttree:block/wood/planks/sal1",
        "horsechestnut": "wildcrafttree:block/wood/planks/horsechestnut1",
        "tigerwood": "wildcrafttree:block/wood/planks/tigerwood1",
        "mahogany": "wildcrafttree:block/wood/planks/mahogany1",
        "sapele": "wildcrafttree:block/wood/planks/sapele1",
        "saxaul": "wildcrafttree:block/wood/planks/saxaul1",
        "ash": "wildcrafttree:block/wood/planks/ash1",
        "catalpa": "wildcrafttree:block/wood/planks/catalpa1",
        "jacaranda": "wildcrafttree:block/wood/planks/jacaranda1",
        "mangrove": "wildcrafttree:block/wood/planks/mangrove1",
        "empresstree": "wildcrafttree:block/wood/planks/empresstree1",
        "charred": "wildcrafttree:block/wood/planks/charred1",
        "chlorociboria": "wildcrafttree:block/wood/planks/chlorociboria1",
        "petrified": "wildcrafttree:block/wood/planks/petrified1"
      }
    },

    // Standard wood

    {
		  "op": "addeach",
    	"path": "/attributes/Roofs/wood/Materials/0/Primary/Code/-",
    	"file": "vsroofing:blocktypes/roof.json",
        "value": [ "wildcrafttree:plank-*" ]
    },
    {
		  "op": "addeach",
    	"path": "/attributes/Roofs/wood/Materials/1/Primary/Code/-",
    	"file": "vsroofing:blocktypes/roof.json",
        "value": [ "wildcrafttree:plank-*" ]
    },
    {
		  "op": "addmerge",
    	"path": "/attributes/Roofs/wood/TexturesByMaterial/oak-side/Textures",
    	"file": "vsroofing:blocktypes/roof.json",
      "value": { 
        "cedar": "wildcrafttree:block/wood/shingles/cedar-side",
        "fir": "wildcrafttree:block/wood/shingles/fir-side",
        "spruce": "wildcrafttree:block/wood/shingles/spruce-side",
        "douglasfir": "wildcrafttree:block/wood/shingles/douglasfir-side",
        "tuja": "wildcrafttree:block/wood/shingles/tuja-side",
        "redcedar": "wildcrafttree:block/wood/shingles/redcedar-side",
        "yew": "wildcrafttree:block/wood/shingles/yew-side",
        "kauri": "wildcrafttree:block/wood/shingles/kauri-side",
        "ginkgo": "wildcrafttree:block/wood/shingles/ginkgo-side",
        "sycamore": "wildcrafttree:block/wood/shingles/sycamore-side",
        "honeylocust": "wildcrafttree:block/wood/shingles/honeylocust-side",
        "dalbergia": "wildcrafttree:block/wood/shingles/dalbergia-side",
        "umnini": "wildcrafttree:block/wood/shingles/umnini-side",
        "banyan": "wildcrafttree:block/wood/shingles/banyan-side",
        "elm": "wildcrafttree:block/wood/shingles/elm-side",
        "beech": "wildcrafttree:block/wood/shingles/beech-side",
        "bearnut": "wildcrafttree:block/wood/shingles/bearnut-side",
        "willow": "wildcrafttree:block/wood/shingles/willow-side",
        "poplar": "wildcrafttree:block/wood/shingles/poplar-side",
        "tamanu": "wildcrafttree:block/wood/shingles/tamanu-side",
        "spurgetree": "wildcrafttree:block/wood/shingles/spurgetree-side",
        "azobe": "wildcrafttree:block/wood/shingles/azobe-side",
        "guajacum": "wildcrafttree:block/wood/shingles/guajacum-side",
        "eucalyptus": "wildcrafttree:block/wood/shingles/eucalyptus-side",
        "ghostgum": "wildcrafttree:block/wood/shingles/ghostgum-side",
        "ohia": "wildcrafttree:block/wood/shingles/ohia-side",
        "satinash": "wildcrafttree:block/wood/shingles/satinash-side",
        "leadwood": "wildcrafttree:block/wood/shingles/leadwood-side",
        "bluemahoe": "wildcrafttree:block/wood/shingles/bluemahoe-side",
        "linden": "wildcrafttree:block/wood/shingles/linden-side",
        "sal": "wildcrafttree:block/wood/shingles/sal-side",
        "horsechestnut": "wildcrafttree:block/wood/shingles/horsechestnut-side",
        "tigerwood": "wildcrafttree:block/wood/shingles/tigerwood-side",
        "mahogany": "wildcrafttree:block/wood/shingles/mahogany-side",
        "sapele": "wildcrafttree:block/wood/shingles/sapele-side",
        "saxaul": "wildcrafttree:block/wood/shingles/saxaul-side",
        "ash": "wildcrafttree:block/wood/shingles/ash-side",
        "catalpa": "wildcrafttree:block/wood/shingles/catalpa-side",
        "jacaranda": "wildcrafttree:block/wood/shingles/jacaranda-side",
        "mangrove": "wildcrafttree:block/wood/shingles/mangrove-side",
        "empresstree": "wildcrafttree:block/wood/shingles/empresstree-side",
        "charred": "wildcrafttree:block/wood/shingles/charred-side",
        "chlorociboria": "wildcrafttree:block/wood/shingles/chlorociboria-side",
        "petrified": "wildcrafttree:block/wood/shingles/petrified-side", }
    },
    {
		  "op": "addmerge",
    	"path": "/attributes/Roofs/wood/TexturesByMaterial/oak-top/Textures",
    	"file": "vsroofing:blocktypes/roof.json",
      "value": { 
        "cedar": "wildcrafttree:block/wood/shingles/cedar-top",
        "fir": "wildcrafttree:block/wood/shingles/fir-top",
        "spruce": "wildcrafttree:block/wood/shingles/spruce-top",
        "douglasfir": "wildcrafttree:block/wood/shingles/douglasfir-top",
        "tuja": "wildcrafttree:block/wood/shingles/tuja-top",
        "redcedar": "wildcrafttree:block/wood/shingles/redcedar-top",
        "yew": "wildcrafttree:block/wood/shingles/yew-top",
        "kauri": "wildcrafttree:block/wood/shingles/kauri-top",
        "ginkgo": "wildcrafttree:block/wood/shingles/ginkgo-top",
        "sycamore": "wildcrafttree:block/wood/shingles/sycamore-top",
        "honeylocust": "wildcrafttree:block/wood/shingles/honeylocust-top",
        "dalbergia": "wildcrafttree:block/wood/shingles/dalbergia-top",
        "umnini": "wildcrafttree:block/wood/shingles/umnini-top",
        "banyan": "wildcrafttree:block/wood/shingles/banyan-top",
        "elm": "wildcrafttree:block/wood/shingles/elm-top",
        "beech": "wildcrafttree:block/wood/shingles/beech-top",
        "bearnut": "wildcrafttree:block/wood/shingles/bearnut-top",
        "willow": "wildcrafttree:block/wood/shingles/willow-top",
        "poplar": "wildcrafttree:block/wood/shingles/poplar-top",
        "tamanu": "wildcrafttree:block/wood/shingles/tamanu-top",
        "spurgetree": "wildcrafttree:block/wood/shingles/spurgetree-top",
        "azobe": "wildcrafttree:block/wood/shingles/azobe-top",
        "guajacum": "wildcrafttree:block/wood/shingles/guajacum-top",
        "eucalyptus": "wildcrafttree:block/wood/shingles/eucalyptus-top",
        "ghostgum": "wildcrafttree:block/wood/shingles/ghostgum-top",
        "ohia": "wildcrafttree:block/wood/shingles/ohia-top",
        "satinash": "wildcrafttree:block/wood/shingles/satinash-top",
        "leadwood": "wildcrafttree:block/wood/shingles/leadwood-top",
        "bluemahoe": "wildcrafttree:block/wood/shingles/bluemahoe-top",
        "linden": "wildcrafttree:block/wood/shingles/linden-top",
        "sal": "wildcrafttree:block/wood/shingles/sal-top",
        "horsechestnut": "wildcrafttree:block/wood/shingles/horsechestnut-top",
        "tigerwood": "wildcrafttree:block/wood/shingles/tigerwood-top",
        "mahogany": "wildcrafttree:block/wood/shingles/mahogany-top",
        "sapele": "wildcrafttree:block/wood/shingles/sapele-top",
        "saxaul": "wildcrafttree:block/wood/shingles/saxaul-top",
        "ash": "wildcrafttree:block/wood/shingles/ash-top",
        "catalpa": "wildcrafttree:block/wood/shingles/catalpa-top",
        "jacaranda": "wildcrafttree:block/wood/shingles/jacaranda-top",
        "mangrove": "wildcrafttree:block/wood/shingles/mangrove-top",
        "empresstree": "wildcrafttree:block/wood/shingles/empresstree-top",
        "charred": "wildcrafttree:block/wood/shingles/charred-top",
        "chlorociboria": "wildcrafttree:block/wood/shingles/chlorociboria-top",
        "petrified": "wildcrafttree:block/wood/shingles/petrified-top", }
    },
    {
		  "op": "addmerge",
    	"path": "/attributes/Roofs/wood/TexturesByMaterial/oak1/Textures",
    	"file": "vsroofing:blocktypes/roof.json",
      "value": {
        "cedar": "wildcrafttree:block/wood/planks/cedar1",
        "fir": "wildcrafttree:block/wood/planks/fir1",
        "spruce": "wildcrafttree:block/wood/planks/spruce1",
        "douglasfir": "wildcrafttree:block/wood/planks/douglasfir1",
        "tuja": "wildcrafttree:block/wood/planks/tuja1",
        "redcedar": "wildcrafttree:block/wood/planks/redcedar1",
        "yew": "wildcrafttree:block/wood/planks/yew1",
        "kauri": "wildcrafttree:block/wood/planks/kauri1",
        "ginkgo": "wildcrafttree:block/wood/planks/ginkgo1",
        "sycamore": "wildcrafttree:block/wood/planks/sycamore1",
        "honeylocust": "wildcrafttree:block/wood/planks/honeylocust1",
        "dalbergia": "wildcrafttree:block/wood/planks/dalbergia1",
        "umnini": "wildcrafttree:block/wood/planks/umnini1",
        "banyan": "wildcrafttree:block/wood/planks/banyan1",
        "elm": "wildcrafttree:block/wood/planks/elm1",
        "beech": "wildcrafttree:block/wood/planks/beech1",
        "bearnut": "wildcrafttree:block/wood/planks/bearnut1",
        "willow": "wildcrafttree:block/wood/planks/willow1",
        "poplar": "wildcrafttree:block/wood/planks/poplar1",
        "tamanu": "wildcrafttree:block/wood/planks/tamanu1",
        "spurgetree": "wildcrafttree:block/wood/planks/spurgetree1",
        "azobe": "wildcrafttree:block/wood/planks/azobe1",
        "guajacum": "wildcrafttree:block/wood/planks/guajacum1",
        "eucalyptus": "wildcrafttree:block/wood/planks/eucalyptus1",
        "ghostgum": "wildcrafttree:block/wood/planks/ghostgum1",
        "ohia": "wildcrafttree:block/wood/planks/ohia1",
        "satinash": "wildcrafttree:block/wood/planks/satinash1",
        "leadwood": "wildcrafttree:block/wood/planks/leadwood1",
        "bluemahoe": "wildcrafttree:block/wood/planks/bluemahoe1",
        "linden": "wildcrafttree:block/wood/planks/linden1",
        "sal": "wildcrafttree:block/wood/planks/sal1",
        "horsechestnut": "wildcrafttree:block/wood/planks/horsechestnut1",
        "tigerwood": "wildcrafttree:block/wood/planks/tigerwood1",
        "mahogany": "wildcrafttree:block/wood/planks/mahogany1",
        "sapele": "wildcrafttree:block/wood/planks/sapele1",
        "saxaul": "wildcrafttree:block/wood/planks/saxaul1",
        "ash": "wildcrafttree:block/wood/planks/ash1",
        "catalpa": "wildcrafttree:block/wood/planks/catalpa1",
        "jacaranda": "wildcrafttree:block/wood/planks/jacaranda1",
        "mangrove": "wildcrafttree:block/wood/planks/mangrove1",
        "empresstree": "wildcrafttree:block/wood/planks/empresstree1",
        "charred": "wildcrafttree:block/wood/planks/charred1",
        "chlorociboria": "wildcrafttree:block/wood/planks/chlorociboria1",
        "petrified": "wildcrafttree:block/wood/planks/petrified1"
    }
    },

    // Sod bare
    {
		  "op": "addeach",
    	"path": "/attributes/Roofs/sod-bare/Materials/0/Primary/Code/-",
    	"file": "vsroofing:blocktypes/roof.json",
        "value": [ "wildcrafttree:plank-*" ]
    },
    {
		  "op": "addmerge",
    	"path": "/attributes/Roofs/sod-bare/TexturesByMaterial/aged-side/Textures",
    	"file": "vsroofing:blocktypes/roof.json",
      "value": { 
        "cedar": "wildcrafttree:block/wood/shingles/cedar-side",
        "fir": "wildcrafttree:block/wood/shingles/fir-side",
        "spruce": "wildcrafttree:block/wood/shingles/spruce-side",
        "douglasfir": "wildcrafttree:block/wood/shingles/douglasfir-side",
        "tuja": "wildcrafttree:block/wood/shingles/tuja-side",
        "redcedar": "wildcrafttree:block/wood/shingles/redcedar-side",
        "yew": "wildcrafttree:block/wood/shingles/yew-side",
        "kauri": "wildcrafttree:block/wood/shingles/kauri-side",
        "ginkgo": "wildcrafttree:block/wood/shingles/ginkgo-side",
        "sycamore": "wildcrafttree:block/wood/shingles/sycamore-side",
        "honeylocust": "wildcrafttree:block/wood/shingles/honeylocust-side",
        "dalbergia": "wildcrafttree:block/wood/shingles/dalbergia-side",
        "umnini": "wildcrafttree:block/wood/shingles/umnini-side",
        "banyan": "wildcrafttree:block/wood/shingles/banyan-side",
        "elm": "wildcrafttree:block/wood/shingles/elm-side",
        "beech": "wildcrafttree:block/wood/shingles/beech-side",
        "bearnut": "wildcrafttree:block/wood/shingles/bearnut-side",
        "willow": "wildcrafttree:block/wood/shingles/willow-side",
        "poplar": "wildcrafttree:block/wood/shingles/poplar-side",
        "tamanu": "wildcrafttree:block/wood/shingles/tamanu-side",
        "spurgetree": "wildcrafttree:block/wood/shingles/spurgetree-side",
        "azobe": "wildcrafttree:block/wood/shingles/azobe-side",
        "guajacum": "wildcrafttree:block/wood/shingles/guajacum-side",
        "eucalyptus": "wildcrafttree:block/wood/shingles/eucalyptus-side",
        "ghostgum": "wildcrafttree:block/wood/shingles/ghostgum-side",
        "ohia": "wildcrafttree:block/wood/shingles/ohia-side",
        "satinash": "wildcrafttree:block/wood/shingles/satinash-side",
        "leadwood": "wildcrafttree:block/wood/shingles/leadwood-side",
        "bluemahoe": "wildcrafttree:block/wood/shingles/bluemahoe-side",
        "linden": "wildcrafttree:block/wood/shingles/linden-side",
        "sal": "wildcrafttree:block/wood/shingles/sal-side",
        "horsechestnut": "wildcrafttree:block/wood/shingles/horsechestnut-side",
        "tigerwood": "wildcrafttree:block/wood/shingles/tigerwood-side",
        "mahogany": "wildcrafttree:block/wood/shingles/mahogany-side",
        "sapele": "wildcrafttree:block/wood/shingles/sapele-side",
        "saxaul": "wildcrafttree:block/wood/shingles/saxaul-side",
        "ash": "wildcrafttree:block/wood/shingles/ash-side",
        "catalpa": "wildcrafttree:block/wood/shingles/catalpa-side",
        "jacaranda": "wildcrafttree:block/wood/shingles/jacaranda-side",
        "mangrove": "wildcrafttree:block/wood/shingles/mangrove-side",
        "empresstree": "wildcrafttree:block/wood/shingles/empresstree-side",
        "charred": "wildcrafttree:block/wood/shingles/charred-side",
        "chlorociboria": "wildcrafttree:block/wood/shingles/chlorociboria-side",
        "petrified": "wildcrafttree:block/wood/shingles/petrified-side", }
    },
    {
		  "op": "addmerge",
    	"path": "/attributes/Roofs/sod-bare/TexturesByMaterial/aged-top/Textures",
    	"file": "vsroofing:blocktypes/roof.json",
      "value": { 
        "cedar": "wildcrafttree:block/wood/shingles/cedar-top",
        "fir": "wildcrafttree:block/wood/shingles/fir-top",
        "spruce": "wildcrafttree:block/wood/shingles/spruce-top",
        "douglasfir": "wildcrafttree:block/wood/shingles/douglasfir-top",
        "tuja": "wildcrafttree:block/wood/shingles/tuja-top",
        "redcedar": "wildcrafttree:block/wood/shingles/redcedar-top",
        "yew": "wildcrafttree:block/wood/shingles/yew-top",
        "kauri": "wildcrafttree:block/wood/shingles/kauri-top",
        "ginkgo": "wildcrafttree:block/wood/shingles/ginkgo-top",
        "sycamore": "wildcrafttree:block/wood/shingles/sycamore-top",
        "honeylocust": "wildcrafttree:block/wood/shingles/honeylocust-top",
        "dalbergia": "wildcrafttree:block/wood/shingles/dalbergia-top",
        "umnini": "wildcrafttree:block/wood/shingles/umnini-top",
        "banyan": "wildcrafttree:block/wood/shingles/banyan-top",
        "elm": "wildcrafttree:block/wood/shingles/elm-top",
        "beech": "wildcrafttree:block/wood/shingles/beech-top",
        "bearnut": "wildcrafttree:block/wood/shingles/bearnut-top",
        "willow": "wildcrafttree:block/wood/shingles/willow-top",
        "poplar": "wildcrafttree:block/wood/shingles/poplar-top",
        "tamanu": "wildcrafttree:block/wood/shingles/tamanu-top",
        "spurgetree": "wildcrafttree:block/wood/shingles/spurgetree-top",
        "azobe": "wildcrafttree:block/wood/shingles/azobe-top",
        "guajacum": "wildcrafttree:block/wood/shingles/guajacum-top",
        "eucalyptus": "wildcrafttree:block/wood/shingles/eucalyptus-top",
        "ghostgum": "wildcrafttree:block/wood/shingles/ghostgum-top",
        "ohia": "wildcrafttree:block/wood/shingles/ohia-top",
        "satinash": "wildcrafttree:block/wood/shingles/satinash-top",
        "leadwood": "wildcrafttree:block/wood/shingles/leadwood-top",
        "bluemahoe": "wildcrafttree:block/wood/shingles/bluemahoe-top",
        "linden": "wildcrafttree:block/wood/shingles/linden-top",
        "sal": "wildcrafttree:block/wood/shingles/sal-top",
        "horsechestnut": "wildcrafttree:block/wood/shingles/horsechestnut-top",
        "tigerwood": "wildcrafttree:block/wood/shingles/tigerwood-top",
        "mahogany": "wildcrafttree:block/wood/shingles/mahogany-top",
        "sapele": "wildcrafttree:block/wood/shingles/sapele-top",
        "saxaul": "wildcrafttree:block/wood/shingles/saxaul-top",
        "ash": "wildcrafttree:block/wood/shingles/ash-top",
        "catalpa": "wildcrafttree:block/wood/shingles/catalpa-top",
        "jacaranda": "wildcrafttree:block/wood/shingles/jacaranda-top",
        "mangrove": "wildcrafttree:block/wood/shingles/mangrove-top",
        "empresstree": "wildcrafttree:block/wood/shingles/empresstree-top",
        "charred": "wildcrafttree:block/wood/shingles/charred-top",
        "chlorociboria": "wildcrafttree:block/wood/shingles/chlorociboria-top",
        "petrified": "wildcrafttree:block/wood/shingles/petrified-top", }
    },
    {
		  "op": "addmerge",
    	"path": "/attributes/Roofs/sod-bare/TexturesByMaterial/material/Textures",
    	"file": "vsroofing:blocktypes/roof.json",
      "value": {
        "cedar": "wildcrafttree:block/wood/planks/cedar1",
        "fir": "wildcrafttree:block/wood/planks/fir1",
        "spruce": "wildcrafttree:block/wood/planks/spruce1",
        "douglasfir": "wildcrafttree:block/wood/planks/douglasfir1",
        "tuja": "wildcrafttree:block/wood/planks/tuja1",
        "redcedar": "wildcrafttree:block/wood/planks/redcedar1",
        "yew": "wildcrafttree:block/wood/planks/yew1",
        "kauri": "wildcrafttree:block/wood/planks/kauri1",
        "ginkgo": "wildcrafttree:block/wood/planks/ginkgo1",
        "sycamore": "wildcrafttree:block/wood/planks/sycamore1",
        "honeylocust": "wildcrafttree:block/wood/planks/honeylocust1",
        "dalbergia": "wildcrafttree:block/wood/planks/dalbergia1",
        "umnini": "wildcrafttree:block/wood/planks/umnini1",
        "banyan": "wildcrafttree:block/wood/planks/banyan1",
        "elm": "wildcrafttree:block/wood/planks/elm1",
        "beech": "wildcrafttree:block/wood/planks/beech1",
        "bearnut": "wildcrafttree:block/wood/planks/bearnut1",
        "willow": "wildcrafttree:block/wood/planks/willow1",
        "poplar": "wildcrafttree:block/wood/planks/poplar1",
        "tamanu": "wildcrafttree:block/wood/planks/tamanu1",
        "spurgetree": "wildcrafttree:block/wood/planks/spurgetree1",
        "azobe": "wildcrafttree:block/wood/planks/azobe1",
        "guajacum": "wildcrafttree:block/wood/planks/guajacum1",
        "eucalyptus": "wildcrafttree:block/wood/planks/eucalyptus1",
        "ghostgum": "wildcrafttree:block/wood/planks/ghostgum1",
        "ohia": "wildcrafttree:block/wood/planks/ohia1",
        "satinash": "wildcrafttree:block/wood/planks/satinash1",
        "leadwood": "wildcrafttree:block/wood/planks/leadwood1",
        "bluemahoe": "wildcrafttree:block/wood/planks/bluemahoe1",
        "linden": "wildcrafttree:block/wood/planks/linden1",
        "sal": "wildcrafttree:block/wood/planks/sal1",
        "horsechestnut": "wildcrafttree:block/wood/planks/horsechestnut1",
        "tigerwood": "wildcrafttree:block/wood/planks/tigerwood1",
        "mahogany": "wildcrafttree:block/wood/planks/mahogany1",
        "sapele": "wildcrafttree:block/wood/planks/sapele1",
        "saxaul": "wildcrafttree:block/wood/planks/saxaul1",
        "ash": "wildcrafttree:block/wood/planks/ash1",
        "catalpa": "wildcrafttree:block/wood/planks/catalpa1",
        "jacaranda": "wildcrafttree:block/wood/planks/jacaranda1",
        "mangrove": "wildcrafttree:block/wood/planks/mangrove1",
        "empresstree": "wildcrafttree:block/wood/planks/empresstree1",
        "charred": "wildcrafttree:block/wood/planks/charred1",
        "chlorociboria": "wildcrafttree:block/wood/planks/chlorociboria1",
        "petrified": "wildcrafttree:block/wood/planks/petrified1"
    }
    
    },
    // Sod
    {
		  "op": "addeach",
    	"path": "/attributes/Roofs/sod/Materials/0/Primary/Code/-",
    	"file": "vsroofing:blocktypes/roof.json",
        "value": [ "wildcrafttree:plank-*" ]
    },
    {
		  "op": "addmerge",
    	"path": "/attributes/Roofs/sod/TexturesByMaterial/aged-side/Textures",
    	"file": "vsroofing:blocktypes/roof.json",
      "value": { 
        "cedar": "wildcrafttree:block/wood/shingles/cedar-side",
        "fir": "wildcrafttree:block/wood/shingles/fir-side",
        "spruce": "wildcrafttree:block/wood/shingles/spruce-side",
        "douglasfir": "wildcrafttree:block/wood/shingles/douglasfir-side",
        "tuja": "wildcrafttree:block/wood/shingles/tuja-side",
        "redcedar": "wildcrafttree:block/wood/shingles/redcedar-side",
        "yew": "wildcrafttree:block/wood/shingles/yew-side",
        "kauri": "wildcrafttree:block/wood/shingles/kauri-side",
        "ginkgo": "wildcrafttree:block/wood/shingles/ginkgo-side",
        "sycamore": "wildcrafttree:block/wood/shingles/sycamore-side",
        "honeylocust": "wildcrafttree:block/wood/shingles/honeylocust-side",
        "dalbergia": "wildcrafttree:block/wood/shingles/dalbergia-side",
        "umnini": "wildcrafttree:block/wood/shingles/umnini-side",
        "banyan": "wildcrafttree:block/wood/shingles/banyan-side",
        "elm": "wildcrafttree:block/wood/shingles/elm-side",
        "beech": "wildcrafttree:block/wood/shingles/beech-side",
        "bearnut": "wildcrafttree:block/wood/shingles/bearnut-side",
        "willow": "wildcrafttree:block/wood/shingles/willow-side",
        "poplar": "wildcrafttree:block/wood/shingles/poplar-side",
        "tamanu": "wildcrafttree:block/wood/shingles/tamanu-side",
        "spurgetree": "wildcrafttree:block/wood/shingles/spurgetree-side",
        "azobe": "wildcrafttree:block/wood/shingles/azobe-side",
        "guajacum": "wildcrafttree:block/wood/shingles/guajacum-side",
        "eucalyptus": "wildcrafttree:block/wood/shingles/eucalyptus-side",
        "ghostgum": "wildcrafttree:block/wood/shingles/ghostgum-side",
        "ohia": "wildcrafttree:block/wood/shingles/ohia-side",
        "satinash": "wildcrafttree:block/wood/shingles/satinash-side",
        "leadwood": "wildcrafttree:block/wood/shingles/leadwood-side",
        "bluemahoe": "wildcrafttree:block/wood/shingles/bluemahoe-side",
        "linden": "wildcrafttree:block/wood/shingles/linden-side",
        "sal": "wildcrafttree:block/wood/shingles/sal-side",
        "horsechestnut": "wildcrafttree:block/wood/shingles/horsechestnut-side",
        "tigerwood": "wildcrafttree:block/wood/shingles/tigerwood-side",
        "mahogany": "wildcrafttree:block/wood/shingles/mahogany-side",
        "sapele": "wildcrafttree:block/wood/shingles/sapele-side",
        "saxaul": "wildcrafttree:block/wood/shingles/saxaul-side",
        "ash": "wildcrafttree:block/wood/shingles/ash-side",
        "catalpa": "wildcrafttree:block/wood/shingles/catalpa-side",
        "jacaranda": "wildcrafttree:block/wood/shingles/jacaranda-side",
        "mangrove": "wildcrafttree:block/wood/shingles/mangrove-side",
        "empresstree": "wildcrafttree:block/wood/shingles/empresstree-side",
        "charred": "wildcrafttree:block/wood/shingles/charred-side",
        "chlorociboria": "wildcrafttree:block/wood/shingles/chlorociboria-side",
        "petrified": "wildcrafttree:block/wood/shingles/petrified-side", }
    },
    {
		  "op": "addmerge",
    	"path": "/attributes/Roofs/sod/TexturesByMaterial/aged-top/Textures",
    	"file": "vsroofing:blocktypes/roof.json",
      "value": { 
        "cedar": "wildcrafttree:block/wood/shingles/cedar-top",
        "fir": "wildcrafttree:block/wood/shingles/fir-top",
        "spruce": "wildcrafttree:block/wood/shingles/spruce-top",
        "douglasfir": "wildcrafttree:block/wood/shingles/douglasfir-top",
        "tuja": "wildcrafttree:block/wood/shingles/tuja-top",
        "redcedar": "wildcrafttree:block/wood/shingles/redcedar-top",
        "yew": "wildcrafttree:block/wood/shingles/yew-top",
        "kauri": "wildcrafttree:block/wood/shingles/kauri-top",
        "ginkgo": "wildcrafttree:block/wood/shingles/ginkgo-top",
        "sycamore": "wildcrafttree:block/wood/shingles/sycamore-top",
        "honeylocust": "wildcrafttree:block/wood/shingles/honeylocust-top",
        "dalbergia": "wildcrafttree:block/wood/shingles/dalbergia-top",
        "umnini": "wildcrafttree:block/wood/shingles/umnini-top",
        "banyan": "wildcrafttree:block/wood/shingles/banyan-top",
        "elm": "wildcrafttree:block/wood/shingles/elm-top",
        "beech": "wildcrafttree:block/wood/shingles/beech-top",
        "bearnut": "wildcrafttree:block/wood/shingles/bearnut-top",
        "willow": "wildcrafttree:block/wood/shingles/willow-top",
        "poplar": "wildcrafttree:block/wood/shingles/poplar-top",
        "tamanu": "wildcrafttree:block/wood/shingles/tamanu-top",
        "spurgetree": "wildcrafttree:block/wood/shingles/spurgetree-top",
        "azobe": "wildcrafttree:block/wood/shingles/azobe-top",
        "guajacum": "wildcrafttree:block/wood/shingles/guajacum-top",
        "eucalyptus": "wildcrafttree:block/wood/shingles/eucalyptus-top",
        "ghostgum": "wildcrafttree:block/wood/shingles/ghostgum-top",
        "ohia": "wildcrafttree:block/wood/shingles/ohia-top",
        "satinash": "wildcrafttree:block/wood/shingles/satinash-top",
        "leadwood": "wildcrafttree:block/wood/shingles/leadwood-top",
        "bluemahoe": "wildcrafttree:block/wood/shingles/bluemahoe-top",
        "linden": "wildcrafttree:block/wood/shingles/linden-top",
        "sal": "wildcrafttree:block/wood/shingles/sal-top",
        "horsechestnut": "wildcrafttree:block/wood/shingles/horsechestnut-top",
        "tigerwood": "wildcrafttree:block/wood/shingles/tigerwood-top",
        "mahogany": "wildcrafttree:block/wood/shingles/mahogany-top",
        "sapele": "wildcrafttree:block/wood/shingles/sapele-top",
        "saxaul": "wildcrafttree:block/wood/shingles/saxaul-top",
        "ash": "wildcrafttree:block/wood/shingles/ash-top",
        "catalpa": "wildcrafttree:block/wood/shingles/catalpa-top",
        "jacaranda": "wildcrafttree:block/wood/shingles/jacaranda-top",
        "mangrove": "wildcrafttree:block/wood/shingles/mangrove-top",
        "empresstree": "wildcrafttree:block/wood/shingles/empresstree-top",
        "charred": "wildcrafttree:block/wood/shingles/charred-top",
        "chlorociboria": "wildcrafttree:block/wood/shingles/chlorociboria-top",
        "petrified": "wildcrafttree:block/wood/shingles/petrified-top", }
    },
    {
		  "op": "addmerge",
    	"path": "/attributes/Roofs/sod/TexturesByMaterial/material/Textures",
    	"file": "vsroofing:blocktypes/roof.json",
      "value": {
        "cedar": "wildcrafttree:block/wood/planks/cedar1",
        "fir": "wildcrafttree:block/wood/planks/fir1",
        "spruce": "wildcrafttree:block/wood/planks/spruce1",
        "douglasfir": "wildcrafttree:block/wood/planks/douglasfir1",
        "tuja": "wildcrafttree:block/wood/planks/tuja1",
        "redcedar": "wildcrafttree:block/wood/planks/redcedar1",
        "yew": "wildcrafttree:block/wood/planks/yew1",
        "kauri": "wildcrafttree:block/wood/planks/kauri1",
        "ginkgo": "wildcrafttree:block/wood/planks/ginkgo1",
        "sycamore": "wildcrafttree:block/wood/planks/sycamore1",
        "honeylocust": "wildcrafttree:block/wood/planks/honeylocust1",
        "dalbergia": "wildcrafttree:block/wood/planks/dalbergia1",
        "umnini": "wildcrafttree:block/wood/planks/umnini1",
        "banyan": "wildcrafttree:block/wood/planks/banyan1",
        "elm": "wildcrafttree:block/wood/planks/elm1",
        "beech": "wildcrafttree:block/wood/planks/beech1",
        "bearnut": "wildcrafttree:block/wood/planks/bearnut1",
        "willow": "wildcrafttree:block/wood/planks/willow1",
        "poplar": "wildcrafttree:block/wood/planks/poplar1",
        "tamanu": "wildcrafttree:block/wood/planks/tamanu1",
        "spurgetree": "wildcrafttree:block/wood/planks/spurgetree1",
        "azobe": "wildcrafttree:block/wood/planks/azobe1",
        "guajacum": "wildcrafttree:block/wood/planks/guajacum1",
        "eucalyptus": "wildcrafttree:block/wood/planks/eucalyptus1",
        "ghostgum": "wildcrafttree:block/wood/planks/ghostgum1",
        "ohia": "wildcrafttree:block/wood/planks/ohia1",
        "satinash": "wildcrafttree:block/wood/planks/satinash1",
        "leadwood": "wildcrafttree:block/wood/planks/leadwood1",
        "bluemahoe": "wildcrafttree:block/wood/planks/bluemahoe1",
        "linden": "wildcrafttree:block/wood/planks/linden1",
        "sal": "wildcrafttree:block/wood/planks/sal1",
        "horsechestnut": "wildcrafttree:block/wood/planks/horsechestnut1",
        "tigerwood": "wildcrafttree:block/wood/planks/tigerwood1",
        "mahogany": "wildcrafttree:block/wood/planks/mahogany1",
        "sapele": "wildcrafttree:block/wood/planks/sapele1",
        "saxaul": "wildcrafttree:block/wood/planks/saxaul1",
        "ash": "wildcrafttree:block/wood/planks/ash1",
        "catalpa": "wildcrafttree:block/wood/planks/catalpa1",
        "jacaranda": "wildcrafttree:block/wood/planks/jacaranda1",
        "mangrove": "wildcrafttree:block/wood/planks/mangrove1",
        "empresstree": "wildcrafttree:block/wood/planks/empresstree1",
        "charred": "wildcrafttree:block/wood/planks/charred1",
        "chlorociboria": "wildcrafttree:block/wood/planks/chlorociboria1",
        "petrified": "wildcrafttree:block/wood/planks/petrified1"
    }
  }
]