[
	{
	"op": "add",
	"path": "/allowedVariants/-",
	"value": "acid-full-nitric",
	"file": "game:itemtypes/liquid/acid.json",
	"side": "Server"
	},

	{
	"op": "replace",
	"comment": "is quite transparent",
	"path": "/attributes/waterTightContainerProps/textureByType/*-nitric",
	"value": { "base": "game:block/liquid/dye/yellow", "alpha": 30 },
	"file": "game:itemtypes/liquid/acid.json",
	"side": "Server"
	},

	{
	"op": "addmerge",
	"path": "/nutritionProps",
	"value": { "saturation": 0, "health": -25, "foodcategory": "NoNutrition" },
	"file": "game:itemtypes/liquid/acid.json",
	"side": "Server"
	}
]
