[
	{
	"op": "addeach",
	"path": "/allowedVariants/-",
	"value": [ "sulfate-full-iron", "sulfate-full-copper", "sulfate-full-zinc" ],
	"file": "game:itemtypes/liquid/sulfate.json",
	"side": "Server"
	},

	{
	"op": "move",
	"frompath": "/textureByType/*",
	"path": "/textureByType/em_temp",
	"file": "game:itemtypes/liquid/sulfate.json",
	"side": "server"
	},
	{
	"op": "add",
	"path": "/textureByType/*-copper",
	"value": { "base": "block/liquid/dye/blue", "alpha": 140 },
	"file": "game:itemtypes/liquid/sulfate.json",
	"side": "server"
	},
	{
	"op": "add",
	"path": "/textureByType/*-iron",
	"value": { "base": "block/liquid/dye/green", "alpha": 140 },
	"file": "game:itemtypes/liquid/sulfate.json",
	"side": "server"
	},
	{
	"op": "add",
	"path": "/textureByType/*-zinc",
	"value": { "base": "block/liquid/dye/white", "alpha": 80 },
	"file": "game:itemtypes/liquid/sulfate.json",
	"side": "server"
	},
	{
	"op": "move",
	"frompath": "/textureByType/em_temp",
	"path": "/textureByType/*",
	"file": "game:itemtypes/liquid/sulfate.json",
	"side": "server"
	},


	{
	"op": "move",
	"frompath": "/attributes/waterTightContainerProps/textureByType/*",
	"path": "/em_temp",
	"file": "game:itemtypes/liquid/sulfate.json",
	"side": "server"
	},
	{
	"op": "add",
	"path": "/attributes/waterTightContainerProps/textureByType/*-copper",
	"value": { "base": "block/liquid/dye/blue", "alpha": 140 },
	"file": "game:itemtypes/liquid/sulfate.json",
	"side": "server"
	},
	{
	"op": "add",
	"path": "/attributes/waterTightContainerProps/textureByType/*-iron",
	"value": { "base": "block/liquid/dye/green", "alpha": 140 },
	"file": "game:itemtypes/liquid/sulfate.json",
	"side": "server"
	},
	{
	"op": "add",
	"path": "/attributes/waterTightContainerProps/textureByType/*-zinc",
	"value": { "base": "block/liquid/dye/white", "alpha": 60 },
	"file": "game:itemtypes/liquid/sulfate.json",
	"side": "server"
	},
	{
	"op": "move",
	"frompath": "/em_temp",
	"path": "/attributes/waterTightContainerProps/textureByType/*",
	"file": "game:itemtypes/liquid/sulfate.json",
	"side": "server"
	}
]
