{
	"editor": {
		"backDropShape": "entity/land/indicus/adult-male",
		"collapsedPaths": "",
		"allAngles": false,
		"entityTextureMode": false
	},
	"textureWidth": 16,
	"textureHeight": 16,
	"textureSizes": {
		"hscolor": [16,16]
	},
	"textures": {
		"hscolor": "game:block/metal/sheet/steel1"
	},
	"elements": [
		{
			"name": "HorseshoeOrigin",
			"from": [ 7.28, 0.0, 7.28 ],
			"to": [ 7.28, 0.0, 7.28 ],
			"rotationOrigin": [ 7.28, 0.0, 7.28 ],
			"faces": {
				"north": { "texture": "#hscolor", "uv": [ 0.0, 0.0, 0.5, 0.5 ], "autoUv": false },
				"east": { "texture": "#hscolor", "uv": [ 0.0, 0.0, 0.5, 0.5 ], "autoUv": false },
				"south": { "texture": "#hscolor", "uv": [ 0.0, 0.0, 0.5, 0.5 ], "autoUv": false },
				"west": { "texture": "#hscolor", "uv": [ 0.0, 0.0, 0.5, 0.5 ], "autoUv": false },
				"up": { "texture": "#hscolor", "uv": [ 0.0, 0.0, 0.5, 0.5 ], "autoUv": false },
				"down": { "texture": "#hscolor", "uv": [ 0.0, 0.0, 0.5, 0.5 ], "autoUv": false }
			},
			"children": [
				{
					"name": "Shoe1",
					"stepParentName": "L hoof",
					"from": [ -0.0455, -0.1274, -0.091 ],
					"to": [ 0.4095, 0.1456, 2.009 ],
					"rotationOrigin": [ -0.091, -0.091, -0.091 ],
					"faces": {
						"north": { "texture": "#hscolor", "uv": [ 0.0, 0.0, 0.5, 0.5 ], "autoUv": false },
						"east": { "texture": "#hscolor", "uv": [ 0.0, 0.0, 2.0, 0.5 ], "autoUv": false },
						"south": { "texture": "#hscolor", "uv": [ 0.0, 0.0, 0.5, 0.5 ], "autoUv": false },
						"west": { "texture": "#hscolor", "uv": [ 0.0, 0.0, 2.0, 0.5 ], "autoUv": false },
						"up": { "texture": "#hscolor", "uv": [ 0.0, 0.0, 0.5, 2.0 ], "autoUv": false },
						"down": { "texture": "#hscolor", "uv": [ 0.0, 0.0, 0.5, 2.0 ], "autoUv": false }
					},
					"children": [
						{
							"name": "Shoe2",
							"from": [ 0.455, 0.0, 0.0 ],
							"to": [ 2.366, 0.273, 0.455 ],
							"rotationOrigin": [ 0.455, 0.0, 0.0 ],
							"faces": {
								"north": { "texture": "#hscolor", "uv": [ 0.0, 0.0, 2.0, 0.5 ], "autoUv": false },
								"east": { "texture": "#hscolor", "uv": [ 0.0, 0.0, 0.5, 0.5 ], "autoUv": false },
								"south": { "texture": "#hscolor", "uv": [ 0.0, 0.0, 2.0, 0.5 ], "autoUv": false },
								"west": { "texture": "#hscolor", "uv": [ 0.0, 0.0, 0.5, 0.5 ], "autoUv": false },
								"up": { "texture": "#hscolor", "uv": [ 0.0, 0.0, 2.0, 0.5 ], "autoUv": false },
								"down": { "texture": "#hscolor", "uv": [ 0.0, 0.0, 2.0, 0.5 ], "autoUv": false }
							}
						},
						{
							"name": "Shoe13",
							"from": [ 0.455, 0.0, 1.6835 ],
							"to": [ 2.366, 0.273, 2.0835 ],
							"rotationOrigin": [ 0.455, 0.0, 1.638 ],
							"faces": {
								"north": { "texture": "#hscolor", "uv": [ 0.0, 0.0, 2.0, 0.5 ], "autoUv": false },
								"east": { "texture": "#hscolor", "uv": [ 0.0, 0.0, 0.5, 0.5 ], "autoUv": false },
								"south": { "texture": "#hscolor", "uv": [ 0.0, 0.0, 2.0, 0.5 ], "autoUv": false },
								"west": { "texture": "#hscolor", "uv": [ 0.0, 0.0, 0.5, 0.5 ], "autoUv": false },
								"up": { "texture": "#hscolor", "uv": [ 0.0, 0.0, 2.0, 0.5 ], "autoUv": false },
								"down": { "texture": "#hscolor", "uv": [ 0.0, 0.0, 2.0, 0.5 ], "autoUv": false }
							}
						},
						{
							"name": "Shoe14",
							"from": [ 0.182, -0.0182, 1.8655 ],
							"to": [ 0.273, 0.1638, 1.9565 ],
							"rotationOrigin": [ 0.182, -0.091, 1.82 ],
							"faces": {
								"north": { "texture": "#hscolor", "uv": [ 0.0, 0.0, 0.5, 0.5 ], "autoUv": false },
								"east": { "texture": "#hscolor", "uv": [ 0.0, 0.0, 0.5, 0.5 ], "autoUv": false },
								"south": { "texture": "#hscolor", "uv": [ 0.0, 0.0, 0.5, 0.5 ], "autoUv": false },
								"west": { "texture": "#hscolor", "uv": [ 0.0, 0.0, 0.5, 0.5 ], "autoUv": false },
								"up": { "texture": "#hscolor", "uv": [ 0.0, 0.0, 0.5, 0.5 ], "autoUv": false },
								"down": { "texture": "#hscolor", "uv": [ 0.0, 0.0, 0.5, 0.5 ], "autoUv": false }
							}
						},
						{
							"name": "Shoe15",
							"from": [ 1.092, -0.0182, 1.8655 ],
							"to": [ 1.183, 0.1638, 1.9565 ],
							"rotationOrigin": [ 1.092, -0.091, 1.82 ],
							"faces": {
								"north": { "texture": "#hscolor", "uv": [ 0.0, 0.0, 0.5, 0.5 ], "autoUv": false },
								"east": { "texture": "#hscolor", "uv": [ 0.0, 0.0, 0.5, 0.5 ], "autoUv": false },
								"south": { "texture": "#hscolor", "uv": [ 0.0, 0.0, 0.5, 0.5 ], "autoUv": false },
								"west": { "texture": "#hscolor", "uv": [ 0.0, 0.0, 0.5, 0.5 ], "autoUv": false },
								"up": { "texture": "#hscolor", "uv": [ 0.0, 0.0, 0.5, 0.5 ], "autoUv": false },
								"down": { "texture": "#hscolor", "uv": [ 0.0, 0.0, 0.5, 0.5 ], "autoUv": false }
							}
						},
						{
							"name": "Shoe16",
							"from": [ 2.002, -0.0182, 1.8655 ],
							"to": [ 2.093, 0.1638, 1.9565 ],
							"rotationOrigin": [ 2.002, -0.091, 1.82 ],
							"faces": {
								"north": { "texture": "#hscolor", "uv": [ 0.0, 0.0, 0.5, 0.5 ], "autoUv": false },
								"east": { "texture": "#hscolor", "uv": [ 0.0, 0.0, 0.5, 0.5 ], "autoUv": false },
								"south": { "texture": "#hscolor", "uv": [ 0.0, 0.0, 0.5, 0.5 ], "autoUv": false },
								"west": { "texture": "#hscolor", "uv": [ 0.0, 0.0, 0.5, 0.5 ], "autoUv": false },
								"up": { "texture": "#hscolor", "uv": [ 0.0, 0.0, 0.5, 0.5 ], "autoUv": false },
								"down": { "texture": "#hscolor", "uv": [ 0.0, 0.0, 0.5, 0.5 ], "autoUv": false }
							}
						},
						{
							"name": "Shoe17",
							"from": [ 0.182, -0.0182, 0.182 ],
							"to": [ 0.273, 0.1638, 0.273 ],
							"rotationOrigin": [ 0.182, -0.091, 0.182 ],
							"faces": {
								"north": { "texture": "#hscolor", "uv": [ 0.0, 0.0, 0.5, 0.5 ], "autoUv": false },
								"east": { "texture": "#hscolor", "uv": [ 0.0, 0.0, 0.5, 0.5 ], "autoUv": false },
								"south": { "texture": "#hscolor", "uv": [ 0.0, 0.0, 0.5, 0.5 ], "autoUv": false },
								"west": { "texture": "#hscolor", "uv": [ 0.0, 0.0, 0.5, 0.5 ], "autoUv": false },
								"up": { "texture": "#hscolor", "uv": [ 0.0, 0.0, 0.5, 0.5 ], "autoUv": false },
								"down": { "texture": "#hscolor", "uv": [ 0.0, 0.0, 0.5, 0.5 ], "autoUv": false }
							}
						},
						{
							"name": "Shoe18",
							"from": [ 0.182, -0.0182, 1.0465 ],
							"to": [ 0.273, 0.1638, 1.1375 ],
							"rotationOrigin": [ 0.182, -0.091, 1.001 ],
							"faces": {
								"north": { "texture": "#hscolor", "uv": [ 0.0, 0.0, 0.5, 0.5 ], "autoUv": false },
								"east": { "texture": "#hscolor", "uv": [ 0.0, 0.0, 0.5, 0.5 ], "autoUv": false },
								"south": { "texture": "#hscolor", "uv": [ 0.0, 0.0, 0.5, 0.5 ], "autoUv": false },
								"west": { "texture": "#hscolor", "uv": [ 0.0, 0.0, 0.5, 0.5 ], "autoUv": false },
								"up": { "texture": "#hscolor", "uv": [ 0.0, 0.0, 0.5, 0.5 ], "autoUv": false },
								"down": { "texture": "#hscolor", "uv": [ 0.0, 0.0, 0.5, 0.5 ], "autoUv": false }
							}
						},
						{
							"name": "Shoe19",
							"from": [ 1.092, -0.0182, 0.182 ],
							"to": [ 1.183, 0.1638, 0.273 ],
							"rotationOrigin": [ 1.092, -0.091, 0.182 ],
							"faces": {
								"north": { "texture": "#hscolor", "uv": [ 0.0, 0.0, 0.5, 0.5 ], "autoUv": false },
								"east": { "texture": "#hscolor", "uv": [ 0.0, 0.0, 0.5, 0.5 ], "autoUv": false },
								"south": { "texture": "#hscolor", "uv": [ 0.0, 0.0, 0.5, 0.5 ], "autoUv": false },
								"west": { "texture": "#hscolor", "uv": [ 0.0, 0.0, 0.5, 0.5 ], "autoUv": false },
								"up": { "texture": "#hscolor", "uv": [ 0.0, 0.0, 0.5, 0.5 ], "autoUv": false },
								"down": { "texture": "#hscolor", "uv": [ 0.0, 0.0, 0.5, 0.5 ], "autoUv": false }
							}
						},
						{
							"name": "Shoe20",
							"from": [ 2.002, -0.0182, 0.182 ],
							"to": [ 2.093, 0.1638, 0.273 ],
							"rotationOrigin": [ 2.002, -0.091, 0.182 ],
							"faces": {
								"north": { "texture": "#hscolor", "uv": [ 0.0, 0.0, 0.5, 0.5 ], "autoUv": false },
								"east": { "texture": "#hscolor", "uv": [ 0.0, 0.0, 0.5, 0.5 ], "autoUv": false },
								"south": { "texture": "#hscolor", "uv": [ 0.0, 0.0, 0.5, 0.5 ], "autoUv": false },
								"west": { "texture": "#hscolor", "uv": [ 0.0, 0.0, 0.5, 0.5 ], "autoUv": false },
								"up": { "texture": "#hscolor", "uv": [ 0.0, 0.0, 0.5, 0.5 ], "autoUv": false },
								"down": { "texture": "#hscolor", "uv": [ 0.0, 0.0, 0.5, 0.5 ], "autoUv": false }
							}
						}
					]
				},
				{
					"name": "Shoe3",
					"stepParentName": "R hoof",
					"from": [ -0.0455, -0.1274, -0.0546 ],
					"to": [ 0.4095, 0.1456, 2.0454 ],
					"rotationOrigin": [ -0.091, -0.091, -0.091 ],
					"faces": {
						"north": { "texture": "#hscolor", "uv": [ 0.0, 0.0, 0.5, 0.5 ], "autoUv": false },
						"east": { "texture": "#hscolor", "uv": [ 0.0, 0.0, 2.0, 0.5 ], "autoUv": false },
						"south": { "texture": "#hscolor", "uv": [ 0.0, 0.0, 0.5, 0.5 ], "autoUv": false },
						"west": { "texture": "#hscolor", "uv": [ 0.0, 0.0, 2.0, 0.5 ], "autoUv": false },
						"up": { "texture": "#hscolor", "uv": [ 0.0, 0.0, 0.5, 2.0 ], "autoUv": false },
						"down": { "texture": "#hscolor", "uv": [ 0.0, 0.0, 0.5, 2.0 ], "autoUv": false }
					},
					"children": [
						{
							"name": "Shoe4",
							"from": [ 0.455, 0.0, 0.0 ],
							"to": [ 2.366, 0.273, 0.455 ],
							"rotationOrigin": [ 0.455, 0.0, 0.0 ],
							"faces": {
								"north": { "texture": "#hscolor", "uv": [ 0.0, 0.0, 2.0, 0.5 ], "autoUv": false },
								"east": { "texture": "#hscolor", "uv": [ 0.0, 0.0, 0.5, 0.5 ], "autoUv": false },
								"south": { "texture": "#hscolor", "uv": [ 0.0, 0.0, 2.0, 0.5 ], "autoUv": false },
								"west": { "texture": "#hscolor", "uv": [ 0.0, 0.0, 0.5, 0.5 ], "autoUv": false },
								"up": { "texture": "#hscolor", "uv": [ 0.0, 0.0, 2.0, 0.5 ], "autoUv": false },
								"down": { "texture": "#hscolor", "uv": [ 0.0, 0.0, 2.0, 0.5 ], "autoUv": false }
							}
						},
						{
							"name": "Shoe21",
							"from": [ 0.455, 0.0, 1.6835 ],
							"to": [ 2.366, 0.273, 2.0835 ],
							"rotationOrigin": [ 0.455, 0.0, 1.638 ],
							"faces": {
								"north": { "texture": "#hscolor", "uv": [ 0.0, 0.0, 2.0, 0.5 ], "autoUv": false },
								"east": { "texture": "#hscolor", "uv": [ 0.0, 0.0, 0.5, 0.5 ], "autoUv": false },
								"south": { "texture": "#hscolor", "uv": [ 0.0, 0.0, 2.0, 0.5 ], "autoUv": false },
								"west": { "texture": "#hscolor", "uv": [ 0.0, 0.0, 0.5, 0.5 ], "autoUv": false },
								"up": { "texture": "#hscolor", "uv": [ 0.0, 0.0, 2.0, 0.5 ], "autoUv": false },
								"down": { "texture": "#hscolor", "uv": [ 0.0, 0.0, 2.0, 0.5 ], "autoUv": false }
							}
						},
						{
							"name": "Shoe22",
							"from": [ 0.182, -0.0182, 1.8655 ],
							"to": [ 0.273, 0.1638, 1.9565 ],
							"rotationOrigin": [ 0.182, -0.091, 1.82 ],
							"faces": {
								"north": { "texture": "#hscolor", "uv": [ 0.0, 0.0, 0.5, 0.5 ], "autoUv": false },
								"east": { "texture": "#hscolor", "uv": [ 0.0, 0.0, 0.5, 0.5 ], "autoUv": false },
								"south": { "texture": "#hscolor", "uv": [ 0.0, 0.0, 0.5, 0.5 ], "autoUv": false },
								"west": { "texture": "#hscolor", "uv": [ 0.0, 0.0, 0.5, 0.5 ], "autoUv": false },
								"up": { "texture": "#hscolor", "uv": [ 0.0, 0.0, 0.5, 0.5 ], "autoUv": false },
								"down": { "texture": "#hscolor", "uv": [ 0.0, 0.0, 0.5, 0.5 ], "autoUv": false }
							}
						},
						{
							"name": "Shoe23",
							"from": [ 1.092, -0.0182, 1.8655 ],
							"to": [ 1.183, 0.1638, 1.9565 ],
							"rotationOrigin": [ 1.092, -0.091, 1.82 ],
							"faces": {
								"north": { "texture": "#hscolor", "uv": [ 0.0, 0.0, 0.5, 0.5 ], "autoUv": false },
								"east": { "texture": "#hscolor", "uv": [ 0.0, 0.0, 0.5, 0.5 ], "autoUv": false },
								"south": { "texture": "#hscolor", "uv": [ 0.0, 0.0, 0.5, 0.5 ], "autoUv": false },
								"west": { "texture": "#hscolor", "uv": [ 0.0, 0.0, 0.5, 0.5 ], "autoUv": false },
								"up": { "texture": "#hscolor", "uv": [ 0.0, 0.0, 0.5, 0.5 ], "autoUv": false },
								"down": { "texture": "#hscolor", "uv": [ 0.0, 0.0, 0.5, 0.5 ], "autoUv": false }
							}
						},
						{
							"name": "Shoe24",
							"from": [ 2.002, -0.0182, 1.8655 ],
							"to": [ 2.093, 0.1638, 1.9565 ],
							"rotationOrigin": [ 2.002, -0.091, 1.82 ],
							"faces": {
								"north": { "texture": "#hscolor", "uv": [ 0.0, 0.0, 0.5, 0.5 ], "autoUv": false },
								"east": { "texture": "#hscolor", "uv": [ 0.0, 0.0, 0.5, 0.5 ], "autoUv": false },
								"south": { "texture": "#hscolor", "uv": [ 0.0, 0.0, 0.5, 0.5 ], "autoUv": false },
								"west": { "texture": "#hscolor", "uv": [ 0.0, 0.0, 0.5, 0.5 ], "autoUv": false },
								"up": { "texture": "#hscolor", "uv": [ 0.0, 0.0, 0.5, 0.5 ], "autoUv": false },
								"down": { "texture": "#hscolor", "uv": [ 0.0, 0.0, 0.5, 0.5 ], "autoUv": false }
							}
						},
						{
							"name": "Shoe25",
							"from": [ 0.182, -0.0182, 0.182 ],
							"to": [ 0.273, 0.1638, 0.273 ],
							"rotationOrigin": [ 0.182, -0.091, 0.182 ],
							"faces": {
								"north": { "texture": "#hscolor", "uv": [ 0.0, 0.0, 0.5, 0.5 ], "autoUv": false },
								"east": { "texture": "#hscolor", "uv": [ 0.0, 0.0, 0.5, 0.5 ], "autoUv": false },
								"south": { "texture": "#hscolor", "uv": [ 0.0, 0.0, 0.5, 0.5 ], "autoUv": false },
								"west": { "texture": "#hscolor", "uv": [ 0.0, 0.0, 0.5, 0.5 ], "autoUv": false },
								"up": { "texture": "#hscolor", "uv": [ 0.0, 0.0, 0.5, 0.5 ], "autoUv": false },
								"down": { "texture": "#hscolor", "uv": [ 0.0, 0.0, 0.5, 0.5 ], "autoUv": false }
							}
						},
						{
							"name": "Shoe26",
							"from": [ 0.182, -0.0182, 1.0465 ],
							"to": [ 0.273, 0.1638, 1.1375 ],
							"rotationOrigin": [ 0.182, -0.091, 1.001 ],
							"faces": {
								"north": { "texture": "#hscolor", "uv": [ 0.0, 0.0, 0.5, 0.5 ], "autoUv": false },
								"east": { "texture": "#hscolor", "uv": [ 0.0, 0.0, 0.5, 0.5 ], "autoUv": false },
								"south": { "texture": "#hscolor", "uv": [ 0.0, 0.0, 0.5, 0.5 ], "autoUv": false },
								"west": { "texture": "#hscolor", "uv": [ 0.0, 0.0, 0.5, 0.5 ], "autoUv": false },
								"up": { "texture": "#hscolor", "uv": [ 0.0, 0.0, 0.5, 0.5 ], "autoUv": false },
								"down": { "texture": "#hscolor", "uv": [ 0.0, 0.0, 0.5, 0.5 ], "autoUv": false }
							}
						},
						{
							"name": "Shoe27",
							"from": [ 1.092, -0.0182, 0.182 ],
							"to": [ 1.183, 0.1638, 0.273 ],
							"rotationOrigin": [ 1.092, -0.091, 0.182 ],
							"faces": {
								"north": { "texture": "#hscolor", "uv": [ 0.0, 0.0, 0.5, 0.5 ], "autoUv": false },
								"east": { "texture": "#hscolor", "uv": [ 0.0, 0.0, 0.5, 0.5 ], "autoUv": false },
								"south": { "texture": "#hscolor", "uv": [ 0.0, 0.0, 0.5, 0.5 ], "autoUv": false },
								"west": { "texture": "#hscolor", "uv": [ 0.0, 0.0, 0.5, 0.5 ], "autoUv": false },
								"up": { "texture": "#hscolor", "uv": [ 0.0, 0.0, 0.5, 0.5 ], "autoUv": false },
								"down": { "texture": "#hscolor", "uv": [ 0.0, 0.0, 0.5, 0.5 ], "autoUv": false }
							}
						},
						{
							"name": "Shoe28",
							"from": [ 2.002, -0.0182, 0.182 ],
							"to": [ 2.093, 0.1638, 0.273 ],
							"rotationOrigin": [ 2.002, -0.091, 0.182 ],
							"faces": {
								"north": { "texture": "#hscolor", "uv": [ 0.0, 0.0, 0.5, 0.5 ], "autoUv": false },
								"east": { "texture": "#hscolor", "uv": [ 0.0, 0.0, 0.5, 0.5 ], "autoUv": false },
								"south": { "texture": "#hscolor", "uv": [ 0.0, 0.0, 0.5, 0.5 ], "autoUv": false },
								"west": { "texture": "#hscolor", "uv": [ 0.0, 0.0, 0.5, 0.5 ], "autoUv": false },
								"up": { "texture": "#hscolor", "uv": [ 0.0, 0.0, 0.5, 0.5 ], "autoUv": false },
								"down": { "texture": "#hscolor", "uv": [ 0.0, 0.0, 0.5, 0.5 ], "autoUv": false }
							}
						}
					]
				},
				{
					"name": "Shoe5",
					"stepParentName": "R hoofH",
					"from": [ -0.0455, -0.1274, -0.0546 ],
					"to": [ 0.4095, 0.1456, 2.0454 ],
					"rotationOrigin": [ -0.091, -0.091, -0.091 ],
					"faces": {
						"north": { "texture": "#hscolor", "uv": [ 0.0, 0.0, 0.5, 0.5 ], "autoUv": false },
						"east": { "texture": "#hscolor", "uv": [ 0.0, 0.0, 2.0, 0.5 ], "autoUv": false },
						"south": { "texture": "#hscolor", "uv": [ 0.0, 0.0, 0.5, 0.5 ], "autoUv": false },
						"west": { "texture": "#hscolor", "uv": [ 0.0, 0.0, 2.0, 0.5 ], "autoUv": false },
						"up": { "texture": "#hscolor", "uv": [ 0.0, 0.0, 0.5, 2.0 ], "autoUv": false },
						"down": { "texture": "#hscolor", "uv": [ 0.0, 0.0, 0.5, 2.0 ], "autoUv": false }
					},
					"children": [
						{
							"name": "Shoe5",
							"from": [ 0.455, 0.0, 0.0 ],
							"to": [ 2.366, 0.273, 0.455 ],
							"rotationOrigin": [ 0.455, 0.0, 0.0 ],
							"faces": {
								"north": { "texture": "#hscolor", "uv": [ 0.0, 0.0, 2.0, 0.5 ], "autoUv": false },
								"east": { "texture": "#hscolor", "uv": [ 0.0, 0.0, 0.5, 0.5 ], "autoUv": false },
								"south": { "texture": "#hscolor", "uv": [ 0.0, 0.0, 2.0, 0.5 ], "autoUv": false },
								"west": { "texture": "#hscolor", "uv": [ 0.0, 0.0, 0.5, 0.5 ], "autoUv": false },
								"up": { "texture": "#hscolor", "uv": [ 0.0, 0.0, 2.0, 0.5 ], "autoUv": false },
								"down": { "texture": "#hscolor", "uv": [ 0.0, 0.0, 2.0, 0.5 ], "autoUv": false }
							}
						},
						{
							"name": "Shoe291",
							"from": [ 0.455, 0.0, 1.6835 ],
							"to": [ 2.366, 0.273, 2.0835 ],
							"rotationOrigin": [ 0.455, 0.0, 1.638 ],
							"faces": {
								"north": { "texture": "#hscolor", "uv": [ 0.0, 0.0, 2.0, 0.5 ], "autoUv": false },
								"east": { "texture": "#hscolor", "uv": [ 0.0, 0.0, 0.5, 0.5 ], "autoUv": false },
								"south": { "texture": "#hscolor", "uv": [ 0.0, 0.0, 2.0, 0.5 ], "autoUv": false },
								"west": { "texture": "#hscolor", "uv": [ 0.0, 0.0, 0.5, 0.5 ], "autoUv": false },
								"up": { "texture": "#hscolor", "uv": [ 0.0, 0.0, 2.0, 0.5 ], "autoUv": false },
								"down": { "texture": "#hscolor", "uv": [ 0.0, 0.0, 2.0, 0.5 ], "autoUv": false }
							}
						},
						{
							"name": "Shoe29",
							"from": [ 0.182, -0.0182, 1.8655 ],
							"to": [ 0.273, 0.1638, 1.9565 ],
							"rotationOrigin": [ 0.182, -0.091, 1.82 ],
							"faces": {
								"north": { "texture": "#hscolor", "uv": [ 0.0, 0.0, 0.5, 0.5 ], "autoUv": false },
								"east": { "texture": "#hscolor", "uv": [ 0.0, 0.0, 0.5, 0.5 ], "autoUv": false },
								"south": { "texture": "#hscolor", "uv": [ 0.0, 0.0, 0.5, 0.5 ], "autoUv": false },
								"west": { "texture": "#hscolor", "uv": [ 0.0, 0.0, 0.5, 0.5 ], "autoUv": false },
								"up": { "texture": "#hscolor", "uv": [ 0.0, 0.0, 0.5, 0.5 ], "autoUv": false },
								"down": { "texture": "#hscolor", "uv": [ 0.0, 0.0, 0.5, 0.5 ], "autoUv": false }
							}
						},
						{
							"name": "Shoe29",
							"from": [ 1.092, -0.0182, 1.8655 ],
							"to": [ 1.183, 0.1638, 1.9565 ],
							"rotationOrigin": [ 1.092, -0.091, 1.82 ],
							"faces": {
								"north": { "texture": "#hscolor", "uv": [ 0.0, 0.0, 0.5, 0.5 ], "autoUv": false },
								"east": { "texture": "#hscolor", "uv": [ 0.0, 0.0, 0.5, 0.5 ], "autoUv": false },
								"south": { "texture": "#hscolor", "uv": [ 0.0, 0.0, 0.5, 0.5 ], "autoUv": false },
								"west": { "texture": "#hscolor", "uv": [ 0.0, 0.0, 0.5, 0.5 ], "autoUv": false },
								"up": { "texture": "#hscolor", "uv": [ 0.0, 0.0, 0.5, 0.5 ], "autoUv": false },
								"down": { "texture": "#hscolor", "uv": [ 0.0, 0.0, 0.5, 0.5 ], "autoUv": false }
							}
						},
						{
							"name": "Shoe29",
							"from": [ 2.002, -0.0182, 1.8655 ],
							"to": [ 2.093, 0.1638, 1.9565 ],
							"rotationOrigin": [ 2.002, -0.091, 1.82 ],
							"faces": {
								"north": { "texture": "#hscolor", "uv": [ 0.0, 0.0, 0.5, 0.5 ], "autoUv": false },
								"east": { "texture": "#hscolor", "uv": [ 0.0, 0.0, 0.5, 0.5 ], "autoUv": false },
								"south": { "texture": "#hscolor", "uv": [ 0.0, 0.0, 0.5, 0.5 ], "autoUv": false },
								"west": { "texture": "#hscolor", "uv": [ 0.0, 0.0, 0.5, 0.5 ], "autoUv": false },
								"up": { "texture": "#hscolor", "uv": [ 0.0, 0.0, 0.5, 0.5 ], "autoUv": false },
								"down": { "texture": "#hscolor", "uv": [ 0.0, 0.0, 0.5, 0.5 ], "autoUv": false }
							}
						},
						{
							"name": "Shoe29",
							"from": [ 0.182, -0.0182, 0.182 ],
							"to": [ 0.273, 0.1638, 0.273 ],
							"rotationOrigin": [ 0.182, -0.091, 0.182 ],
							"faces": {
								"north": { "texture": "#hscolor", "uv": [ 0.0, 0.0, 0.5, 0.5 ], "autoUv": false },
								"east": { "texture": "#hscolor", "uv": [ 0.0, 0.0, 0.5, 0.5 ], "autoUv": false },
								"south": { "texture": "#hscolor", "uv": [ 0.0, 0.0, 0.5, 0.5 ], "autoUv": false },
								"west": { "texture": "#hscolor", "uv": [ 0.0, 0.0, 0.5, 0.5 ], "autoUv": false },
								"up": { "texture": "#hscolor", "uv": [ 0.0, 0.0, 0.5, 0.5 ], "autoUv": false },
								"down": { "texture": "#hscolor", "uv": [ 0.0, 0.0, 0.5, 0.5 ], "autoUv": false }
							}
						},
						{
							"name": "Shoe29",
							"from": [ 0.182, -0.0182, 1.0465 ],
							"to": [ 0.273, 0.1638, 1.1375 ],
							"rotationOrigin": [ 0.182, -0.091, 1.001 ],
							"faces": {
								"north": { "texture": "#hscolor", "uv": [ 0.0, 0.0, 0.5, 0.5 ], "autoUv": false },
								"east": { "texture": "#hscolor", "uv": [ 0.0, 0.0, 0.5, 0.5 ], "autoUv": false },
								"south": { "texture": "#hscolor", "uv": [ 0.0, 0.0, 0.5, 0.5 ], "autoUv": false },
								"west": { "texture": "#hscolor", "uv": [ 0.0, 0.0, 0.5, 0.5 ], "autoUv": false },
								"up": { "texture": "#hscolor", "uv": [ 0.0, 0.0, 0.5, 0.5 ], "autoUv": false },
								"down": { "texture": "#hscolor", "uv": [ 0.0, 0.0, 0.5, 0.5 ], "autoUv": false }
							}
						},
						{
							"name": "Shoe29",
							"from": [ 1.092, -0.0182, 0.182 ],
							"to": [ 1.183, 0.1638, 0.273 ],
							"rotationOrigin": [ 1.092, -0.091, 0.182 ],
							"faces": {
								"north": { "texture": "#hscolor", "uv": [ 0.0, 0.0, 0.5, 0.5 ], "autoUv": false },
								"east": { "texture": "#hscolor", "uv": [ 0.0, 0.0, 0.5, 0.5 ], "autoUv": false },
								"south": { "texture": "#hscolor", "uv": [ 0.0, 0.0, 0.5, 0.5 ], "autoUv": false },
								"west": { "texture": "#hscolor", "uv": [ 0.0, 0.0, 0.5, 0.5 ], "autoUv": false },
								"up": { "texture": "#hscolor", "uv": [ 0.0, 0.0, 0.5, 0.5 ], "autoUv": false },
								"down": { "texture": "#hscolor", "uv": [ 0.0, 0.0, 0.5, 0.5 ], "autoUv": false }
							}
						},
						{
							"name": "Shoe29",
							"from": [ 2.002, -0.0182, 0.182 ],
							"to": [ 2.093, 0.1638, 0.273 ],
							"rotationOrigin": [ 2.002, -0.091, 0.182 ],
							"faces": {
								"north": { "texture": "#hscolor", "uv": [ 0.0, 0.0, 0.5, 0.5 ], "autoUv": false },
								"east": { "texture": "#hscolor", "uv": [ 0.0, 0.0, 0.5, 0.5 ], "autoUv": false },
								"south": { "texture": "#hscolor", "uv": [ 0.0, 0.0, 0.5, 0.5 ], "autoUv": false },
								"west": { "texture": "#hscolor", "uv": [ 0.0, 0.0, 0.5, 0.5 ], "autoUv": false },
								"up": { "texture": "#hscolor", "uv": [ 0.0, 0.0, 0.5, 0.5 ], "autoUv": false },
								"down": { "texture": "#hscolor", "uv": [ 0.0, 0.0, 0.5, 0.5 ], "autoUv": false }
							}
						}
					]
				},
				{
					"name": "Shoe6",
					"stepParentName": "L hoofH",
					"from": [ -0.0455, -0.1274, -0.0546 ],
					"to": [ 0.4095, 0.1456, 2.0454 ],
					"rotationOrigin": [ -0.091, -0.091, -0.091 ],
					"faces": {
						"north": { "texture": "#hscolor", "uv": [ 0.0, 0.0, 0.5, 0.5 ], "autoUv": false },
						"east": { "texture": "#hscolor", "uv": [ 0.0, 0.0, 2.0, 0.5 ], "autoUv": false },
						"south": { "texture": "#hscolor", "uv": [ 0.0, 0.0, 0.5, 0.5 ], "autoUv": false },
						"west": { "texture": "#hscolor", "uv": [ 0.0, 0.0, 2.0, 0.5 ], "autoUv": false },
						"up": { "texture": "#hscolor", "uv": [ 0.0, 0.0, 0.5, 2.0 ], "autoUv": false },
						"down": { "texture": "#hscolor", "uv": [ 0.0, 0.0, 0.5, 2.0 ], "autoUv": false }
					},
					"children": [
						{
							"name": "Shoe7",
							"from": [ 0.455, 0.0, 0.0 ],
							"to": [ 2.366, 0.273, 0.455 ],
							"rotationOrigin": [ 0.455, 0.0, 0.0 ],
							"faces": {
								"north": { "texture": "#hscolor", "uv": [ 0.0, 0.0, 2.0, 0.5 ], "autoUv": false },
								"east": { "texture": "#hscolor", "uv": [ 0.0, 0.0, 0.5, 0.5 ], "autoUv": false },
								"south": { "texture": "#hscolor", "uv": [ 0.0, 0.0, 2.0, 0.5 ], "autoUv": false },
								"west": { "texture": "#hscolor", "uv": [ 0.0, 0.0, 0.5, 0.5 ], "autoUv": false },
								"up": { "texture": "#hscolor", "uv": [ 0.0, 0.0, 2.0, 0.5 ], "autoUv": false },
								"down": { "texture": "#hscolor", "uv": [ 0.0, 0.0, 2.0, 0.5 ], "autoUv": false }
							}
						},
						{
							"name": "Shoe30",
							"from": [ 0.455, 0.0, 1.6835 ],
							"to": [ 2.366, 0.273, 2.0835 ],
							"rotationOrigin": [ 0.455, 0.0, 1.638 ],
							"faces": {
								"north": { "texture": "#hscolor", "uv": [ 0.0, 0.0, 2.0, 0.5 ], "autoUv": false },
								"east": { "texture": "#hscolor", "uv": [ 0.0, 0.0, 0.5, 0.5 ], "autoUv": false },
								"south": { "texture": "#hscolor", "uv": [ 0.0, 0.0, 2.0, 0.5 ], "autoUv": false },
								"west": { "texture": "#hscolor", "uv": [ 0.0, 0.0, 0.5, 0.5 ], "autoUv": false },
								"up": { "texture": "#hscolor", "uv": [ 0.0, 0.0, 2.0, 0.5 ], "autoUv": false },
								"down": { "texture": "#hscolor", "uv": [ 0.0, 0.0, 2.0, 0.5 ], "autoUv": false }
							}
						},
						{
							"name": "Shoe31",
							"from": [ 0.182, -0.0182, 1.8655 ],
							"to": [ 0.273, 0.1638, 1.9565 ],
							"rotationOrigin": [ 0.182, -0.091, 1.82 ],
							"faces": {
								"north": { "texture": "#hscolor", "uv": [ 0.0, 0.0, 0.5, 0.5 ], "autoUv": false },
								"east": { "texture": "#hscolor", "uv": [ 0.0, 0.0, 0.5, 0.5 ], "autoUv": false },
								"south": { "texture": "#hscolor", "uv": [ 0.0, 0.0, 0.5, 0.5 ], "autoUv": false },
								"west": { "texture": "#hscolor", "uv": [ 0.0, 0.0, 0.5, 0.5 ], "autoUv": false },
								"up": { "texture": "#hscolor", "uv": [ 0.0, 0.0, 0.5, 0.5 ], "autoUv": false },
								"down": { "texture": "#hscolor", "uv": [ 0.0, 0.0, 0.5, 0.5 ], "autoUv": false }
							}
						},
						{
							"name": "Shoe32",
							"from": [ 1.092, -0.0182, 1.8655 ],
							"to": [ 1.183, 0.1638, 1.9565 ],
							"rotationOrigin": [ 1.092, -0.091, 1.82 ],
							"faces": {
								"north": { "texture": "#hscolor", "uv": [ 0.0, 0.0, 0.5, 0.5 ], "autoUv": false },
								"east": { "texture": "#hscolor", "uv": [ 0.0, 0.0, 0.5, 0.5 ], "autoUv": false },
								"south": { "texture": "#hscolor", "uv": [ 0.0, 0.0, 0.5, 0.5 ], "autoUv": false },
								"west": { "texture": "#hscolor", "uv": [ 0.0, 0.0, 0.5, 0.5 ], "autoUv": false },
								"up": { "texture": "#hscolor", "uv": [ 0.0, 0.0, 0.5, 0.5 ], "autoUv": false },
								"down": { "texture": "#hscolor", "uv": [ 0.0, 0.0, 0.5, 0.5 ], "autoUv": false }
							}
						},
						{
							"name": "Shoe33",
							"from": [ 2.002, -0.0182, 1.8655 ],
							"to": [ 2.093, 0.1638, 1.9565 ],
							"rotationOrigin": [ 2.002, -0.091, 1.82 ],
							"faces": {
								"north": { "texture": "#hscolor", "uv": [ 0.0, 0.0, 0.5, 0.5 ], "autoUv": false },
								"east": { "texture": "#hscolor", "uv": [ 0.0, 0.0, 0.5, 0.5 ], "autoUv": false },
								"south": { "texture": "#hscolor", "uv": [ 0.0, 0.0, 0.5, 0.5 ], "autoUv": false },
								"west": { "texture": "#hscolor", "uv": [ 0.0, 0.0, 0.5, 0.5 ], "autoUv": false },
								"up": { "texture": "#hscolor", "uv": [ 0.0, 0.0, 0.5, 0.5 ], "autoUv": false },
								"down": { "texture": "#hscolor", "uv": [ 0.0, 0.0, 0.5, 0.5 ], "autoUv": false }
							}
						},
						{
							"name": "Shoe34",
							"from": [ 0.182, -0.0182, 0.182 ],
							"to": [ 0.273, 0.1638, 0.273 ],
							"rotationOrigin": [ 0.182, -0.091, 0.182 ],
							"faces": {
								"north": { "texture": "#hscolor", "uv": [ 0.0, 0.0, 0.5, 0.5 ], "autoUv": false },
								"east": { "texture": "#hscolor", "uv": [ 0.0, 0.0, 0.5, 0.5 ], "autoUv": false },
								"south": { "texture": "#hscolor", "uv": [ 0.0, 0.0, 0.5, 0.5 ], "autoUv": false },
								"west": { "texture": "#hscolor", "uv": [ 0.0, 0.0, 0.5, 0.5 ], "autoUv": false },
								"up": { "texture": "#hscolor", "uv": [ 0.0, 0.0, 0.5, 0.5 ], "autoUv": false },
								"down": { "texture": "#hscolor", "uv": [ 0.0, 0.0, 0.5, 0.5 ], "autoUv": false }
							}
						},
						{
							"name": "Shoe35",
							"from": [ 0.182, -0.0182, 1.0465 ],
							"to": [ 0.273, 0.1638, 1.1375 ],
							"rotationOrigin": [ 0.182, -0.091, 1.001 ],
							"faces": {
								"north": { "texture": "#hscolor", "uv": [ 0.0, 0.0, 0.5, 0.5 ], "autoUv": false },
								"east": { "texture": "#hscolor", "uv": [ 0.0, 0.0, 0.5, 0.5 ], "autoUv": false },
								"south": { "texture": "#hscolor", "uv": [ 0.0, 0.0, 0.5, 0.5 ], "autoUv": false },
								"west": { "texture": "#hscolor", "uv": [ 0.0, 0.0, 0.5, 0.5 ], "autoUv": false },
								"up": { "texture": "#hscolor", "uv": [ 0.0, 0.0, 0.5, 0.5 ], "autoUv": false },
								"down": { "texture": "#hscolor", "uv": [ 0.0, 0.0, 0.5, 0.5 ], "autoUv": false }
							}
						},
						{
							"name": "Shoe36",
							"from": [ 1.092, -0.0182, 0.182 ],
							"to": [ 1.183, 0.1638, 0.273 ],
							"rotationOrigin": [ 1.092, -0.091, 0.182 ],
							"faces": {
								"north": { "texture": "#hscolor", "uv": [ 0.0, 0.0, 0.5, 0.5 ], "autoUv": false },
								"east": { "texture": "#hscolor", "uv": [ 0.0, 0.0, 0.5, 0.5 ], "autoUv": false },
								"south": { "texture": "#hscolor", "uv": [ 0.0, 0.0, 0.5, 0.5 ], "autoUv": false },
								"west": { "texture": "#hscolor", "uv": [ 0.0, 0.0, 0.5, 0.5 ], "autoUv": false },
								"up": { "texture": "#hscolor", "uv": [ 0.0, 0.0, 0.5, 0.5 ], "autoUv": false },
								"down": { "texture": "#hscolor", "uv": [ 0.0, 0.0, 0.5, 0.5 ], "autoUv": false }
							}
						},
						{
							"name": "Shoe37",
							"from": [ 2.002, -0.0182, 0.182 ],
							"to": [ 2.093, 0.1638, 0.273 ],
							"rotationOrigin": [ 2.002, -0.091, 0.182 ],
							"faces": {
								"north": { "texture": "#hscolor", "uv": [ 0.0, 0.0, 0.5, 0.5 ], "autoUv": false },
								"east": { "texture": "#hscolor", "uv": [ 0.0, 0.0, 0.5, 0.5 ], "autoUv": false },
								"south": { "texture": "#hscolor", "uv": [ 0.0, 0.0, 0.5, 0.5 ], "autoUv": false },
								"west": { "texture": "#hscolor", "uv": [ 0.0, 0.0, 0.5, 0.5 ], "autoUv": false },
								"up": { "texture": "#hscolor", "uv": [ 0.0, 0.0, 0.5, 0.5 ], "autoUv": false },
								"down": { "texture": "#hscolor", "uv": [ 0.0, 0.0, 0.5, 0.5 ], "autoUv": false }
							}
						}
					]
				}
			]
		}
	]}