{
	"editor": {
		"collapsedPaths": "",
		"allAngles": false,
		"entityTextureMode": false
	},
	"textureWidth": 16,
	"textureHeight": 16,
	"textureSizes": {
		"hscolor": [16,16]
	},
	"textures": {
		"hscolor": "game:block/metal/sheet/steel1"
	},
	"elements": [
		{
			"name": "HorseshoeOrigin",
			"from": [ 8.0, 0.0, 8.0 ],
			"to": [ 8.0, 0.0, 8.0 ],
			"rotationOrigin": [ 8.0, 0.0, 8.0 ],
			"faces": {
				"north": { "texture": "#hscolor", "uv": [ 0.0, 0.0, 0.5, 0.5 ] },
				"east": { "texture": "#hscolor", "uv": [ 0.0, 0.0, 0.5, 0.5 ] },
				"south": { "texture": "#hscolor", "uv": [ 0.0, 0.0, 0.5, 0.5 ] },
				"west": { "texture": "#hscolor", "uv": [ 0.0, 0.0, 0.5, 0.5 ] },
				"up": { "texture": "#hscolor", "uv": [ 0.0, 0.0, 0.5, 0.5 ] },
				"down": { "texture": "#hscolor", "uv": [ 0.0, 0.0, 0.5, 0.5 ] }
			},
			"children": [
				{
					"name": "Shoe1",
					"stepParentName": "L hoof",
					"from": [ -0.05, 0.16, -0.1 ],
					"to": [ 0.45, 0.46, 2.25 ],
					"rotationOrigin": [ -0.1, 0.2, -0.1 ],
					"rotationX": 180.0,
					"faces": {
						"north": { "texture": "#hscolor", "uv": [ 6.0, 6.5, 6.5, 7.0 ] },
						"east": { "texture": "#hscolor", "uv": [ 5.0, 7.0, 7.0, 7.5 ] },
						"south": { "texture": "#hscolor", "uv": [ 6.0, 5.0, 6.5, 5.5 ] },
						"west": { "texture": "#hscolor", "uv": [ 6.0, 5.0, 8.0, 5.5 ] },
						"up": { "texture": "#hscolor", "uv": [ 6.0, 6.5, 6.5, 8.5 ] },
						"down": { "texture": "#hscolor", "uv": [ 8.0, 4.0, 8.5, 6.0 ] }
					},
					"children": [
						{
							"name": "Shoe2",
							"from": [ 0.5, 0.0, 0.0 ],
							"to": [ 2.6, 0.3, 0.5 ],
							"rotationOrigin": [ 0.5, 0.0, 0.0 ],
							"faces": {
								"north": { "texture": "#hscolor", "uv": [ 8.0, 7.0, 10.0, 7.5 ] },
								"east": { "texture": "#hscolor", "uv": [ 6.5, 8.5, 7.0, 9.0 ] },
								"south": { "texture": "#hscolor", "uv": [ 7.5, 6.5, 9.5, 7.0 ] },
								"west": { "texture": "#hscolor", "uv": [ 5.5, 7.5, 6.0, 8.0 ] },
								"up": { "texture": "#hscolor", "uv": [ 7.5, 7.5, 9.5, 8.0 ] },
								"down": { "texture": "#hscolor", "uv": [ 4.0, 4.0, 6.0, 4.5 ] }
							}
						},
						{
							"name": "Shoe13",
							"from": [ 0.5, 0.0, 1.85 ],
							"to": [ 2.6, 0.3, 2.35 ],
							"rotationOrigin": [ 0.5, 0.0, 1.8 ],
							"faces": {
								"north": { "texture": "#hscolor", "uv": [ 8.0, 8.5, 10.0, 9.0 ] },
								"east": { "texture": "#hscolor", "uv": [ 8.5, 9.0, 9.0, 9.5 ] },
								"south": { "texture": "#hscolor", "uv": [ 7.5, 8.0, 9.5, 8.5 ] },
								"west": { "texture": "#hscolor", "uv": [ 7.5, 6.0, 8.0, 6.5 ] },
								"up": { "texture": "#hscolor", "uv": [ 7.0, 8.0, 9.0, 8.5 ] },
								"down": { "texture": "#hscolor", "uv": [ 6.5, 8.0, 8.5, 8.5 ] }
							}
						},
						{
							"name": "Shoe14",
							"from": [ 0.2, -0.02, 2.05 ],
							"to": [ 0.3, 0.32, 2.15 ],
							"rotationOrigin": [ 0.2, -0.1, 2.0 ],
							"faces": {
								"north": { "texture": "#hscolor", "uv": [ 0.0, 0.0, 0.5, 0.5 ] },
								"east": { "texture": "#hscolor", "uv": [ 0.0, 0.0, 0.5, 0.5 ] },
								"south": { "texture": "#hscolor", "uv": [ 0.0, 0.0, 0.5, 0.5 ] },
								"west": { "texture": "#hscolor", "uv": [ 0.0, 0.0, 0.5, 0.5 ] },
								"up": { "texture": "#hscolor", "uv": [ 0.0, 0.0, 0.5, 0.5 ] },
								"down": { "texture": "#hscolor", "uv": [ 0.0, 0.0, 0.5, 0.5 ] }
							}
						},
						{
							"name": "Shoe15",
							"from": [ 1.2, -0.02, 2.05 ],
							"to": [ 1.3, 0.32, 2.15 ],
							"rotationOrigin": [ 1.2, -0.1, 2.0 ],
							"faces": {
								"north": { "texture": "#hscolor", "uv": [ 0.0, 0.0, 0.5, 0.5 ] },
								"east": { "texture": "#hscolor", "uv": [ 0.0, 0.0, 0.5, 0.5 ] },
								"south": { "texture": "#hscolor", "uv": [ 0.0, 0.0, 0.5, 0.5 ] },
								"west": { "texture": "#hscolor", "uv": [ 0.0, 0.0, 0.5, 0.5 ] },
								"up": { "texture": "#hscolor", "uv": [ 0.0, 0.0, 0.5, 0.5 ] },
								"down": { "texture": "#hscolor", "uv": [ 0.0, 0.0, 0.5, 0.5 ] }
							}
						},
						{
							"name": "Shoe16",
							"from": [ 2.2, -0.02, 2.05 ],
							"to": [ 2.3, 0.32, 2.15 ],
							"rotationOrigin": [ 2.2, -0.1, 2.0 ],
							"faces": {
								"north": { "texture": "#hscolor", "uv": [ 0.0, 0.0, 0.5, 0.5 ] },
								"east": { "texture": "#hscolor", "uv": [ 0.0, 0.0, 0.5, 0.5 ] },
								"south": { "texture": "#hscolor", "uv": [ 0.0, 0.0, 0.5, 0.5 ] },
								"west": { "texture": "#hscolor", "uv": [ 0.0, 0.0, 0.5, 0.5 ] },
								"up": { "texture": "#hscolor", "uv": [ 0.0, 0.0, 0.5, 0.5 ] },
								"down": { "texture": "#hscolor", "uv": [ 0.0, 0.0, 0.5, 0.5 ] }
							}
						},
						{
							"name": "Shoe17",
							"from": [ 0.2, -0.02, 0.2 ],
							"to": [ 0.3, 0.32, 0.3 ],
							"rotationOrigin": [ 0.2, -0.1, 0.2 ],
							"faces": {
								"north": { "texture": "#hscolor", "uv": [ 0.0, 0.0, 0.5, 0.5 ] },
								"east": { "texture": "#hscolor", "uv": [ 0.0, 0.0, 0.5, 0.5 ] },
								"south": { "texture": "#hscolor", "uv": [ 0.0, 0.0, 0.5, 0.5 ] },
								"west": { "texture": "#hscolor", "uv": [ 0.0, 0.0, 0.5, 0.5 ] },
								"up": { "texture": "#hscolor", "uv": [ 0.0, 0.0, 0.5, 0.5 ] },
								"down": { "texture": "#hscolor", "uv": [ 0.0, 0.0, 0.5, 0.5 ] }
							}
						},
						{
							"name": "Shoe19",
							"from": [ 1.2, -0.02, 0.2 ],
							"to": [ 1.3, 0.32, 0.3 ],
							"rotationOrigin": [ 1.2, -0.1, 0.2 ],
							"faces": {
								"north": { "texture": "#hscolor", "uv": [ 0.0, 0.0, 0.5, 0.5 ] },
								"east": { "texture": "#hscolor", "uv": [ 0.0, 0.0, 0.5, 0.5 ] },
								"south": { "texture": "#hscolor", "uv": [ 0.0, 0.0, 0.5, 0.5 ] },
								"west": { "texture": "#hscolor", "uv": [ 0.0, 0.0, 0.5, 0.5 ] },
								"up": { "texture": "#hscolor", "uv": [ 0.0, 0.0, 0.5, 0.5 ] },
								"down": { "texture": "#hscolor", "uv": [ 0.0, 0.0, 0.5, 0.5 ] }
							}
						},
						{
							"name": "Shoe20",
							"from": [ 2.2, -0.02, 0.2 ],
							"to": [ 2.3, 0.32, 0.3 ],
							"rotationOrigin": [ 2.2, -0.1, 0.2 ],
							"faces": {
								"north": { "texture": "#hscolor", "uv": [ 0.0, 0.0, 0.5, 0.5 ] },
								"east": { "texture": "#hscolor", "uv": [ 0.0, 0.0, 0.5, 0.5 ] },
								"south": { "texture": "#hscolor", "uv": [ 0.0, 0.0, 0.5, 0.5 ] },
								"west": { "texture": "#hscolor", "uv": [ 0.0, 0.0, 0.5, 0.5 ] },
								"up": { "texture": "#hscolor", "uv": [ 0.0, 0.0, 0.5, 0.5 ] },
								"down": { "texture": "#hscolor", "uv": [ 0.0, 0.0, 0.5, 0.5 ] }
							}
						},
						{
							"name": "Shoe21",
							"from": [ 1.7, -0.02, 0.2 ],
							"to": [ 1.8, 0.32, 0.3 ],
							"rotationOrigin": [ 1.7, -0.1, 0.2 ],
							"faces": {
								"north": { "texture": "#hscolor", "uv": [ 0.0, 0.0, 0.5, 0.5 ] },
								"east": { "texture": "#hscolor", "uv": [ 0.0, 0.0, 0.5, 0.5 ] },
								"south": { "texture": "#hscolor", "uv": [ 0.0, 0.0, 0.5, 0.5 ] },
								"west": { "texture": "#hscolor", "uv": [ 0.0, 0.0, 0.5, 0.5 ] },
								"up": { "texture": "#hscolor", "uv": [ 0.0, 0.0, 0.5, 0.5 ] },
								"down": { "texture": "#hscolor", "uv": [ 0.0, 0.0, 0.5, 0.5 ] }
							}
						},
						{
							"name": "Shoe22",
							"from": [ 1.7, -0.02, 2.05 ],
							"to": [ 1.8, 0.32, 2.15 ],
							"rotationOrigin": [ 1.7, -0.1, 2.0 ],
							"faces": {
								"north": { "texture": "#hscolor", "uv": [ 0.0, 0.0, 0.5, 0.5 ] },
								"east": { "texture": "#hscolor", "uv": [ 0.0, 0.0, 0.5, 0.5 ] },
								"south": { "texture": "#hscolor", "uv": [ 0.0, 0.0, 0.5, 0.5 ] },
								"west": { "texture": "#hscolor", "uv": [ 0.0, 0.0, 0.5, 0.5 ] },
								"up": { "texture": "#hscolor", "uv": [ 0.0, 0.0, 0.5, 0.5 ] },
								"down": { "texture": "#hscolor", "uv": [ 0.0, 0.0, 0.5, 0.5 ] }
							}
						},
						{
							"name": "Shoe23",
							"from": [ 0.7, -0.02, 2.05 ],
							"to": [ 0.8, 0.32, 2.15 ],
							"rotationOrigin": [ 0.7, -0.1, 2.0 ],
							"faces": {
								"north": { "texture": "#hscolor", "uv": [ 0.0, 0.0, 0.5, 0.5 ] },
								"east": { "texture": "#hscolor", "uv": [ 0.0, 0.0, 0.5, 0.5 ] },
								"south": { "texture": "#hscolor", "uv": [ 0.0, 0.0, 0.5, 0.5 ] },
								"west": { "texture": "#hscolor", "uv": [ 0.0, 0.0, 0.5, 0.5 ] },
								"up": { "texture": "#hscolor", "uv": [ 0.0, 0.0, 0.5, 0.5 ] },
								"down": { "texture": "#hscolor", "uv": [ 0.0, 0.0, 0.5, 0.5 ] }
							}
						},
						{
							"name": "Shoe24",
							"from": [ 0.7, -0.02, 0.2 ],
							"to": [ 0.8, 0.32, 0.3 ],
							"rotationOrigin": [ 0.7, -0.1, 0.2 ],
							"faces": {
								"north": { "texture": "#hscolor", "uv": [ 0.0, 0.0, 0.5, 0.5 ] },
								"east": { "texture": "#hscolor", "uv": [ 0.0, 0.0, 0.5, 0.5 ] },
								"south": { "texture": "#hscolor", "uv": [ 0.0, 0.0, 0.5, 0.5 ] },
								"west": { "texture": "#hscolor", "uv": [ 0.0, 0.0, 0.5, 0.5 ] },
								"up": { "texture": "#hscolor", "uv": [ 0.0, 0.0, 0.5, 0.5 ] },
								"down": { "texture": "#hscolor", "uv": [ 0.0, 0.0, 0.5, 0.5 ] }
							}
						}
					]
				},
				{
					"name": "Shoe3",
					"from": [ 0.05, 0.46, 0.0 ],
					"to": [ 0.55, 0.76, 2.35 ],
					"rotationOrigin": [ 0.0, 0.5, 0.0 ],
					"rotationX": 180.0,
					"rotationY": -5.0,
					"faces": {
						"north": { "texture": "#hscolor", "uv": [ 6.0, 6.5, 6.5, 7.0 ] },
						"east": { "texture": "#hscolor", "uv": [ 5.0, 7.0, 7.0, 7.5 ] },
						"south": { "texture": "#hscolor", "uv": [ 6.0, 5.0, 6.5, 5.5 ] },
						"west": { "texture": "#hscolor", "uv": [ 6.0, 5.0, 8.0, 5.5 ] },
						"up": { "texture": "#hscolor", "uv": [ 6.0, 6.5, 6.5, 8.5 ] },
						"down": { "texture": "#hscolor", "uv": [ 8.0, 4.0, 8.5, 6.0 ] }
					},
					"children": [
						{
							"name": "Shoe4",
							"from": [ 0.5, 0.0, 0.0 ],
							"to": [ 2.6, 0.3, 0.5 ],
							"rotationOrigin": [ 0.5, 0.0, 0.0 ],
							"faces": {
								"north": { "texture": "#hscolor", "uv": [ 8.0, 7.0, 10.0, 7.5 ] },
								"east": { "texture": "#hscolor", "uv": [ 6.5, 8.5, 7.0, 9.0 ] },
								"south": { "texture": "#hscolor", "uv": [ 7.5, 6.5, 9.5, 7.0 ] },
								"west": { "texture": "#hscolor", "uv": [ 5.5, 7.5, 6.0, 8.0 ] },
								"up": { "texture": "#hscolor", "uv": [ 7.5, 7.5, 9.5, 8.0 ] },
								"down": { "texture": "#hscolor", "uv": [ 4.0, 4.0, 6.0, 4.5 ] }
							}
						},
						{
							"name": "Shoe27",
							"from": [ 0.5, 0.0, 1.85 ],
							"to": [ 2.6, 0.3, 2.35 ],
							"rotationOrigin": [ 0.5, 0.0, 1.8 ],
							"faces": {
								"north": { "texture": "#hscolor", "uv": [ 8.0, 8.5, 10.0, 9.0 ] },
								"east": { "texture": "#hscolor", "uv": [ 8.5, 9.0, 9.0, 9.5 ] },
								"south": { "texture": "#hscolor", "uv": [ 7.5, 8.0, 9.5, 8.5 ] },
								"west": { "texture": "#hscolor", "uv": [ 7.5, 6.0, 8.0, 6.5 ] },
								"up": { "texture": "#hscolor", "uv": [ 7.0, 8.0, 9.0, 8.5 ] },
								"down": { "texture": "#hscolor", "uv": [ 6.5, 8.0, 8.5, 8.5 ] }
							}
						}
					]
				},
				{
					"name": "Shoe5",
					"from": [ -0.05, 0.76, -0.1 ],
					"to": [ 0.45, 1.06, 2.25 ],
					"rotationOrigin": [ -0.1, 0.8, -0.1 ],
					"rotationX": 180.0,
					"rotationY": 3.0,
					"faces": {
						"north": { "texture": "#hscolor", "uv": [ 6.0, 6.5, 6.5, 7.0 ] },
						"east": { "texture": "#hscolor", "uv": [ 5.0, 7.0, 7.0, 7.5 ] },
						"south": { "texture": "#hscolor", "uv": [ 6.0, 5.0, 6.5, 5.5 ] },
						"west": { "texture": "#hscolor", "uv": [ 6.0, 5.0, 8.0, 5.5 ] },
						"up": { "texture": "#hscolor", "uv": [ 6.0, 6.5, 6.5, 8.5 ] },
						"down": { "texture": "#hscolor", "uv": [ 8.0, 4.0, 8.5, 6.0 ] }
					},
					"children": [
						{
							"name": "Shoe6",
							"from": [ 0.5, 0.0, 0.0 ],
							"to": [ 2.6, 0.3, 0.5 ],
							"rotationOrigin": [ 0.5, 0.0, 0.0 ],
							"faces": {
								"north": { "texture": "#hscolor", "uv": [ 8.0, 7.0, 10.0, 7.5 ] },
								"east": { "texture": "#hscolor", "uv": [ 6.5, 8.5, 7.0, 9.0 ] },
								"south": { "texture": "#hscolor", "uv": [ 7.5, 6.5, 9.5, 7.0 ] },
								"west": { "texture": "#hscolor", "uv": [ 5.5, 7.5, 6.0, 8.0 ] },
								"up": { "texture": "#hscolor", "uv": [ 7.5, 7.5, 9.5, 8.0 ] },
								"down": { "texture": "#hscolor", "uv": [ 4.0, 4.0, 6.0, 4.5 ] }
							}
						},
						{
							"name": "Shoe41",
							"from": [ 0.5, 0.0, 1.85 ],
							"to": [ 2.6, 0.3, 2.35 ],
							"rotationOrigin": [ 0.5, 0.0, 1.8 ],
							"faces": {
								"north": { "texture": "#hscolor", "uv": [ 8.0, 8.5, 10.0, 9.0 ] },
								"east": { "texture": "#hscolor", "uv": [ 8.5, 9.0, 9.0, 9.5 ] },
								"south": { "texture": "#hscolor", "uv": [ 7.5, 8.0, 9.5, 8.5 ] },
								"west": { "texture": "#hscolor", "uv": [ 7.5, 6.0, 8.0, 6.5 ] },
								"up": { "texture": "#hscolor", "uv": [ 7.0, 8.0, 9.0, 8.5 ] },
								"down": { "texture": "#hscolor", "uv": [ 6.5, 8.0, 8.5, 8.5 ] }
							}
						}
					]
				},
				{
					"name": "Shoe7",
					"from": [ 0.05, 1.06, -0.1 ],
					"to": [ 0.55, 1.36, 2.25 ],
					"rotationOrigin": [ 0.0, 1.1, -0.1 ],
					"rotationX": 180.0,
					"rotationY": -1.0,
					"faces": {
						"north": { "texture": "#hscolor", "uv": [ 6.0, 6.5, 6.5, 7.0 ] },
						"east": { "texture": "#hscolor", "uv": [ 5.0, 7.0, 7.0, 7.5 ] },
						"south": { "texture": "#hscolor", "uv": [ 6.0, 5.0, 6.5, 5.5 ] },
						"west": { "texture": "#hscolor", "uv": [ 6.0, 5.0, 8.0, 5.5 ] },
						"up": { "texture": "#hscolor", "uv": [ 6.0, 6.5, 6.5, 8.5 ] },
						"down": { "texture": "#hscolor", "uv": [ 8.0, 4.0, 8.5, 6.0 ] }
					},
					"children": [
						{
							"name": "Shoe8",
							"from": [ 0.5, 0.0, 0.0 ],
							"to": [ 2.6, 0.3, 0.5 ],
							"rotationOrigin": [ 0.5, 0.0, 0.0 ],
							"faces": {
								"north": { "texture": "#hscolor", "uv": [ 8.0, 7.0, 10.0, 7.5 ] },
								"east": { "texture": "#hscolor", "uv": [ 6.5, 8.5, 7.0, 9.0 ] },
								"south": { "texture": "#hscolor", "uv": [ 7.5, 6.5, 9.5, 7.0 ] },
								"west": { "texture": "#hscolor", "uv": [ 5.5, 7.5, 6.0, 8.0 ] },
								"up": { "texture": "#hscolor", "uv": [ 7.5, 7.5, 9.5, 8.0 ] },
								"down": { "texture": "#hscolor", "uv": [ 4.0, 4.0, 6.0, 4.5 ] }
							}
						},
						{
							"name": "Shoe55",
							"from": [ 0.5, 0.0, 1.85 ],
							"to": [ 2.6, 0.3, 2.35 ],
							"rotationOrigin": [ 0.5, 0.0, 1.8 ],
							"faces": {
								"north": { "texture": "#hscolor", "uv": [ 8.0, 8.5, 10.0, 9.0 ] },
								"east": { "texture": "#hscolor", "uv": [ 8.5, 9.0, 9.0, 9.5 ] },
								"south": { "texture": "#hscolor", "uv": [ 7.5, 8.0, 9.5, 8.5 ] },
								"west": { "texture": "#hscolor", "uv": [ 7.5, 6.0, 8.0, 6.5 ] },
								"up": { "texture": "#hscolor", "uv": [ 7.0, 8.0, 9.0, 8.5 ] },
								"down": { "texture": "#hscolor", "uv": [ 6.5, 8.0, 8.5, 8.5 ] }
							}
						},
						{
							"name": "Shoe56",
							"from": [ 0.2, -0.02, 2.05 ],
							"to": [ 0.3, 0.32, 2.15 ],
							"rotationOrigin": [ 0.2, -0.1, 2.0 ],
							"faces": {
								"north": { "texture": "#hscolor", "uv": [ 0.0, 0.0, 0.5, 0.5 ] },
								"east": { "texture": "#hscolor", "uv": [ 0.0, 0.0, 0.5, 0.5 ] },
								"south": { "texture": "#hscolor", "uv": [ 0.0, 0.0, 0.5, 0.5 ] },
								"west": { "texture": "#hscolor", "uv": [ 0.0, 0.0, 0.5, 0.5 ] },
								"up": { "texture": "#hscolor", "uv": [ 0.0, 0.0, 0.5, 0.5 ] },
								"down": { "texture": "#hscolor", "uv": [ 0.0, 0.0, 0.5, 0.5 ] }
							}
						},
						{
							"name": "Shoe57",
							"from": [ 1.2, -0.02, 2.05 ],
							"to": [ 1.3, 0.32, 2.15 ],
							"rotationOrigin": [ 1.2, -0.1, 2.0 ],
							"faces": {
								"north": { "texture": "#hscolor", "uv": [ 0.0, 0.0, 0.5, 0.5 ] },
								"east": { "texture": "#hscolor", "uv": [ 0.0, 0.0, 0.5, 0.5 ] },
								"south": { "texture": "#hscolor", "uv": [ 0.0, 0.0, 0.5, 0.5 ] },
								"west": { "texture": "#hscolor", "uv": [ 0.0, 0.0, 0.5, 0.5 ] },
								"up": { "texture": "#hscolor", "uv": [ 0.0, 0.0, 0.5, 0.5 ] },
								"down": { "texture": "#hscolor", "uv": [ 0.0, 0.0, 0.5, 0.5 ] }
							}
						},
						{
							"name": "Shoe58",
							"from": [ 2.2, -0.02, 2.05 ],
							"to": [ 2.3, 0.32, 2.15 ],
							"rotationOrigin": [ 2.2, -0.1, 2.0 ],
							"faces": {
								"north": { "texture": "#hscolor", "uv": [ 0.0, 0.0, 0.5, 0.5 ] },
								"east": { "texture": "#hscolor", "uv": [ 0.0, 0.0, 0.5, 0.5 ] },
								"south": { "texture": "#hscolor", "uv": [ 0.0, 0.0, 0.5, 0.5 ] },
								"west": { "texture": "#hscolor", "uv": [ 0.0, 0.0, 0.5, 0.5 ] },
								"up": { "texture": "#hscolor", "uv": [ 0.0, 0.0, 0.5, 0.5 ] },
								"down": { "texture": "#hscolor", "uv": [ 0.0, 0.0, 0.5, 0.5 ] }
							}
						},
						{
							"name": "Shoe59",
							"from": [ 0.2, -0.02, 0.2 ],
							"to": [ 0.3, 0.32, 0.3 ],
							"rotationOrigin": [ 0.2, -0.1, 0.2 ],
							"faces": {
								"north": { "texture": "#hscolor", "uv": [ 0.0, 0.0, 0.5, 0.5 ] },
								"east": { "texture": "#hscolor", "uv": [ 0.0, 0.0, 0.5, 0.5 ] },
								"south": { "texture": "#hscolor", "uv": [ 0.0, 0.0, 0.5, 0.5 ] },
								"west": { "texture": "#hscolor", "uv": [ 0.0, 0.0, 0.5, 0.5 ] },
								"up": { "texture": "#hscolor", "uv": [ 0.0, 0.0, 0.5, 0.5 ] },
								"down": { "texture": "#hscolor", "uv": [ 0.0, 0.0, 0.5, 0.5 ] }
							}
						},
						{
							"name": "Shoe61",
							"from": [ 1.2, -0.02, 0.2 ],
							"to": [ 1.3, 0.32, 0.3 ],
							"rotationOrigin": [ 1.2, -0.1, 0.2 ],
							"faces": {
								"north": { "texture": "#hscolor", "uv": [ 0.0, 0.0, 0.5, 0.5 ] },
								"east": { "texture": "#hscolor", "uv": [ 0.0, 0.0, 0.5, 0.5 ] },
								"south": { "texture": "#hscolor", "uv": [ 0.0, 0.0, 0.5, 0.5 ] },
								"west": { "texture": "#hscolor", "uv": [ 0.0, 0.0, 0.5, 0.5 ] },
								"up": { "texture": "#hscolor", "uv": [ 0.0, 0.0, 0.5, 0.5 ] },
								"down": { "texture": "#hscolor", "uv": [ 0.0, 0.0, 0.5, 0.5 ] }
							}
						},
						{
							"name": "Shoe62",
							"from": [ 2.2, -0.02, 0.2 ],
							"to": [ 2.3, 0.32, 0.3 ],
							"rotationOrigin": [ 2.2, -0.1, 0.2 ],
							"faces": {
								"north": { "texture": "#hscolor", "uv": [ 0.0, 0.0, 0.5, 0.5 ] },
								"east": { "texture": "#hscolor", "uv": [ 0.0, 0.0, 0.5, 0.5 ] },
								"south": { "texture": "#hscolor", "uv": [ 0.0, 0.0, 0.5, 0.5 ] },
								"west": { "texture": "#hscolor", "uv": [ 0.0, 0.0, 0.5, 0.5 ] },
								"up": { "texture": "#hscolor", "uv": [ 0.0, 0.0, 0.5, 0.5 ] },
								"down": { "texture": "#hscolor", "uv": [ 0.0, 0.0, 0.5, 0.5 ] }
							}
						},
						{
							"name": "Shoe63",
							"from": [ 1.7, -0.02, 0.2 ],
							"to": [ 1.8, 0.32, 0.3 ],
							"rotationOrigin": [ 1.7, -0.1, 0.2 ],
							"faces": {
								"north": { "texture": "#hscolor", "uv": [ 0.0, 0.0, 0.5, 0.5 ] },
								"east": { "texture": "#hscolor", "uv": [ 0.0, 0.0, 0.5, 0.5 ] },
								"south": { "texture": "#hscolor", "uv": [ 0.0, 0.0, 0.5, 0.5 ] },
								"west": { "texture": "#hscolor", "uv": [ 0.0, 0.0, 0.5, 0.5 ] },
								"up": { "texture": "#hscolor", "uv": [ 0.0, 0.0, 0.5, 0.5 ] },
								"down": { "texture": "#hscolor", "uv": [ 0.0, 0.0, 0.5, 0.5 ] }
							}
						},
						{
							"name": "Shoe64",
							"from": [ 1.7, -0.02, 2.05 ],
							"to": [ 1.8, 0.32, 2.15 ],
							"rotationOrigin": [ 1.7, -0.1, 2.0 ],
							"faces": {
								"north": { "texture": "#hscolor", "uv": [ 0.0, 0.0, 0.5, 0.5 ] },
								"east": { "texture": "#hscolor", "uv": [ 0.0, 0.0, 0.5, 0.5 ] },
								"south": { "texture": "#hscolor", "uv": [ 0.0, 0.0, 0.5, 0.5 ] },
								"west": { "texture": "#hscolor", "uv": [ 0.0, 0.0, 0.5, 0.5 ] },
								"up": { "texture": "#hscolor", "uv": [ 0.0, 0.0, 0.5, 0.5 ] },
								"down": { "texture": "#hscolor", "uv": [ 0.0, 0.0, 0.5, 0.5 ] }
							}
						},
						{
							"name": "Shoe65",
							"from": [ 0.7, -0.02, 2.05 ],
							"to": [ 0.8, 0.32, 2.15 ],
							"rotationOrigin": [ 0.7, -0.1, 2.0 ],
							"faces": {
								"north": { "texture": "#hscolor", "uv": [ 0.0, 0.0, 0.5, 0.5 ] },
								"east": { "texture": "#hscolor", "uv": [ 0.0, 0.0, 0.5, 0.5 ] },
								"south": { "texture": "#hscolor", "uv": [ 0.0, 0.0, 0.5, 0.5 ] },
								"west": { "texture": "#hscolor", "uv": [ 0.0, 0.0, 0.5, 0.5 ] },
								"up": { "texture": "#hscolor", "uv": [ 0.0, 0.0, 0.5, 0.5 ] },
								"down": { "texture": "#hscolor", "uv": [ 0.0, 0.0, 0.5, 0.5 ] }
							}
						},
						{
							"name": "Shoe66",
							"from": [ 0.7, -0.02, 0.2 ],
							"to": [ 0.8, 0.32, 0.3 ],
							"rotationOrigin": [ 0.7, -0.1, 0.2 ],
							"faces": {
								"north": { "texture": "#hscolor", "uv": [ 0.0, 0.0, 0.5, 0.5 ] },
								"east": { "texture": "#hscolor", "uv": [ 0.0, 0.0, 0.5, 0.5 ] },
								"south": { "texture": "#hscolor", "uv": [ 0.0, 0.0, 0.5, 0.5 ] },
								"west": { "texture": "#hscolor", "uv": [ 0.0, 0.0, 0.5, 0.5 ] },
								"up": { "texture": "#hscolor", "uv": [ 0.0, 0.0, 0.5, 0.5 ] },
								"down": { "texture": "#hscolor", "uv": [ 0.0, 0.0, 0.5, 0.5 ] }
							}
						}
					]
				}
			]
		}
	]}