{
	"editor": {
		"backDropShape": "entity/land/caledonius/adult",
		"collapsedPaths": "",
		"allAngles": false,
		"entityTextureMode": false
	},
	"textureWidth": 16,
	"textureHeight": 16,
	"textureSizes": {
		"hscolor": [16,16]
	},
	"textures": {
		"hscolor": "game:block/metal/sheet/steel1"
	},
	"elements": [
		{
			"name": "HorseshoeOrigin",
			"from": [ 8.0, 0.0, 8.0 ],
			"to": [ 8.0, 0.0, 8.0 ],
			"rotationOrigin": [ 8.0, 0.0, 8.0 ],
			"faces": {
				"north": { "texture": "#hscolor", "uv": [ 0.0, 0.0, 0.5, 0.5 ] },
				"east": { "texture": "#hscolor", "uv": [ 0.0, 0.0, 0.5, 0.5 ] },
				"south": { "texture": "#hscolor", "uv": [ 0.0, 0.0, 0.5, 0.5 ] },
				"west": { "texture": "#hscolor", "uv": [ 0.0, 0.0, 0.5, 0.5 ] },
				"up": { "texture": "#hscolor", "uv": [ 0.0, 0.0, 0.5, 0.5 ] },
				"down": { "texture": "#hscolor", "uv": [ 0.0, 0.0, 0.5, 0.5 ] }
			},
			"children": [
				{
					"name": "Shoe1",
					"stepParentName": "L hoof",
					"from": [ -0.05, -0.14, -0.1 ],
					"to": [ 0.45, 0.16, 2.25 ],
					"rotationOrigin": [ -0.1, -0.1, -0.1 ],
					"faces": {
						"north": { "texture": "#hscolor", "uv": [ 0.0, 0.0, 0.5, 0.5 ] },
						"east": { "texture": "#hscolor", "uv": [ 0.0, 0.0, 2.0, 0.5 ] },
						"south": { "texture": "#hscolor", "uv": [ 0.0, 0.0, 0.5, 0.5 ] },
						"west": { "texture": "#hscolor", "uv": [ 0.0, 0.0, 2.0, 0.5 ] },
						"up": { "texture": "#hscolor", "uv": [ 0.0, 0.0, 0.5, 2.0 ] },
						"down": { "texture": "#hscolor", "uv": [ 0.0, 0.0, 0.5, 2.0 ] }
					},
					"children": [
						{
							"name": "Shoe2",
							"from": [ 0.5, 0.0, 0.0 ],
							"to": [ 2.6, 0.3, 0.5 ],
							"rotationOrigin": [ 0.5, 0.0, 0.0 ],
							"faces": {
								"north": { "texture": "#hscolor", "uv": [ 0.0, 0.0, 2.0, 0.5 ] },
								"east": { "texture": "#hscolor", "uv": [ 0.0, 0.0, 0.5, 0.5 ] },
								"south": { "texture": "#hscolor", "uv": [ 0.0, 0.0, 2.0, 0.5 ] },
								"west": { "texture": "#hscolor", "uv": [ 0.0, 0.0, 0.5, 0.5 ] },
								"up": { "texture": "#hscolor", "uv": [ 0.0, 0.0, 2.0, 0.5 ] },
								"down": { "texture": "#hscolor", "uv": [ 0.0, 0.0, 2.0, 0.5 ] }
							}
						},
						{
							"name": "Shoe13",
							"from": [ 0.5, 0.0, 1.85 ],
							"to": [ 2.6, 0.3, 2.35 ],
							"rotationOrigin": [ 0.5, 0.0, 1.8 ],
							"faces": {
								"north": { "texture": "#hscolor", "uv": [ 0.0, 0.0, 2.0, 0.5 ] },
								"east": { "texture": "#hscolor", "uv": [ 0.0, 0.0, 0.5, 0.5 ] },
								"south": { "texture": "#hscolor", "uv": [ 0.0, 0.0, 2.0, 0.5 ] },
								"west": { "texture": "#hscolor", "uv": [ 0.0, 0.0, 0.5, 0.5 ] },
								"up": { "texture": "#hscolor", "uv": [ 0.0, 0.0, 2.0, 0.5 ] },
								"down": { "texture": "#hscolor", "uv": [ 0.0, 0.0, 2.0, 0.5 ] }
							}
						},
						{
							"name": "Shoe14",
							"from": [ 0.2, -0.02, 2.05 ],
							"to": [ 0.3, 0.18, 2.15 ],
							"rotationOrigin": [ 0.2, -0.1, 2.0 ],
							"faces": {
								"north": { "texture": "#hscolor", "uv": [ 0.0, 0.0, 0.5, 0.5 ] },
								"east": { "texture": "#hscolor", "uv": [ 0.0, 0.0, 0.5, 0.5 ] },
								"south": { "texture": "#hscolor", "uv": [ 0.0, 0.0, 0.5, 0.5 ] },
								"west": { "texture": "#hscolor", "uv": [ 0.0, 0.0, 0.5, 0.5 ] },
								"up": { "texture": "#hscolor", "uv": [ 0.0, 0.0, 0.5, 0.5 ] },
								"down": { "texture": "#hscolor", "uv": [ 0.0, 0.0, 0.5, 0.5 ] }
							}
						},
						{
							"name": "Shoe15",
							"from": [ 1.2, -0.02, 2.05 ],
							"to": [ 1.3, 0.18, 2.15 ],
							"rotationOrigin": [ 1.2, -0.1, 2.0 ],
							"faces": {
								"north": { "texture": "#hscolor", "uv": [ 0.0, 0.0, 0.5, 0.5 ] },
								"east": { "texture": "#hscolor", "uv": [ 0.0, 0.0, 0.5, 0.5 ] },
								"south": { "texture": "#hscolor", "uv": [ 0.0, 0.0, 0.5, 0.5 ] },
								"west": { "texture": "#hscolor", "uv": [ 0.0, 0.0, 0.5, 0.5 ] },
								"up": { "texture": "#hscolor", "uv": [ 0.0, 0.0, 0.5, 0.5 ] },
								"down": { "texture": "#hscolor", "uv": [ 0.0, 0.0, 0.5, 0.5 ] }
							}
						},
						{
							"name": "Shoe16",
							"from": [ 2.2, -0.02, 2.05 ],
							"to": [ 2.3, 0.18, 2.15 ],
							"rotationOrigin": [ 2.2, -0.1, 2.0 ],
							"faces": {
								"north": { "texture": "#hscolor", "uv": [ 0.0, 0.0, 0.5, 0.5 ] },
								"east": { "texture": "#hscolor", "uv": [ 0.0, 0.0, 0.5, 0.5 ] },
								"south": { "texture": "#hscolor", "uv": [ 0.0, 0.0, 0.5, 0.5 ] },
								"west": { "texture": "#hscolor", "uv": [ 0.0, 0.0, 0.5, 0.5 ] },
								"up": { "texture": "#hscolor", "uv": [ 0.0, 0.0, 0.5, 0.5 ] },
								"down": { "texture": "#hscolor", "uv": [ 0.0, 0.0, 0.5, 0.5 ] }
							}
						},
						{
							"name": "Shoe17",
							"from": [ 0.2, -0.02, 0.2 ],
							"to": [ 0.3, 0.18, 0.3 ],
							"rotationOrigin": [ 0.2, -0.1, 0.2 ],
							"faces": {
								"north": { "texture": "#hscolor", "uv": [ 0.0, 0.0, 0.5, 0.5 ] },
								"east": { "texture": "#hscolor", "uv": [ 0.0, 0.0, 0.5, 0.5 ] },
								"south": { "texture": "#hscolor", "uv": [ 0.0, 0.0, 0.5, 0.5 ] },
								"west": { "texture": "#hscolor", "uv": [ 0.0, 0.0, 0.5, 0.5 ] },
								"up": { "texture": "#hscolor", "uv": [ 0.0, 0.0, 0.5, 0.5 ] },
								"down": { "texture": "#hscolor", "uv": [ 0.0, 0.0, 0.5, 0.5 ] }
							}
						},
						{
							"name": "Shoe18",
							"from": [ 0.2, -0.02, 1.15 ],
							"to": [ 0.3, 0.18, 1.25 ],
							"rotationOrigin": [ 0.2, -0.1, 1.1 ],
							"faces": {
								"north": { "texture": "#hscolor", "uv": [ 0.0, 0.0, 0.5, 0.5 ] },
								"east": { "texture": "#hscolor", "uv": [ 0.0, 0.0, 0.5, 0.5 ] },
								"south": { "texture": "#hscolor", "uv": [ 0.0, 0.0, 0.5, 0.5 ] },
								"west": { "texture": "#hscolor", "uv": [ 0.0, 0.0, 0.5, 0.5 ] },
								"up": { "texture": "#hscolor", "uv": [ 0.0, 0.0, 0.5, 0.5 ] },
								"down": { "texture": "#hscolor", "uv": [ 0.0, 0.0, 0.5, 0.5 ] }
							}
						},
						{
							"name": "Shoe19",
							"from": [ 1.2, -0.02, 0.2 ],
							"to": [ 1.3, 0.18, 0.3 ],
							"rotationOrigin": [ 1.2, -0.1, 0.2 ],
							"faces": {
								"north": { "texture": "#hscolor", "uv": [ 0.0, 0.0, 0.5, 0.5 ] },
								"east": { "texture": "#hscolor", "uv": [ 0.0, 0.0, 0.5, 0.5 ] },
								"south": { "texture": "#hscolor", "uv": [ 0.0, 0.0, 0.5, 0.5 ] },
								"west": { "texture": "#hscolor", "uv": [ 0.0, 0.0, 0.5, 0.5 ] },
								"up": { "texture": "#hscolor", "uv": [ 0.0, 0.0, 0.5, 0.5 ] },
								"down": { "texture": "#hscolor", "uv": [ 0.0, 0.0, 0.5, 0.5 ] }
							}
						},
						{
							"name": "Shoe20",
							"from": [ 2.2, -0.02, 0.2 ],
							"to": [ 2.3, 0.18, 0.3 ],
							"rotationOrigin": [ 2.2, -0.1, 0.2 ],
							"faces": {
								"north": { "texture": "#hscolor", "uv": [ 0.0, 0.0, 0.5, 0.5 ] },
								"east": { "texture": "#hscolor", "uv": [ 0.0, 0.0, 0.5, 0.5 ] },
								"south": { "texture": "#hscolor", "uv": [ 0.0, 0.0, 0.5, 0.5 ] },
								"west": { "texture": "#hscolor", "uv": [ 0.0, 0.0, 0.5, 0.5 ] },
								"up": { "texture": "#hscolor", "uv": [ 0.0, 0.0, 0.5, 0.5 ] },
								"down": { "texture": "#hscolor", "uv": [ 0.0, 0.0, 0.5, 0.5 ] }
							}
						}
					]
				},
				{
					"name": "Shoe3",
					"stepParentName": "R hoof",
					"from": [ -0.05, -0.14, -0.06 ],
					"to": [ 0.45, 0.16, 2.29 ],
					"rotationOrigin": [ -0.1, -0.1, -0.1 ],
					"faces": {
						"north": { "texture": "#hscolor", "uv": [ 0.0, 0.0, 0.5, 0.5 ] },
						"east": { "texture": "#hscolor", "uv": [ 0.0, 0.0, 2.0, 0.5 ] },
						"south": { "texture": "#hscolor", "uv": [ 0.0, 0.0, 0.5, 0.5 ] },
						"west": { "texture": "#hscolor", "uv": [ 0.0, 0.0, 2.0, 0.5 ] },
						"up": { "texture": "#hscolor", "uv": [ 0.0, 0.0, 0.5, 2.0 ] },
						"down": { "texture": "#hscolor", "uv": [ 0.0, 0.0, 0.5, 2.0 ] }
					},
					"children": [
						{
							"name": "Shoe4",
							"from": [ 0.5, 0.0, 0.0 ],
							"to": [ 2.6, 0.3, 0.5 ],
							"rotationOrigin": [ 0.5, 0.0, 0.0 ],
							"faces": {
								"north": { "texture": "#hscolor", "uv": [ 0.0, 0.0, 2.0, 0.5 ] },
								"east": { "texture": "#hscolor", "uv": [ 0.0, 0.0, 0.5, 0.5 ] },
								"south": { "texture": "#hscolor", "uv": [ 0.0, 0.0, 2.0, 0.5 ] },
								"west": { "texture": "#hscolor", "uv": [ 0.0, 0.0, 0.5, 0.5 ] },
								"up": { "texture": "#hscolor", "uv": [ 0.0, 0.0, 2.0, 0.5 ] },
								"down": { "texture": "#hscolor", "uv": [ 0.0, 0.0, 2.0, 0.5 ] }
							}
						},
						{
							"name": "Shoe21",
							"from": [ 0.5, 0.0, 1.85 ],
							"to": [ 2.6, 0.3, 2.35 ],
							"rotationOrigin": [ 0.5, 0.0, 1.8 ],
							"faces": {
								"north": { "texture": "#hscolor", "uv": [ 0.0, 0.0, 2.0, 0.5 ] },
								"east": { "texture": "#hscolor", "uv": [ 0.0, 0.0, 0.5, 0.5 ] },
								"south": { "texture": "#hscolor", "uv": [ 0.0, 0.0, 2.0, 0.5 ] },
								"west": { "texture": "#hscolor", "uv": [ 0.0, 0.0, 0.5, 0.5 ] },
								"up": { "texture": "#hscolor", "uv": [ 0.0, 0.0, 2.0, 0.5 ] },
								"down": { "texture": "#hscolor", "uv": [ 0.0, 0.0, 2.0, 0.5 ] }
							}
						},
						{
							"name": "Shoe22",
							"from": [ 0.2, -0.02, 2.05 ],
							"to": [ 0.3, 0.18, 2.15 ],
							"rotationOrigin": [ 0.2, -0.1, 2.0 ],
							"faces": {
								"north": { "texture": "#hscolor", "uv": [ 0.0, 0.0, 0.5, 0.5 ] },
								"east": { "texture": "#hscolor", "uv": [ 0.0, 0.0, 0.5, 0.5 ] },
								"south": { "texture": "#hscolor", "uv": [ 0.0, 0.0, 0.5, 0.5 ] },
								"west": { "texture": "#hscolor", "uv": [ 0.0, 0.0, 0.5, 0.5 ] },
								"up": { "texture": "#hscolor", "uv": [ 0.0, 0.0, 0.5, 0.5 ] },
								"down": { "texture": "#hscolor", "uv": [ 0.0, 0.0, 0.5, 0.5 ] }
							}
						},
						{
							"name": "Shoe23",
							"from": [ 1.2, -0.02, 2.05 ],
							"to": [ 1.3, 0.18, 2.15 ],
							"rotationOrigin": [ 1.2, -0.1, 2.0 ],
							"faces": {
								"north": { "texture": "#hscolor", "uv": [ 0.0, 0.0, 0.5, 0.5 ] },
								"east": { "texture": "#hscolor", "uv": [ 0.0, 0.0, 0.5, 0.5 ] },
								"south": { "texture": "#hscolor", "uv": [ 0.0, 0.0, 0.5, 0.5 ] },
								"west": { "texture": "#hscolor", "uv": [ 0.0, 0.0, 0.5, 0.5 ] },
								"up": { "texture": "#hscolor", "uv": [ 0.0, 0.0, 0.5, 0.5 ] },
								"down": { "texture": "#hscolor", "uv": [ 0.0, 0.0, 0.5, 0.5 ] }
							}
						},
						{
							"name": "Shoe24",
							"from": [ 2.2, -0.02, 2.05 ],
							"to": [ 2.3, 0.18, 2.15 ],
							"rotationOrigin": [ 2.2, -0.1, 2.0 ],
							"faces": {
								"north": { "texture": "#hscolor", "uv": [ 0.0, 0.0, 0.5, 0.5 ] },
								"east": { "texture": "#hscolor", "uv": [ 0.0, 0.0, 0.5, 0.5 ] },
								"south": { "texture": "#hscolor", "uv": [ 0.0, 0.0, 0.5, 0.5 ] },
								"west": { "texture": "#hscolor", "uv": [ 0.0, 0.0, 0.5, 0.5 ] },
								"up": { "texture": "#hscolor", "uv": [ 0.0, 0.0, 0.5, 0.5 ] },
								"down": { "texture": "#hscolor", "uv": [ 0.0, 0.0, 0.5, 0.5 ] }
							}
						},
						{
							"name": "Shoe25",
							"from": [ 0.2, -0.02, 0.2 ],
							"to": [ 0.3, 0.18, 0.3 ],
							"rotationOrigin": [ 0.2, -0.1, 0.2 ],
							"faces": {
								"north": { "texture": "#hscolor", "uv": [ 0.0, 0.0, 0.5, 0.5 ] },
								"east": { "texture": "#hscolor", "uv": [ 0.0, 0.0, 0.5, 0.5 ] },
								"south": { "texture": "#hscolor", "uv": [ 0.0, 0.0, 0.5, 0.5 ] },
								"west": { "texture": "#hscolor", "uv": [ 0.0, 0.0, 0.5, 0.5 ] },
								"up": { "texture": "#hscolor", "uv": [ 0.0, 0.0, 0.5, 0.5 ] },
								"down": { "texture": "#hscolor", "uv": [ 0.0, 0.0, 0.5, 0.5 ] }
							}
						},
						{
							"name": "Shoe26",
							"from": [ 0.2, -0.02, 1.15 ],
							"to": [ 0.3, 0.18, 1.25 ],
							"rotationOrigin": [ 0.2, -0.1, 1.1 ],
							"faces": {
								"north": { "texture": "#hscolor", "uv": [ 0.0, 0.0, 0.5, 0.5 ] },
								"east": { "texture": "#hscolor", "uv": [ 0.0, 0.0, 0.5, 0.5 ] },
								"south": { "texture": "#hscolor", "uv": [ 0.0, 0.0, 0.5, 0.5 ] },
								"west": { "texture": "#hscolor", "uv": [ 0.0, 0.0, 0.5, 0.5 ] },
								"up": { "texture": "#hscolor", "uv": [ 0.0, 0.0, 0.5, 0.5 ] },
								"down": { "texture": "#hscolor", "uv": [ 0.0, 0.0, 0.5, 0.5 ] }
							}
						},
						{
							"name": "Shoe27",
							"from": [ 1.2, -0.02, 0.2 ],
							"to": [ 1.3, 0.18, 0.3 ],
							"rotationOrigin": [ 1.2, -0.1, 0.2 ],
							"faces": {
								"north": { "texture": "#hscolor", "uv": [ 0.0, 0.0, 0.5, 0.5 ] },
								"east": { "texture": "#hscolor", "uv": [ 0.0, 0.0, 0.5, 0.5 ] },
								"south": { "texture": "#hscolor", "uv": [ 0.0, 0.0, 0.5, 0.5 ] },
								"west": { "texture": "#hscolor", "uv": [ 0.0, 0.0, 0.5, 0.5 ] },
								"up": { "texture": "#hscolor", "uv": [ 0.0, 0.0, 0.5, 0.5 ] },
								"down": { "texture": "#hscolor", "uv": [ 0.0, 0.0, 0.5, 0.5 ] }
							}
						},
						{
							"name": "Shoe28",
							"from": [ 2.2, -0.02, 0.2 ],
							"to": [ 2.3, 0.18, 0.3 ],
							"rotationOrigin": [ 2.2, -0.1, 0.2 ],
							"faces": {
								"north": { "texture": "#hscolor", "uv": [ 0.0, 0.0, 0.5, 0.5 ] },
								"east": { "texture": "#hscolor", "uv": [ 0.0, 0.0, 0.5, 0.5 ] },
								"south": { "texture": "#hscolor", "uv": [ 0.0, 0.0, 0.5, 0.5 ] },
								"west": { "texture": "#hscolor", "uv": [ 0.0, 0.0, 0.5, 0.5 ] },
								"up": { "texture": "#hscolor", "uv": [ 0.0, 0.0, 0.5, 0.5 ] },
								"down": { "texture": "#hscolor", "uv": [ 0.0, 0.0, 0.5, 0.5 ] }
							}
						}
					]
				},
				{
					"name": "Shoe5",
					"stepParentName": "R hoofH",
					"from": [ -0.05, -0.14, -0.06 ],
					"to": [ 0.45, 0.16, 2.29 ],
					"rotationOrigin": [ -0.1, -0.1, -0.1 ],
					"faces": {
						"north": { "texture": "#hscolor", "uv": [ 0.0, 0.0, 0.5, 0.5 ] },
						"east": { "texture": "#hscolor", "uv": [ 0.0, 0.0, 2.0, 0.5 ] },
						"south": { "texture": "#hscolor", "uv": [ 0.0, 0.0, 0.5, 0.5 ] },
						"west": { "texture": "#hscolor", "uv": [ 0.0, 0.0, 2.0, 0.5 ] },
						"up": { "texture": "#hscolor", "uv": [ 0.0, 0.0, 0.5, 2.0 ] },
						"down": { "texture": "#hscolor", "uv": [ 0.0, 0.0, 0.5, 2.0 ] }
					},
					"children": [
						{
							"name": "Shoe5",
							"from": [ 0.5, 0.0, 0.0 ],
							"to": [ 2.6, 0.3, 0.5 ],
							"rotationOrigin": [ 0.5, 0.0, 0.0 ],
							"faces": {
								"north": { "texture": "#hscolor", "uv": [ 0.0, 0.0, 2.0, 0.5 ] },
								"east": { "texture": "#hscolor", "uv": [ 0.0, 0.0, 0.5, 0.5 ] },
								"south": { "texture": "#hscolor", "uv": [ 0.0, 0.0, 2.0, 0.5 ] },
								"west": { "texture": "#hscolor", "uv": [ 0.0, 0.0, 0.5, 0.5 ] },
								"up": { "texture": "#hscolor", "uv": [ 0.0, 0.0, 2.0, 0.5 ] },
								"down": { "texture": "#hscolor", "uv": [ 0.0, 0.0, 2.0, 0.5 ] }
							}
						},
						{
							"name": "Shoe29",
							"from": [ 0.5, 0.0, 1.85 ],
							"to": [ 2.6, 0.3, 2.35 ],
							"rotationOrigin": [ 0.5, 0.0, 1.8 ],
							"faces": {
								"north": { "texture": "#hscolor", "uv": [ 0.0, 0.0, 2.0, 0.5 ] },
								"east": { "texture": "#hscolor", "uv": [ 0.0, 0.0, 0.5, 0.5 ] },
								"south": { "texture": "#hscolor", "uv": [ 0.0, 0.0, 2.0, 0.5 ] },
								"west": { "texture": "#hscolor", "uv": [ 0.0, 0.0, 0.5, 0.5 ] },
								"up": { "texture": "#hscolor", "uv": [ 0.0, 0.0, 2.0, 0.5 ] },
								"down": { "texture": "#hscolor", "uv": [ 0.0, 0.0, 2.0, 0.5 ] }
							}
						},
						{
							"name": "Shoe29",
							"from": [ 0.2, -0.02, 2.05 ],
							"to": [ 0.3, 0.18, 2.15 ],
							"rotationOrigin": [ 0.2, -0.1, 2.0 ],
							"faces": {
								"north": { "texture": "#hscolor", "uv": [ 0.0, 0.0, 0.5, 0.5 ] },
								"east": { "texture": "#hscolor", "uv": [ 0.0, 0.0, 0.5, 0.5 ] },
								"south": { "texture": "#hscolor", "uv": [ 0.0, 0.0, 0.5, 0.5 ] },
								"west": { "texture": "#hscolor", "uv": [ 0.0, 0.0, 0.5, 0.5 ] },
								"up": { "texture": "#hscolor", "uv": [ 0.0, 0.0, 0.5, 0.5 ] },
								"down": { "texture": "#hscolor", "uv": [ 0.0, 0.0, 0.5, 0.5 ] }
							}
						},
						{
							"name": "Shoe29",
							"from": [ 1.2, -0.02, 2.05 ],
							"to": [ 1.3, 0.18, 2.15 ],
							"rotationOrigin": [ 1.2, -0.1, 2.0 ],
							"faces": {
								"north": { "texture": "#hscolor", "uv": [ 0.0, 0.0, 0.5, 0.5 ] },
								"east": { "texture": "#hscolor", "uv": [ 0.0, 0.0, 0.5, 0.5 ] },
								"south": { "texture": "#hscolor", "uv": [ 0.0, 0.0, 0.5, 0.5 ] },
								"west": { "texture": "#hscolor", "uv": [ 0.0, 0.0, 0.5, 0.5 ] },
								"up": { "texture": "#hscolor", "uv": [ 0.0, 0.0, 0.5, 0.5 ] },
								"down": { "texture": "#hscolor", "uv": [ 0.0, 0.0, 0.5, 0.5 ] }
							}
						},
						{
							"name": "Shoe29",
							"from": [ 2.2, -0.02, 2.05 ],
							"to": [ 2.3, 0.18, 2.15 ],
							"rotationOrigin": [ 2.2, -0.1, 2.0 ],
							"faces": {
								"north": { "texture": "#hscolor", "uv": [ 0.0, 0.0, 0.5, 0.5 ] },
								"east": { "texture": "#hscolor", "uv": [ 0.0, 0.0, 0.5, 0.5 ] },
								"south": { "texture": "#hscolor", "uv": [ 0.0, 0.0, 0.5, 0.5 ] },
								"west": { "texture": "#hscolor", "uv": [ 0.0, 0.0, 0.5, 0.5 ] },
								"up": { "texture": "#hscolor", "uv": [ 0.0, 0.0, 0.5, 0.5 ] },
								"down": { "texture": "#hscolor", "uv": [ 0.0, 0.0, 0.5, 0.5 ] }
							}
						},
						{
							"name": "Shoe29",
							"from": [ 0.2, -0.02, 0.2 ],
							"to": [ 0.3, 0.18, 0.3 ],
							"rotationOrigin": [ 0.2, -0.1, 0.2 ],
							"faces": {
								"north": { "texture": "#hscolor", "uv": [ 0.0, 0.0, 0.5, 0.5 ] },
								"east": { "texture": "#hscolor", "uv": [ 0.0, 0.0, 0.5, 0.5 ] },
								"south": { "texture": "#hscolor", "uv": [ 0.0, 0.0, 0.5, 0.5 ] },
								"west": { "texture": "#hscolor", "uv": [ 0.0, 0.0, 0.5, 0.5 ] },
								"up": { "texture": "#hscolor", "uv": [ 0.0, 0.0, 0.5, 0.5 ] },
								"down": { "texture": "#hscolor", "uv": [ 0.0, 0.0, 0.5, 0.5 ] }
							}
						},
						{
							"name": "Shoe29",
							"from": [ 0.2, -0.02, 1.15 ],
							"to": [ 0.3, 0.18, 1.25 ],
							"rotationOrigin": [ 0.2, -0.1, 1.1 ],
							"faces": {
								"north": { "texture": "#hscolor", "uv": [ 0.0, 0.0, 0.5, 0.5 ] },
								"east": { "texture": "#hscolor", "uv": [ 0.0, 0.0, 0.5, 0.5 ] },
								"south": { "texture": "#hscolor", "uv": [ 0.0, 0.0, 0.5, 0.5 ] },
								"west": { "texture": "#hscolor", "uv": [ 0.0, 0.0, 0.5, 0.5 ] },
								"up": { "texture": "#hscolor", "uv": [ 0.0, 0.0, 0.5, 0.5 ] },
								"down": { "texture": "#hscolor", "uv": [ 0.0, 0.0, 0.5, 0.5 ] }
							}
						},
						{
							"name": "Shoe29",
							"from": [ 1.2, -0.02, 0.2 ],
							"to": [ 1.3, 0.18, 0.3 ],
							"rotationOrigin": [ 1.2, -0.1, 0.2 ],
							"faces": {
								"north": { "texture": "#hscolor", "uv": [ 0.0, 0.0, 0.5, 0.5 ] },
								"east": { "texture": "#hscolor", "uv": [ 0.0, 0.0, 0.5, 0.5 ] },
								"south": { "texture": "#hscolor", "uv": [ 0.0, 0.0, 0.5, 0.5 ] },
								"west": { "texture": "#hscolor", "uv": [ 0.0, 0.0, 0.5, 0.5 ] },
								"up": { "texture": "#hscolor", "uv": [ 0.0, 0.0, 0.5, 0.5 ] },
								"down": { "texture": "#hscolor", "uv": [ 0.0, 0.0, 0.5, 0.5 ] }
							}
						},
						{
							"name": "Shoe29",
							"from": [ 2.2, -0.02, 0.2 ],
							"to": [ 2.3, 0.18, 0.3 ],
							"rotationOrigin": [ 2.2, -0.1, 0.2 ],
							"faces": {
								"north": { "texture": "#hscolor", "uv": [ 0.0, 0.0, 0.5, 0.5 ] },
								"east": { "texture": "#hscolor", "uv": [ 0.0, 0.0, 0.5, 0.5 ] },
								"south": { "texture": "#hscolor", "uv": [ 0.0, 0.0, 0.5, 0.5 ] },
								"west": { "texture": "#hscolor", "uv": [ 0.0, 0.0, 0.5, 0.5 ] },
								"up": { "texture": "#hscolor", "uv": [ 0.0, 0.0, 0.5, 0.5 ] },
								"down": { "texture": "#hscolor", "uv": [ 0.0, 0.0, 0.5, 0.5 ] }
							}
						}
					]
				},
				{
					"name": "Shoe6",
					"stepParentName": "L hoofH",
					"from": [ -0.05, -0.14, -0.06 ],
					"to": [ 0.45, 0.16, 2.29 ],
					"rotationOrigin": [ -0.1, -0.1, -0.1 ],
					"faces": {
						"north": { "texture": "#hscolor", "uv": [ 0.0, 0.0, 0.5, 0.5 ] },
						"east": { "texture": "#hscolor", "uv": [ 0.0, 0.0, 2.0, 0.5 ] },
						"south": { "texture": "#hscolor", "uv": [ 0.0, 0.0, 0.5, 0.5 ] },
						"west": { "texture": "#hscolor", "uv": [ 0.0, 0.0, 2.0, 0.5 ] },
						"up": { "texture": "#hscolor", "uv": [ 0.0, 0.0, 0.5, 2.0 ] },
						"down": { "texture": "#hscolor", "uv": [ 0.0, 0.0, 0.5, 2.0 ] }
					},
					"children": [
						{
							"name": "Shoe7",
							"from": [ 0.5, 0.0, 0.0 ],
							"to": [ 2.6, 0.3, 0.5 ],
							"rotationOrigin": [ 0.5, 0.0, 0.0 ],
							"faces": {
								"north": { "texture": "#hscolor", "uv": [ 0.0, 0.0, 2.0, 0.5 ] },
								"east": { "texture": "#hscolor", "uv": [ 0.0, 0.0, 0.5, 0.5 ] },
								"south": { "texture": "#hscolor", "uv": [ 0.0, 0.0, 2.0, 0.5 ] },
								"west": { "texture": "#hscolor", "uv": [ 0.0, 0.0, 0.5, 0.5 ] },
								"up": { "texture": "#hscolor", "uv": [ 0.0, 0.0, 2.0, 0.5 ] },
								"down": { "texture": "#hscolor", "uv": [ 0.0, 0.0, 2.0, 0.5 ] }
							}
						},
						{
							"name": "Shoe30",
							"from": [ 0.5, 0.0, 1.85 ],
							"to": [ 2.6, 0.3, 2.35 ],
							"rotationOrigin": [ 0.5, 0.0, 1.8 ],
							"faces": {
								"north": { "texture": "#hscolor", "uv": [ 0.0, 0.0, 2.0, 0.5 ] },
								"east": { "texture": "#hscolor", "uv": [ 0.0, 0.0, 0.5, 0.5 ] },
								"south": { "texture": "#hscolor", "uv": [ 0.0, 0.0, 2.0, 0.5 ] },
								"west": { "texture": "#hscolor", "uv": [ 0.0, 0.0, 0.5, 0.5 ] },
								"up": { "texture": "#hscolor", "uv": [ 0.0, 0.0, 2.0, 0.5 ] },
								"down": { "texture": "#hscolor", "uv": [ 0.0, 0.0, 2.0, 0.5 ] }
							}
						},
						{
							"name": "Shoe31",
							"from": [ 0.2, -0.02, 2.05 ],
							"to": [ 0.3, 0.18, 2.15 ],
							"rotationOrigin": [ 0.2, -0.1, 2.0 ],
							"faces": {
								"north": { "texture": "#hscolor", "uv": [ 0.0, 0.0, 0.5, 0.5 ] },
								"east": { "texture": "#hscolor", "uv": [ 0.0, 0.0, 0.5, 0.5 ] },
								"south": { "texture": "#hscolor", "uv": [ 0.0, 0.0, 0.5, 0.5 ] },
								"west": { "texture": "#hscolor", "uv": [ 0.0, 0.0, 0.5, 0.5 ] },
								"up": { "texture": "#hscolor", "uv": [ 0.0, 0.0, 0.5, 0.5 ] },
								"down": { "texture": "#hscolor", "uv": [ 0.0, 0.0, 0.5, 0.5 ] }
							}
						},
						{
							"name": "Shoe32",
							"from": [ 1.2, -0.02, 2.05 ],
							"to": [ 1.3, 0.18, 2.15 ],
							"rotationOrigin": [ 1.2, -0.1, 2.0 ],
							"faces": {
								"north": { "texture": "#hscolor", "uv": [ 0.0, 0.0, 0.5, 0.5 ] },
								"east": { "texture": "#hscolor", "uv": [ 0.0, 0.0, 0.5, 0.5 ] },
								"south": { "texture": "#hscolor", "uv": [ 0.0, 0.0, 0.5, 0.5 ] },
								"west": { "texture": "#hscolor", "uv": [ 0.0, 0.0, 0.5, 0.5 ] },
								"up": { "texture": "#hscolor", "uv": [ 0.0, 0.0, 0.5, 0.5 ] },
								"down": { "texture": "#hscolor", "uv": [ 0.0, 0.0, 0.5, 0.5 ] }
							}
						},
						{
							"name": "Shoe33",
							"from": [ 2.2, -0.02, 2.05 ],
							"to": [ 2.3, 0.18, 2.15 ],
							"rotationOrigin": [ 2.2, -0.1, 2.0 ],
							"faces": {
								"north": { "texture": "#hscolor", "uv": [ 0.0, 0.0, 0.5, 0.5 ] },
								"east": { "texture": "#hscolor", "uv": [ 0.0, 0.0, 0.5, 0.5 ] },
								"south": { "texture": "#hscolor", "uv": [ 0.0, 0.0, 0.5, 0.5 ] },
								"west": { "texture": "#hscolor", "uv": [ 0.0, 0.0, 0.5, 0.5 ] },
								"up": { "texture": "#hscolor", "uv": [ 0.0, 0.0, 0.5, 0.5 ] },
								"down": { "texture": "#hscolor", "uv": [ 0.0, 0.0, 0.5, 0.5 ] }
							}
						},
						{
							"name": "Shoe34",
							"from": [ 0.2, -0.02, 0.2 ],
							"to": [ 0.3, 0.18, 0.3 ],
							"rotationOrigin": [ 0.2, -0.1, 0.2 ],
							"faces": {
								"north": { "texture": "#hscolor", "uv": [ 0.0, 0.0, 0.5, 0.5 ] },
								"east": { "texture": "#hscolor", "uv": [ 0.0, 0.0, 0.5, 0.5 ] },
								"south": { "texture": "#hscolor", "uv": [ 0.0, 0.0, 0.5, 0.5 ] },
								"west": { "texture": "#hscolor", "uv": [ 0.0, 0.0, 0.5, 0.5 ] },
								"up": { "texture": "#hscolor", "uv": [ 0.0, 0.0, 0.5, 0.5 ] },
								"down": { "texture": "#hscolor", "uv": [ 0.0, 0.0, 0.5, 0.5 ] }
							}
						},
						{
							"name": "Shoe35",
							"from": [ 0.2, -0.02, 1.15 ],
							"to": [ 0.3, 0.18, 1.25 ],
							"rotationOrigin": [ 0.2, -0.1, 1.1 ],
							"faces": {
								"north": { "texture": "#hscolor", "uv": [ 0.0, 0.0, 0.5, 0.5 ] },
								"east": { "texture": "#hscolor", "uv": [ 0.0, 0.0, 0.5, 0.5 ] },
								"south": { "texture": "#hscolor", "uv": [ 0.0, 0.0, 0.5, 0.5 ] },
								"west": { "texture": "#hscolor", "uv": [ 0.0, 0.0, 0.5, 0.5 ] },
								"up": { "texture": "#hscolor", "uv": [ 0.0, 0.0, 0.5, 0.5 ] },
								"down": { "texture": "#hscolor", "uv": [ 0.0, 0.0, 0.5, 0.5 ] }
							}
						},
						{
							"name": "Shoe36",
							"from": [ 1.2, -0.02, 0.2 ],
							"to": [ 1.3, 0.18, 0.3 ],
							"rotationOrigin": [ 1.2, -0.1, 0.2 ],
							"faces": {
								"north": { "texture": "#hscolor", "uv": [ 0.0, 0.0, 0.5, 0.5 ] },
								"east": { "texture": "#hscolor", "uv": [ 0.0, 0.0, 0.5, 0.5 ] },
								"south": { "texture": "#hscolor", "uv": [ 0.0, 0.0, 0.5, 0.5 ] },
								"west": { "texture": "#hscolor", "uv": [ 0.0, 0.0, 0.5, 0.5 ] },
								"up": { "texture": "#hscolor", "uv": [ 0.0, 0.0, 0.5, 0.5 ] },
								"down": { "texture": "#hscolor", "uv": [ 0.0, 0.0, 0.5, 0.5 ] }
							}
						},
						{
							"name": "Shoe37",
							"from": [ 2.2, -0.02, 0.2 ],
							"to": [ 2.3, 0.18, 0.3 ],
							"rotationOrigin": [ 2.2, -0.1, 0.2 ],
							"faces": {
								"north": { "texture": "#hscolor", "uv": [ 0.0, 0.0, 0.5, 0.5 ] },
								"east": { "texture": "#hscolor", "uv": [ 0.0, 0.0, 0.5, 0.5 ] },
								"south": { "texture": "#hscolor", "uv": [ 0.0, 0.0, 0.5, 0.5 ] },
								"west": { "texture": "#hscolor", "uv": [ 0.0, 0.0, 0.5, 0.5 ] },
								"up": { "texture": "#hscolor", "uv": [ 0.0, 0.0, 0.5, 0.5 ] },
								"down": { "texture": "#hscolor", "uv": [ 0.0, 0.0, 0.5, 0.5 ] }
							}
						}
					]
				}
			]
		}
	]}