{
	"editor": {
		"backDropShape": "S:/seraph-faceless-s",
		"collapsedPaths": "Root/ArmorLowerArmL,Root/ArmorLowerTorso,Root/ArmorCoatL,Root/ArmorUpperArmR,Root/ArmorLowerArmR,Root/ArmorCoatR,Root/ArmorUpperArmL",
		"allAngles": true,
		"entityTextureMode": true
	},
	"textureWidth": 64,
	"textureHeight": 64,
	"textureSizes": {
		"material": [64,64]
	},
	"textures": {
	},
	"elements": [
		{
			"name": "ArmorUpperTorso",
			"stepParentName": "UpperTorso",
			"from": [ -0.3, -0.2, -0.3 ],
			"to": [ 5.3, 5.2, 6.5 ],
			"unwrapMode": 4,
			"autoUnwrap": false,
			"uv": [ 0.0, 0.0 ],
			"rotationOrigin": [ 3.0, 3.0, 3.0 ],
			"faces": {
				"north": { "texture": "#material", "uv": [ 0.0, 5.5, 5.5, 10.5 ] },
				"east": { "texture": "#material", "uv": [ 17.5, 5.5, 24.0, 10.5 ] },
				"south": { "texture": "#material", "uv": [ 12.0, 5.5, 17.5, 10.5 ] },
				"west": { "texture": "#material", "uv": [ 5.5, 5.5, 12.0, 10.5 ] },
				"up": { "texture": "#material", "uv": [ 6.0, 0.0, 12.5, 5.5 ], "rotation": 90 },
				"down": { "texture": "#material", "uv": [ 17.5, 0.0, 24.0, 5.5 ], "rotation": 90, "windMode": [-1,-1,-1,-1], "windData": [1,1,1,1] }
			},
			"children": [
				{
					"name": "ChestFluffB1",
					"from": [ 2.6, 2.0, -0.1 ],
					"to": [ 5.6, 6.0, 6.9 ],
					"unwrapMode": 2,
					"autoUnwrap": false,
					"uv": [ 51.0, 40.0 ],
					"rotationOrigin": [ 4.1, 5.0, 3.5 ],
					"rotationZ": 47.0,
					"faces": {
						"north": { "texture": "#material", "uv": [ 61.0, 43.0, 64.0, 47.0 ] },
						"east": { "texture": "#material", "uv": [ 54.0, 43.0, 61.0, 47.0 ], "windMode": [-1,-1,-1,-1], "windData": [1,1,1,1] },
						"south": { "texture": "#material", "uv": [ 51.0, 43.0, 54.0, 47.0 ] },
						"up": { "texture": "#material", "uv": [ 54.5, 10.5, 61.5, 13.5 ], "rotation": 90 }
					},
					"children": [
						{
							"name": "CheftFluffB2",
							"from": [ 0.7, -2.0, 0.5 ],
							"to": [ 2.7, 2.0, 6.5 ],
							"unwrapMode": 2,
							"uv": [ 34.0, 9.5 ],
							"rotationOrigin": [ 2.7, 2.0, 4.0 ],
							"rotationZ": -25.0,
							"faces": {
								"north": { "texture": "#material", "uv": [ 42.0, 9.5, 44.0, 13.5 ] },
								"east": { "texture": "#material", "uv": [ 36.0, 9.5, 42.0, 13.5 ] },
								"south": { "texture": "#material", "uv": [ 34.0, 9.5, 36.0, 13.5 ] }
							}
						}
					]
				},
				{
					"name": "ChestFluffF2",
					"from": [ 0.0, 2.9, 0.01 ],
					"to": [ 2.0, 5.9, 6.79 ],
					"unwrapMode": 4,
					"uv": [ 26.0, 6.0 ],
					"rotationOrigin": [ 0.0, 5.32, 3.6 ],
					"rotationZ": -25.0,
					"faces": {
						"north": { "texture": "#material", "uv": [ 26.0, 6.0, 28.0, 9.0 ] },
						"south": { "texture": "#material", "uv": [ 34.5, 6.0, 36.5, 9.0 ] },
						"west": { "texture": "#material", "uv": [ 28.0, 6.0, 34.5, 9.0 ] }
					}
				},
				{
					"name": "ChestFluffF1",
					"from": [ -0.5, 3.0, -0.1 ],
					"to": [ 2.5, 6.0, 6.9 ],
					"unwrapMode": 4,
					"autoUnwrap": false,
					"uv": [ 24.5, -0.5 ],
					"rotationOrigin": [ 0.5, 5.0, 3.5 ],
					"rotationZ": -33.0,
					"faces": {
						"north": { "texture": "#material", "uv": [ 24.5, 3.0, 27.5, 6.0 ] },
						"south": { "texture": "#material", "uv": [ 34.5, 3.0, 37.5, 6.0 ] },
						"west": { "texture": "#material", "uv": [ 27.5, 3.0, 34.5, 6.0 ] },
						"up": { "texture": "#material", "uv": [ 27.5, 0.0, 34.5, 3.0 ], "rotation": 90 }
					}
				}
			]
		},
		{
			"name": "ArmorLowerTorso",
			"stepParentName": "LowerTorso",
			"from": [ -0.3, -0.5, -0.3 ],
			"to": [ 5.3, 5.1, 6.3 ],
			"unwrapMode": 4,
			"autoUnwrap": false,
			"uv": [ 0.0, 5.0 ],
			"rotationOrigin": [ 2.0, 0.0, 3.0 ],
			"faces": {
				"north": { "texture": "#material", "uv": [ 0.0, 10.5, 5.5, 16.0 ] },
				"east": { "texture": "#material", "uv": [ 17.5, 10.5, 24.0, 16.0 ] },
				"south": { "texture": "#material", "uv": [ 12.0, 10.5, 17.5, 16.0 ] },
				"west": { "texture": "#material", "uv": [ 5.5, 10.5, 12.0, 16.0 ] },
				"up": { "texture": "#material", "uv": [ 17.5, 0.0, 24.0, 5.5 ], "rotation": 90, "windMode": [-1,-1,-1,-1], "windData": [1,1,1,1] },
				"down": { "texture": "#material", "uv": [ 18.5, 16.5, 25.0, 22.0 ], "rotation": 90, "windMode": [-1,-1,-1,-1] }
			},
			"children": [
				{
					"name": "ArmorBelt",
					"from": [ -0.2, 1.0, -0.2 ],
					"to": [ 5.8, 4.0, 6.8 ],
					"unwrapMode": 4,
					"autoUnwrap": false,
					"uv": [ 0.0, 32.5 ],
					"rotationOrigin": [ 3.0, 2.0, 3.2 ],
					"faces": {
						"north": { "texture": "#material", "uv": [ 0.0, 33.5, 6.0, 36.5 ] },
						"east": { "texture": "#material", "uv": [ 19.0, 33.5, 26.0, 36.5 ] },
						"south": { "texture": "#material", "uv": [ 13.0, 33.5, 19.0, 36.5 ] },
						"west": { "texture": "#material", "uv": [ 6.0, 33.5, 13.0, 36.5 ] },
						"up": { "texture": "#material", "uv": [ 57.0, 58.0, 64.0, 64.0 ], "rotation": 90 },
						"down": { "texture": "#material", "uv": [ 57.0, 58.0, 64.0, 64.0 ], "rotation": 90 }
					},
					"children": [
						{
							"name": "BeltTrim1",
							"from": [ 0.0, 2.7, -0.1 ],
							"to": [ 0.5, 3.7, 7.1 ],
							"unwrapMode": 4,
							"autoUnwrap": false,
							"uv": [ 15.0, 31.0 ],
							"rotationOrigin": [ 0.5, 2.7, 4.0 ],
							"rotationZ": 30.0,
							"faces": {
								"north": { "texture": "#material", "uv": [ 15.0, 31.5, 15.5, 32.5 ] },
								"east": { "texture": "#material", "uv": [ 3.0, 31.5, 10.0, 32.5 ] },
								"south": { "texture": "#material", "uv": [ 22.5, 31.5, 23.0, 32.5 ] },
								"west": { "texture": "#material", "uv": [ 15.5, 31.5, 22.5, 32.5 ] },
								"up": { "texture": "#material", "uv": [ 15.5, 31.0, 22.5, 31.5 ], "rotation": 90 },
								"down": { "texture": "#material", "uv": [ 15.5, 32.5, 22.5, 33.0 ], "rotation": 90 }
							}
						},
						{
							"name": "BeltTrim2",
							"from": [ -0.1, -0.7, -0.1 ],
							"to": [ 0.4, 0.3, 7.1 ],
							"unwrapMode": 4,
							"autoUnwrap": false,
							"uv": [ 5.5, 40.0 ],
							"rotationOrigin": [ 0.4, 0.3, 4.0 ],
							"rotationZ": -36.0,
							"faces": {
								"north": { "texture": "#material", "uv": [ 17.0, 37.0, 17.5, 38.0 ] },
								"east": { "texture": "#material", "uv": [ 14.0, 37.0, 21.0, 38.0 ] },
								"south": { "texture": "#material", "uv": [ 12.5, 37.0, 13.0, 38.0 ] },
								"west": { "texture": "#material", "uv": [ 17.0, 37.0, 24.0, 38.0 ] },
								"up": { "texture": "#material", "uv": [ 16.0, 36.5, 23.0, 37.0 ], "rotation": 90 },
								"down": { "texture": "#material", "uv": [ 18.0, 38.0, 25.0, 38.5 ], "rotation": 90 }
							}
						},
						{
							"name": "BeltTrim3",
							"from": [ 5.5, -0.7, -0.1 ],
							"to": [ 6.0, 0.3, 7.1 ],
							"unwrapMode": 2,
							"uv": [ 6.5, 36.5 ],
							"rotationOrigin": [ 5.5, 0.3, 4.0 ],
							"rotationZ": 22.0,
							"faces": {
								"north": { "texture": "#material", "uv": [ 14.0, 37.0, 14.5, 38.0 ] },
								"east": { "texture": "#material", "uv": [ 7.0, 37.0, 14.0, 38.0 ] },
								"south": { "texture": "#material", "uv": [ 6.5, 37.0, 7.0, 38.0 ] },
								"west": { "texture": "#material", "uv": [ 14.5, 37.0, 21.5, 38.0 ] },
								"up": { "texture": "#material", "uv": [ 7.0, 36.5, 14.0, 37.0 ], "rotation": 270 },
								"down": { "texture": "#material", "uv": [ 7.0, 38.0, 14.0, 38.5 ], "rotation": 270 }
							}
						},
						{
							"name": "BeltTrim4",
							"from": [ 5.5, 2.7, -0.1 ],
							"to": [ 6.0, 3.7, 7.1 ],
							"unwrapMode": 2,
							"uv": [ 10.0, 31.0 ],
							"rotationOrigin": [ 5.5, 2.7, 4.0 ],
							"rotationZ": -27.0,
							"faces": {
								"north": { "texture": "#material", "uv": [ 17.5, 31.5, 18.0, 32.5 ] },
								"east": { "texture": "#material", "uv": [ 10.5, 31.5, 17.5, 32.5 ] },
								"south": { "texture": "#material", "uv": [ 10.0, 31.5, 10.5, 32.5 ] },
								"west": { "texture": "#material", "uv": [ 18.0, 31.5, 25.0, 32.5 ] },
								"up": { "texture": "#material", "uv": [ 10.5, 31.0, 17.5, 31.5 ], "rotation": 270 },
								"down": { "texture": "#material", "uv": [ 10.5, 32.5, 17.5, 33.0 ], "rotation": 270 }
							}
						},
						{
							"name": "BeltTrim5",
							"from": [ -0.1, -0.7, 0.0 ],
							"to": [ 6.1, 0.3, 0.5 ],
							"unwrapMode": 1,
							"uv": [ 0.0, 36.5 ],
							"rotationOrigin": [ 3.0, 0.3, 0.5 ],
							"rotationX": 36.0,
							"faces": {
								"north": { "texture": "#material", "uv": [ 0.5, 37.0, 6.5, 38.0 ] },
								"east": { "texture": "#material", "uv": [ 0.0, 37.0, 0.5, 38.0 ], "windMode": [-1,-1,-1,-1], "windData": [0,1,0,0] },
								"south": { "texture": "#material", "uv": [ 7.0, 37.0, 13.0, 38.0 ], "windMode": [-1,-1,-1,-1] },
								"west": { "texture": "#material", "uv": [ 6.5, 37.0, 7.0, 38.0 ] },
								"up": { "texture": "#material", "uv": [ 0.5, 36.5, 6.5, 37.0 ], "rotation": 180 },
								"down": { "texture": "#material", "uv": [ 0.5, 38.0, 6.5, 38.5 ] }
							}
						},
						{
							"name": "BeltTrim6",
							"from": [ -0.1, 2.7, 0.0 ],
							"to": [ 6.1, 3.7, 0.5 ],
							"unwrapMode": 1,
							"uv": [ 0.0, 31.0 ],
							"rotationOrigin": [ 3.0, 2.7, 0.5 ],
							"rotationX": -36.0,
							"faces": {
								"north": { "texture": "#material", "uv": [ 0.5, 31.5, 6.5, 32.5 ] },
								"east": { "texture": "#material", "uv": [ 0.0, 31.5, 0.5, 32.5 ], "windMode": [-1,-1,-1,-1], "windData": [1,1,1,1] },
								"south": { "texture": "#material", "uv": [ 7.0, 31.5, 13.0, 32.5 ], "windMode": [-1,-1,-1,-1], "windData": [1,1,1,1] },
								"west": { "texture": "#material", "uv": [ 6.5, 31.5, 7.0, 32.5 ] },
								"up": { "texture": "#material", "uv": [ 0.5, 31.0, 6.5, 31.5 ], "rotation": 180 },
								"down": { "texture": "#material", "uv": [ 0.5, 32.5, 6.5, 33.0 ] }
							}
						},
						{
							"name": "BeltTrim7",
							"from": [ -0.1, 2.7, 6.5 ],
							"to": [ 6.1, 3.7, 7.0 ],
							"unwrapMode": 3,
							"uv": [ 0.0, 31.0 ],
							"rotationOrigin": [ 3.0, 2.7, 6.5 ],
							"rotationX": 36.0,
							"faces": {
								"north": { "texture": "#material", "uv": [ 7.0, 31.5, 13.0, 32.5 ], "windMode": [-1,-1,-1,-1], "windData": [1,1,1,1] },
								"east": { "texture": "#material", "uv": [ 6.5, 31.5, 7.0, 32.5 ] },
								"south": { "texture": "#material", "uv": [ 0.5, 31.5, 6.5, 32.5 ] },
								"west": { "texture": "#material", "uv": [ 0.0, 31.5, 0.5, 32.5 ] },
								"up": { "texture": "#material", "uv": [ 0.5, 31.0, 6.5, 31.5 ] },
								"down": { "texture": "#material", "uv": [ 0.5, 32.5, 6.5, 33.0 ], "rotation": 180 }
							}
						},
						{
							"name": "BeltTrim8",
							"from": [ -0.1, -0.7, 6.5 ],
							"to": [ 6.1, 0.3, 7.0 ],
							"unwrapMode": 3,
							"uv": [ 13.0, 36.5 ],
							"rotationOrigin": [ 3.0, 0.3, 6.5 ],
							"rotationX": -33.0,
							"faces": {
								"north": { "texture": "#material", "uv": [ 20.0, 37.0, 26.0, 38.0 ], "windMode": [-1,-1,-1,-1] },
								"east": { "texture": "#material", "uv": [ 19.5, 37.0, 20.0, 38.0 ] },
								"south": { "texture": "#material", "uv": [ 13.5, 37.0, 19.5, 38.0 ] },
								"west": { "texture": "#material", "uv": [ 13.0, 37.0, 13.5, 38.0 ] },
								"up": { "texture": "#material", "uv": [ 13.5, 36.5, 19.5, 37.0 ] },
								"down": { "texture": "#material", "uv": [ 13.5, 38.0, 19.5, 38.5 ], "rotation": 180 }
							}
						},
						{
							"name": "BeltBone1",
							"from": [ -0.2, 0.9, 2.8 ],
							"to": [ 0.2, 2.4, 3.2 ],
							"uv": [ 8.0, 53.0 ],
							"rotationOrigin": [ 0.0, 1.4, 3.0 ],
							"rotationY": 45.0,
							"faces": {
								"north": { "texture": "#material", "uv": [ 8.0, 53.5, 8.5, 55.0 ] },
								"west": { "texture": "#material", "uv": [ 8.5, 53.5, 9.0, 55.0 ] },
								"up": { "texture": "#material", "uv": [ 8.0, 53.0, 8.5, 53.5 ] },
								"down": { "texture": "#material", "uv": [ 8.5, 53.0, 9.0, 53.5 ] }
							}
						},
						{
							"name": "BeltBone2",
							"from": [ -0.2, 1.1, 3.8 ],
							"to": [ 0.2, 2.6, 4.2 ],
							"uv": [ 8.0, 52.0 ],
							"rotationOrigin": [ 0.0, 1.6, 4.0 ],
							"rotationY": 45.0,
							"faces": {
								"north": { "texture": "#material", "uv": [ 8.0, 52.5, 8.5, 54.0 ] },
								"west": { "texture": "#material", "uv": [ 8.5, 52.5, 9.0, 54.0 ] },
								"up": { "texture": "#material", "uv": [ 8.0, 52.0, 8.5, 52.5 ] },
								"down": { "texture": "#material", "uv": [ 8.5, 52.0, 9.0, 52.5 ] }
							}
						},
						{
							"name": "BeltBone3",
							"from": [ -0.2, 0.8, 4.8 ],
							"to": [ 0.2, 2.3, 5.2 ],
							"uv": [ 9.0, 53.5 ],
							"rotationOrigin": [ 0.0, 1.3, 5.0 ],
							"rotationY": 45.0,
							"faces": {
								"north": { "texture": "#material", "uv": [ 9.0, 54.0, 9.5, 55.5 ] },
								"west": { "texture": "#material", "uv": [ 9.5, 54.0, 10.0, 55.5 ] },
								"up": { "texture": "#material", "uv": [ 9.0, 53.5, 9.5, 54.0 ] },
								"down": { "texture": "#material", "uv": [ 9.5, 53.5, 10.0, 54.0 ] }
							}
						},
						{
							"name": "BeltBone4",
							"from": [ -0.2, 1.0, 5.8 ],
							"to": [ 0.2, 2.5, 6.2 ],
							"uv": [ 7.5, 53.5 ],
							"rotationOrigin": [ 0.0, 1.5, 6.0 ],
							"rotationY": 45.0,
							"faces": {
								"north": { "texture": "#material", "uv": [ 7.5, 54.0, 8.0, 55.5 ] },
								"west": { "texture": "#material", "uv": [ 8.0, 54.0, 8.5, 55.5 ] },
								"up": { "texture": "#material", "uv": [ 7.5, 53.5, 8.0, 54.0 ] },
								"down": { "texture": "#material", "uv": [ 8.0, 53.5, 8.5, 54.0 ] }
							}
						},
						{
							"name": "BeltBone5",
							"from": [ 5.8, 0.8, 5.8 ],
							"to": [ 6.2, 2.3, 6.2 ],
							"uv": [ 7.5, 52.0 ],
							"rotationOrigin": [ 6.0, 1.5, 6.0 ],
							"rotationY": 45.0,
							"faces": {
								"east": { "texture": "#material", "uv": [ 7.5, 52.5, 8.0, 54.0 ], "windMode": [-1,-1,-1,-1], "windData": [1,1,1,1] },
								"south": { "texture": "#material", "uv": [ 8.0, 52.5, 8.5, 54.0 ], "windMode": [-1,-1,-1,-1], "windData": [1,1,1,1] },
								"up": { "texture": "#material", "uv": [ 7.5, 52.0, 8.0, 52.5 ] },
								"down": { "texture": "#material", "uv": [ 8.0, 52.0, 8.5, 52.5 ] }
							}
						},
						{
							"name": "BeltBone6",
							"from": [ 5.8, 0.6, 4.8 ],
							"to": [ 6.2, 2.1, 5.2 ],
							"uv": [ 9.0, 53.0 ],
							"rotationOrigin": [ 6.0, 1.5, 5.0 ],
							"rotationY": 45.0,
							"faces": {
								"east": { "texture": "#material", "uv": [ 9.0, 53.5, 9.5, 55.0 ], "windMode": [-1,-1,-1,-1], "windData": [1,1,1,1] },
								"south": { "texture": "#material", "uv": [ 9.5, 53.5, 10.0, 55.0 ], "windMode": [-1,-1,-1,-1], "windData": [1,1,1,1] },
								"up": { "texture": "#material", "uv": [ 9.0, 53.0, 9.5, 53.5 ] },
								"down": { "texture": "#material", "uv": [ 9.5, 53.0, 10.0, 53.5 ] }
							}
						},
						{
							"name": "BeltBone7",
							"from": [ 5.8, 0.8, 3.8 ],
							"to": [ 6.2, 2.3, 4.2 ],
							"uv": [ 9.5, 52.0 ],
							"rotationOrigin": [ 6.0, 1.7, 4.0 ],
							"rotationY": 45.0,
							"faces": {
								"east": { "texture": "#material", "uv": [ 9.5, 52.5, 10.0, 54.0 ], "windMode": [-1,-1,-1,-1], "windData": [1,1,1,1] },
								"south": { "texture": "#material", "uv": [ 10.0, 52.5, 10.5, 54.0 ], "windMode": [-1,-1,-1,-1], "windData": [1,1,1,1] },
								"up": { "texture": "#material", "uv": [ 9.5, 52.0, 10.0, 52.5 ] },
								"down": { "texture": "#material", "uv": [ 10.0, 52.0, 10.5, 52.5 ] }
							}
						},
						{
							"name": "BeltBone8",
							"from": [ 5.8, 0.7, 2.8 ],
							"to": [ 6.2, 2.2, 3.2 ],
							"uv": [ 7.5, 53.0 ],
							"rotationOrigin": [ 6.0, 1.6, 3.0 ],
							"rotationY": 45.0,
							"faces": {
								"east": { "texture": "#material", "uv": [ 7.5, 53.5, 8.0, 55.0 ], "windMode": [-1,-1,-1,-1], "windData": [1,1,1,1] },
								"south": { "texture": "#material", "uv": [ 8.0, 53.5, 8.5, 55.0 ], "windMode": [-1,-1,-1,-1], "windData": [1,1,1,1] },
								"up": { "texture": "#material", "uv": [ 7.5, 53.0, 8.0, 53.5 ] },
								"down": { "texture": "#material", "uv": [ 8.0, 53.0, 8.5, 53.5 ] }
							}
						}
					]
				},
				{
					"name": "ArmorFlapBack",
					"from": [ 4.6, -5.0, 1.0 ],
					"to": [ 5.6, 0.0, 6.0 ],
					"unwrapMode": 2,
					"autoUnwrap": false,
					"uv": [ 12.5, 39.0 ],
					"rotationOrigin": [ 5.6, 0.0, 3.5 ],
					"rotationZ": -3.0,
					"faces": {
						"north": { "texture": "#material", "uv": [ 18.5, 39.0, 19.5, 44.0 ] },
						"east": { "texture": "#material", "uv": [ 13.5, 39.0, 18.5, 44.0 ] },
						"south": { "texture": "#material", "uv": [ 12.5, 39.0, 13.5, 44.0 ] },
						"west": { "texture": "#material", "uv": [ 13.5, 39.0, 18.5, 44.0 ] },
						"down": { "texture": "#material", "uv": [ 13.5, 44.0, 18.5, 45.0 ], "rotation": 270 }
					}
				}
			]
		},
		{
			"name": "ArmorCoatL",
			"stepParentName": "UpperFootL",
			"from": [ -0.3, 0.5, 0.5 ],
			"to": [ 4.5, 6.5, 3.5 ],
			"unwrapMode": 3,
			"autoUnwrap": false,
			"uv": [ 15.5, 25.5 ],
			"rotationOrigin": [ 2.0, 5.5, 3.0 ],
			"faces": {
				"north": { "texture": "#material", "uv": [ 26.0, 25.0, 30.5, 31.0 ] },
				"east": { "texture": "#material", "uv": [ 23.0, 25.0, 26.0, 31.0 ] },
				"south": { "texture": "#material", "uv": [ 18.5, 25.0, 23.0, 31.0 ] },
				"west": { "texture": "#material", "uv": [ 15.5, 25.0, 18.5, 31.0 ] },
				"up": { "texture": "#material", "uv": [ 18.5, 22.0, 23.0, 25.0 ] },
				"down": { "texture": "#material", "uv": [ 13.5, 22.0, 18.0, 25.0 ], "rotation": 180, "windMode": [-1,-1,-1,-1] }
			},
			"children": [
				{
					"name": "ThighPlateL",
					"from": [ -0.3, 0.8, 1.3 ],
					"to": [ 5.1, 4.8, 3.3 ],
					"unwrapMode": 3,
					"autoUnwrap": false,
					"uv": [ 9.0, 19.5 ],
					"rotationOrigin": [ 3.0, 3.8, 3.0 ],
					"rotationX": 3.0,
					"faces": {
						"north": { "texture": "#material", "uv": [ 26.0, 14.0, 31.0, 18.0 ] },
						"east": { "texture": "#material", "uv": [ 16.0, 18.0, 18.0, 22.0 ] },
						"south": { "texture": "#material", "uv": [ 11.0, 18.0, 16.0, 22.0 ] },
						"west": { "texture": "#material", "uv": [ 9.0, 18.0, 11.0, 22.0 ] },
						"up": { "texture": "#material", "uv": [ 11.0, 16.0, 16.0, 18.0 ] },
						"down": { "texture": "#material", "uv": [ 11.0, 16.0, 16.0, 18.0 ], "rotation": 180 }
					}
				}
			]
		},
		{
			"name": "ArmorCoatR",
			"stepParentName": "UpperFootR",
			"from": [ -0.3, 0.5, -0.3 ],
			"to": [ 4.5, 6.5, 2.7 ],
			"unwrapMode": 1,
			"autoUnwrap": false,
			"uv": [ 0.0, 25.5 ],
			"rotationOrigin": [ 2.0, 6.5, 0.0 ],
			"faces": {
				"north": { "texture": "#material", "uv": [ 3.0, 25.0, 7.5, 31.0 ] },
				"east": { "texture": "#material", "uv": [ 0.0, 25.0, 3.0, 31.0 ] },
				"south": { "texture": "#material", "uv": [ 10.5, 25.0, 15.0, 31.0 ] },
				"west": { "texture": "#material", "uv": [ 7.5, 25.0, 10.5, 31.0 ] },
				"up": { "texture": "#material", "uv": [ 3.0, 22.0, 7.5, 25.0 ], "rotation": 180 },
				"down": { "texture": "#material", "uv": [ 8.5, 22.0, 13.0, 25.0 ], "windMode": [-1,-1,-1,-1] }
			},
			"children": [
				{
					"name": "ThighPlateR",
					"from": [ -0.3, 0.8, -0.3 ],
					"to": [ 5.1, 4.8, 1.7 ],
					"unwrapMode": 1,
					"autoUnwrap": false,
					"uv": [ 0.0, 16.5 ],
					"rotationOrigin": [ 3.0, 3.8, 0.0 ],
					"rotationX": -3.0,
					"faces": {
						"north": { "texture": "#material", "uv": [ 2.0, 18.0, 7.0, 22.0 ] },
						"east": { "texture": "#material", "uv": [ 0.0, 18.0, 2.0, 22.0 ] },
						"south": { "texture": "#material", "uv": [ 25.0, 13.5, 30.0, 17.5 ] },
						"west": { "texture": "#material", "uv": [ 7.0, 18.0, 9.0, 22.0 ] },
						"up": { "texture": "#material", "uv": [ 2.0, 16.0, 7.0, 18.0 ], "rotation": 180 },
						"down": { "texture": "#material", "uv": [ 2.0, 16.0, 7.0, 18.0 ] }
					}
				}
			]
		},
		{
			"name": "ArmorUpperArmR",
			"stepParentName": "UpperArmR",
			"from": [ -0.2, -0.3, -0.2 ],
			"to": [ 3.2, 7.2, 2.2 ],
			"unwrapMode": 1,
			"uv": [ 30.5, 41.5 ],
			"rotationOrigin": [ 2.0, 3.0, 1.0 ],
			"faces": {
				"north": { "texture": "#material", "uv": [ 32.5, 43.5, 35.5, 51.0 ] },
				"east": { "texture": "#material", "uv": [ 30.5, 43.5, 32.5, 51.0 ] },
				"south": { "texture": "#material", "uv": [ 37.5, 43.5, 40.5, 51.0 ] },
				"west": { "texture": "#material", "uv": [ 35.5, 43.5, 37.5, 51.0 ] },
				"up": { "texture": "#material", "uv": [ 32.5, 41.5, 35.5, 43.5 ], "rotation": 180 },
				"down": { "texture": "#material", "uv": [ 32.5, 51.0, 35.5, 53.0 ] }
			},
			"children": [
				{
					"name": "PauldronR",
					"from": [ -0.3, 2.0, -0.3 ],
					"to": [ 3.7, 6.0, 1.7 ],
					"unwrapMode": 1,
					"autoUnwrap": false,
					"uv": [ 43.0, 33.5 ],
					"rotationOrigin": [ 0.0, 4.0, 1.0 ],
					"rotationX": -2.0,
					"faces": {
						"north": { "texture": "#material", "uv": [ 45.0, 35.5, 49.0, 39.5 ] },
						"east": { "texture": "#material", "uv": [ 43.0, 35.5, 45.0, 39.5 ] },
						"south": { "texture": "#material", "uv": [ 25.5, 14.0, 29.5, 18.0 ] },
						"west": { "texture": "#material", "uv": [ 49.0, 35.5, 51.0, 39.5 ] },
						"up": { "texture": "#material", "uv": [ 45.0, 33.5, 49.0, 35.5 ], "rotation": 180 },
						"down": { "texture": "#material", "uv": [ 45.0, 39.5, 49.0, 41.5 ] }
					}
				},
				{
					"name": "ShoulderRFluff1",
					"from": [ -0.8, 4.6, -2.5 ],
					"to": [ 4.2, 7.6, 2.5 ],
					"unwrapMode": 5,
					"autoUnwrap": false,
					"uv": [ 51.5, 27.0 ],
					"rotationOrigin": [ 1.7, 6.6, 0.0 ],
					"rotationX": -30.0,
					"faces": {
						"east": { "texture": "#material", "uv": [ 59.5, 27.0, 62.5, 32.0 ], "rotation": 270 },
						"west": { "texture": "#material", "uv": [ 51.5, 27.0, 54.5, 32.0 ], "rotation": 90 },
						"up": { "texture": "#material", "uv": [ 54.5, 27.0, 59.5, 32.0 ], "rotation": 180 }
					},
					"children": [
						{
							"name": "ShoulderRFluff2",
							"from": [ 0.1, -0.5, -1.5 ],
							"to": [ 4.9, 2.5, 2.5 ],
							"unwrapMode": 5,
							"autoUnwrap": false,
							"uv": [ 20.0, 44.0 ],
							"rotationOrigin": [ 2.5, 2.5, 2.0 ],
							"rotationX": -28.0,
							"faces": {
								"east": { "texture": "#material", "uv": [ 27.5, 44.0, 30.5, 48.0 ], "rotation": 270 },
								"west": { "texture": "#material", "uv": [ 20.0, 44.0, 23.0, 48.0 ], "rotation": 90 },
								"up": { "texture": "#material", "uv": [ 23.0, 44.0, 27.5, 48.0 ], "rotation": 180, "windMode": [-1,-1,-1,-1], "windData": [1,1,1,1] }
							}
						}
					]
				}
			]
		},
		{
			"name": "ArmorLowerArmL",
			"stepParentName": "LowerArmL",
			"from": [ -0.2, 1.0, -0.2 ],
			"to": [ 2.7, 7.0, 2.2 ],
			"unwrapMode": 3,
			"autoUnwrap": false,
			"uv": [ 40.5, 53.5 ],
			"rotationOrigin": [ 1.0, 1.0, 1.0 ],
			"faces": {
				"north": { "texture": "#material", "uv": [ 45.5, 55.5, 48.0, 61.5 ] },
				"east": { "texture": "#material", "uv": [ 43.5, 55.5, 45.5, 61.5 ] },
				"south": { "texture": "#material", "uv": [ 41.0, 55.5, 43.5, 61.5 ] },
				"west": { "texture": "#material", "uv": [ 39.0, 55.5, 41.0, 61.5 ] },
				"up": { "texture": "#material", "uv": [ 41.0, 53.5, 43.5, 55.5 ] },
				"down": { "texture": "#material", "uv": [ 45.5, 62.0, 48.0, 64.0 ], "rotation": 180 }
			},
			"children": [
				{
					"name": "ArmorHandL",
					"from": [ 0.0, -1.2, 0.9 ],
					"to": [ 2.9, 0.0, 2.4 ],
					"unwrapMode": 3,
					"autoUnwrap": false,
					"uv": [ 41.0, 61.5 ],
					"rotationOrigin": [ 0.0, 0.0, 1.0 ],
					"faces": {
						"north": { "texture": "#material", "uv": [ 45.5, 61.5, 48.0, 62.5 ] },
						"east": { "texture": "#material", "uv": [ 43.5, 61.5, 45.0, 62.5 ] },
						"south": { "texture": "#material", "uv": [ 41.0, 61.5, 43.5, 62.5 ] },
						"west": { "texture": "#material", "uv": [ 39.5, 61.5, 41.0, 62.5 ] },
						"down": { "texture": "#material", "uv": [ 41.0, 62.5, 43.5, 64.0 ], "rotation": 180 }
					}
				},
				{
					"name": "BracerL1",
					"from": [ -0.3, -0.5, 1.3 ],
					"to": [ 3.2, 5.5, 2.8 ],
					"unwrapMode": 3,
					"autoUnwrap": false,
					"uv": [ 37.5, 23.5 ],
					"rotationOrigin": [ 1.4, 1.0, 1.3 ],
					"rotationX": 2.0,
					"faces": {
						"north": { "texture": "#material", "uv": [ 25.0, 14.0, 31.0, 17.5 ], "rotation": 90, "windMode": [-1,-1,-1,-1], "windData": [0,1,1,0] },
						"east": { "texture": "#material", "uv": [ 42.5, 25.0, 44.0, 31.0 ] },
						"south": { "texture": "#material", "uv": [ 39.0, 25.0, 42.5, 31.0 ] },
						"west": { "texture": "#material", "uv": [ 37.5, 25.0, 39.0, 31.0 ] },
						"up": { "texture": "#material", "uv": [ 39.0, 23.5, 42.5, 25.0 ] },
						"down": { "texture": "#material", "uv": [ 39.0, 31.0, 42.5, 32.5 ], "rotation": 180 }
					},
					"children": [
						{
							"name": "BracerL2",
							"from": [ 0.0, 1.0, -1.5 ],
							"to": [ 3.5, 6.0, 0.0 ],
							"unwrapMode": 1,
							"autoUnwrap": false,
							"uv": [ 36.0, 33.0 ],
							"rotationOrigin": [ 1.5, 1.0, -0.5 ],
							"rotationX": -5.0,
							"faces": {
								"north": { "texture": "#material", "uv": [ 37.5, 34.5, 41.0, 39.5 ] },
								"east": { "texture": "#material", "uv": [ 36.0, 34.5, 37.5, 39.5 ] },
								"south": { "texture": "#material", "uv": [ 25.5, 13.5, 29.0, 18.5 ] },
								"west": { "texture": "#material", "uv": [ 41.0, 34.5, 42.5, 39.5 ] },
								"up": { "texture": "#material", "uv": [ 37.5, 33.0, 41.0, 34.5 ], "rotation": 180 },
								"down": { "texture": "#material", "uv": [ 37.5, 39.5, 41.0, 41.0 ] }
							}
						}
					]
				}
			]
		},
		{
			"name": "ArmorLowerArmR",
			"stepParentName": "LowerArmR",
			"from": [ -0.2, 1.0, -0.2 ],
			"to": [ 2.7, 7.0, 2.2 ],
			"unwrapMode": 1,
			"autoUnwrap": false,
			"uv": [ 30.5, 53.0 ],
			"rotationOrigin": [ 1.0, 1.0, 1.0 ],
			"faces": {
				"north": { "texture": "#material", "uv": [ 31.5, 55.5, 34.0, 61.5 ] },
				"east": { "texture": "#material", "uv": [ 29.5, 55.5, 31.5, 61.5 ] },
				"south": { "texture": "#material", "uv": [ 36.0, 55.5, 38.5, 61.5 ] },
				"west": { "texture": "#material", "uv": [ 34.0, 55.5, 36.0, 61.5 ] },
				"up": { "texture": "#material", "uv": [ 31.5, 53.5, 34.0, 55.5 ], "rotation": 180 },
				"down": { "texture": "#material", "uv": [ 36.0, 62.0, 38.5, 64.0 ] }
			},
			"children": [
				{
					"name": "ArmorHandR",
					"from": [ 0.0, -1.2, 0.0 ],
					"to": [ 2.9, 0.0, 1.5 ],
					"unwrapMode": 1,
					"autoUnwrap": false,
					"uv": [ 31.0, 61.5 ],
					"rotationOrigin": [ 1.5, 0.0, 0.0 ],
					"faces": {
						"north": { "texture": "#material", "uv": [ 31.5, 61.5, 34.0, 62.5 ] },
						"east": { "texture": "#material", "uv": [ 30.0, 61.5, 31.5, 62.5 ] },
						"south": { "texture": "#material", "uv": [ 36.0, 61.5, 38.5, 62.5 ] },
						"west": { "texture": "#material", "uv": [ 34.0, 61.5, 35.5, 62.5 ] },
						"down": { "texture": "#material", "uv": [ 31.5, 62.5, 34.0, 64.0 ] }
					}
				},
				{
					"name": "BracerR1",
					"from": [ -0.3, -0.5, -0.3 ],
					"to": [ 3.2, 5.5, 1.2 ],
					"unwrapMode": 1,
					"autoUnwrap": false,
					"uv": [ 30.5, 23.5 ],
					"rotationOrigin": [ 1.4, 1.0, 0.0 ],
					"rotationX": -2.0,
					"faces": {
						"north": { "texture": "#material", "uv": [ 32.0, 25.0, 35.5, 31.0 ] },
						"east": { "texture": "#material", "uv": [ 30.5, 25.0, 32.0, 31.0 ] },
						"south": { "texture": "#material", "uv": [ 25.0, 15.0, 31.0, 18.5 ], "rotation": 90 },
						"west": { "texture": "#material", "uv": [ 35.5, 25.0, 37.0, 31.0 ] },
						"up": { "texture": "#material", "uv": [ 32.0, 23.5, 35.5, 25.0 ], "rotation": 180 },
						"down": { "texture": "#material", "uv": [ 32.0, 31.0, 35.5, 32.5 ] }
					},
					"children": [
						{
							"name": "BracerR2",
							"from": [ 0.0, 1.0, 1.5 ],
							"to": [ 3.5, 6.0, 3.0 ],
							"unwrapMode": 3,
							"autoUnwrap": false,
							"uv": [ 29.0, 33.0 ],
							"rotationOrigin": [ 1.7, 1.0, 2.0 ],
							"rotationX": 5.0,
							"faces": {
								"north": { "texture": "#material", "uv": [ 25.5, 13.5, 29.0, 18.5 ], "windMode": [-1,-1,-1,-1], "windData": [0,1,1,0] },
								"east": { "texture": "#material", "uv": [ 34.0, 34.5, 35.5, 39.5 ] },
								"south": { "texture": "#material", "uv": [ 30.5, 34.5, 34.0, 39.5 ], "windMode": [-1,-1,-1,-1], "windData": [0,0,1,1] },
								"west": { "texture": "#material", "uv": [ 29.0, 34.5, 30.5, 39.5 ] },
								"up": { "texture": "#material", "uv": [ 30.5, 33.0, 34.0, 34.5 ] },
								"down": { "texture": "#material", "uv": [ 30.5, 39.5, 34.0, 41.0 ], "rotation": 180 }
							}
						}
					]
				}
			]
		},
		{
			"name": "ArmorUpperArmL",
			"stepParentName": "UpperArmL",
			"from": [ -0.2, -0.3, -0.2 ],
			"to": [ 3.2, 7.2, 2.2 ],
			"unwrapMode": 3,
			"uv": [ 40.5, 41.5 ],
			"rotationOrigin": [ 1.5, 3.0, 1.0 ],
			"faces": {
				"north": { "texture": "#material", "uv": [ 47.5, 43.5, 50.5, 51.0 ] },
				"east": { "texture": "#material", "uv": [ 45.5, 43.5, 47.5, 51.0 ] },
				"south": { "texture": "#material", "uv": [ 42.5, 43.5, 45.5, 51.0 ] },
				"west": { "texture": "#material", "uv": [ 40.5, 43.5, 42.5, 51.0 ] },
				"up": { "texture": "#material", "uv": [ 42.5, 41.5, 45.5, 43.5 ] },
				"down": { "texture": "#material", "uv": [ 42.5, 51.0, 45.5, 53.0 ], "rotation": 180 }
			},
			"children": [
				{
					"name": "PauldronL",
					"from": [ -0.3, 2.0, 0.7 ],
					"to": [ 3.7, 6.0, 2.7 ],
					"unwrapMode": 3,
					"autoUnwrap": false,
					"uv": [ 49.0, 18.5 ],
					"rotationOrigin": [ 1.6, 4.0, 1.4 ],
					"rotationX": 2.0,
					"faces": {
						"north": { "texture": "#material", "uv": [ 25.0, 14.0, 29.0, 18.0 ] },
						"east": { "texture": "#material", "uv": [ 55.0, 20.5, 57.0, 24.5 ] },
						"south": { "texture": "#material", "uv": [ 51.0, 20.5, 55.0, 24.5 ] },
						"west": { "texture": "#material", "uv": [ 49.0, 20.5, 51.0, 24.5 ] },
						"up": { "texture": "#material", "uv": [ 51.0, 18.5, 55.0, 20.5 ] },
						"down": { "texture": "#material", "uv": [ 51.0, 24.5, 55.0, 26.5 ], "rotation": 180 }
					}
				},
				{
					"name": "ShoulderLFluff1",
					"from": [ -0.8, 4.6, 0.0 ],
					"to": [ 4.2, 7.6, 5.0 ],
					"unwrapMode": 5,
					"uv": [ 51.5, 32.5 ],
					"rotationOrigin": [ 1.7, 6.6, 2.5 ],
					"rotationX": 30.0,
					"faces": {
						"east": { "texture": "#material", "uv": [ 59.5, 32.5, 62.5, 37.5 ], "rotation": 90 },
						"west": { "texture": "#material", "uv": [ 51.5, 32.5, 54.5, 37.5 ], "rotation": 270 },
						"up": { "texture": "#material", "uv": [ 54.5, 32.5, 59.5, 37.5 ] }
					},
					"children": [
						{
							"name": "ShoulderLFluff2",
							"from": [ 0.1, -0.5, 2.0 ],
							"to": [ 4.9, 2.5, 6.0 ],
							"unwrapMode": 5,
							"uv": [ 20.0, 39.5 ],
							"rotationOrigin": [ 2.1, 2.5, 2.5 ],
							"rotationX": 28.0,
							"faces": {
								"east": { "texture": "#material", "uv": [ 27.5, 39.5, 30.5, 43.5 ], "rotation": 90 },
								"west": { "texture": "#material", "uv": [ 20.0, 39.5, 23.0, 43.5 ], "rotation": 270 },
								"up": { "texture": "#material", "uv": [ 23.0, 39.5, 27.5, 43.5 ] }
							}
						}
					]
				}
			]
		}
	]}