[
  {
    "op": "replace",
    "path": "/attributes/netCaughtItemCode",
    "value": "creature-butterfly-{type}",
    "file": "game:entities/animal/invertebrate/butterfly.json",
    "side": "Server"
  },
  {
    "op": "add",
    "path": "/server/behaviors/1/belowLightLevel",
    "value": 8,
    "file": "game:entities/animal/invertebrate/butterfly.json",
    "side": "Server"
  },
  {
    "op": "replace",
    "path": "/server/behaviors/1/minSeconds",
    "value": 360,
    "file": "game:entities/animal/invertebrate/butterfly.json",
    "side": "Server"
  }
]