{
	"code": "magicstationthaumicfoundry",
	"classByType": {
		"*-raw-*": "Block",
		"*-burned-*": "BlockStationMagicStationBurnedRM",
		"*": "BlockStationThaumicFoundryCoreRM"
	},
	"entityclassByType": {
		"*-raw-*": null,
		"*-burned-*": null,
		"*-normal-*": "BlockEntityStationThaumicFoundryCoreRM"
	},
	"enabled": true,

	"storageFlags": 131073,

	"variantgroups": [
		{
			"code": "type",
			"states": [ "raw", "burned", "normal", "admin" ]
		},
		{
			"code": "variant",
			"states": [ "core" ]
		},
		{
			"code": "side",
			"loadFromProperties": "game:abstract/horizontalorientation"
		}
	],
	"skipVariants": [ "*-admin-*" ],

	//"entityBehaviorsByType": {
	//	"*": [
	//		{ "name": "Animatable" }
	//	]
	//},
	"behaviorsByType": {
		"*-raw-*": [
			{
				"name": "GroundStorable",
				"properties": { "layout": "SingleCenter" }
			},
			{
				"name": "Unplaceable",
				"__comment": "The ground storable obsoletes this being a block. Should be an item, but is kept a block for backwards compatibility"
			},
			{ "name": "RightClickPickup" }
		],
		"*-burned-*": [
			{ "name": "HorizontalOrientable" } //,
			//{ "name": "Container" }
		],
		"*-normal-*": [
			{ "name": "HorizontalOrientable" } //,
			//{ "name": "Container" }
		]
	},
	"attributesByType": {
		"*-north": {
			"canChisel": false,
			"shelvable": false,
			"onshelfTransform": {
				"translation": {
					"x": -0,
					"y": -0.375,
					"z": 0
				},
				"scale": 0.25
			},
			"displaycaseable": false,
			"onDisplayTransform": {
				"scale": 1
			},
			"handbookByType": {
				"*-burned-*": {
					"groupBy": [ "magicstationthaumicfoundry-*" ],
					"extraSections": [
						{
							"title": "rustboundmagic:handbook-clayformingtransmutationcreation1-title",
							"text": "rustboundmagic:handbook-clayformingtransmutationcreation1-text"
						}
					]
				},
				"*-normal-*": {
					"groupBy": [ "magicstationthaumicfoundry-*" ],
					"extraSections": [
						{
							"title": "game:Created by",
							"text": "rustboundmagic:handbook-thaumicfoundryclayformingtransmutationcreation2-text"
						},
						{
							"title": "rustboundmagic:handbook-thaumicfoundrysystem-title",
							"text": "rustboundmagic:handbook-thaumicfoundrysystem-text"
						},
						{
							"title": "rustboundmagic:handbook-magicstation-title",
							"text": "rustboundmagic:handbook-magicstation-text"
						}
					]
				}
			},


			"shape": { "base": "blocks/stations/thaumicfoundry-core" },
			"textures": {
				"manastone": {
					"base": "game:block/metal/plate/lead",
					"overlays": []
				},
				"manastoneon": {
					"base": "game:block/machine/statictranslocator/rustyglow",
					"overlays": []
				},
				"manastoneoff": {
					"base": "game:block/metal/plate/lead",
					"overlays": []
				},
				"material-rim1": {
					"base": "game:block/metal/plate/lead",
					"overlays": [ "game:block/wood/bookshelves/rim1" ]
				}
			}

			//"multiblockStructures": [
			//	{
			//		"blockNumbers": {
			//			"rustboundmagic:*": 1,
			//			"rustboundmagic:runestone-*": 2,
			//			"rustboundmagic:elementalcrystals-*": 3
			//		},
			//		"offsets": [
			//			{
			//				"x": 0,
			//				"y": -1,
			//				"z": 0,
			//				"w": 2
			//			},
			//			{
			//				"x": 1,
			//				"y": -1,
			//				"z": 0,
			//				"w": 1
			//			},
			//			{
			//				"x": -1,
			//				"y": -1,
			//				"z": 0,
			//				"w": 1
			//			},
			//
			//			{
			//				"x": 1,
			//				"y": -1,
			//				"z": 1,
			//				"w": 1
			//			},
			//			{
			//				"x": -1,
			//				"y": -1,
			//				"z": 1,
			//				"w": 1
			//			},
			//
			//			{
			//				"x": 1,
			//				"y": -1,
			//				"z": 2,
			//				"w": 1
			//			},
			//			{
			//				"x": 0,
			//				"y": -1,
			//				"z": 2,
			//				"w": 1
			//			},
			//			{
			//				"x": -1,
			//				"y": -1,
			//				"z": 2,
			//				"w": 1
			//			}
			//		]
			//	}
			//]
		},
		"*-south": {
			"canChisel": false,
			"shelvable": false,
			"onshelfTransform": {
				"translation": {
					"x": -0,
					"y": -0.375,
					"z": 0
				},
				"scale": 0.25
			},
			"displaycaseable": false,
			"onDisplayTransform": {
				"scale": 1
			},
			"handbookByType": {
				"*-burned-*": {
					"groupBy": [ "magicstationthaumicfoundry-*" ],
					"extraSections": [
						{
							"title": "rustboundmagic:handbook-clayformingtransmutationcreation1-title",
							"text": "rustboundmagic:handbook-clayformingtransmutationcreation1-text"
						}
					]
				},
				"*-normal-*": {
					"groupBy": [ "magicstationthaumicfoundry-*" ],
					"extraSections": [
						{
							"title": "game:Created by",
							"text": "rustboundmagic:handbook-thaumicfoundryclayformingtransmutationcreation2-text"
						},
						{
							"title": "rustboundmagic:handbook-thaumicfoundrysystem-title",
							"text": "rustboundmagic:handbook-thaumicfoundrysystem-text"
						},
						{
							"title": "rustboundmagic:handbook-magicstation-title",
							"text": "rustboundmagic:handbook-magicstation-text"
						}
					]
				}
			},


			"shape": { "base": "blocks/stations/thaumicfoundry-core" },
			"textures": {
				"manastone": {
					"base": "game:block/metal/plate/lead",
					"overlays": []
				},
				"manastoneon": {
					"base": "game:block/machine/statictranslocator/rustyglow",
					"overlays": []
				},
				"manastoneoff": {
					"base": "game:block/metal/plate/lead",
					"overlays": []
				},
				"material-rim1": {
					"base": "game:block/metal/plate/lead",
					"overlays": [ "game:block/wood/bookshelves/rim1" ]
				}
			}

			//"multiblockStructures": [
			//	{
			//		"blockNumbers": {
			//			"rustboundmagic:*": 1,
			//			"rustboundmagic:runestone-*": 2,
			//			"rustboundmagic:elementalcrystals-*": 3
			//		},
			//		"offsets": [
			//			{
			//				"x": 0,
			//				"y": -1,
			//				"z": 0,
			//				"w": 2
			//			},
			//			{
			//				"x": 1,
			//				"y": -1,
			//				"z": 0,
			//				"w": 1
			//			},
			//			{
			//				"x": -1,
			//				"y": -1,
			//				"z": 0,
			//				"w": 1
			//			},
			//
			//			{
			//				"x": 1,
			//				"y": -1,
			//				"z": -1,
			//				"w": 1
			//			},
			//			{
			//				"x": -1,
			//				"y": -1,
			//				"z": -1,
			//				"w": 1
			//			},
			//
			//			{
			//				"x": 1,
			//				"y": -1,
			//				"z": -2,
			//				"w": 1
			//			},
			//			{
			//				"x": 0,
			//				"y": -1,
			//				"z": -2,
			//				"w": 1
			//			},
			//			{
			//				"x": -1,
			//				"y": -1,
			//				"z": -2,
			//				"w": 1
			//			}
			//		]
			//	}
			//]
		},
		"*-east": {
			"canChisel": false,
			"shelvable": false,
			"onshelfTransform": {
				"translation": {
					"x": -0,
					"y": -0.375,
					"z": 0
				},
				"scale": 0.25
			},
			"displaycaseable": false,
			"onDisplayTransform": {
				"scale": 1
			},
			"handbookByType": {
				"*-burned-*": {
					"groupBy": [ "magicstationthaumicfoundry-*" ],
					"extraSections": [
						{
							"title": "rustboundmagic:handbook-clayformingtransmutationcreation1-title",
							"text": "rustboundmagic:handbook-clayformingtransmutationcreation1-text"
						}
					]
				},
				"*-normal-*": {
					"groupBy": [ "magicstationthaumicfoundry-*" ],
					"extraSections": [
						{
							"title": "game:Created by",
							"text": "rustboundmagic:handbook-thaumicfoundryclayformingtransmutationcreation2-text"
						},
						{
							"title": "rustboundmagic:handbook-thaumicfoundrysystem-title",
							"text": "rustboundmagic:handbook-thaumicfoundrysystem-text"
						},
						{
							"title": "rustboundmagic:handbook-magicstation-title",
							"text": "rustboundmagic:handbook-magicstation-text"
						}
					]
				}
			},


			"shape": { "base": "blocks/stations/thaumicfoundry-core" },
			"textures": {
				"manastone": {
					"base": "game:block/metal/plate/lead",
					"overlays": []
				},
				"manastoneon": {
					"base": "game:block/machine/statictranslocator/rustyglow",
					"overlays": []
				},
				"manastoneoff": {
					"base": "game:block/metal/plate/lead",
					"overlays": []
				},
				"material-rim1": {
					"base": "game:block/metal/plate/lead",
					"overlays": [ "game:block/wood/bookshelves/rim1" ]
				}
			}

			//"multiblockStructures": [
			//	{
			//		"blockNumbers": {
			//			"rustboundmagic:*": 1,
			//			"rustboundmagic:runestone-*": 2,
			//			"rustboundmagic:elementalcrystals-*": 3
			//		},
			//		"offsets": [
			//			{
			//				"x": 0,
			//				"y": -1,
			//				"z": 0,
			//				"w": 2
			//			},
			//			{
			//				"x": 0,
			//				"y": -1,
			//				"z": 1,
			//				"w": 1
			//			},
			//			{
			//				"x": 0,
			//				"y": -1,
			//				"z": -1,
			//				"w": 1
			//			},
			//
			//			{
			//				"x": -1,
			//				"y": -1,
			//				"z": 1,
			//				"w": 1
			//			},
			//			{
			//				"x": -1,
			//				"y": -1,
			//				"z": -1,
			//				"w": 1
			//			},
			//
			//			{
			//				"x": -2,
			//				"y": -1,
			//				"z": 1,
			//				"w": 1
			//			},
			//			{
			//				"x": -2,
			//				"y": -1,
			//				"z": 0,
			//				"w": 1
			//			},
			//			{
			//				"x": -2,
			//				"y": -1,
			//				"z": -1,
			//				"w": 1
			//			}
			//		]
			//	}
			//]
		},
		"*-west": {
			"canChisel": false,
			"shelvable": false,
			"onshelfTransform": {
				"translation": {
					"x": -0,
					"y": -0.375,
					"z": 0
				},
				"scale": 0.25
			},
			"displaycaseable": false,
			"onDisplayTransform": {
				"scale": 1
			},
			"handbookByType": {
				"*-burned-*": {
					"groupBy": [ "magicstationthaumicfoundry-*" ],
					"extraSections": [
						{
							"title": "rustboundmagic:handbook-clayformingtransmutationcreation1-title",
							"text": "rustboundmagic:handbook-clayformingtransmutationcreation1-text"
						}
					]
				},
				"*-normal-*": {
					"groupBy": [ "magicstationthaumicfoundry-*" ],
					"extraSections": [
						{
							"title": "game:Created by",
							"text": "rustboundmagic:handbook-thaumicfoundryclayformingtransmutationcreation2-text"
						},
						{
							"title": "rustboundmagic:handbook-thaumicfoundrysystem-title",
							"text": "rustboundmagic:handbook-thaumicfoundrysystem-text"
						},
						{
							"title": "rustboundmagic:handbook-magicstation-title",
							"text": "rustboundmagic:handbook-magicstation-text"
						}
					]
				}
			},


			"shape": { "base": "blocks/stations/thaumicfoundry-core" },
			"textures": {
				"manastone": {
					"base": "game:block/metal/plate/lead",
					"overlays": []
				},
				"manastoneon": {
					"base": "game:block/machine/statictranslocator/rustyglow",
					"overlays": []
				},
				"manastoneoff": {
					"base": "game:block/metal/plate/lead",
					"overlays": []
				},
				"material-rim1": {
					"base": "game:block/metal/plate/lead",
					"overlays": [ "game:block/wood/bookshelves/rim1" ]
				}
			}

			//"multiblockStructures": [
			//	{
			//		"blockNumbers": {
			//			"rustboundmagic:*": 1,
			//			"rustboundmagic:runestone-*": 2,
			//			"rustboundmagic:elementalcrystals-*": 3
			//		},
			//		"offsets": [
			//			{
			//				"x": 0,
			//				"y": -1,
			//				"z": 0,
			//				"w": 2
			//			},
			//			{
			//				"x": 0,
			//				"y": -1,
			//				"z": 1,
			//				"w": 1
			//			},
			//			{
			//				"x": 0,
			//				"y": -1,
			//				"z": -1,
			//				"w": 1
			//			},
			//
			//			{
			//				"x": 1,
			//				"y": -1,
			//				"z": 1,
			//				"w": 1
			//			},
			//			{
			//				"x": 1,
			//				"y": -1,
			//				"z": -1,
			//				"w": 1
			//			},
			//
			//			{
			//				"x": 2,
			//				"y": -1,
			//				"z": 1,
			//				"w": 1
			//			},
			//			{
			//				"x": 2,
			//				"y": -1,
			//				"z": 0,
			//				"w": 1
			//			},
			//			{
			//				"x": 2,
			//				"y": -1,
			//				"z": -1,
			//				"w": 1
			//			}
			//		]
			//	}
			//]
		}
	},

	"creativeinventory": {
		"general": [ "*-north" ],
		"rustboundmagic": [ "*-north" ]
	},

	"drawtype": "json",
	"shapeByType": {
		"*-north": {
			"base": "blocks/stations/thaumicfoundry-{variant}-{type}",
			"rotateY": 0
		},
		"*-south": {
			"base": "blocks/stations/thaumicfoundry-{variant}-{type}",
			"rotateY": 180
		},
		"*-east": {
			"base": "blocks/stations/thaumicfoundry-{variant}-{type}",
			"rotateY": 270
		},
		"*-west": {
			"base": "blocks/stations/thaumicfoundry-{variant}-{type}",
			"rotateY": 90
		}
	},

	"texturesbytype": {
		"*-raw-*": {
			"default": { "base": "default" },
			"material1": { "base": "game:block/clay/redclay" },
			"material2": { "base": "game:block/clay/redclay" },
			"material3": { "base": "game:block/clay/redclay" },
			"material4": { "base": "game:block/clay/redclay" },
			"material5": { "base": "game:block/clay/redclay" },
			"material6": { "base": "game:block/clay/redclay" },

			"content": { "base": "game:block/fire" },
			"mat": { "base": "game:block/clay/ceramic" },
			"candle": { "base": "blocks/lightsources/magecandle-ritual" }
		},
		"*-burned-*": {
			"default": { "base": "default" },
			"material1": { "base": "game:block/clay/ceramic" },
			"material2": { "base": "game:block/clay/ceramic" },
			"material3": { "base": "game:block/clay/ceramic" },
			"material4": { "base": "game:block/clay/ceramic" },
			"material5": { "base": "game:block/clay/ceramic" },
			"material6": { "base": "game:block/clay/ceramic" },

			"content": { "base": "game:block/fire" },
			"mat": { "base": "game:block/clay/ceramic" },
			"candle": { "base": "blocks/lightsources/magecandle-ritual" }
		},
		"*": {
			"default": { "base": "default" },
			"material1": { "base": "blocks/stations/thaumicfoundry/material1" },
			"material2": { "base": "blocks/stations/thaumicfoundry/material2" },
			"material3": { "base": "blocks/stations/thaumicfoundry/material3" },
			"material4": { "base": "blocks/stations/thaumicfoundry/material4" },
			"material5": { "base": "blocks/stations/thaumicfoundry/material5" },
			"material6": { "base": "blocks/stations/thaumicfoundry/material6" },

			"content": { "base": "game:block/fire" },
			"mat": { "base": "game:block/clay/ceramic" },
			"candle": { "base": "blocks/lightsources/magecandle-ritual" }
		}
	},

	"sidesolid": {
		"all": false
	},
	"sideopaque": {
		"all": false
	},

	"maxstacksize": 1,
	"blockmaterial": "Other",
	"materialDensity": 1200,
	"replaceable": 300,
	"resistance": 3,
	"lightAbsorption": 0,

	"renderPass": "BlendNoCull",
	"faceCullMode": "MergeMaterial",

	"heldTpIdleAnimation": "holdunderarm",

	"vertexFlags": {
		"zOffset": 2
	},


	"combustiblePropsByType": {
		"*-raw-*": {
			"meltingPoint": 600,
			"meltingDuration": 45,
			"smeltedRatio": 1,
			"smeltingType": "fire",
			"smeltedStack": {
				"type": "block",
				"code": "magicstationthaumicfoundry-burned-core-north"
			},
			"requiresContainer": false
		}
	},


	"collisionBoxesByType": {
		"*": [
			{
				"x1": 0,
				"y1": 0,
				"z1": 0,
				"x2": 1,
				"y2": 0.79,
				"z2": 1,
				"rotateYByType": {
					"*": 0
				}
			}
		]
	},

	"sounds": {
		"place": "game:block/rock-hit-pickaxe",
		"break": "game:block/rock-hit-pickaxe",
		"hit": "game:walk/stone",
		"walk": "game:walk/stone"
	},


	"guiTransform": {
		"rotation": {
			"x": -22.6,
			"y": 135,
			"z": 0
		}
	},
	"fpHandTransform": {
		"translation": {
			"x": 0,
			"y": 0.1,
			"z": 0.5
		},
		"rotation": {
			"x": -2,
			"y": -118,
			"z": 12
		},
		"origin": {
			"x": 0.5,
			"y": 0.6,
			"z": 0.5
		},
		"scale": 1
	},
	"tpHandTransform": {
		"translation": {
			"x": 0,
			"y": 0.2,
			"z": 0.2
		},
		"rotation": {
			"x": 55,
			"y": 13,
			"z": -82
		},
		"origin": {
			"x": 0.05,
			"y": -0.1,
			"z": 0.25
		},
		"scale": 0.5899
	},
	"groundTransform": {
		"scale": 2.0
	}
}
