{
  "version": 4,
  "patches": {
    "number": {
      "equus:entities/wildwildhorse.json": {
        "server/spawnconditionsByType/wildwildhorse-adult-*-ferus/worldgen/triesPerChunk/avg": "WorldGenSpawnRateFerus / 1000",
        "server/spawnconditions/runtime/chanceByType/*-adult-*-ferus": "RuntimeSpawnRateFerus / 100000",
        "behaviorConfigs/jaunt:rideable/saddleBreakDayInterval": "saddlebreakCooldownWild",
        "behaviorConfigs/jaunt:rideable/saddleBreaksRequired/avg": "saddlebreaksWildAvg",
        "behaviorConfigs/jaunt:rideable/saddleBreaksRequired/var": "saddlebreaksWildVar"
      },
      "equus:entities/feralwildhorse.json": {
        "behaviorConfigs/jaunt:rideable/saddleBreakDayInterval": "saddlebreakCooldownFeral",
        "behaviorConfigs/jaunt:rideable/saddleBreaksRequired/avg": "saddlebreaksFeralAvg",
        "behaviorConfigs/jaunt:rideable/saddleBreaksRequired/var": "saddlebreaksFeralVar"
      }
    },
    "boolean": {
      "equus:patches/configpatches.json": {
        "0/enabled": "allowbackpacks"
        }}
  },
  "settings": [
    {
      "type": "separator",
      "title": "settings-wildhorses",
      "weight": 1.0
    },    
    {
      "code": "WorldGenSpawnRateFerus",
      "type": "float",
      "ingui": "setting-worldgen-spawnrate-ferus",
      "logarithmic": false,
      "default": 1.0,
      "range": {
        "min": 0.0,
        "max": 100.0,
        "step":0.1
      }
    },
    {
      "code": "RuntimeSpawnRateFerus",
      "type": "float",
      "ingui": "setting-runtime-spawnrate-ferus",
      "logarithmic": false,
      "default": 1.0,
      "range": {
        "min": 0.0,
        "max": 100.0,
        "step":0.1
      }
    },
    {
      "code": "saddlebreakCooldownWild",
      "type": "float",
      "ingui": "setting-saddlebreak-cooldown",
      "default": 0.00,
      "range": {
        "min": 0.00,
        "max": 1.00,
        "step":0.01
      }
    },
    {
      "code": "saddlebreaksWildAvg",
      "type": "float",
      "ingui": "setting-saddlebreaks-avg",
      "default": 22.5,
      "range": {
        "min": 1,
        "max": 50,
        "step":0.5
      }
    },
    {
      "code": "saddlebreaksWildVar",
      "type": "float",
      "ingui": "setting-saddlebreaks-var",
      "default": 2.5,
      "range": {
        "min": 0,
        "max": 10,
        "step":0.5
      }
    },    
    {
      "type": "separator",
      "title": "settings-feralhorses",
      "weight": 1.0
    },  
    {
      "code": "saddlebreakCooldownFeral",
      "type": "float",
      "ingui": "setting-saddlebreak-cooldown",
      "default": 0.00,
      "range": {
        "min": 0.00,
        "max": 1.00,
        "step":0.01
      }
    },
    {
      "code": "saddlebreaksFeralAvg",
      "type": "float",
      "ingui": "setting-saddlebreaks-avg",
      "default": 5,
      "range": {
        "min": 1,
        "max": 20,
        "step":0.5
      }
    },
    {
      "code": "saddlebreaksFeralVar",
      "type": "float",
      "ingui": "setting-saddlebreaks-var",
      "default": 1,
      "range": {
        "min": 0,
        "max": 5,
        "step":0.5
      }
    },    
    {
      "type": "separator",
      "title": "settings-tamedhorses",
      "weight": 1.0
    },  
    {
      "code": "allowbackpacks",
      "type": "boolean",
      "ingui": "setting-allowbackpacks",
      "default": true
    }
  ]
}
