[
    {
        "op": "addeach",
        "path": "/buying/list/-",
        "value": [ 
            { "code": "aculinaryartillery:bottle-plain-burned", "type": "block", "stacksize": 2, "stock": { "avg": 2, "var": 0.5 }, "price": { "avg": 2, "var": 0.5 },
              "attributes": {
                    "ucontents": [
                        {
                            "type": "item",
                            "code": "soaplyeandbloom:soapportion-honey",
                            "makefull": true
                        }
                    ]
              }},
            { "code": "aculinaryartillery:bottle-plain-burned", "type": "block", "stacksize": 2, "stock": { "avg": 3, "var": 1.5 }, "price": { "avg": 3, "var": 0.5 },
              "attributes": {
                    "ucontents": [
                        {
                            "type": "item",
                            "code": "soaplyeandbloom:soapportion-calendula",
                            "makefull": true
                        }
                    ]
              }}
        ],
        "file": "game:config/tradelists/trader-clothing.json",
        "side": "Server",
        "dependsOn": [ { "modid": "aculinaryartillery" } ]
    }
]