{
  "ingredient": {
    "type": "item",
    "code": "game:ingot-*",
    "name": "metal",
    "allowedVariants": ["tinbronze", "bismuthbronze", "blackbronze", "iron", "meteoriciron", "steel" ]
  },
  "pattern": [
    [
      "#__#_#__#",
      "#__#_#__#",
      "#__#_#__#",
      "####_####",
      "_________",
      "####_####",
      "#__#_#__#",
      "#__#_#__#",
      "#__#_#__#"
    ]
  ],
  "name": "Set of Horseshoes",
  "output": {
    "type": "item",
    "code": "horseshoes-{metal}",
    "stacksize": 1
  }
}