{
  "fseraph:fseraph": {
    "game:entity/humanoid/seraph/clothing/upperbody/shortsleeve": "fseraph:entity/humanoid/seraph/clothing/upperbody/shortsleeve",
    "game:entity/humanoid/seraph/clothing/upperbody/longsleeve": "fseraph:entity/humanoid/seraph/clothing/upperbody/longsleeve",
    "game:entity/humanoid/seraph/clothing/upperbody/longsleeve-extended": "fseraph:entity/humanoid/seraph/clothing/upperbody/longsleeve-extended",
    "game:entity/humanoid/seraph/clothing/upperbodyover/longsleeve": "fseraph:entity/humanoid/seraph/clothing/upperbodyover/longsleeve",
    "game:entity/humanoid/seraph/clothing/upperbodyover/longsleeve-extended": "fseraph:entity/humanoid/seraph/clothing/upperbodyover/longsleeve-extended",
    "game:entity/humanoid/seraph/clothing/upperbodyover/longsleeve-hood": "fseraph:entity/humanoid/seraph/clothing/upperbodyover/longsleeve-hood",
    "game:entity/humanoid/seraph/clothing/upperbodyover/shortsleeve": "fseraph:entity/humanoid/seraph/clothing/upperbodyover/shortsleeve",
    "game:entity/humanoid/seraph/clothing/upperbodyover/surgeon-apron": "fseraph:entity/humanoid/seraph/clothing/upperbodyover/surgeon-apron",
    "game:entity/humanoid/seraph/clothing/shoulder/noble-fur-collar": "fseraph:entity/humanoid/seraph/clothing/shoulder/noble-fur-collar",
    "game:entity/humanoid/seraph/clothing/shoulder/shortsleeve-extended": "fseraph:entity/humanoid/seraph/clothing/shoulder/shortsleeve-extended",
    "game:entity/humanoid/seraph/clothing/shoulder/clockmaker-apron": "fseraph:entity/humanoid/seraph/clothing/shoulder/clockmaker-apron",
    "game:entity/humanoid/seraph/clothing/shoulder/longsleeve-hood": "fseraph:entity/humanoid/seraph/clothing/shoulder/longsleeve-hood",
    "game:entity/humanoid/seraph/clothing/shoulder/longsleeve": "fseraph:entity/humanoid/seraph/clothing/shoulder/longsleeve",
    "game:entity/humanoid/seraph/clothing/shoulder/cape-hood": "fseraph:entity/humanoid/seraph/clothing/shoulder/cape-hood",
    "game:entity/humanoid/seraph/clothing/shoulder/shortsleeve": "fseraph:entity/humanoid/seraph/clothing/shoulder/shortsleeve",
    "game:entity/humanoid/seraph/clothing/shoulder/cape": "fseraph:entity/humanoid/seraph/clothing/shoulder/cape",
    "game:entity/humanoid/seraph/clothing/shoulder/blacksmith-apron": "fseraph:entity/humanoid/seraph/clothing/shoulder/blacksmith-apron",
    "game:entity/humanoid/seraph/armor/gambeson/body": "fseraph:entity/humanoid/seraph/armor/gambeson/body",
    "game:entity/humanoid/seraph/armor/hide/bear/body": "fseraph:entity/humanoid/seraph/armor/hide/bear/body",
    "game:entity/humanoid/seraph/clothing/emblem/blackguard-pin": "fseraph:entity/humanoid/seraph/clothing/emblem/blackguard-pin",
    "game:entity/humanoid/seraph/clothing/emblem/blue-seal": "fseraph:entity/humanoid/seraph/clothing/emblem/blue-seal",
    "game:entity/humanoid/seraph/clothing/emblem/brass-ruby-brooch": "fseraph:entity/humanoid/seraph/clothing/emblem/brass-ruby-brooch",
    "game:entity/humanoid/seraph/clothing/emblem/falcon": "fseraph:entity/humanoid/seraph/clothing/emblem/falcon",
    "game:entity/humanoid/seraph/clothing/emblem/fibula": "fseraph:entity/humanoid/seraph/clothing/emblem/fibula",
    "game:entity/humanoid/seraph/clothing/emblem/lily": "fseraph:entity/humanoid/seraph/clothing/emblem/lily",
    "game:entity/humanoid/seraph/clothing/emblem/malefactor-pendant": "fseraph:entity/humanoid/seraph/clothing/emblem/malefactor-pendant",
    "game:entity/humanoid/seraph/clothing/emblem/messenger-pin": "fseraph:entity/humanoid/seraph/clothing/emblem/messenger-pin",
    "game:entity/humanoid/seraph/clothing/emblem/royal-pin": "fseraph:entity/humanoid/seraph/clothing/emblem/royal-pin",
    "game:entity/humanoid/seraph/clothing/emblem/silver-brooch": "fseraph:entity/humanoid/seraph/clothing/emblem/silver-brooch",
    "game:entity/humanoid/seraph/clothing/emblem/silver-pin": "fseraph:entity/humanoid/seraph/clothing/emblem/silver-pin",
    "game:entity/humanoid/seraph/clothing/emblem/silver-star": "fseraph:entity/humanoid/seraph/clothing/emblem/silver-star",
    "game:entity/humanoid/seraph/clothing/emblem/squire-emblem": "fseraph:entity/humanoid/seraph/clothing/emblem/squire-emblem"
  },
  "fseraph:fseraph_l": {
    "game:entity/humanoid/seraph/clothing/upperbody/shortsleeve": "fseraph:entity/humanoid/seraph_l/clothing/upperbody/shortsleeve",
    "game:entity/humanoid/seraph/clothing/upperbody/longsleeve": "fseraph:entity/humanoid/seraph_l/clothing/upperbody/longsleeve",
    "game:entity/humanoid/seraph/clothing/upperbody/longsleeve-extended": "fseraph:entity/humanoid/seraph_l/clothing/upperbody/longsleeve-extended",
    "game:entity/humanoid/seraph/clothing/upperbodyover/longsleeve": "fseraph:entity/humanoid/seraph_l/clothing/upperbodyover/longsleeve",
    "game:entity/humanoid/seraph/clothing/upperbodyover/longsleeve-extended": "fseraph:entity/humanoid/seraph_l/clothing/upperbodyover/longsleeve-extended",
    "game:entity/humanoid/seraph/clothing/upperbodyover/longsleeve-hood": "fseraph:entity/humanoid/seraph_l/clothing/upperbodyover/longsleeve-hood",
    "game:entity/humanoid/seraph/clothing/upperbodyover/shortsleeve": "fseraph:entity/humanoid/seraph_l/clothing/upperbodyover/shortsleeve",
    "game:entity/humanoid/seraph/clothing/upperbodyover/surgeon-apron": "fseraph:entity/humanoid/seraph_l/clothing/upperbodyover/surgeon-apron",
    "game:entity/humanoid/seraph/clothing/shoulder/noble-fur-collar": "fseraph:entity/humanoid/seraph_l/clothing/shoulder/noble-fur-collar",
    "game:entity/humanoid/seraph/clothing/shoulder/shortsleeve-extended": "fseraph:entity/humanoid/seraph_l/clothing/shoulder/shortsleeve-extended",
    "game:entity/humanoid/seraph/clothing/shoulder/clockmaker-apron": "fseraph:entity/humanoid/seraph_l/clothing/shoulder/clockmaker-apron",
    "game:entity/humanoid/seraph/clothing/shoulder/longsleeve-hood": "fseraph:entity/humanoid/seraph_l/clothing/shoulder/longsleeve-hood",
    "game:entity/humanoid/seraph/clothing/shoulder/longsleeve": "fseraph:entity/humanoid/seraph_l/clothing/shoulder/longsleeve",
    "game:entity/humanoid/seraph/clothing/shoulder/cape-hood": "fseraph:entity/humanoid/seraph_l/clothing/shoulder/cape-hood",
    "game:entity/humanoid/seraph/clothing/shoulder/shortsleeve": "fseraph:entity/humanoid/seraph_l/clothing/shoulder/shortsleeve",
    "game:entity/humanoid/seraph/clothing/shoulder/cape": "fseraph:entity/humanoid/seraph_l/clothing/shoulder/cape",
    "game:entity/humanoid/seraph/clothing/shoulder/blacksmith-apron": "fseraph:entity/humanoid/seraph_l/clothing/shoulder/blacksmith-apron",
    "game:entity/humanoid/seraph/armor/gambeson/body": "fseraph:entity/humanoid/seraph_l/armor/gambeson/body",
    "game:entity/humanoid/seraph/armor/hide/bear/body": "fseraph:entity/humanoid/seraph_l/armor/hide/bear/body"
  },
  "fseraph:fseraph_s": {
    "game:entity/humanoid/seraph/clothing/upperbody/shortsleeve": "fseraph:entity/humanoid/seraph_s/clothing/upperbody/shortsleeve",
    "game:entity/humanoid/seraph/clothing/upperbody/longsleeve": "fseraph:entity/humanoid/seraph_s/clothing/upperbody/longsleeve",
    "game:entity/humanoid/seraph/clothing/upperbody/longsleeve-extended": "fseraph:entity/humanoid/seraph_s/clothing/upperbody/longsleeve-extended",
    "game:entity/humanoid/seraph/clothing/upperbodyover/longsleeve": "fseraph:entity/humanoid/seraph_s/clothing/upperbodyover/longsleeve",
    "game:entity/humanoid/seraph/clothing/upperbodyover/longsleeve-extended": "fseraph:entity/humanoid/seraph_s/clothing/upperbodyover/longsleeve-extended",
    "game:entity/humanoid/seraph/clothing/upperbodyover/longsleeve-hood": "fseraph:entity/humanoid/seraph_s/clothing/upperbodyover/longsleeve-hood",
    "game:entity/humanoid/seraph/clothing/upperbodyover/shortsleeve": "fseraph:entity/humanoid/seraph_s/clothing/upperbodyover/shortsleeve",
    "game:entity/humanoid/seraph/clothing/upperbodyover/surgeon-apron": "fseraph:entity/humanoid/seraph_s/clothing/upperbodyover/surgeon-apron",
    "game:entity/humanoid/seraph/clothing/shoulder/noble-fur-collar": "fseraph:entity/humanoid/seraph_s/clothing/shoulder/noble-fur-collar",
    "game:entity/humanoid/seraph/clothing/shoulder/shortsleeve-extended": "fseraph:entity/humanoid/seraph_s/clothing/shoulder/shortsleeve-extended",
    "game:entity/humanoid/seraph/clothing/shoulder/clockmaker-apron": "fseraph:entity/humanoid/seraph_s/clothing/shoulder/clockmaker-apron",
    "game:entity/humanoid/seraph/clothing/shoulder/longsleeve-hood": "fseraph:entity/humanoid/seraph_s/clothing/shoulder/longsleeve-hood",
    "game:entity/humanoid/seraph/clothing/shoulder/longsleeve": "fseraph:entity/humanoid/seraph_s/clothing/shoulder/longsleeve",
    "game:entity/humanoid/seraph/clothing/shoulder/cape-hood": "fseraph:entity/humanoid/seraph_s/clothing/shoulder/cape-hood",
    "game:entity/humanoid/seraph/clothing/shoulder/shortsleeve": "fseraph:entity/humanoid/seraph_s/clothing/shoulder/shortsleeve",
    "game:entity/humanoid/seraph/clothing/shoulder/cape": "fseraph:entity/humanoid/seraph_s/clothing/shoulder/cape",
    "game:entity/humanoid/seraph/clothing/shoulder/blacksmith-apron": "fseraph:entity/humanoid/seraph_s/clothing/shoulder/blacksmith-apron",
    "game:entity/humanoid/seraph/armor/gambeson/body": "fseraph:entity/humanoid/seraph_s/armor/gambeson/body",
    "game:entity/humanoid/seraph/armor/hide/bear/body": "fseraph:entity/humanoid/seraph_s/armor/hide/bear/body"
  } 
}