{
  "fseraph:fseraph": {
    "game:armor-body-plate-*": "fseraph:entity/humanoid/seraph/armor/plate/body",
    "game:armor-body-scale-*": "fseraph:entity/humanoid/seraph/armor/scale/body",
    "game:armor-body-padded-*": "fseraph:entity/humanoid/seraph/armor/padded/body",
    "game:armor-body-sewn-leather": "fseraph:entity/humanoid/seraph/armor/leather/body",
    "game:armor-body-lamellar-*": "fseraph:entity/humanoid/seraph/armor/lamellar/body",
    "game:armor-body-jerkin-*": "fseraph:entity/humanoid/seraph/armor/jerkin/body",
    "game:armor-body-improvised-*": "fseraph:entity/humanoid/seraph/armor/improvised/body",
    "game:armor-body-chain-*": "fseraph:entity/humanoid/seraph/armor/chain/body",
    "game:armor-body-brigandine-*": "fseraph:entity/humanoid/seraph/armor/brigandine/body",
    "game:armor-body-antique-blackguard-broken": "fseraph:entity/humanoid/seraph/armor/antique/blackguard-broken/body",
    "game:armor-body-antique-blackguard-damaged": "fseraph:entity/humanoid/seraph/armor/antique/blackguard-damaged/body",
    "game:armor-body-antique-blackguard-pristine": "fseraph:entity/humanoid/seraph/armor/antique/blackguard-pristine/body",
    "game:armor-body-antique-forlorn-broken": "fseraph:entity/humanoid/seraph/armor/antique/forlorn-broken/body",
    "game:armor-body-antique-forlorn-damaged": "fseraph:entity/humanoid/seraph/armor/antique/forlorn-damaged/body",
    "game:armor-body-antique-forlorn-pristine": "fseraph:entity/humanoid/seraph/armor/antique/forlorn-pristine/body"
  },
  "fseraph:fseraph_l": {
    "game:armor-body-plate-*": "fseraph:entity/humanoid/seraph_l/armor/plate/body",
    "game:armor-body-scale-*": "fseraph:entity/humanoid/seraph_l/armor/scale/body",
    "game:armor-body-padded-*": "fseraph:entity/humanoid/seraph_l/armor/padded/body",
    "game:armor-body-sewn-leather": "fseraph:entity/humanoid/seraph_l/armor/leather/body",
    "game:armor-body-lamellar-*": "fseraph:entity/humanoid/seraph_l/armor/lamellar/body",
    "game:armor-body-jerkin-*": "fseraph:entity/humanoid/seraph_l/armor/jerkin/body",
    "game:armor-body-improvised-*": "fseraph:entity/humanoid/seraph_l/armor/improvised/body",
    "game:armor-body-chain-*": "fseraph:entity/humanoid/seraph_l/armor/chain/body",
    "game:armor-body-brigandine-*": "fseraph:entity/humanoid/seraph_l/armor/brigandine/body",
    "game:armor-body-antique-blackguard-broken": "fseraph:entity/humanoid/seraph_l/armor/antique/blackguard-broken/body",
    "game:armor-body-antique-blackguard-damaged": "fseraph:entity/humanoid/seraph_l/armor/antique/blackguard-damaged/body",
    "game:armor-body-antique-blackguard-pristine": "fseraph:entity/humanoid/seraph_l/armor/antique/blackguard-pristine/body",
    "game:armor-body-antique-forlorn-broken": "fseraph:entity/humanoid/seraph_l/armor/antique/forlorn-broken/body",
    "game:armor-body-antique-forlorn-damaged": "fseraph:entity/humanoid/seraph_l/armor/antique/forlorn-damaged/body",
    "game:armor-body-antique-forlorn-pristine": "fseraph:entity/humanoid/seraph_l/armor/antique/forlorn-pristine/body"
  },
  "fseraph:fseraph_s": {
    "game:armor-body-plate-*": "fseraph:entity/humanoid/seraph_s/armor/plate/body",
    "game:armor-body-scale-*": "fseraph:entity/humanoid/seraph_s/armor/scale/body",
    "game:armor-body-padded-*": "fseraph:entity/humanoid/seraph_s/armor/padded/body",
    "game:armor-body-sewn-leather": "fseraph:entity/humanoid/seraph_s/armor/leather/body",
    "game:armor-body-lamellar-*": "fseraph:entity/humanoid/seraph_s/armor/lamellar/body",
    "game:armor-body-jerkin-*": "fseraph:entity/humanoid/seraph_s/armor/jerkin/body",
    "game:armor-body-improvised-*": "fseraph:entity/humanoid/seraph_s/armor/improvised/body",
    "game:armor-body-chain-*": "fseraph:entity/humanoid/seraph_s/armor/chain/body",
    "game:armor-body-brigandine-*": "fseraph:entity/humanoid/seraph_s/armor/brigandine/body",
    "game:armor-body-antique-blackguard-broken": "fseraph:entity/humanoid/seraph_s/armor/antique/blackguard-broken/body",
    "game:armor-body-antique-blackguard-damaged": "fseraph:entity/humanoid/seraph_s/armor/antique/blackguard-damaged/body",
    "game:armor-body-antique-blackguard-pristine": "fseraph:entity/humanoid/seraph_s/armor/antique/blackguard-pristine/body",
    "game:armor-body-antique-forlorn-broken": "fseraph:entity/humanoid/seraph_s/armor/antique/forlorn-broken/body",
    "game:armor-body-antique-forlorn-damaged": "fseraph:entity/humanoid/seraph_s/armor/antique/forlorn-damaged/body",
    "game:armor-body-antique-forlorn-pristine": "fseraph:entity/humanoid/seraph_s/armor/antique/forlorn-pristine/body"
  } 
}