{
	"code": "backpack",
	"class": "ItemPetCarrier",
	"variantGroups": [
		{
			"code": "type",
			"states": [
				"empty",
				"full",
				"dogshepherd1",
				"dogshepherd2",
				"dogshepherdpup",
				"doghunting1",
				"doghunting2",
				"doghuntingpup",
				"dogwolf1",
				"dogwolf2",
				"dogwolf3",
				"dogwolf4",
				"dogwolf5",
				"dogwolf6",
				"dogwolf7",
				"dogwolf8",
				"dogwolf9",
				"dogwolfpup1",
				"dogwolfpup2",
				"dogcorgi1",
				"dogcorgi2",
				"dogcorgi3",
				"dogcorgi4",
				"catdomesticated1",
				"catdomesticated2",
				"catdomesticated3",
				"catdomesticated4",
				"catdomesticated5",
				"catdomesticated6",
				"catdomesticated7",
				"catdomesticated8",
				"catocelot",
				"catserval",
				"cateuropean",
				"kittendomesticated1",
				"kittendomesticated2",
				"kittendomesticated3",
				"kittendomesticated4",
				"kittendomesticated5",
				"kittendomesticated6",
				"kittendomesticated7",
				"kittendomesticated8",
				"kittenocelot",
				"kittenserval",
				"kitteneuropean"
			]
		}
	],
	"maxstacksize": 1,
	"heldTpIdleAnimation": "holdunderarm",
	"behaviors": [
		{
			"name": "GroundStorable",
			"properties": {
				"layout": "SingleCenter",
				"collisionBox": {
					"x1": 0.25,
					"y1": 0,
					"z1": 0.25,
					"x2": 0.75,
					"y2": 0.375,
					"z2": 0.75
				}
			}
		},
		{
			"name": "HeldBag"
		}
	],
	"attributes": {
		"wearableAttachment": true,
		"attachableToEntity": {
			"categoryCode": "backpack",
			"attachedShape": {
				"baseByType": {
					"backpack-empty": "petbackpack:backpack/backpack-empty-attached",
					"backpack-full": "petbackpack:backpack/backpack-full-attached",
					"@backpack-dogshepherd(1|2)": "petbackpack:backpack/backpack-shepherd",
					"@backpack-doghunting(1|2)": "petbackpack:backpack/backpack-hunting",
					"@backpack-dogwolf(1|2|3|4|5|6|7|8|9)": "petbackpack:backpack/backpack-wolf",
					"@backpack-dogcorgi(1|2|3|4): ": "petbackpack:backpack/backpack-corgi",
					"@backpack-dogwolfpup(1|2)": "petbackpack:backpack/backpack-wolfpup",
					"backpack-shepherdpup": "petbackpack:backpack/backpack-shepherdpup",
					"backpack-doghuntingpup": "petbackpack:backpack/backpack-huntingpup",
					"backpack-cat*": "petbackpack:backpack/backpack-cat",
					"backpack-kitten*": "petbackpack:backpack/backpack-cat-kitten"
				}
			}
		},
		"backpack": {
			"quantitySlots": 6
		},
		"canPickUp": {
			"dog-wolf-male": {
				"type": "dogwolf",
				"appendTextureIndex": true
			},
			"dog-shepherd-male": {
				"type": "dogshepherd",
				"appendTextureIndex": true
			},
			"dog-hunting-male": {
				"type": "doghunting",
				"appendTextureIndex": true
			},
			"dog-wolf-female": {
				"type": "dogwolf",
				"appendTextureIndex": true
			},
			"dog-shepherd-female": {
				"type": "dogshepherd",
				"appendTextureIndex": true
			},
			"dog-hunting-female": {
				"type": "doghunting",
				"appendTextureIndex": true
			},
			"dog-shepherd-pup": {
				"type": "dogwolfpup",
				"appendTextureIndex": true
			},
			"dog-hunting-pup": {
				"type": "doghuntingpup",
				"appendTextureIndex": false
			},
			"cat-male-house": {
				"type": "catdomesticated",
				"appendTextureIndex": true
			},
			"cat-female-house": {
				"type": "catdomesticated",
				"appendTextureIndex": true
			},
			"cat-kitten-house": {
				"type": "kittendomesticated",
				"appendTextureIndex": true
			},
			"cat-male-ocelot": {
				"type": "catocelot",
				"appendTextureIndex": false
			},
			"cat-female-ocelot": {
				"type": "catocelot",
				"appendTextureIndex": false
			},
			"cat-kitten-ocelot": {
				"type": "kittenocelot",
				"appendTextureIndex": false
			},
			"cat-male-european": {
				"type": "cateuropean",
				"appendTextureIndex": false
			},
			"cat-female-european": {
				"type": "cateuropean",
				"appendTextureIndex": false
			},
			"cat-kitten-european": {
				"type": "kitteneuropean",
				"appendTextureIndex": false
			},
			"cat-male-serval": {
				"type": "catserval",
				"appendTextureIndex": false
			},
			"cat-female-serval": {
				"type": "catserval",
				"appendTextureIndex": false
			},
			"cat-kitten-serval": {
				"type": "kittenserval",
				"appendTextureIndex": false
			}
		},
		"handbook": {
			"groupBy": [
				"backpack-*"
			]
		}
	},
	"shape": {
		"baseByType": {
			"backpack-empty": "backpack/backpack-empty",
			"*": "backpack/backpack-full"
		}
	},
	"texturesByType": {
		"backpack-empty": {
			"backpack": {
				"base": "backpack/backpack"
			}
		},
		"backpack-full": {
			"backpack": {
				"base": "backpack/backpack"
			}
		},
		"backpack-dog*": {
			"backpack": {
				"base": "backpack/backpack"
			},
			"skin": {
				"baseByType": {
					"backpack-dogshepherd1": "wolftaming:entity/dog-shepherd-1",
					"backpack-dogshepherd2": "wolftaming:entity/dog-shepherd-2",
					"backpack-dogshepherdpup": "wolftaming:entity/dog-shepherd-pup",
					"backpack-doghunting1": "wolftaming:entity/dog-hunting-black",
					"backpack-doghunting2": "wolftaming:entity/dog-hunting-brown",
					"backpack-doghuntingpup": "wolftaming:entity/dog-hunting-pup",
					"backpack-dogcorgi1": "wolftaming:entity/dog-corgi-1",
					"backpack-dogcorgi2": "wolftaming:entity/dog-corgi-2",
					"backpack-dogcorgi3": "wolftaming:entity/dog-corgi-3",
					"backpack-dogcorgi4": "wolftaming:entity/dog-corgi-4",
					"backpack-dogwolf1": "wolftaming:entity/wolf/wolf1",
					"backpack-dogwolf2": "wolftaming:entity/wolf/wolf2",
					"backpack-dogwolf3": "wolftaming:entity/wolf/wolf3",
					"backpack-dogwolf4": "wolftaming:entity/wolf/wolf4",
					"backpack-dogwolf5": "wolftaming:entity/wolf/wolf5",
					"backpack-dogwolf6": "wolftaming:entity/wolf/wolf6",
					"backpack-dogwolf7": "wolftaming:entity/wolf/wolf7",
					"backpack-dogwolf8": "wolftaming:entity/wolf/wolf8",
					"backpack-dogwolf9": "wolftaming:entity/wolf/wolf9",
					"backpack-dogwolfpup1": "wolftaming:entity/wolf/wolf-pup1",
					"backpack-dogwolfpup2": "wolftaming:entity/wolf/wolf-pup2"
				}
			}
		},
		"backpack-cat*": {
			"backpack": {
				"base": "backpack/backpack"
			},
			"cat": {
				"baseByType": {
                    "backpack-catocelot": "cats:entity/cat/cat-male11",
                    "backpack-catserval": "cats:entity/cat/cat-male01",
                    "backpack-cateuropean": "cats:entity/cat/cat-male03",
                    "backpack-catdomesticated1": "cats:entity/cat/cat-male02",
                    "backpack-catdomesticated2": "cats:entity/cat/cat-male04",
                    "backpack-catdomesticated3": "cats:entity/cat/cat-male05",
                    "backpack-catdomesticated4": "cats:entity/cat/cat-male06",
                    "backpack-catdomesticated5": "cats:entity/cat/cat-male07",
                    "backpack-catdomesticated6": "cats:entity/cat/cat-male08",
                    "backpack-catdomesticated7": "cats:entity/cat/cat-male09",
                    "backpack-catdomesticated8": "cats:entity/cat/cat-male10"
				}
			}
		},
		"backpack-kitten*": {
			"backpack": {
				"base": "backpack/backpack"
			},
			"cat": {
				"baseByType": {
                    "backpack-kittenocelot": "cats:entity/kitten/kitten11",
                    "backpack-kittenserval": "cats:entity/kitten/kitten01",
                    "backpack-kitteneuropean": "cats:entity/kitten/kitten03",
                    "backpack-kittendomesticated1": "cats:entity/kitten/kitten02",
                    "backpack-kittendomesticated2": "cats:entity/kitten/kitten04",
                    "backpack-kittendomesticated3": "cats:entity/kitten/kitten05",
                    "backpack-kittendomesticated4": "cats:entity/kitten/kitten06",
                    "backpack-kittendomesticated5": "cats:entity/kitten/kitten07",
                    "backpack-kittendomesticated6": "cats:entity/kitten/kitten08",
                    "backpack-kittendomesticated7": "cats:entity/kitten/kitten09",
                    "backpack-kittendomesticated8": "cats:entity/kitten/kitten10"
				}
			}
		}
	},
	"storageFlags": 2,
	"creativeinventory": {
		"general": [
			"backpack-empty"
		],
		"items": [
			"backpack-empty"
		]
	},
	"guiTransform": {
		"translation": {
			"x": 0,
			"y": 4,
			"z": 0
		},
		"rotation": {
			"x": -20,
			"y": 21,
			"z": 180
		},
		"origin": {
			"x": 0.5299,
			"y": 0.35,
			"z": 0.5
		},
		"scale": 1.52
	},
	"fpHandTransform": {
		"translation": {
			"x": 0,
			"y": 0,
			"z": 0.2
		},
		"rotation": {
			"x": 20,
			"y": -73,
			"z": 10
		},
		"scale": 1.3
	},
	"tpHandTransform": {
		"translation": {
			"x": -1,
			"y": -0.5,
			"z": -0.6
		},
		"rotation": {
			"x": -1,
			"y": 7,
			"z": -57
		},
		"scale": 0.56
	},
	"groundTransform": {
		"translation": {
			"x": 0,
			"y": 0,
			"z": 0
		},
		"rotation": {
			"x": 180,
			"y": 33,
			"z": -180
		},
		"origin": {
			"x": 0.5,
			"y": 0,
			"z": 0.5
		},
		"scale": 4
	}
}