{
	"editor": {
		"backDropShape": "C:/Users/Blooo/Documents/Vintagestory 1.20.12/assets/survival/shapes/block/plant/fruittree/leaves-ver",
		"collapsedPaths": "Root/fruits-s,Root/fruits-w,Root/fruits-e,Root/fruits-n",
		"allAngles": false,
		"entityTextureMode": false
	},
	"textureWidth": 32,
	"textureHeight": 32,
	"textureSizes": {
		"fruit": [16,16]
	},
	"textures": {
		"fruit": "block/plant/fruittree/breadfruit/fruiting"
	},
	"elements": [
		{
			"name": "fruits-s",
			"stepParentName": "Cube2",
			"from": [ 0.0, 0.0, 0.0 ],
			"to": [ 1.0, 1.0, 1.0 ],
			"rotationOrigin": [ 8.0, 0.0, 8.0 ],
			"faces": {
			},
			"children": [
				{
					"name": "fruit 17",
					"from": [ 9.9, -1.4, 14.0 ],
					"to": [ 12.9, 2.6, 17.0 ],
					"renderPass": 0,
					"rotationOrigin": [ 11.4, -0.4, 15.5 ],
					"rotationY": -22.5,
					"faces": {
						"north": { "texture": "#fruit", "uv": [ 7.5, 5.0, 10.5, 9.0 ], "windMode": [8,8,8,8], "windData": [6,2,2,6] },
						"east": { "texture": "#fruit", "uv": [ 7.5, 7.0, 10.5, 11.0 ], "windMode": [8,8,8,8], "windData": [6,2,2,6] },
						"south": { "texture": "#fruit", "uv": [ 8.5, 2.5, 11.5, 6.5 ], "windMode": [8,8,8,8], "windData": [6,6,2,2] },
						"west": { "texture": "#fruit", "uv": [ 1.5, 11.5, 4.5, 15.5 ], "windMode": [8,8,8,8], "windData": [6,6,2,2] },
						"up": { "texture": "#fruit", "uv": [ 3.0, 11.5, 6.0, 14.5 ], "windMode": [8,8,8,8], "windData": [2,2,2,2] },
						"down": { "texture": "#fruit", "uv": [ 1.5, 3.0, 4.5, 6.0 ], "windMode": [8,8,8,8], "windData": [6,6,6,6] }
					},
					"children": [
						{
							"name": "Cube19",
							"from": [ 0.5, -0.5, 0.5 ],
							"to": [ 2.5, 4.5, 2.5 ],
							"renderPass": 0,
							"rotationOrigin": [ -2.5, -0.5, -7.5 ],
							"faces": {
								"north": { "texture": "#fruit", "uv": [ 2.0, 6.0, 4.0, 11.0 ], "windMode": [8,8,8,8], "windData": [7,1,1,7] },
								"east": { "texture": "#fruit", "uv": [ 2.5, 7.0, 4.5, 12.0 ], "windMode": [8,8,8,8], "windData": [7,1,1,7] },
								"south": { "texture": "#fruit", "uv": [ 0.5, 3.5, 2.5, 8.5 ], "windMode": [8,8,8,8], "windData": [7,7,1,1] },
								"west": { "texture": "#fruit", "uv": [ 4.5, 5.5, 6.5, 10.5 ], "windMode": [8,8,8,8], "windData": [7,7,1,1] },
								"up": { "texture": "#fruit", "uv": [ 7.0, 2.5, 9.0, 4.5 ], "windMode": [8,8,8,8], "windData": [1,1,1,1] },
								"down": { "texture": "#fruit", "uv": [ 6.5, 3.0, 8.5, 5.0 ], "windMode": [8,8,8,8], "windData": [7,7,7,7] }
							}
						}
					]
				},
				{
					"name": "fruit 11",
					"from": [ 3.0, -1.5, 13.0 ],
					"to": [ 6.0, 2.5, 16.0 ],
					"renderPass": 0,
					"rotationOrigin": [ 4.5, -0.5, 14.5 ],
					"faces": {
						"north": { "texture": "#fruit", "uv": [ 11.0, 5.0, 14.0, 9.0 ], "windMode": [8,8,8,8], "windData": [6,2,2,6] },
						"east": { "texture": "#fruit", "uv": [ 4.0, 7.0, 7.0, 11.0 ], "windMode": [8,8,8,8], "windData": [6,2,2,6] },
						"south": { "texture": "#fruit", "uv": [ 2.5, 4.0, 5.5, 8.0 ], "windMode": [8,8,8,8], "windData": [6,6,2,2] },
						"west": { "texture": "#fruit", "uv": [ 6.5, 10.5, 9.5, 14.5 ], "windMode": [8,8,8,8], "windData": [6,6,2,2] },
						"up": { "texture": "#fruit", "uv": [ 10.0, 8.5, 13.0, 11.5 ], "windMode": [8,8,8,8], "windData": [2,2,2,2] },
						"down": { "texture": "#fruit", "uv": [ 10.0, 0.5, 13.0, 3.5 ], "windMode": [8,8,8,8], "windData": [6,6,6,6] }
					},
					"children": [
						{
							"name": "Cube13",
							"from": [ 0.5, -0.5, 0.5 ],
							"to": [ 2.5, 4.5, 2.5 ],
							"renderPass": 0,
							"rotationOrigin": [ -2.5, -0.5, -7.5 ],
							"faces": {
								"north": { "texture": "#fruit", "uv": [ 9.0, 4.0, 11.0, 9.0 ], "windMode": [8,8,8,8], "windData": [7,1,1,7] },
								"east": { "texture": "#fruit", "uv": [ 10.0, 1.5, 12.0, 6.5 ], "windMode": [8,8,8,8], "windData": [7,1,1,7] },
								"south": { "texture": "#fruit", "uv": [ 12.0, 6.5, 14.0, 11.5 ], "windMode": [8,8,8,8], "windData": [7,7,1,1] },
								"west": { "texture": "#fruit", "uv": [ 7.5, 7.0, 9.5, 12.0 ], "windMode": [8,8,8,8], "windData": [7,7,1,1] },
								"up": { "texture": "#fruit", "uv": [ 3.0, 13.5, 5.0, 15.5 ], "windMode": [8,8,8,8], "windData": [1,1,1,1] },
								"down": { "texture": "#fruit", "uv": [ 9.0, 6.0, 11.0, 8.0 ], "windMode": [8,8,8,8], "windData": [7,7,7,7] }
							}
						}
					]
				},
				{
					"name": "fruit 8",
					"from": [ 10.0, 14.5, 15.0 ],
					"to": [ 13.0, 18.5, 18.0 ],
					"renderPass": 0,
					"rotationOrigin": [ 11.5, 15.5, 16.5 ],
					"rotationY": 22.5,
					"faces": {
						"north": { "texture": "#fruit", "uv": [ 10.5, 7.0, 13.5, 11.0 ], "windMode": [8,8,8,8], "windData": [6,2,2,6] },
						"east": { "texture": "#fruit", "uv": [ 1.5, 3.5, 4.5, 7.5 ], "windMode": [8,8,8,8], "windData": [6,2,2,6] },
						"south": { "texture": "#fruit", "uv": [ 12.5, 4.0, 15.5, 8.0 ], "windMode": [8,8,8,8], "windData": [6,6,2,2] },
						"west": { "texture": "#fruit", "uv": [ 10.5, 2.5, 13.5, 6.5 ], "windMode": [8,8,8,8], "windData": [6,6,2,2] },
						"up": { "texture": "#fruit", "uv": [ 8.0, 8.0, 11.0, 11.0 ], "windMode": [8,8,8,8], "windData": [2,2,2,2] },
						"down": { "texture": "#fruit", "uv": [ 10.5, 6.0, 13.5, 9.0 ], "windMode": [8,8,8,8], "windData": [6,6,6,6] }
					},
					"children": [
						{
							"name": "Cube10",
							"from": [ 0.5, -0.5, 0.5 ],
							"to": [ 2.5, 4.5, 2.5 ],
							"renderPass": 0,
							"rotationOrigin": [ -2.5, -0.5, -7.5 ],
							"faces": {
								"north": { "texture": "#fruit", "uv": [ 6.5, 3.0, 8.5, 8.0 ], "windMode": [8,8,8,8], "windData": [7,1,1,7] },
								"east": { "texture": "#fruit", "uv": [ 0.5, 6.5, 2.5, 11.5 ], "windMode": [8,8,8,8], "windData": [7,1,1,7] },
								"south": { "texture": "#fruit", "uv": [ 5.0, 2.0, 7.0, 7.0 ], "windMode": [8,8,8,8], "windData": [7,7,1,1] },
								"west": { "texture": "#fruit", "uv": [ 1.0, 9.0, 3.0, 14.0 ], "windMode": [8,8,8,8], "windData": [7,7,1,1] },
								"up": { "texture": "#fruit", "uv": [ 0.5, 3.0, 2.5, 5.0 ], "windMode": [8,8,8,8], "windData": [1,1,1,1] },
								"down": { "texture": "#fruit", "uv": [ 2.0, 6.0, 4.0, 8.0 ], "windMode": [8,8,8,8], "windData": [7,7,7,7] }
							}
						}
					]
				},
				{
					"name": "fruit 5",
					"from": [ 2.7, 16.5, 16.0 ],
					"to": [ 5.7, 20.5, 19.0 ],
					"renderPass": 0,
					"rotationOrigin": [ 4.2, 17.5, 17.5 ],
					"rotationY": -22.5,
					"faces": {
						"north": { "texture": "#fruit", "uv": [ 4.5, 3.5, 7.5, 7.5 ], "windMode": [8,8,8,8], "windData": [6,2,2,6] },
						"east": { "texture": "#fruit", "uv": [ 2.5, 10.0, 5.5, 14.0 ], "windMode": [8,8,8,8], "windData": [6,2,2,6] },
						"south": { "texture": "#fruit", "uv": [ 11.0, 3.5, 14.0, 7.5 ], "windMode": [8,8,8,8], "windData": [6,6,2,2] },
						"west": { "texture": "#fruit", "uv": [ 3.0, 10.5, 6.0, 14.5 ], "windMode": [8,8,8,8], "windData": [6,6,2,2] },
						"up": { "texture": "#fruit", "uv": [ 3.5, 4.5, 6.5, 7.5 ], "windMode": [8,8,8,8], "windData": [2,2,2,2] },
						"down": { "texture": "#fruit", "uv": [ 8.5, 12.5, 11.5, 15.5 ], "windMode": [8,8,8,8], "windData": [6,6,6,6] }
					},
					"children": [
						{
							"name": "Cube7",
							"from": [ 0.5, -0.5, 0.5 ],
							"to": [ 2.5, 4.5, 2.5 ],
							"renderPass": 0,
							"rotationOrigin": [ -2.5, -0.5, -7.5 ],
							"faces": {
								"north": { "texture": "#fruit", "uv": [ 11.5, 4.5, 13.5, 9.5 ], "windMode": [8,8,8,8], "windData": [7,1,1,7] },
								"east": { "texture": "#fruit", "uv": [ 8.5, 4.0, 10.5, 9.0 ], "windMode": [8,8,8,8], "windData": [7,1,1,7] },
								"south": { "texture": "#fruit", "uv": [ 3.0, 2.5, 5.0, 7.5 ], "windMode": [8,8,8,8], "windData": [7,7,1,1] },
								"west": { "texture": "#fruit", "uv": [ 12.0, 4.5, 14.0, 9.5 ], "windMode": [8,8,8,8], "windData": [7,7,1,1] },
								"up": { "texture": "#fruit", "uv": [ 4.0, 11.0, 6.0, 13.0 ], "windMode": [8,8,8,8], "windData": [1,1,1,1] },
								"down": { "texture": "#fruit", "uv": [ 3.5, 5.5, 5.5, 7.5 ], "windMode": [8,8,8,8], "windData": [7,7,7,7] }
							}
						}
					]
				},
				{
					"name": "fruit 49",
					"from": [ 4.7, 7.5, 15.0 ],
					"to": [ 7.7, 11.5, 18.0 ],
					"renderPass": 0,
					"rotationOrigin": [ 6.2, 8.5, 16.5 ],
					"faces": {
						"north": { "texture": "#fruit", "uv": [ 1.5, 1.0, 4.5, 5.0 ], "windData": [6,2,2,6] },
						"east": { "texture": "#fruit", "uv": [ 7.5, 6.0, 10.5, 10.0 ], "windData": [6,2,2,6] },
						"south": { "texture": "#fruit", "uv": [ 10.5, 10.0, 13.5, 14.0 ], "windData": [6,6,2,2] },
						"west": { "texture": "#fruit", "uv": [ 1.0, 5.5, 4.0, 9.5 ], "windData": [6,6,2,2] },
						"up": { "texture": "#fruit", "uv": [ 11.5, 2.5, 14.5, 5.5 ], "windData": [2,2,2,2] },
						"down": { "texture": "#fruit", "uv": [ 5.0, 9.0, 8.0, 12.0 ], "windData": [6,6,6,6] }
					},
					"children": [
						{
							"name": "Cube50",
							"from": [ 0.5, -0.5, 0.5 ],
							"to": [ 2.5, 4.5, 2.5 ],
							"renderPass": 0,
							"rotationOrigin": [ -2.5, -0.5, -7.5 ],
							"faces": {
								"north": { "texture": "#fruit", "uv": [ 9.0, 2.0, 11.0, 7.0 ], "windData": [7,1,1,7] },
								"east": { "texture": "#fruit", "uv": [ 5.5, 8.5, 7.5, 13.5 ], "windData": [7,1,1,7] },
								"south": { "texture": "#fruit", "uv": [ 5.0, 6.5, 7.0, 11.5 ], "windData": [7,7,1,1] },
								"west": { "texture": "#fruit", "uv": [ 8.5, 0.5, 10.5, 5.5 ], "windData": [7,7,1,1] },
								"up": { "texture": "#fruit", "uv": [ 11.0, 6.5, 13.0, 8.5 ], "windData": [1,1,1,1] },
								"down": { "texture": "#fruit", "uv": [ 4.5, 4.5, 6.5, 6.5 ], "windData": [7,7,7,7] }
							}
						}
					]
				}
			]
		},
		{
			"name": "fruits-w",
			"stepParentName": "Cube2",
			"from": [ 0.0, 0.0, 0.0 ],
			"to": [ 1.0, 1.0, 1.0 ],
			"rotationOrigin": [ 8.0, 0.0, 8.0 ],
			"rotationY": -90.0,
			"faces": {
			},
			"children": [
				{
					"name": "fruit 21",
					"from": [ 2.8, 15.8, 15.0 ],
					"to": [ 5.8, 19.8, 18.0 ],
					"renderPass": 0,
					"rotationOrigin": [ 4.3, 16.8, 16.5 ],
					"rotationY": 22.5,
					"faces": {
						"north": { "texture": "#fruit", "uv": [ 8.5, 7.5, 11.5, 11.5 ], "windMode": [8,8,8,8], "windData": [6,2,2,6] },
						"east": { "texture": "#fruit", "uv": [ 4.0, 10.5, 7.0, 14.5 ], "windMode": [8,8,8,8], "windData": [6,2,2,6] },
						"south": { "texture": "#fruit", "uv": [ 2.5, 6.5, 5.5, 10.5 ], "windMode": [8,8,8,8], "windData": [6,6,2,2] },
						"west": { "texture": "#fruit", "uv": [ 8.0, 3.0, 11.0, 7.0 ], "windMode": [8,8,8,8], "windData": [6,6,2,2] },
						"up": { "texture": "#fruit", "uv": [ 4.0, 7.5, 7.0, 10.5 ], "windMode": [8,8,8,8], "windData": [2,2,2,2] },
						"down": { "texture": "#fruit", "uv": [ 1.5, 4.0, 4.5, 7.0 ], "windMode": [8,8,8,8], "windData": [6,6,6,6] }
					},
					"children": [
						{
							"name": "Cube21",
							"from": [ 0.5, -0.5, 0.5 ],
							"to": [ 2.5, 4.5, 2.5 ],
							"renderPass": 0,
							"rotationOrigin": [ -2.5, -0.5, -7.5 ],
							"faces": {
								"north": { "texture": "#fruit", "uv": [ 5.5, 10.5, 7.5, 15.5 ], "windMode": [8,8,8,8], "windData": [7,1,1,7] },
								"east": { "texture": "#fruit", "uv": [ 7.5, 6.5, 9.5, 11.5 ], "windMode": [8,8,8,8], "windData": [7,1,1,7] },
								"south": { "texture": "#fruit", "uv": [ 8.5, 5.0, 10.5, 10.0 ], "windMode": [8,8,8,8], "windData": [7,7,1,1] },
								"west": { "texture": "#fruit", "uv": [ 8.5, 4.0, 10.5, 9.0 ], "windMode": [8,8,8,8], "windData": [7,7,1,1] },
								"up": { "texture": "#fruit", "uv": [ 0.0, 6.5, 2.0, 8.5 ], "windMode": [8,8,8,8], "windData": [1,1,1,1] },
								"down": { "texture": "#fruit", "uv": [ 13.0, 1.0, 15.0, 3.0 ], "windMode": [8,8,8,8], "windData": [7,7,7,7] }
							}
						}
					]
				},
				{
					"name": "fruit 24",
					"from": [ 9.5, -0.4, 14.0 ],
					"to": [ 12.5, 3.6, 17.0 ],
					"renderPass": 0,
					"rotationOrigin": [ 11.0, 0.6, 15.5 ],
					"rotationY": -22.5,
					"faces": {
						"north": { "texture": "#fruit", "uv": [ 5.5, 4.5, 8.5, 8.5 ], "windMode": [8,8,8,8], "windData": [6,2,2,6] },
						"east": { "texture": "#fruit", "uv": [ 5.5, 0.0, 8.5, 4.0 ], "windMode": [8,8,8,8], "windData": [6,2,2,6] },
						"south": { "texture": "#fruit", "uv": [ 11.5, 2.0, 14.5, 6.0 ], "windMode": [8,8,8,8], "windData": [6,6,2,2] },
						"west": { "texture": "#fruit", "uv": [ 5.0, 7.5, 8.0, 11.5 ], "windMode": [8,8,8,8], "windData": [6,6,2,2] },
						"up": { "texture": "#fruit", "uv": [ 7.0, 6.0, 10.0, 9.0 ], "windMode": [8,8,8,8], "windData": [2,2,2,2] },
						"down": { "texture": "#fruit", "uv": [ 2.5, 12.0, 5.5, 15.0 ], "windMode": [8,8,8,8], "windData": [6,6,6,6] }
					},
					"children": [
						{
							"name": "Cube26",
							"from": [ 0.5, -0.5, 0.5 ],
							"to": [ 2.5, 4.5, 2.5 ],
							"renderPass": 0,
							"rotationOrigin": [ -2.5, -0.5, -7.5 ],
							"faces": {
								"north": { "texture": "#fruit", "uv": [ 1.5, 2.5, 3.5, 7.5 ], "windMode": [8,8,8,8], "windData": [7,1,1,7] },
								"east": { "texture": "#fruit", "uv": [ 11.5, 2.0, 13.5, 7.0 ], "windMode": [8,8,8,8], "windData": [7,1,1,7] },
								"south": { "texture": "#fruit", "uv": [ 5.5, 2.5, 7.5, 7.5 ], "windMode": [8,8,8,8], "windData": [7,7,1,1] },
								"west": { "texture": "#fruit", "uv": [ 8.5, 6.5, 10.5, 11.5 ], "windMode": [8,8,8,8], "windData": [7,7,1,1] },
								"up": { "texture": "#fruit", "uv": [ 7.5, 12.5, 9.5, 14.5 ], "windMode": [8,8,8,8], "windData": [1,1,1,1] },
								"down": { "texture": "#fruit", "uv": [ 12.5, 6.0, 14.5, 8.0 ], "windMode": [8,8,8,8], "windData": [7,7,7,7] }
							}
						}
					]
				},
				{
					"name": "fruit 28",
					"from": [ 3.0, -0.5, 14.5 ],
					"to": [ 6.0, 3.5, 17.5 ],
					"renderPass": 0,
					"rotationOrigin": [ 4.5, 0.5, 16.0 ],
					"faces": {
						"north": { "texture": "#fruit", "uv": [ 0.5, 7.0, 3.5, 11.0 ], "windMode": [8,8,8,8], "windData": [6,2,2,6] },
						"east": { "texture": "#fruit", "uv": [ 6.0, 9.5, 9.0, 13.5 ], "windMode": [8,8,8,8], "windData": [6,2,2,6] },
						"south": { "texture": "#fruit", "uv": [ 4.0, 3.5, 7.0, 7.5 ], "windMode": [8,8,8,8], "windData": [6,6,2,2] },
						"west": { "texture": "#fruit", "uv": [ 8.0, 1.5, 11.0, 5.5 ], "windMode": [8,8,8,8], "windData": [6,6,2,2] },
						"up": { "texture": "#fruit", "uv": [ 9.0, 9.0, 12.0, 12.0 ], "windMode": [8,8,8,8], "windData": [2,2,2,2] },
						"down": { "texture": "#fruit", "uv": [ 5.0, 2.5, 8.0, 5.5 ], "windMode": [8,8,8,8], "windData": [6,6,6,6] }
					},
					"children": [
						{
							"name": "Cube29",
							"from": [ 0.5, -0.5, 0.5 ],
							"to": [ 2.5, 4.5, 2.5 ],
							"renderPass": 0,
							"rotationOrigin": [ -2.5, -0.5, -7.5 ],
							"faces": {
								"north": { "texture": "#fruit", "uv": [ 9.5, 5.0, 11.5, 10.0 ], "windMode": [8,8,8,8], "windData": [7,1,1,7] },
								"east": { "texture": "#fruit", "uv": [ 0.0, 8.5, 2.0, 13.5 ], "windMode": [8,8,8,8], "windData": [7,1,1,7] },
								"south": { "texture": "#fruit", "uv": [ 4.0, 10.0, 6.0, 15.0 ], "windMode": [8,8,8,8], "windData": [7,7,1,1] },
								"west": { "texture": "#fruit", "uv": [ 1.0, 7.5, 3.0, 12.5 ], "windMode": [8,8,8,8], "windData": [7,7,1,1] },
								"up": { "texture": "#fruit", "uv": [ 9.5, 0.5, 11.5, 2.5 ], "windMode": [8,8,8,8], "windData": [1,1,1,1] },
								"down": { "texture": "#fruit", "uv": [ 13.0, 1.0, 15.0, 3.0 ], "windMode": [8,8,8,8], "windData": [7,7,7,7] }
							}
						}
					]
				},
				{
					"name": "fruit 30",
					"from": [ 10.0, 16.5, 15.0 ],
					"to": [ 13.0, 20.5, 18.0 ],
					"renderPass": 0,
					"rotationOrigin": [ 11.5, 17.5, 16.5 ],
					"rotationY": 22.5,
					"faces": {
						"north": { "texture": "#fruit", "uv": [ 11.0, 6.5, 14.0, 10.5 ], "windMode": [8,8,8,8], "windData": [6,2,2,6] },
						"east": { "texture": "#fruit", "uv": [ 3.0, 9.5, 6.0, 13.5 ], "windMode": [8,8,8,8], "windData": [6,2,2,6] },
						"south": { "texture": "#fruit", "uv": [ 3.0, 1.5, 6.0, 5.5 ], "windMode": [8,8,8,8], "windData": [6,6,2,2] },
						"west": { "texture": "#fruit", "uv": [ 11.0, 9.5, 14.0, 13.5 ], "windMode": [8,8,8,8], "windData": [6,6,2,2] },
						"up": { "texture": "#fruit", "uv": [ 12.0, 0.0, 15.0, 3.0 ], "windMode": [8,8,8,8], "windData": [2,2,2,2] },
						"down": { "texture": "#fruit", "uv": [ 3.0, 6.0, 6.0, 9.0 ], "windMode": [8,8,8,8], "windData": [6,6,6,6] }
					},
					"children": [
						{
							"name": "Cube31",
							"from": [ 0.5, -0.5, 0.5 ],
							"to": [ 2.5, 4.5, 2.5 ],
							"renderPass": 0,
							"rotationOrigin": [ -2.5, -0.5, -7.5 ],
							"faces": {
								"north": { "texture": "#fruit", "uv": [ 7.5, 6.5, 9.5, 11.5 ], "windMode": [8,8,8,8], "windData": [7,1,1,7] },
								"east": { "texture": "#fruit", "uv": [ 12.5, 10.0, 14.5, 15.0 ], "windMode": [8,8,8,8], "windData": [7,1,1,7] },
								"south": { "texture": "#fruit", "uv": [ 8.5, 10.0, 10.5, 15.0 ], "windMode": [8,8,8,8], "windData": [7,7,1,1] },
								"west": { "texture": "#fruit", "uv": [ 0.5, 5.0, 2.5, 10.0 ], "windMode": [8,8,8,8], "windData": [7,7,1,1] },
								"up": { "texture": "#fruit", "uv": [ 2.0, 0.5, 4.0, 2.5 ], "windMode": [8,8,8,8], "windData": [1,1,1,1] },
								"down": { "texture": "#fruit", "uv": [ 4.5, 2.5, 6.5, 4.5 ], "windMode": [8,8,8,8], "windData": [7,7,7,7] }
							}
						}
					]
				},
				{
					"name": "fruit 32",
					"from": [ 4.9, 8.5, 14.0 ],
					"to": [ 7.9, 12.5, 17.0 ],
					"renderPass": 0,
					"rotationOrigin": [ 6.4, 9.5, 15.5 ],
					"faces": {
						"north": { "texture": "#fruit", "uv": [ 0.5, 0.0, 3.5, 4.0 ], "windMode": [8,8,8,8], "windData": [6,2,2,6] },
						"east": { "texture": "#fruit", "uv": [ 6.5, 1.0, 9.5, 5.0 ], "windMode": [8,8,8,8], "windData": [6,2,2,6] },
						"south": { "texture": "#fruit", "uv": [ 11.5, 8.5, 14.5, 12.5 ], "windMode": [8,8,8,8], "windData": [6,6,2,2] },
						"west": { "texture": "#fruit", "uv": [ 2.0, 5.5, 5.0, 9.5 ], "windMode": [8,8,8,8], "windData": [6,6,2,2] },
						"up": { "texture": "#fruit", "uv": [ 12.0, 4.0, 15.0, 7.0 ], "windMode": [8,8,8,8], "windData": [2,2,2,2] },
						"down": { "texture": "#fruit", "uv": [ 1.0, 0.5, 4.0, 3.5 ], "windMode": [8,8,8,8], "windData": [6,6,6,6] }
					},
					"children": [
						{
							"name": "Cube33",
							"from": [ 0.5, -0.5, 0.5 ],
							"to": [ 2.5, 4.5, 2.5 ],
							"renderPass": 0,
							"rotationOrigin": [ -2.5, -0.5, -7.5 ],
							"faces": {
								"north": { "texture": "#fruit", "uv": [ 3.0, 4.5, 5.0, 9.5 ], "windMode": [8,8,8,8], "windData": [7,1,1,7] },
								"east": { "texture": "#fruit", "uv": [ 7.0, 8.5, 9.0, 13.5 ], "windMode": [8,8,8,8], "windData": [7,1,1,7] },
								"south": { "texture": "#fruit", "uv": [ 9.0, 5.0, 11.0, 10.0 ], "windMode": [8,8,8,8], "windData": [7,7,1,1] },
								"west": { "texture": "#fruit", "uv": [ 3.0, 0.5, 5.0, 5.5 ], "windMode": [8,8,8,8], "windData": [7,7,1,1] },
								"up": { "texture": "#fruit", "uv": [ 2.0, 7.5, 4.0, 9.5 ], "windMode": [8,8,8,8], "windData": [1,1,1,1] },
								"down": { "texture": "#fruit", "uv": [ 9.0, 4.5, 11.0, 6.5 ], "windMode": [8,8,8,8], "windData": [7,7,7,7] }
							}
						}
					]
				}
			]
		},
		{
			"name": "fruits-n",
			"stepParentName": "Cube2",
			"from": [ 0.0, 0.0, 0.0 ],
			"to": [ 1.0, 1.0, 1.0 ],
			"rotationOrigin": [ 8.0, 0.0, 8.0 ],
			"rotationY": -180.0,
			"faces": {
			},
			"children": [
				{
					"name": "fruit 35",
					"from": [ 2.8, 13.8, 15.0 ],
					"to": [ 5.8, 17.8, 18.0 ],
					"renderPass": 0,
					"rotationOrigin": [ 4.3, 14.8, 16.5 ],
					"rotationY": 22.5,
					"faces": {
						"north": { "texture": "#fruit", "uv": [ 12.5, 7.5, 15.5, 11.5 ], "windMode": [8,8,8,8], "windData": [6,2,2,6] },
						"east": { "texture": "#fruit", "uv": [ 10.0, 6.0, 13.0, 10.0 ], "windMode": [8,8,8,8], "windData": [6,2,2,6] },
						"south": { "texture": "#fruit", "uv": [ 0.5, 9.0, 3.5, 13.0 ], "windMode": [8,8,8,8], "windData": [6,6,2,2] },
						"west": { "texture": "#fruit", "uv": [ 0.0, 3.0, 3.0, 7.0 ], "windMode": [8,8,8,8], "windData": [6,6,2,2] },
						"up": { "texture": "#fruit", "uv": [ 1.0, 7.0, 4.0, 10.0 ], "windMode": [8,8,8,8], "windData": [2,2,2,2] },
						"down": { "texture": "#fruit", "uv": [ 11.5, 3.5, 14.5, 6.5 ], "windMode": [8,8,8,8], "windData": [6,6,6,6] }
					},
					"children": [
						{
							"name": "Cube36",
							"from": [ 0.5, -0.5, 0.5 ],
							"to": [ 2.5, 4.5, 2.5 ],
							"renderPass": 0,
							"rotationOrigin": [ -2.5, -0.5, -7.5 ],
							"faces": {
								"north": { "texture": "#fruit", "uv": [ 8.5, 4.0, 10.5, 9.0 ], "windMode": [8,8,8,8], "windData": [7,1,1,7] },
								"east": { "texture": "#fruit", "uv": [ 12.0, 4.5, 14.0, 9.5 ], "windMode": [8,8,8,8], "windData": [7,1,1,7] },
								"south": { "texture": "#fruit", "uv": [ 2.0, 3.0, 4.0, 8.0 ], "windMode": [8,8,8,8], "windData": [7,7,1,1] },
								"west": { "texture": "#fruit", "uv": [ 13.0, 0.5, 15.0, 5.5 ], "windMode": [8,8,8,8], "windData": [7,7,1,1] },
								"up": { "texture": "#fruit", "uv": [ 4.0, 13.5, 6.0, 15.5 ], "windMode": [8,8,8,8], "windData": [1,1,1,1] },
								"down": { "texture": "#fruit", "uv": [ 6.0, 7.0, 8.0, 9.0 ], "windMode": [8,8,8,8], "windData": [7,7,7,7] }
							}
						}
					]
				},
				{
					"name": "fruit 39",
					"from": [ 8.9, -0.4, 14.0 ],
					"to": [ 11.9, 3.6, 17.0 ],
					"renderPass": 0,
					"rotationOrigin": [ 10.4, 0.6, 15.5 ],
					"rotationY": -22.5,
					"faces": {
						"north": { "texture": "#fruit", "uv": [ 12.0, 11.5, 15.0, 15.5 ], "windMode": [8,8,8,8], "windData": [6,2,2,6] },
						"east": { "texture": "#fruit", "uv": [ 4.5, 10.0, 7.5, 14.0 ], "windMode": [8,8,8,8], "windData": [6,2,2,6] },
						"south": { "texture": "#fruit", "uv": [ 7.5, 9.5, 10.5, 13.5 ], "windMode": [8,8,8,8], "windData": [6,6,2,2] },
						"west": { "texture": "#fruit", "uv": [ 6.5, 11.0, 9.5, 15.0 ], "windMode": [8,8,8,8], "windData": [6,6,2,2] },
						"up": { "texture": "#fruit", "uv": [ 2.5, 4.5, 5.5, 7.5 ], "windMode": [8,8,8,8], "windData": [2,2,2,2] },
						"down": { "texture": "#fruit", "uv": [ 12.0, 0.5, 15.0, 3.5 ], "windMode": [8,8,8,8], "windData": [6,6,6,6] }
					},
					"children": [
						{
							"name": "Cube40",
							"from": [ 0.5, -0.5, 0.5 ],
							"to": [ 2.5, 4.5, 2.5 ],
							"renderPass": 0,
							"rotationOrigin": [ -2.5, -0.5, -7.5 ],
							"faces": {
								"north": { "texture": "#fruit", "uv": [ 1.0, 1.5, 3.0, 6.5 ], "windMode": [8,8,8,8], "windData": [7,1,1,7] },
								"east": { "texture": "#fruit", "uv": [ 5.5, 8.5, 7.5, 13.5 ], "windMode": [8,8,8,8], "windData": [7,1,1,7] },
								"south": { "texture": "#fruit", "uv": [ 10.0, 1.5, 12.0, 6.5 ], "windMode": [8,8,8,8], "windData": [7,7,1,1] },
								"west": { "texture": "#fruit", "uv": [ 6.0, 7.0, 8.0, 12.0 ], "windMode": [8,8,8,8], "windData": [7,7,1,1] },
								"up": { "texture": "#fruit", "uv": [ 4.0, 0.0, 6.0, 2.0 ], "windMode": [8,8,8,8], "windData": [1,1,1,1] },
								"down": { "texture": "#fruit", "uv": [ 9.5, 13.0, 11.5, 15.0 ], "windMode": [8,8,8,8], "windData": [7,7,7,7] }
							}
						}
					]
				},
				{
					"name": "fruit 43",
					"from": [ 3.5, -2.5, 14.0 ],
					"to": [ 6.5, 1.5, 17.0 ],
					"renderPass": 0,
					"rotationOrigin": [ 5.0, -1.5, 15.5 ],
					"faces": {
						"north": { "texture": "#fruit", "uv": [ 10.0, 6.0, 13.0, 10.0 ], "windMode": [8,8,8,8], "windData": [6,2,2,6] },
						"east": { "texture": "#fruit", "uv": [ 0.0, 1.5, 3.0, 5.5 ], "windMode": [8,8,8,8], "windData": [6,2,2,6] },
						"south": { "texture": "#fruit", "uv": [ 8.5, 3.5, 11.5, 7.5 ], "windMode": [8,8,8,8], "windData": [6,6,2,2] },
						"west": { "texture": "#fruit", "uv": [ 1.0, 6.0, 4.0, 10.0 ], "windMode": [8,8,8,8], "windData": [6,6,2,2] },
						"up": { "texture": "#fruit", "uv": [ 8.0, 5.5, 11.0, 8.5 ], "windMode": [8,8,8,8], "windData": [2,2,2,2] },
						"down": { "texture": "#fruit", "uv": [ 4.5, 9.0, 7.5, 12.0 ], "windMode": [8,8,8,8], "windData": [6,6,6,6] }
					},
					"children": [
						{
							"name": "Cube44",
							"from": [ 0.5, -0.5, 0.5 ],
							"to": [ 2.5, 4.5, 2.5 ],
							"renderPass": 0,
							"rotationOrigin": [ -2.5, -0.5, -7.5 ],
							"faces": {
								"north": { "texture": "#fruit", "uv": [ 9.5, 5.0, 11.5, 10.0 ], "windMode": [8,8,8,8], "windData": [7,1,1,7] },
								"east": { "texture": "#fruit", "uv": [ 5.0, 8.0, 7.0, 13.0 ], "windMode": [8,8,8,8], "windData": [7,1,1,7] },
								"south": { "texture": "#fruit", "uv": [ 6.0, 8.5, 8.0, 13.5 ], "windMode": [8,8,8,8], "windData": [7,7,1,1] },
								"west": { "texture": "#fruit", "uv": [ 9.0, 10.5, 11.0, 15.5 ], "windMode": [8,8,8,8], "windData": [7,7,1,1] },
								"up": { "texture": "#fruit", "uv": [ 3.0, 2.5, 5.0, 4.5 ], "windMode": [8,8,8,8], "windData": [1,1,1,1] },
								"down": { "texture": "#fruit", "uv": [ 3.0, 11.0, 5.0, 13.0 ], "windMode": [8,8,8,8], "windData": [7,7,7,7] }
							}
						}
					]
				},
				{
					"name": "fruit 45",
					"from": [ 10.0, 15.5, 15.0 ],
					"to": [ 13.0, 19.5, 18.0 ],
					"renderPass": 0,
					"rotationOrigin": [ 11.5, 16.5, 16.5 ],
					"rotationY": 22.5,
					"faces": {
						"north": { "texture": "#fruit", "uv": [ 5.5, 2.0, 8.5, 6.0 ], "windMode": [8,8,8,8], "windData": [6,2,2,6] },
						"east": { "texture": "#fruit", "uv": [ 1.5, 2.0, 4.5, 6.0 ], "windMode": [8,8,8,8], "windData": [6,2,2,6] },
						"south": { "texture": "#fruit", "uv": [ 1.0, 6.0, 4.0, 10.0 ], "windMode": [8,8,8,8], "windData": [6,6,2,2] },
						"west": { "texture": "#fruit", "uv": [ 10.5, 9.0, 13.5, 13.0 ], "windMode": [8,8,8,8], "windData": [6,6,2,2] },
						"up": { "texture": "#fruit", "uv": [ 0.0, 1.5, 3.0, 4.5 ], "windMode": [8,8,8,8], "windData": [2,2,2,2] },
						"down": { "texture": "#fruit", "uv": [ 1.0, 6.0, 4.0, 9.0 ], "windMode": [8,8,8,8], "windData": [6,6,6,6] }
					},
					"children": [
						{
							"name": "Cube46",
							"from": [ 0.5, -0.5, 0.5 ],
							"to": [ 2.5, 4.5, 2.5 ],
							"renderPass": 0,
							"rotationOrigin": [ -2.5, -0.5, -7.5 ],
							"faces": {
								"north": { "texture": "#fruit", "uv": [ 0.5, 8.5, 2.5, 13.5 ], "windMode": [8,8,8,8], "windData": [7,1,1,7] },
								"east": { "texture": "#fruit", "uv": [ 5.5, 7.5, 7.5, 12.5 ], "windMode": [8,8,8,8], "windData": [7,1,1,7] },
								"south": { "texture": "#fruit", "uv": [ 3.0, 10.0, 5.0, 15.0 ], "windMode": [8,8,8,8], "windData": [7,7,1,1] },
								"west": { "texture": "#fruit", "uv": [ 6.0, 9.0, 8.0, 14.0 ], "windMode": [8,8,8,8], "windData": [7,7,1,1] },
								"up": { "texture": "#fruit", "uv": [ 8.0, 3.0, 10.0, 5.0 ], "windMode": [8,8,8,8], "windData": [1,1,1,1] },
								"down": { "texture": "#fruit", "uv": [ 6.5, 11.5, 8.5, 13.5 ], "windMode": [8,8,8,8], "windData": [7,7,7,7] }
							}
						}
					]
				},
				{
					"name": "fruit 47",
					"from": [ 4.9, 7.5, 15.0 ],
					"to": [ 7.9, 11.5, 18.0 ],
					"renderPass": 0,
					"rotationOrigin": [ 6.4, 8.5, 16.5 ],
					"faces": {
						"north": { "texture": "#fruit", "uv": [ 11.0, 2.0, 14.0, 6.0 ], "windMode": [8,8,8,8], "windData": [6,2,2,6] },
						"east": { "texture": "#fruit", "uv": [ 7.5, 9.5, 10.5, 13.5 ], "windMode": [8,8,8,8], "windData": [6,2,2,6] },
						"south": { "texture": "#fruit", "uv": [ 8.5, 5.0, 11.5, 9.0 ], "windMode": [8,8,8,8], "windData": [6,6,2,2] },
						"west": { "texture": "#fruit", "uv": [ 9.5, 10.0, 12.5, 14.0 ], "windMode": [8,8,8,8], "windData": [6,6,2,2] },
						"up": { "texture": "#fruit", "uv": [ 8.0, 6.5, 11.0, 9.5 ], "windMode": [8,8,8,8], "windData": [2,2,2,2] },
						"down": { "texture": "#fruit", "uv": [ 1.0, 10.0, 4.0, 13.0 ], "windMode": [8,8,8,8], "windData": [6,6,6,6] }
					},
					"children": [
						{
							"name": "Cube48",
							"from": [ 0.5, -0.5, 0.5 ],
							"to": [ 2.5, 4.5, 2.5 ],
							"renderPass": 0,
							"rotationOrigin": [ -2.5, -0.5, -7.5 ],
							"faces": {
								"north": { "texture": "#fruit", "uv": [ 1.5, 8.0, 3.5, 13.0 ], "windMode": [8,8,8,8], "windData": [7,1,1,7] },
								"east": { "texture": "#fruit", "uv": [ 5.0, 10.0, 7.0, 15.0 ], "windMode": [8,8,8,8], "windData": [7,1,1,7] },
								"south": { "texture": "#fruit", "uv": [ 10.5, 10.0, 12.5, 15.0 ], "windMode": [8,8,8,8], "windData": [7,7,1,1] },
								"west": { "texture": "#fruit", "uv": [ 6.0, 8.5, 8.0, 13.5 ], "windMode": [8,8,8,8], "windData": [7,7,1,1] },
								"up": { "texture": "#fruit", "uv": [ 9.0, 5.5, 11.0, 7.5 ], "windMode": [8,8,8,8], "windData": [1,1,1,1] },
								"down": { "texture": "#fruit", "uv": [ 3.5, 3.5, 5.5, 5.5 ], "windMode": [8,8,8,8], "windData": [7,7,7,7] }
							}
						}
					]
				}
			]
		},
		{
			"name": "fruits-e",
			"stepParentName": "Cube2",
			"from": [ 0.0, 0.0, 0.0 ],
			"to": [ 1.0, 1.0, 1.0 ],
			"rotationOrigin": [ 8.0, 0.0, 8.0 ],
			"rotationY": 90.0,
			"faces": {
			},
			"children": [
				{
					"name": "fruit 50",
					"from": [ 2.8, 13.8, 14.0 ],
					"to": [ 5.8, 17.8, 17.0 ],
					"renderPass": 0,
					"rotationOrigin": [ 4.3, 14.8, 15.5 ],
					"rotationY": 22.5,
					"faces": {
						"north": { "texture": "#fruit", "uv": [ 10.5, 1.0, 13.5, 5.0 ], "windMode": [8,8,8,8], "windData": [6,2,2,6] },
						"east": { "texture": "#fruit", "uv": [ 11.0, 6.5, 14.0, 10.5 ], "windMode": [8,8,8,8], "windData": [6,2,2,6] },
						"south": { "texture": "#fruit", "uv": [ 4.0, 1.5, 7.0, 5.5 ], "windMode": [8,8,8,8], "windData": [6,6,2,2] },
						"west": { "texture": "#fruit", "uv": [ 2.5, 8.5, 5.5, 12.5 ], "windMode": [8,8,8,8], "windData": [6,6,2,2] },
						"up": { "texture": "#fruit", "uv": [ 4.5, 8.5, 7.5, 11.5 ], "windMode": [8,8,8,8], "windData": [2,2,2,2] },
						"down": { "texture": "#fruit", "uv": [ 1.0, 9.0, 4.0, 12.0 ], "windMode": [8,8,8,8], "windData": [6,6,6,6] }
					},
					"children": [
						{
							"name": "Cube51",
							"from": [ 0.5, -0.5, 0.5 ],
							"to": [ 2.5, 4.5, 2.5 ],
							"renderPass": 0,
							"rotationOrigin": [ -2.5, -0.5, -7.5 ],
							"faces": {
								"north": { "texture": "#fruit", "uv": [ 4.0, 1.5, 6.0, 6.5 ], "windMode": [8,8,8,8], "windData": [7,1,1,7] },
								"east": { "texture": "#fruit", "uv": [ 11.0, 10.5, 13.0, 15.5 ], "windMode": [8,8,8,8], "windData": [7,1,1,7] },
								"south": { "texture": "#fruit", "uv": [ 13.0, 10.0, 15.0, 15.0 ], "windMode": [8,8,8,8], "windData": [7,7,1,1] },
								"west": { "texture": "#fruit", "uv": [ 8.0, 1.0, 10.0, 6.0 ], "windMode": [8,8,8,8], "windData": [7,7,1,1] },
								"up": { "texture": "#fruit", "uv": [ 3.0, 13.5, 5.0, 15.5 ], "windMode": [8,8,8,8], "windData": [1,1,1,1] },
								"down": { "texture": "#fruit", "uv": [ 7.5, 11.0, 9.5, 13.0 ], "windMode": [8,8,8,8], "windData": [7,7,7,7] }
							}
						}
					]
				},
				{
					"name": "fruit 54",
					"from": [ 10.6, -2.4, 15.0 ],
					"to": [ 13.6, 1.6, 18.0 ],
					"renderPass": 0,
					"rotationOrigin": [ 12.1, -1.4, 16.5 ],
					"rotationY": -22.5,
					"faces": {
						"north": { "texture": "#fruit", "uv": [ 7.0, 9.0, 10.0, 13.0 ], "windMode": [8,8,8,8], "windData": [6,2,2,6] },
						"east": { "texture": "#fruit", "uv": [ 12.0, 6.5, 15.0, 10.5 ], "windMode": [8,8,8,8], "windData": [6,2,2,6] },
						"south": { "texture": "#fruit", "uv": [ 9.0, 11.0, 12.0, 15.0 ], "windMode": [8,8,8,8], "windData": [6,6,2,2] },
						"west": { "texture": "#fruit", "uv": [ 5.0, 8.5, 8.0, 12.5 ], "windMode": [8,8,8,8], "windData": [6,6,2,2] },
						"up": { "texture": "#fruit", "uv": [ 0.0, 5.5, 3.0, 8.5 ], "windMode": [8,8,8,8], "windData": [2,2,2,2] },
						"down": { "texture": "#fruit", "uv": [ 10.0, 12.5, 13.0, 15.5 ], "windMode": [8,8,8,8], "windData": [6,6,6,6] }
					},
					"children": [
						{
							"name": "Cube55",
							"from": [ 0.5, -0.5, 0.5 ],
							"to": [ 2.5, 4.5, 2.5 ],
							"renderPass": 0,
							"rotationOrigin": [ -2.5, -0.5, -7.5 ],
							"faces": {
								"north": { "texture": "#fruit", "uv": [ 3.5, 6.5, 5.5, 11.5 ], "windMode": [8,8,8,8], "windData": [7,1,1,7] },
								"east": { "texture": "#fruit", "uv": [ 9.0, 0.0, 11.0, 5.0 ], "windMode": [8,8,8,8], "windData": [7,1,1,7] },
								"south": { "texture": "#fruit", "uv": [ 0.5, 3.5, 2.5, 8.5 ], "windMode": [8,8,8,8], "windData": [7,7,1,1] },
								"west": { "texture": "#fruit", "uv": [ 1.5, 5.5, 3.5, 10.5 ], "windMode": [8,8,8,8], "windData": [7,7,1,1] },
								"up": { "texture": "#fruit", "uv": [ 12.0, 3.0, 14.0, 5.0 ], "windMode": [8,8,8,8], "windData": [1,1,1,1] },
								"down": { "texture": "#fruit", "uv": [ 13.0, 5.5, 15.0, 7.5 ], "windMode": [8,8,8,8], "windData": [7,7,7,7] }
							}
						}
					]
				},
				{
					"name": "fruit 58",
					"from": [ 3.0, -2.5, 14.9 ],
					"to": [ 6.0, 1.5, 17.9 ],
					"renderPass": 0,
					"rotationOrigin": [ 4.5, -1.5, 16.4 ],
					"faces": {
						"north": { "texture": "#fruit", "uv": [ 3.5, 1.5, 6.5, 5.5 ], "windMode": [8,8,8,8], "windData": [6,2,2,6] },
						"east": { "texture": "#fruit", "uv": [ 7.0, 2.0, 10.0, 6.0 ], "windMode": [8,8,8,8], "windData": [6,2,2,6] },
						"south": { "texture": "#fruit", "uv": [ 11.0, 3.0, 14.0, 7.0 ], "windMode": [8,8,8,8], "windData": [6,6,2,2] },
						"west": { "texture": "#fruit", "uv": [ 7.5, 9.0, 10.5, 13.0 ], "windMode": [8,8,8,8], "windData": [6,6,2,2] },
						"up": { "texture": "#fruit", "uv": [ 8.5, 11.5, 11.5, 14.5 ], "windMode": [8,8,8,8], "windData": [2,2,2,2] },
						"down": { "texture": "#fruit", "uv": [ 5.5, 8.5, 8.5, 11.5 ], "windMode": [8,8,8,8], "windData": [6,6,6,6] }
					},
					"children": [
						{
							"name": "Cube59",
							"from": [ 0.5, -0.5, 0.5 ],
							"to": [ 2.5, 4.5, 2.5 ],
							"renderPass": 0,
							"rotationOrigin": [ -2.5, -0.5, -7.5 ],
							"faces": {
								"north": { "texture": "#fruit", "uv": [ 10.0, 7.0, 12.0, 12.0 ], "windMode": [8,8,8,8], "windData": [7,1,1,7] },
								"east": { "texture": "#fruit", "uv": [ 11.5, 8.0, 13.5, 13.0 ], "windMode": [8,8,8,8], "windData": [7,1,1,7] },
								"south": { "texture": "#fruit", "uv": [ 2.5, 6.0, 4.5, 11.0 ], "windMode": [8,8,8,8], "windData": [7,7,1,1] },
								"west": { "texture": "#fruit", "uv": [ 5.5, 2.0, 7.5, 7.0 ], "windMode": [8,8,8,8], "windData": [7,7,1,1] },
								"up": { "texture": "#fruit", "uv": [ 11.0, 11.5, 13.0, 13.5 ], "windMode": [8,8,8,8], "windData": [1,1,1,1] },
								"down": { "texture": "#fruit", "uv": [ 9.0, 0.0, 11.0, 2.0 ], "windMode": [8,8,8,8], "windData": [7,7,7,7] }
							}
						}
					]
				},
				{
					"name": "fruit 60",
					"from": [ 10.0, 13.5, 15.0 ],
					"to": [ 13.0, 17.5, 18.0 ],
					"renderPass": 0,
					"rotationOrigin": [ 11.5, 14.5, 16.5 ],
					"rotationY": 22.5,
					"faces": {
						"north": { "texture": "#fruit", "uv": [ 5.5, 10.0, 8.5, 14.0 ], "windMode": [8,8,8,8], "windData": [6,2,2,6] },
						"east": { "texture": "#fruit", "uv": [ 1.0, 1.0, 4.0, 5.0 ], "windMode": [8,8,8,8], "windData": [6,2,2,6] },
						"south": { "texture": "#fruit", "uv": [ 10.0, 3.0, 13.0, 7.0 ], "windMode": [8,8,8,8], "windData": [6,6,2,2] },
						"west": { "texture": "#fruit", "uv": [ 5.5, 9.5, 8.5, 13.5 ], "windMode": [8,8,8,8], "windData": [6,6,2,2] },
						"up": { "texture": "#fruit", "uv": [ 8.0, 6.0, 11.0, 9.0 ], "windMode": [8,8,8,8], "windData": [2,2,2,2] },
						"down": { "texture": "#fruit", "uv": [ 0.0, 7.5, 3.0, 10.5 ], "windMode": [8,8,8,8], "windData": [6,6,6,6] }
					},
					"children": [
						{
							"name": "Cube61",
							"from": [ 0.5, -0.5, 0.5 ],
							"to": [ 2.5, 4.5, 2.5 ],
							"renderPass": 0,
							"rotationOrigin": [ -2.5, -0.5, -7.5 ],
							"faces": {
								"north": { "texture": "#fruit", "uv": [ 12.0, 6.0, 14.0, 11.0 ], "windMode": [8,8,8,8], "windData": [7,1,1,7] },
								"east": { "texture": "#fruit", "uv": [ 2.5, 7.5, 4.5, 12.5 ], "windMode": [8,8,8,8], "windData": [7,1,1,7] },
								"south": { "texture": "#fruit", "uv": [ 10.0, 8.5, 12.0, 13.5 ], "windMode": [8,8,8,8], "windData": [7,7,1,1] },
								"west": { "texture": "#fruit", "uv": [ 12.0, 5.5, 14.0, 10.5 ], "windMode": [8,8,8,8], "windData": [7,7,1,1] },
								"up": { "texture": "#fruit", "uv": [ 1.5, 3.0, 3.5, 5.0 ], "windMode": [8,8,8,8], "windData": [1,1,1,1] },
								"down": { "texture": "#fruit", "uv": [ 12.5, 5.0, 14.5, 7.0 ], "windMode": [8,8,8,8], "windData": [7,7,7,7] }
							}
						}
					]
				},
				{
					"name": "fruit 62",
					"from": [ 4.9, 7.5, 15.0 ],
					"to": [ 7.9, 11.5, 18.0 ],
					"renderPass": 0,
					"rotationOrigin": [ 6.4, 8.5, 16.5 ],
					"faces": {
						"north": { "texture": "#fruit", "uv": [ 10.5, 1.0, 13.5, 5.0 ], "windMode": [8,8,8,8], "windData": [6,2,2,6] },
						"east": { "texture": "#fruit", "uv": [ 0.5, 0.0, 3.5, 4.0 ], "windMode": [8,8,8,8], "windData": [6,2,2,6] },
						"south": { "texture": "#fruit", "uv": [ 3.5, 3.5, 6.5, 7.5 ], "windMode": [8,8,8,8], "windData": [6,6,2,2] },
						"west": { "texture": "#fruit", "uv": [ 5.5, 1.5, 8.5, 5.5 ], "windMode": [8,8,8,8], "windData": [6,6,2,2] },
						"up": { "texture": "#fruit", "uv": [ 4.0, 5.5, 7.0, 8.5 ], "windMode": [8,8,8,8], "windData": [2,2,2,2] },
						"down": { "texture": "#fruit", "uv": [ 0.0, 8.0, 3.0, 11.0 ], "windMode": [8,8,8,8], "windData": [6,6,6,6] }
					},
					"children": [
						{
							"name": "Cube63",
							"from": [ 0.5, -0.5, 0.5 ],
							"to": [ 2.5, 4.5, 2.5 ],
							"renderPass": 0,
							"rotationOrigin": [ -2.5, -0.5, -7.5 ],
							"faces": {
								"north": { "texture": "#fruit", "uv": [ 11.0, 8.0, 13.0, 13.0 ], "windMode": [8,8,8,8], "windData": [7,1,1,7] },
								"east": { "texture": "#fruit", "uv": [ 10.0, 2.5, 12.0, 7.5 ], "windMode": [8,8,8,8], "windData": [7,1,1,7] },
								"south": { "texture": "#fruit", "uv": [ 12.0, 6.0, 14.0, 11.0 ], "windMode": [8,8,8,8], "windData": [7,7,1,1] },
								"west": { "texture": "#fruit", "uv": [ 1.5, 10.5, 3.5, 15.5 ], "windMode": [8,8,8,8], "windData": [7,7,1,1] },
								"up": { "texture": "#fruit", "uv": [ 11.0, 9.0, 13.0, 11.0 ], "windMode": [8,8,8,8], "windData": [1,1,1,1] },
								"down": { "texture": "#fruit", "uv": [ 4.0, 3.5, 6.0, 5.5 ], "windMode": [8,8,8,8], "windData": [7,7,7,7] }
							}
						}
					]
				}
			]
		}
	]}