﻿{
  "code": "ramrod",
  "class": "Item",
  "variantgroups": [
    {"code": "weapon", "states": ["pistol", "arquebus", "carbine", "musket"]},
    {"code": "metal", "states": ["tinbronze", "bismuthbronze", "blackbronze", "iron", "meteoriciron", "steel"]}
  ],
  "allowedVariants": ["*-pistol-*bronze", "*-arquebus-*iron", "*-carbine-steel", "*-musket-steel", "*-pistol-steel"],
  "shape": {"base": "maltiezfirearms:parts/ramrod-{weapon}"},
  "textures": {"metal": {"base": "game:block/metal/plate/{metal}"}},
  "attributes": {
    "groundStorageTransformByType": {
      "*-pistol-*": {"translation": {"x": 0.1, "y": 0.04, "z": 0.4}, "rotation": {"x": 1, "y": -110, "z": 169}, "origin": {"x": 0, "y": 0, "z": 0}, "scale": 0.8},
      "*-arquebus-*": {"translation": {"x": 0.5, "y": 0.1, "z": 0.8}, "rotation": {"x": 99, "y": 0, "z": 0}, "origin": {"x": 0, "y": 0, "z": 0}, "scale": 0.8},
      "*-carbine-*": {"translation": {"x": 0.5, "y": -0.1, "z": 0.82}, "rotation": {"x": 98, "y": 0, "z": 0}, "origin": {"x": 0, "y": 0, "z": 0}, "scale": 0.8},
      "*-musket-*": {"translation": {"x": 0.5, "y": -0.2, "z": 0.72}, "rotation": {"x": 99, "y": 0, "z": 0}, "origin": {"x": 0, "y": 0, "z": 0}, "scale": 0.8}
    },
    "handbook": {"groupBy": ["ramrod-{weapon}-*"]}
  },
  "behaviors": [
    {
      "name": "GroundStorable",
      "properties": {
        "layoutByType": {"*-pistol": "Quadrants", "*": "WallHalves"},
        "wallOffY": 2,
        "sprintKey": true,
        "selectionBox": {"x1": 0, "y1": 0, "z1": 0, "x2": 1, "y2": 0.1, "z2": 1},
        "collisionBox": {"x1": 0, "y1": 0, "z1": 0, "x2": 0, "y2": 0, "z2": 0}
      }
    }
  ],
  "creativeinventory": {"general": ["*"], "maltiezfirearms": ["*"]},
  "guiTransformByType": {
    "*-pistol-*": {"translation": {"x": 0, "y": 0, "z": 0}, "rotation": {"x": -19, "y": -19, "z": 0}, "origin": {"x": -0.14, "y": 0.15, "z": -0.9}, "scale": 6},
    "*-arquebus-*": {"translation": {"x": 0, "y": 0, "z": 0}, "rotation": {"x": -10, "y": -10, "z": 0}, "origin": {"x": -0.15, "y": 0.21, "z": -1.3}, "scale": 6},
    "*-carbine-*": {"translation": {"x": 0, "y": 0, "z": 0}, "rotation": {"x": -6, "y": -6, "z": 0}, "origin": {"x": -0.12, "y": 0.1, "z": -2}, "scale": 6},
    "*-musket-*": {"translation": {"x": 0, "y": 0, "z": 0}, "rotation": {"x": -6, "y": -6, "z": 0}, "origin": {"x": -0.17, "y": 0.14, "z": -2.7}, "scale": 6}
  },
  "fpHandTransform": {"translation": {"x": 0.6, "y": 0.2, "z": 0.3}, "rotation": {"x": 82, "y": -4, "z": 161}, "origin": {"x": 0, "y": 0, "z": 0}, "scale": 3.43},
  "tpHandTransform": {"translation": {"x": 1, "y": 0, "z": 0}, "rotation": {"x": 0, "y": -91, "z": 0}, "origin": {"x": 0, "y": 0, "z": 0}, "scale": 1},
  "groundTransform": {"translation": {"x": 0, "y": 0.06, "z": 0}, "rotation": {"x": -2, "y": 0, "z": 3}, "origin": {"x": 0, "y": 0, "z": 0}, "scale": 4.8}
}