[
	{
		"op": "addmerge",
		"path": "/behaviors/0/properties/placeRemoveSound",
		"value": "sounds/block/sand",
		"file": "game:itemtypes/resource/crushed/blastingpowder",
		"side": "Server"
	},
	{
		"op": "addmerge",
		"path": "/behaviors/0/properties/placeRemoveSound",
		"value": "sounds/block/sand",
		"file": "game:itemtypes/resource/crushed/powder",
		"side": "Server"
	},
	{
		"op": "addmerge",
		"path": "/behaviors/0/properties/placeRemoveSound",
		"value": "sounds/block/sand",
		"file": "game:itemtypes/resource/crushed/powder-graded",
		"side": "Server"
	},

	{
		"op": "addmerge",
		"path": "/sounds",
		"path": "/behaviors/0/properties/placeRemoveSound",
		"value": "sounds/block/sand",
		"file": "game:itemtypes/food/grain",
		"side": "Server"
	},
	{
		"op": "addmerge",
		"path": "/sounds",
		"path": "/behaviors/0/properties/placeRemoveSound",
		"value": "sounds/block/sand",
		"file": "game:itemtypes/food/flour",
		"side": "Server"
	},

	{
		"op": "addmerge",
		"path": "/sounds",
		"path": "/behaviors/0/properties/placeRemoveSound",
		"value": "sounds/block/loosestick",
		"file": "game:itemtypes/resource/stick",
		"side": "Server"
	},
	{
		"op": "addmerge",
		"path": "/sounds",
		"path": "/behaviors/0/properties/placeRemoveSound",
		"value": "sounds/block/loosestick",
		"file": "game:itemtypes/resource/bamboostakes",
		"side": "Server"
	},
	{
		"op": "addmerge",
		"path": "/sounds",
		"path": "/behaviors/0/properties/placeRemoveSound",
		"value": "sounds/block/charcoal",
		"file": "game:itemtypes/resource/bone",
		"side": "Server"
	},


	{
		"op": "addmerge",
		"path": "/sounds",
		"path": "/behaviors/0/properties/placeRemoveSound",
		"value": "sounds/block/ingot",
		"file": "game:itemtypes/part/rod",
		"side": "Server"
	},
	{
		"op": "addmerge",
		"path": "/behaviors/0/properties/placeRemoveSound",
		"value": "sounds/wearable/chain*",
		"file": "game:itemtypes/resource/metalchain",
		"side": "Server"
	},
	{
		"op": "addmerge",
		"path": "/behaviors/0/properties/placeRemoveSound",
		"value": "sounds/player/coin*",
		"file": "game:itemtypes/resource/metallamellae",
		"side": "Server"
	},
	{
		"op": "addmerge",
		"path": "/behaviors/0/properties/placeRemoveSound",
		"value": "sounds/player/coin*",
		"file": "game:itemtypes/resource/metalscale",
		"side": "Server"
	},
	{
		"op": "addmerge",
		"path": "/behaviors/0/properties/placeRemoveSound",
		"value": "sounds/player/coin*",
		"file": "game:itemtypes/resource/metalbit",
		"side": "Server"
	},
	{
		"op": "addmerge",
		"path": "/sounds",
		"value": {
			"place": "wearable/plate*",
			"break": "wearable/plate*",
			"hit": "wearable/plate*"
		},
		"file": "game:blocktypes/metal/metalpartsandscraps",
		"side": "Server"
	},
	{
		"op": "addmerge",
		"path": "/behaviors/0/properties/placeRemoveSound",
		"value": "sounds/wearable/plate*",
		"file": "game:blocktypes/metal/metalpartsandscraps",
		"side": "Server"
	},
	{
		"op": "addmerge",
		"path": "/behaviors/0/properties/placeRemoveSound",
		"value": "sounds/player/coin*",
		"file": "game:itemtypes/resource/metalnailsandstrips",
		"side": "Server"
	},
	{
		"op": "addmerge",
		"path": "/sounds",
		"path": "/behaviors/0/properties/placeRemoveSound",
		"value": "sounds/player/coin*",
		"file": "game:itemtypes/resource/solderbar",
		"side": "Server"
	},
	{
		"op": "addmerge",
		"path": "/sounds",
		"path": "/behaviors/0/properties/placeRemoveSound",
		"value": "sounds/player/coin*",
		"file": "game:itemtypes/resource/gem-rough",
		"side": "Server"
	},
	{
		"op": "addmerge",
		"path": "/behaviors/0/properties/placeRemoveSound",
		"value": "sounds/block/meteoriciron-hit-pickaxe*",
		"file": "game:itemtypes/resource/ironbloom",
		"side": "Server"
	},
	{
		"op": "addmerge",
		"path": "/behaviors/0/properties/placeRemoveSound",
		"value": "sounds/block/chute",
		"file": "game:itemtypes/resource/chutesection",
		"side": "Server"
	},
	{
		"op": "addmerge",
		"path": "/behaviors/0/properties/placeRemoveSound",
		"value": "sounds/block/hopperopen",
		"file": "game:itemtypes/part/hoop",
		"side": "Server"
	},
	{
		"op": "addmerge",
		"path": "/behaviors/0/properties/placeRemoveSound",
		"value": "sounds/block/plate",
		"file": "game:itemtypes/part/boss",
		"side": "Server"
	},
	{
		"op": "addmerge",
		"path": "/behaviors/0/properties/placeRemoveSound",
		"value": "sounds/effect/crusher-impact*",
		"file": "game:itemtypes/part/helvehammerhead",
		"side": "Server"
	},
	{
		"op": "addmerge",
		"path": "/behaviors/0/properties/placeRemoveSound",
		"value": "sounds/effect/crusher-impact*",
		"file": "game:itemtypes/part/poundercap",
		"side": "Server"
	},
	{
		"op": "addmerge",
		"path": "/behaviors/0/properties/placeRemoveSound",
		"value": "sounds/block/loosestone",
		"file": "game:itemtypes/resource/nugget",
		"side": "Server"
	},
	{
		"op": "addmerge",
		"path": "/behaviors/0/properties/placeRemoveSound",
		"value": "sounds/block/loosestone",
		"file": "game:itemtypes/food/egg",
		"side": "Server"
	},


	{
		"op": "addmerge",
		"path": "/behaviors/0/properties/placeRemoveSound",
		"value": "sounds/held/bookclose*",
		"file": "game:itemtypes/lore/book",
		"side": "Server"
	},
	{
		"op": "addmerge",
		"path": "/behaviors/0/properties/placeRemoveSound",
		"value": "sounds/held/bookturn*",
		"file": "game:itemtypes/lore/envelope",
		"side": "Server"
	},
	{
		"op": "addmerge",
		"path": "/behaviors/0/properties/placeRemoveSound",
		"value": "sounds/held/bookturn*",
		"file": "game:itemtypes/lore/letter",
		"side": "Server"
	},
	{
		"op": "addmerge",
		"path": "/behaviors/0/properties/placeRemoveSound",
		"value": "sounds/held/bookturn*",
		"file": "game:itemtypes/lore/lore",
		"side": "Server"
	},
	{
		"op": "addmerge",
		"path": "/behaviors/0/properties/placeRemoveSound",
		"value": "sounds/held/bookturn*",
		"file": "game:itemtypes/lore/paper",
		"side": "Server"
	},
	{
		"op": "addmerge",
		"path": "/behaviors/0/properties/placeRemoveSound",
		"value": "sounds/held/bookturn*",
		"file": "game:itemtypes/utility/schematic",
		"side": "Server"
	},


	{
		"op": "addmerge",
		"path": "/behaviors/0/properties/placeRemoveSound",
		"value": "sounds/block/leather",
		"file": "game:itemtypes/resource/flaxfibers",
		"side": "Server"
	},
	{
		"op": "addmerge",
		"path": "/behaviors/0/properties/placeRemoveSound",
		"value": "sounds/block/leather",
		"file": "game:itemtypes/resource/flaxtwine",
		"side": "Server"
	},
	{
		"op": "addmerge",
		"path": "/behaviors/0/properties/placeRemoveSound",
		"value": "sounds/block/leather",
		"file": "game:itemtypes/resource/cloth",
		"side": "Server"
	},
	{
		"op": "addmerge",
		"path": "/behaviors/0/properties/placeRemoveSound",
		"value": "sounds/block/leather",
		"file": "game:itemtypes/resource/rope",
		"side": "Server"
	},
	{
		"op": "addmerge",
		"path": "/behaviors/0/properties/placeRemoveSound",
		"value": "sounds/block/leather",
		"file": "game:itemtypes/wearable/ratlines",
		"side": "Server"
	},
	{
		"op": "addmerge",
		"path": "/behaviors/0/properties/placeRemoveSound",
		"value": "sounds/block/leather",
		"file": "game:itemtypes/resource/leather",
		"side": "Server"
	},
	{
		"op": "addmerge",
		"path": "/behaviors/0/properties/placeRemoveSound",
		"value": "sounds/block/leather",
		"file": "game:itemtypes/resource/hide",
		"side": "Server"
	},
	{
		"op": "addmerge",
		"path": "/behaviors/0/properties/placeRemoveSound",
		"value": "sounds/block/leather",
		"file": "game:itemtypes/resource/hide-species",
		"side": "Server"
	},

	{
		"op": "addmerge",
		"path": "/behaviors/0/properties/placeRemoveSound",
		"value": "sounds/effect/squish1",
		"file": "game:itemtypes/resource/fat",
		"side": "Server"
	},
	{
		"op": "addmerge",
		"path": "/behaviors/0/properties/placeRemoveSound",
		"value": "sounds/effect/squish1",
		"file": "game:itemtypes/resource/resin",
		"side": "Server"
	},
	{
		"op": "addmerge",
		"path": "/behaviors/0/properties/placeRemoveSound",
		"value": "sounds/walk/sludge*",
		"file": "game:itemtypes/resource/rot",
		"side": "Server"
	},
]