{
  "code": "nitrebed",
  "class": "saltpeterproduction:BlockNitreBed",
  "entityClass": "saltpeterproduction:BlockEntityNitreBed",
  "variantgroups": [
    { "code": "state", "states": ["dry", "moist"] }
  ],
  "creativeinventory": { "general": ["*-dry"] },
  "shape": { "base": "game:block/basic/cube" },
  "blockmaterial": "Soil",
  "textures": {
    "up": {"base": "game:block/soil/farmland/ferthigh-{state}"},
    "all": {"base": "game:block/soil/ferthigh"}
  },
  "attributes": {
    "materialPerGrowth": 0.3,
    "hoursPerGrowth": 96,
    "depletedBlockCode": "game:soil-low-none",
    "mapColorCode": "settlement"
  },
  "replaceable": 900,
  "resistance": 2.5,
  "sounds": {
    "place": "game:block/dirt",
    "break": "game:block/dirt",
    "hit": "game:block/dirt",
    "walk": "game:walk/grass"
  },
  "drops": [{
    "type": "block",
    "code": "nitrebed-dry",
    "quantity": { "avg": 1, "var": 0 }
  }],
  "heldTpIdleAnimation": "holdbothhandslarge", "heldRightReadyAnimation": "heldblockready", "heldTpUseAnimation": "twohandplaceblock",
  "tpHandTransform": {
    "translation": { "x": -1.23, "y": -0.91, "z": -0.8 },
    "rotation": { "x": -2, "y": 25, "z": -78 },
    "scale": 0.4
  }
}
