{
	"editor": {
		"backDropShape": "entity/humanoid/seraph-hairless",
		"allAngles": true,
		"entityTextureMode": true
	},
	"textureWidth": 32,
	"textureHeight": 76,
	"textureSizes": {
	},
	"textures": {
	},
	"elements": [
		{
			"name": "none",
			"stepParentName": "Head",
			"from": [ 0.0, 0.0, 0.0 ],
			"to": [ 0.0, 0.0, 0.0 ],
			"uv": [ 0.0, 0.0 ],
			"faces": {
				"north": { "texture": "#null", "uv": [ 0.0, 0.5, 0.5, 1.0 ] },
				"east": { "texture": "#null", "uv": [ 0.5, 0.5, 1.0, 1.0 ] },
				"south": { "texture": "#null", "uv": [ 1.0, 0.5, 1.5, 1.0 ] },
				"west": { "texture": "#null", "uv": [ 1.5, 0.5, 2.0, 1.0 ] },
				"up": { "texture": "#null", "uv": [ 0.0, 0.0, 0.5, 0.5 ] },
				"down": { "texture": "#null", "uv": [ 0.5, 0.0, 1.0, 0.5 ] }
			}
		}
	]}