{
	"editor": {
		"backDropShape": "seraph-hairless",
		"allAngles": true,
		"entityTextureMode": true
	},
	"textureWidth": 32,
	"textureHeight": 76,
	"textureSizes": {
		"seraph": [32,76]
	},
	"textures": {
		"seraph": "game:entity/humanoid/seraph-naked-hairless"
	},
	"elements": [
		{
			"name": "Cube2",
			"stepParentName": "Head",
			"from": [ -5.5, -25.0, 10.5 ],
			"to": [ -5.5, -25.0, 10.5 ],
			"uv": [ 5.75, 7.1875 ],
			"rotationOrigin": [ -5.5, -25.0, 10.5 ],
			"rotationY": 90.0,
			"faces": {
				"north": { "texture": "#seraph", "uv": [ 6.0, 8.0, 6.5, 8.5 ] },
				"east": { "texture": "#seraph", "uv": [ 6.5, 8.0, 7.0, 8.5 ] },
				"south": { "texture": "#seraph", "uv": [ 7.0, 8.0, 7.5, 8.5 ] },
				"west": { "texture": "#seraph", "uv": [ 7.5, 8.0, 8.0, 8.5 ] },
				"up": { "texture": "#seraph", "uv": [ 6.0, 7.0, 6.5, 7.5 ] },
				"down": { "texture": "#seraph", "uv": [ 6.5, 7.0, 7.0, 7.5 ] }
			},
			"children": [
				{
					"name": "Cube3",
					"from": [ 0.5, 0.0, -0.3 ],
					"to": [ 0.5, 0.0, -0.3 ],
					"uv": [ 10.0, 1.875 ],
					"rotationOrigin": [ 4.5, 28.0, 6.7 ],
					"rotationX": -10.0,
					"rotationY": -15.0,
					"rotationZ": -25.0,
					"faces": {
						"north": { "texture": "#seraph", "uv": [ 10.0, 2.5, 10.5, 3.0 ] },
						"east": { "texture": "#seraph", "uv": [ 10.5, 2.5, 11.0, 3.0 ] },
						"south": { "texture": "#seraph", "uv": [ 11.0, 2.5, 11.5, 3.0 ] },
						"west": { "texture": "#seraph", "uv": [ 11.5, 2.5, 12.0, 3.0 ] },
						"up": { "texture": "#seraph", "uv": [ 10.0, 2.0, 10.5, 2.5 ] },
						"down": { "texture": "#seraph", "uv": [ 10.5, 2.0, 11.0, 2.5 ] }
					},
					"children": [
						{
							"name": "cube",
							"from": [ 3.5501, 28.1855, 7.0302 ],
							"to": [ 3.9731, 28.2705, 7.1662 ],
							"uv": [ 8.7, 8.0625 ],
							"rotationOrigin": [ 3.9047, 28.1914, 7.1 ],
							"rotationZ": 6.5,
							"faces": {
								"north": { "texture": "#seraph", "uv": [ 8.5, 9.0, 9.0, 9.5 ] },
								"east": { "texture": "#seraph", "uv": [ 9.5, 9.0, 10.0, 9.5 ] },
								"south": { "texture": "#seraph", "uv": [ 10.0, 9.0, 10.5, 9.5 ] },
								"west": { "texture": "#seraph", "uv": [ 10.5, 9.0, 11.0, 9.5 ] },
								"up": { "texture": "#seraph", "uv": [ 8.5, 8.0, 9.0, 8.5 ] },
								"down": { "texture": "#seraph", "uv": [ 9.5, 8.0, 10.0, 8.5 ] }
							}
						},
						{
							"name": "cube",
							"from": [ 3.6846, 28.17, 6.9699 ],
							"to": [ 4.1076, 28.255, 7.0309 ],
							"uv": [ 4.95, 3.1563 ],
							"rotationOrigin": [ 4.0391, 28.1914, 7.9629 ],
							"rotationX": 0.8827,
							"rotationY": 7.6999,
							"rotationZ": 6.5594,
							"faces": {
								"north": { "texture": "#seraph", "uv": [ 5.0, 4.0, 5.5, 4.5 ] },
								"east": { "texture": "#seraph", "uv": [ 5.5, 4.0, 6.0, 4.5 ] },
								"south": { "texture": "#seraph", "uv": [ 6.0, 4.0, 6.5, 4.5 ] },
								"west": { "texture": "#seraph", "uv": [ 6.5, 4.0, 7.0, 4.5 ] },
								"up": { "texture": "#seraph", "uv": [ 5.0, 3.0, 5.5, 3.5 ] },
								"down": { "texture": "#seraph", "uv": [ 5.5, 3.0, 6.0, 3.5 ] }
							}
						},
						{
							"name": "cube",
							"from": [ 3.5296, 28.2525, 7.031 ],
							"to": [ 3.6396, 28.3725, 7.167 ],
							"uv": [ 5.2, 5.75 ],
							"rotationOrigin": [ 3.8211, 28.1464, 7.1 ],
							"rotationZ": 34.5,
							"faces": {
								"north": { "texture": "#seraph", "uv": [ 5.0, 6.5, 5.5, 7.0 ] },
								"east": { "texture": "#seraph", "uv": [ 6.0, 6.5, 6.5, 7.0 ] },
								"south": { "texture": "#seraph", "uv": [ 6.5, 6.5, 7.0, 7.0 ] },
								"west": { "texture": "#seraph", "uv": [ 7.0, 6.5, 7.5, 7.0 ] },
								"up": { "texture": "#seraph", "uv": [ 5.0, 6.0, 5.5, 6.5 ] },
								"down": { "texture": "#seraph", "uv": [ 6.0, 6.0, 6.5, 6.5 ] }
							}
						},
						{
							"name": "cube",
							"from": [ 4.473, 28.3738, 7.031 ],
							"to": [ 5.346, 28.8838, 7.167 ],
							"uv": [ 7.95, 1.9688 ],
							"rotationOrigin": [ -3.4278, 26.5223, 15.0507 ],
							"rotationZ": -4.75,
							"faces": {
								"north": { "texture": "#seraph", "uv": [ 8.0, 2.5, 8.5, 3.0 ] },
								"east": { "texture": "#seraph", "uv": [ 8.5, 2.5, 9.0, 3.0 ] },
								"south": { "texture": "#seraph", "uv": [ 9.0, 2.5, 9.5, 3.0 ] },
								"west": { "texture": "#seraph", "uv": [ 9.5, 2.5, 10.0, 3.0 ] },
								"up": { "texture": "#seraph", "uv": [ 8.0, 2.0, 8.5, 2.5 ] },
								"down": { "texture": "#seraph", "uv": [ 8.5, 2.0, 9.0, 2.5 ] }
							}
						},
						{
							"name": "cube",
							"from": [ 3.793, 28.5778, 7.031 ],
							"to": [ 4.541, 28.8838, 7.167 ],
							"uv": [ 13.2, 5.5938 ],
							"rotationOrigin": [ -3.4278, 26.5223, 15.0507 ],
							"rotationZ": -4.75,
							"faces": {
								"north": { "texture": "#seraph", "uv": [ 13.0, 6.5, 13.5, 7.0 ] },
								"east": { "texture": "#seraph", "uv": [ 14.0, 6.5, 14.5, 7.0 ] },
								"south": { "texture": "#seraph", "uv": [ 14.5, 6.5, 15.0, 7.0 ] },
								"west": { "texture": "#seraph", "uv": [ 15.0, 6.5, 15.5, 7.0 ] },
								"up": { "texture": "#seraph", "uv": [ 13.0, 5.5, 13.5, 6.0 ] },
								"down": { "texture": "#seraph", "uv": [ 14.0, 5.5, 14.5, 6.0 ] }
							}
						},
						{
							"name": "cube",
							"from": [ 0.5592, 20.2543, 7.032 ],
							"to": [ 0.7202, 20.6263, 7.168 ],
							"uv": [ 3.95, 6.5313 ],
							"rotationOrigin": [ -3.4278, 26.5223, 15.0507 ],
							"rotationZ": 68.5,
							"faces": {
								"north": { "texture": "#seraph", "uv": [ 4.0, 7.5, 4.5, 8.0 ] },
								"east": { "texture": "#seraph", "uv": [ 4.5, 7.5, 5.0, 8.0 ] },
								"south": { "texture": "#seraph", "uv": [ 5.0, 7.5, 5.5, 8.0 ] },
								"west": { "texture": "#seraph", "uv": [ 5.5, 7.5, 6.0, 8.0 ] },
								"up": { "texture": "#seraph", "uv": [ 4.0, 6.5, 4.5, 7.0 ] },
								"down": { "texture": "#seraph", "uv": [ 4.5, 6.5, 5.0, 7.0 ] }
							}
						},
						{
							"name": "cube",
							"from": [ 3.8048, 25.2926, 7.032 ],
							"to": [ 4.0418, 25.4616, 7.168 ],
							"uv": [ 5.95, 1.5938 ],
							"rotationOrigin": [ -3.4278, 26.5223, 15.0507 ],
							"rotationZ": 21.5,
							"faces": {
								"north": { "texture": "#seraph", "uv": [ 6.0, 2.5, 6.5, 3.0 ] },
								"east": { "texture": "#seraph", "uv": [ 6.5, 2.5, 7.0, 3.0 ] },
								"south": { "texture": "#seraph", "uv": [ 7.0, 2.5, 7.5, 3.0 ] },
								"west": { "texture": "#seraph", "uv": [ 7.5, 2.5, 8.0, 3.0 ] },
								"up": { "texture": "#seraph", "uv": [ 6.0, 1.5, 6.5, 2.0 ] },
								"down": { "texture": "#seraph", "uv": [ 6.5, 1.5, 7.0, 2.0 ] }
							}
						},
						{
							"name": "cube",
							"from": [ 3.1935, 29.8901, 7.029 ],
							"to": [ 4.8365, 30.2471, 7.165 ],
							"uv": [ 6.7, 3.1875 ],
							"rotationOrigin": [ -3.4278, 26.5223, 15.0507 ],
							"rotationZ": -16.0,
							"faces": {
								"north": { "texture": "#seraph", "uv": [ 6.5, 4.0, 8.0, 4.5 ] },
								"east": { "texture": "#seraph", "uv": [ 8.5, 4.0, 9.0, 4.5 ] },
								"south": { "texture": "#seraph", "uv": [ 9.0, 4.0, 10.5, 4.5 ] },
								"west": { "texture": "#seraph", "uv": [ 10.5, 4.0, 11.0, 4.5 ] },
								"up": { "texture": "#seraph", "uv": [ 6.5, 3.0, 8.0, 3.5 ] },
								"down": { "texture": "#seraph", "uv": [ 8.5, 3.0, 10.0, 3.5 ] }
							}
						},
						{
							"name": "cube",
							"from": [ 2.9247, 31.2628, 7.032 ],
							"to": [ 4.2677, 31.5998, 7.168 ],
							"uv": [ 10.7, 0.2188 ],
							"rotationOrigin": [ -3.4278, 26.5223, 15.0507 ],
							"rotationZ": -27.5,
							"faces": {
								"north": { "texture": "#seraph", "uv": [ 10.5, 1.0, 11.5, 1.5 ] },
								"east": { "texture": "#seraph", "uv": [ 12.0, 1.0, 12.5, 1.5 ] },
								"south": { "texture": "#seraph", "uv": [ 12.5, 1.0, 13.5, 1.5 ] },
								"west": { "texture": "#seraph", "uv": [ 13.5, 1.0, 14.0, 1.5 ] },
								"up": { "texture": "#seraph", "uv": [ 10.5, 0.0, 11.5, 0.5 ] },
								"down": { "texture": "#seraph", "uv": [ 12.0, 0.0, 13.0, 0.5 ] }
							}
						},
						{
							"name": "cube",
							"from": [ 3.793, 28.8028, 6.971 ],
							"to": [ 4.491, 28.8838, 7.032 ],
							"uv": [ 10.95, 4.1563 ],
							"rotationOrigin": [ -3.4278, 26.5223, 15.0507 ],
							"rotationZ": -4.75,
							"faces": {
								"north": { "texture": "#seraph", "uv": [ 11.0, 5.0, 11.5, 5.5 ] },
								"east": { "texture": "#seraph", "uv": [ 11.5, 5.0, 12.0, 5.5 ] },
								"south": { "texture": "#seraph", "uv": [ 12.0, 5.0, 12.5, 5.5 ] },
								"west": { "texture": "#seraph", "uv": [ 12.5, 5.0, 13.0, 5.5 ] },
								"up": { "texture": "#seraph", "uv": [ 11.0, 4.0, 11.5, 4.5 ] },
								"down": { "texture": "#seraph", "uv": [ 11.5, 4.0, 12.0, 4.5 ] }
							}
						},
						{
							"name": "cube",
							"from": [ 4.473, 28.7988, 6.971 ],
							"to": [ 5.346, 28.8838, 7.032 ],
							"uv": [ 8.95, 5.1875 ],
							"rotationOrigin": [ -3.4278, 26.5223, 15.0507 ],
							"rotationZ": -4.75,
							"faces": {
								"north": { "texture": "#seraph", "uv": [ 9.0, 6.0, 9.5, 6.5 ] },
								"east": { "texture": "#seraph", "uv": [ 9.5, 6.0, 10.0, 6.5 ] },
								"south": { "texture": "#seraph", "uv": [ 10.0, 6.0, 10.5, 6.5 ] },
								"west": { "texture": "#seraph", "uv": [ 10.5, 6.0, 11.0, 6.5 ] },
								"up": { "texture": "#seraph", "uv": [ 9.0, 5.0, 9.5, 5.5 ] },
								"down": { "texture": "#seraph", "uv": [ 9.5, 5.0, 10.0, 5.5 ] }
							}
						}
					]
				},
				{
					"name": "Cube4",
					"from": [ -0.5, 0.1, -0.3 ],
					"to": [ -0.5, 0.1, -0.3 ],
					"uv": [ 7.5, 6.1875 ],
					"rotationOrigin": [ 11.5, 28.1, 6.7 ],
					"rotationX": 10.0,
					"rotationY": 25.0,
					"rotationZ": 25.0,
					"faces": {
						"north": { "texture": "#seraph", "uv": [ 7.5, 7.0, 8.0, 7.5 ] },
						"east": { "texture": "#seraph", "uv": [ 8.0, 7.0, 8.5, 7.5 ] },
						"south": { "texture": "#seraph", "uv": [ 8.5, 7.0, 9.0, 7.5 ] },
						"west": { "texture": "#seraph", "uv": [ 9.0, 7.0, 9.5, 7.5 ] },
						"up": { "texture": "#seraph", "uv": [ 7.5, 6.0, 8.0, 6.5 ] },
						"down": { "texture": "#seraph", "uv": [ 8.0, 6.0, 8.5, 6.5 ] }
					},
					"children": [
						{
							"name": "cube",
							"from": [ 15.2798, 20.2543, 7.031 ],
							"to": [ 15.4408, 20.6263, 7.167 ],
							"uv": [ 5.0, 0.0 ],
							"rotationOrigin": [ 19.4278, 26.5223, 15.0507 ],
							"rotationZ": -68.5,
							"faces": {
								"north": { "texture": "#seraph", "uv": [ 5.0, 0.5, 5.5, 1.0 ] },
								"east": { "texture": "#seraph", "uv": [ 5.5, 0.5, 6.0, 1.0 ] },
								"south": { "texture": "#seraph", "uv": [ 6.0, 0.5, 6.5, 1.0 ] },
								"west": { "texture": "#seraph", "uv": [ 6.5, 0.5, 7.0, 1.0 ] },
								"up": { "texture": "#seraph", "uv": [ 5.0, 0.0, 5.5, 0.5 ] },
								"down": { "texture": "#seraph", "uv": [ 5.5, 0.0, 6.0, 0.5 ] }
							}
						},
						{
							"name": "cube",
							"from": [ 11.9582, 25.2926, 7.032 ],
							"to": [ 12.1952, 25.4616, 7.168 ],
							"uv": [ 7.0, 5.0 ],
							"rotationOrigin": [ 19.4278, 26.5223, 15.0507 ],
							"rotationZ": -21.5,
							"faces": {
								"north": { "texture": "#seraph", "uv": [ 7.0, 5.5, 7.5, 6.0 ] },
								"east": { "texture": "#seraph", "uv": [ 7.5, 5.5, 8.0, 6.0 ] },
								"south": { "texture": "#seraph", "uv": [ 8.0, 5.5, 8.5, 6.0 ] },
								"west": { "texture": "#seraph", "uv": [ 8.5, 5.5, 9.0, 6.0 ] },
								"up": { "texture": "#seraph", "uv": [ 7.0, 5.0, 7.5, 5.5 ] },
								"down": { "texture": "#seraph", "uv": [ 7.5, 5.0, 8.0, 5.5 ] }
							}
						},
						{
							"name": "cube",
							"from": [ 12.3604, 28.2525, 7.032 ],
							"to": [ 12.4704, 28.3725, 7.168 ],
							"uv": [ 9.25, 6.5625 ],
							"rotationOrigin": [ 12.1789, 28.1464, 7.1 ],
							"rotationZ": -34.5,
							"faces": {
								"north": { "texture": "#seraph", "uv": [ 9.5, 7.5, 10.0, 8.0 ] },
								"east": { "texture": "#seraph", "uv": [ 10.0, 7.5, 10.5, 8.0 ] },
								"south": { "texture": "#seraph", "uv": [ 10.5, 7.5, 11.0, 8.0 ] },
								"west": { "texture": "#seraph", "uv": [ 11.0, 7.5, 11.5, 8.0 ] },
								"up": { "texture": "#seraph", "uv": [ 9.5, 6.5, 10.0, 7.0 ] },
								"down": { "texture": "#seraph", "uv": [ 10.0, 6.5, 10.5, 7.0 ] }
							}
						},
						{
							"name": "cube",
							"from": [ 11.8924, 28.17, 6.9699 ],
							"to": [ 12.3154, 28.255, 7.0309 ],
							"uv": [ 13.0, 3.5938 ],
							"rotationOrigin": [ 11.9609, 28.1914, 7.9629 ],
							"rotationX": 0.8827,
							"rotationY": -7.6999,
							"rotationZ": -6.5594,
							"faces": {
								"north": { "texture": "#seraph", "uv": [ 13.0, 4.5, 13.5, 5.0 ] },
								"east": { "texture": "#seraph", "uv": [ 13.5, 4.5, 14.0, 5.0 ] },
								"south": { "texture": "#seraph", "uv": [ 14.0, 4.5, 14.5, 5.0 ] },
								"west": { "texture": "#seraph", "uv": [ 14.5, 4.5, 15.0, 5.0 ] },
								"up": { "texture": "#seraph", "uv": [ 13.0, 3.5, 13.5, 4.0 ] },
								"down": { "texture": "#seraph", "uv": [ 13.5, 3.5, 14.0, 4.0 ] }
							}
						},
						{
							"name": "cube",
							"from": [ 12.0269, 28.1855, 7.032 ],
							"to": [ 12.4499, 28.2705, 7.168 ],
							"uv": [ 13.5, 6.9688 ],
							"rotationOrigin": [ 12.0953, 28.1914, 7.1 ],
							"rotationZ": -6.5,
							"faces": {
								"north": { "texture": "#seraph", "uv": [ 13.5, 7.5, 14.0, 8.0 ] },
								"east": { "texture": "#seraph", "uv": [ 14.0, 7.5, 14.5, 8.0 ] },
								"south": { "texture": "#seraph", "uv": [ 14.5, 7.5, 15.0, 8.0 ] },
								"west": { "texture": "#seraph", "uv": [ 15.0, 7.5, 15.5, 8.0 ] },
								"up": { "texture": "#seraph", "uv": [ 13.5, 7.0, 14.0, 7.5 ] },
								"down": { "texture": "#seraph", "uv": [ 14.0, 7.0, 14.5, 7.5 ] }
							}
						},
						{
							"name": "cube",
							"from": [ 11.7323, 31.2628, 7.032 ],
							"to": [ 13.0753, 31.5998, 7.168 ],
							"uv": [ 11.25, 2.2188 ],
							"rotationOrigin": [ 19.4278, 26.5223, 15.0507 ],
							"rotationZ": 27.5,
							"faces": {
								"north": { "texture": "#seraph", "uv": [ 11.5, 3.0, 12.5, 3.5 ] },
								"east": { "texture": "#seraph", "uv": [ 12.5, 3.0, 13.0, 3.5 ] },
								"south": { "texture": "#seraph", "uv": [ 13.0, 3.0, 14.0, 3.5 ] },
								"west": { "texture": "#seraph", "uv": [ 14.0, 3.0, 14.5, 3.5 ] },
								"up": { "texture": "#seraph", "uv": [ 11.5, 2.0, 12.5, 2.5 ] },
								"down": { "texture": "#seraph", "uv": [ 12.5, 2.0, 13.5, 2.5 ] }
							}
						},
						{
							"name": "cube",
							"from": [ 11.1635, 29.8901, 7.029 ],
							"to": [ 12.8065, 30.2471, 7.165 ],
							"uv": [ 4.25, 8.5938 ],
							"rotationOrigin": [ 19.4278, 26.5223, 15.0507 ],
							"rotationZ": 16.0,
							"faces": {
								"north": { "texture": "#seraph", "uv": [ 4.5, 9.5, 6.0, 10.0 ] },
								"east": { "texture": "#seraph", "uv": [ 6.0, 9.5, 6.5, 10.0 ] },
								"south": { "texture": "#seraph", "uv": [ 6.5, 9.5, 8.0, 10.0 ] },
								"west": { "texture": "#seraph", "uv": [ 8.0, 9.5, 8.5, 10.0 ] },
								"up": { "texture": "#seraph", "uv": [ 4.5, 8.5, 6.0, 9.0 ] },
								"down": { "texture": "#seraph", "uv": [ 6.0, 8.5, 7.5, 9.0 ] }
							}
						},
						{
							"name": "cube",
							"from": [ 11.509, 28.8028, 6.971 ],
							"to": [ 12.207, 28.8838, 7.032 ],
							"uv": [ 10.75, 5.875 ],
							"rotationOrigin": [ 19.4278, 26.5223, 15.0507 ],
							"rotationZ": 4.75,
							"faces": {
								"north": { "texture": "#seraph", "uv": [ 11.0, 6.5, 11.5, 7.0 ] },
								"east": { "texture": "#seraph", "uv": [ 11.5, 6.5, 12.0, 7.0 ] },
								"south": { "texture": "#seraph", "uv": [ 12.0, 6.5, 12.5, 7.0 ] },
								"west": { "texture": "#seraph", "uv": [ 12.5, 6.5, 13.0, 7.0 ] },
								"up": { "texture": "#seraph", "uv": [ 11.0, 6.0, 11.5, 6.5 ] },
								"down": { "texture": "#seraph", "uv": [ 11.5, 6.0, 12.0, 6.5 ] }
							}
						},
						{
							"name": "cube",
							"from": [ 11.459, 28.5778, 7.032 ],
							"to": [ 12.207, 28.8838, 7.168 ],
							"uv": [ 5.0, 4.5938 ],
							"rotationOrigin": [ 19.4278, 26.5223, 15.0507 ],
							"rotationZ": 4.75,
							"faces": {
								"north": { "texture": "#seraph", "uv": [ 5.0, 5.5, 5.5, 6.0 ] },
								"east": { "texture": "#seraph", "uv": [ 5.5, 5.5, 6.0, 6.0 ] },
								"south": { "texture": "#seraph", "uv": [ 6.0, 5.5, 6.5, 6.0 ] },
								"west": { "texture": "#seraph", "uv": [ 6.5, 5.5, 7.0, 6.0 ] },
								"up": { "texture": "#seraph", "uv": [ 5.0, 4.5, 5.5, 5.0 ] },
								"down": { "texture": "#seraph", "uv": [ 5.5, 4.5, 6.0, 5.0 ] }
							}
						},
						{
							"name": "cube",
							"from": [ 10.654, 28.7988, 6.971 ],
							"to": [ 11.527, 28.8838, 7.032 ],
							"uv": [ 3.75, 4.875 ],
							"rotationOrigin": [ 19.4278, 26.5223, 15.0507 ],
							"rotationZ": 4.75,
							"faces": {
								"north": { "texture": "#seraph", "uv": [ 4.0, 5.5, 4.5, 6.0 ] },
								"east": { "texture": "#seraph", "uv": [ 4.5, 5.5, 5.0, 6.0 ] },
								"south": { "texture": "#seraph", "uv": [ 5.0, 5.5, 5.5, 6.0 ] },
								"west": { "texture": "#seraph", "uv": [ 5.5, 5.5, 6.0, 6.0 ] },
								"up": { "texture": "#seraph", "uv": [ 4.0, 5.0, 4.5, 5.5 ] },
								"down": { "texture": "#seraph", "uv": [ 4.5, 5.0, 5.0, 5.5 ] }
							}
						},
						{
							"name": "cube",
							"from": [ 10.654, 28.3738, 7.031 ],
							"to": [ 11.527, 28.8838, 7.167 ],
							"uv": [ 8.5, 0.25 ],
							"rotationOrigin": [ 19.4278, 26.5223, 15.0507 ],
							"rotationZ": 4.75,
							"faces": {
								"north": { "texture": "#seraph", "uv": [ 8.5, 1.0, 9.0, 1.5 ] },
								"east": { "texture": "#seraph", "uv": [ 9.0, 1.0, 9.5, 1.5 ] },
								"south": { "texture": "#seraph", "uv": [ 9.5, 1.0, 10.0, 1.5 ] },
								"west": { "texture": "#seraph", "uv": [ 10.0, 1.0, 10.5, 1.5 ] },
								"up": { "texture": "#seraph", "uv": [ 8.5, 0.5, 9.0, 1.0 ] },
								"down": { "texture": "#seraph", "uv": [ 9.0, 0.5, 9.5, 1.0 ] }
							}
						}
					]
				}
			]
		}
	]}