{
	"editor": {
		"backDropShape": "seraph-hairless",
		"allAngles": true,
		"entityTextureMode": true
	},
	"textureWidth": 32,
	"textureHeight": 76,
	"textureSizes": {
		"seraph": [32,76]
	},
	"textures": {
		"seraph": "game:entity/humanoid/seraph-naked-hairless"
	},
	"elements": [
		{
			"name": "Cube2",
			"stepParentName": "Head",
			"from": [ 8.0, -25.0, -2.0 ],
			"to": [ 8.0, -25.0, -2.0 ],
			"uv": [ 12.5, 7.0625 ],
			"rotationOrigin": [ 8.0, 0.0, -2.0 ],
			"rotationY": -90.0,
			"faces": {
				"north": { "texture": "#seraph", "uv": [ 12.5, 8.0, 13.0, 8.5 ] },
				"east": { "texture": "#seraph", "uv": [ 13.0, 8.0, 13.5, 8.5 ] },
				"south": { "texture": "#seraph", "uv": [ 13.5, 8.0, 14.0, 8.5 ] },
				"west": { "texture": "#seraph", "uv": [ 14.0, 8.0, 14.5, 8.5 ] },
				"up": { "texture": "#seraph", "uv": [ 12.5, 7.0, 13.0, 7.5 ] },
				"down": { "texture": "#seraph", "uv": [ 13.0, 7.0, 13.5, 7.5 ] }
			},
			"children": [
				{
					"name": "Cube3",
					"from": [ -0.2, 0.0, -0.5 ],
					"to": [ -0.2, 0.0, -0.5 ],
					"uv": [ 4.75, 2.5313 ],
					"rotationOrigin": [ 8.8, 27.0, 6.0 ],
					"rotationY": 10.0,
					"faces": {
						"north": { "texture": "#seraph", "uv": [ 5.0, 3.5, 5.5, 4.0 ] },
						"east": { "texture": "#seraph", "uv": [ 5.5, 3.5, 6.0, 4.0 ] },
						"south": { "texture": "#seraph", "uv": [ 6.0, 3.5, 6.5, 4.0 ] },
						"west": { "texture": "#seraph", "uv": [ 6.5, 3.5, 7.0, 4.0 ] },
						"up": { "texture": "#seraph", "uv": [ 5.0, 2.5, 5.5, 3.0 ] },
						"down": { "texture": "#seraph", "uv": [ 5.5, 2.5, 6.0, 3.0 ] }
					},
					"children": [
						{
							"name": "cube",
							"from": [ 9.0228, 26.4117, 6.8 ],
							"to": [ 9.3228, 27.1617, 6.925 ],
							"uv": [ 11.0, 0.5625 ],
							"rotationOrigin": [ 9.0728, 26.7867, 6.8625 ],
							"rotationZ": -52.5,
							"faces": {
								"north": { "texture": "#seraph", "uv": [ 11.0, 1.5, 11.5, 2.0 ] },
								"east": { "texture": "#seraph", "uv": [ 11.5, 1.5, 12.0, 2.0 ] },
								"south": { "texture": "#seraph", "uv": [ 12.0, 1.5, 12.5, 2.0 ] },
								"west": { "texture": "#seraph", "uv": [ 12.5, 1.5, 13.0, 2.0 ] },
								"up": { "texture": "#seraph", "uv": [ 11.0, 0.5, 11.5, 1.0 ] },
								"down": { "texture": "#seraph", "uv": [ 11.5, 0.5, 12.0, 1.0 ] }
							}
						},
						{
							"name": "cube",
							"from": [ 6.25, 27.25, 6.8 ],
							"to": [ 7.25, 28.25, 6.925 ],
							"uv": [ 7.0, 3.2813 ],
							"rotationOrigin": [ 6.25, 26.25, 6.05 ],
							"rotationZ": -4.5,
							"faces": {
								"north": { "texture": "#seraph", "uv": [ 7.0, 4.0, 8.0, 5.0 ] },
								"east": { "texture": "#seraph", "uv": [ 8.0, 4.0, 8.5, 5.0 ] },
								"south": { "texture": "#seraph", "uv": [ 8.5, 4.0, 9.5, 5.0 ] },
								"west": { "texture": "#seraph", "uv": [ 9.5, 4.0, 10.0, 5.0 ] },
								"up": { "texture": "#seraph", "uv": [ 7.0, 3.5, 8.0, 4.0 ] },
								"down": { "texture": "#seraph", "uv": [ 8.0, 3.5, 9.0, 4.0 ] }
							}
						},
						{
							"name": "cube",
							"from": [ 6.0959, 27.1834, 6.802 ],
							"to": [ 6.5459, 27.9334, 6.927 ],
							"uv": [ 4.25, 1.3125 ],
							"rotationOrigin": [ 6.0959, 26.2584, 6.05 ],
							"rotationZ": -61.0,
							"faces": {
								"north": { "texture": "#seraph", "uv": [ 4.5, 2.0, 5.0, 2.5 ] },
								"east": { "texture": "#seraph", "uv": [ 5.0, 2.0, 5.5, 2.5 ] },
								"south": { "texture": "#seraph", "uv": [ 5.5, 2.0, 6.0, 2.5 ] },
								"west": { "texture": "#seraph", "uv": [ 6.0, 2.0, 6.5, 2.5 ] },
								"up": { "texture": "#seraph", "uv": [ 4.5, 1.5, 5.0, 2.0 ] },
								"down": { "texture": "#seraph", "uv": [ 5.0, 1.5, 5.5, 2.0 ] }
							}
						},
						{
							"name": "cube",
							"from": [ 6.4959, 28.1334, 6.75 ],
							"to": [ 8.9959, 28.3834, 7.0 ],
							"uv": [ 9.56, 3.375 ],
							"rotationOrigin": [ 6.4959, 26.3834, 6.0 ],
							"rotationZ": -27.0,
							"faces": {
								"north": { "texture": "#seraph", "uv": [ 9.5, 4.0, 12.0, 4.5 ] },
								"east": { "texture": "#seraph", "uv": [ 12.5, 4.0, 13.0, 4.5 ] },
								"south": { "texture": "#seraph", "uv": [ 13.0, 4.0, 15.5, 4.5 ] },
								"west": { "texture": "#seraph", "uv": [ 15.5, 4.0, 16.0, 4.5 ] },
								"up": { "texture": "#seraph", "uv": [ 9.5, 3.5, 12.0, 4.0 ] },
								"down": { "texture": "#seraph", "uv": [ 12.5, 3.5, 15.0, 4.0 ] }
							}
						},
						{
							"name": "cube",
							"from": [ 6.5459, 27.3834, 6.799 ],
							"to": [ 8.6709, 28.3584, 6.924 ],
							"uv": [ 5.78, 4.9688 ],
							"rotationOrigin": [ 6.4959, 26.3584, 6.05 ],
							"rotationZ": -27.0,
							"faces": {
								"north": { "texture": "#seraph", "uv": [ 6.0, 5.5, 8.0, 6.0 ] },
								"east": { "texture": "#seraph", "uv": [ 8.0, 5.5, 8.5, 6.0 ] },
								"south": { "texture": "#seraph", "uv": [ 8.5, 5.5, 10.5, 6.0 ] },
								"west": { "texture": "#seraph", "uv": [ 10.5, 5.5, 11.0, 6.0 ] },
								"up": { "texture": "#seraph", "uv": [ 6.0, 5.0, 8.0, 5.5 ], "rotation": 180 },
								"down": { "texture": "#seraph", "uv": [ 8.0, 5.0, 10.0, 5.5 ] }
							}
						},
						{
							"name": "cube",
							"from": [ 6.25, 28.0, 6.75 ],
							"to": [ 7.25, 28.25, 7.0 ],
							"uv": [ 4.81, 5.7813 ],
							"rotationOrigin": [ 6.25, 26.25, 6.0 ],
							"rotationZ": -4.5,
							"faces": {
								"north": { "texture": "#seraph", "uv": [ 5.0, 6.5, 6.0, 7.0 ] },
								"east": { "texture": "#seraph", "uv": [ 6.0, 6.5, 6.5, 7.0 ] },
								"south": { "texture": "#seraph", "uv": [ 6.5, 6.5, 7.5, 7.0 ] },
								"west": { "texture": "#seraph", "uv": [ 7.5, 6.5, 8.0, 7.0 ] },
								"up": { "texture": "#seraph", "uv": [ 5.0, 6.0, 6.0, 6.5 ] },
								"down": { "texture": "#seraph", "uv": [ 6.0, 6.0, 7.0, 6.5 ] }
							}
						},
						{
							"name": "cube",
							"from": [ 6.4959, 26.5584, 6.801 ],
							"to": [ 8.6709, 27.2834, 6.926 ],
							"uv": [ 10.78, 4.3438 ],
							"rotationOrigin": [ 6.4959, 25.6084, 6.05 ],
							"rotationZ": -5.5,
							"faces": {
								"north": { "texture": "#seraph", "uv": [ 11.0, 5.0, 13.0, 5.5 ] },
								"east": { "texture": "#seraph", "uv": [ 13.0, 5.0, 13.5, 5.5 ] },
								"south": { "texture": "#seraph", "uv": [ 13.5, 5.0, 15.5, 5.5 ] },
								"west": { "texture": "#seraph", "uv": [ 15.5, 5.0, 16.0, 5.5 ] },
								"up": { "texture": "#seraph", "uv": [ 11.0, 4.5, 13.0, 5.0 ] },
								"down": { "texture": "#seraph", "uv": [ 13.0, 4.5, 15.0, 5.0 ] }
							}
						}
					]
				},
				{
					"name": "Cube4",
					"from": [ 0.1, 0.0, -0.5 ],
					"to": [ 0.1, 0.0, -0.5 ],
					"uv": [ 4.0, 4.875 ],
					"rotationOrigin": [ 0.1, 27.0, 7.0 ],
					"rotationY": -10.0,
					"faces": {
						"north": { "texture": "#seraph", "uv": [ 4.0, 5.5, 4.5, 6.0 ] },
						"east": { "texture": "#seraph", "uv": [ 4.5, 5.5, 5.0, 6.0 ] },
						"south": { "texture": "#seraph", "uv": [ 5.0, 5.5, 5.5, 6.0 ] },
						"west": { "texture": "#seraph", "uv": [ 5.5, 5.5, 6.0, 6.0 ] },
						"up": { "texture": "#seraph", "uv": [ 4.0, 5.0, 4.5, 5.5 ] },
						"down": { "texture": "#seraph", "uv": [ 4.5, 5.0, 5.0, 5.5 ] }
					},
					"children": [
						{
							"name": "cube",
							"from": [ 1.75, 28.0, 6.75 ],
							"to": [ 2.75, 28.25, 7.0 ],
							"uv": [ 10.75, 1.9063 ],
							"rotationOrigin": [ 2.75, 26.25, 6.0 ],
							"rotationZ": 4.5,
							"faces": {
								"north": { "texture": "#seraph", "uv": [ 11.0, 2.5, 12.0, 3.0 ] },
								"east": { "texture": "#seraph", "uv": [ 12.0, 2.5, 12.5, 3.0 ] },
								"south": { "texture": "#seraph", "uv": [ 12.5, 2.5, 13.5, 3.0 ] },
								"west": { "texture": "#seraph", "uv": [ 13.5, 2.5, 14.0, 3.0 ] },
								"up": { "texture": "#seraph", "uv": [ 11.0, 2.0, 12.0, 2.5 ] },
								"down": { "texture": "#seraph", "uv": [ 12.0, 2.0, 13.0, 2.5 ] }
							}
						},
						{
							"name": "cube",
							"from": [ 1.75, 27.25, 6.8 ],
							"to": [ 2.75, 28.25, 6.925 ],
							"uv": [ 7.75, 1.7188 ],
							"rotationOrigin": [ 2.75, 26.25, 6.05 ],
							"rotationZ": 4.5,
							"faces": {
								"north": { "texture": "#seraph", "uv": [ 8.0, 2.5, 9.0, 3.5 ] },
								"east": { "texture": "#seraph", "uv": [ 9.0, 2.5, 9.5, 3.5 ] },
								"south": { "texture": "#seraph", "uv": [ 9.5, 2.5, 10.5, 3.5 ] },
								"west": { "texture": "#seraph", "uv": [ 10.5, 2.5, 11.0, 3.5 ] },
								"up": { "texture": "#seraph", "uv": [ 8.0, 1.5, 9.0, 2.0 ] },
								"down": { "texture": "#seraph", "uv": [ 9.0, 1.5, 10.0, 2.0 ] }
							}
						},
						{
							"name": "cube",
							"from": [ 0.0042, 28.1334, 6.75 ],
							"to": [ 2.5042, 28.3834, 7.0 ],
							"uv": [ 4.25, 0.1875 ],
							"rotationOrigin": [ 2.5042, 26.3834, 6.0 ],
							"rotationZ": 27.0,
							"faces": {
								"north": { "texture": "#seraph", "uv": [ 4.5, 1.0, 7.0, 1.5 ] },
								"east": { "texture": "#seraph", "uv": [ 7.0, 1.0, 7.5, 1.5 ] },
								"south": { "texture": "#seraph", "uv": [ 7.5, 1.0, 10.0, 1.5 ] },
								"west": { "texture": "#seraph", "uv": [ 10.0, 1.0, 10.5, 1.5 ] },
								"up": { "texture": "#seraph", "uv": [ 4.5, 0.0, 7.0, 0.5 ] },
								"down": { "texture": "#seraph", "uv": [ 7.0, 0.0, 9.5, 0.5 ] }
							}
						},
						{
							"name": "cube",
							"from": [ 0.3292, 27.3834, 6.799 ],
							"to": [ 2.4542, 28.3584, 6.924 ],
							"uv": [ 7.5, 5.875 ],
							"rotationOrigin": [ 2.5042, 26.3584, 6.05 ],
							"rotationZ": 27.0,
							"faces": {
								"north": { "texture": "#seraph", "uv": [ 7.5, 6.5, 9.5, 7.0 ] },
								"east": { "texture": "#seraph", "uv": [ 9.5, 6.5, 10.0, 7.0 ] },
								"south": { "texture": "#seraph", "uv": [ 10.0, 6.5, 12.0, 7.0 ] },
								"west": { "texture": "#seraph", "uv": [ 12.0, 6.5, 12.5, 7.0 ] },
								"up": { "texture": "#seraph", "uv": [ 7.5, 6.0, 9.5, 6.5 ], "rotation": 180 },
								"down": { "texture": "#seraph", "uv": [ 9.5, 6.0, 11.5, 6.5 ] }
							}
						},
						{
							"name": "cube",
							"from": [ 0.3292, 26.5584, 6.8 ],
							"to": [ 2.5042, 27.2834, 6.925 ],
							"uv": [ 11.0, 5.375 ],
							"rotationOrigin": [ 2.5042, 25.6084, 6.05 ],
							"rotationZ": 5.5,
							"faces": {
								"north": { "texture": "#seraph", "uv": [ 11.0, 6.0, 13.0, 6.5 ] },
								"east": { "texture": "#seraph", "uv": [ 13.0, 6.0, 13.5, 6.5 ] },
								"south": { "texture": "#seraph", "uv": [ 13.5, 6.0, 15.5, 6.5 ] },
								"west": { "texture": "#seraph", "uv": [ 15.5, 6.0, 16.0, 6.5 ] },
								"up": { "texture": "#seraph", "uv": [ 11.0, 5.5, 13.0, 6.0 ] },
								"down": { "texture": "#seraph", "uv": [ 13.0, 5.5, 15.0, 6.0 ] }
							}
						},
						{
							"name": "cube",
							"from": [ 2.4542, 27.1834, 6.801 ],
							"to": [ 2.9042, 27.9334, 6.926 ],
							"uv": [ 11.87, -0.1875 ],
							"rotationOrigin": [ 2.9042, 26.2584, 6.05 ],
							"rotationZ": 61.0,
							"faces": {
								"north": { "texture": "#seraph", "uv": [ 12.0, 0.5, 12.5, 1.0 ] },
								"east": { "texture": "#seraph", "uv": [ 12.5, 0.5, 13.0, 1.0 ] },
								"south": { "texture": "#seraph", "uv": [ 13.0, 0.5, 13.5, 1.0 ] },
								"west": { "texture": "#seraph", "uv": [ 13.5, 0.5, 14.0, 1.0 ] },
								"up": { "texture": "#seraph", "uv": [ 12.0, 0.0, 12.5, 0.5 ] },
								"down": { "texture": "#seraph", "uv": [ 12.5, 0.0, 13.0, 0.5 ] }
							}
						},
						{
							"name": "cube",
							"from": [ -0.3228, 26.4117, 6.801 ],
							"to": [ -0.0228, 27.1617, 6.926 ],
							"uv": [ 13.87, 1.1563 ],
							"rotationOrigin": [ -0.0728, 26.7867, 6.8625 ],
							"rotationZ": 52.5,
							"faces": {
								"north": { "texture": "#seraph", "uv": [ 14.0, 2.0, 14.5, 2.5 ] },
								"east": { "texture": "#seraph", "uv": [ 14.5, 2.0, 15.0, 2.5 ] },
								"south": { "texture": "#seraph", "uv": [ 15.0, 2.0, 15.5, 2.5 ] },
								"west": { "texture": "#seraph", "uv": [ 15.5, 2.0, 16.0, 2.5 ] },
								"up": { "texture": "#seraph", "uv": [ 14.0, 1.0, 14.5, 1.5 ] },
								"down": { "texture": "#seraph", "uv": [ 14.5, 1.0, 15.0, 1.5 ] }
							}
						}
					]
				}
			]
		}
	]}