{
	"editor": {
		"backDropShape": "seraph-hairless",
		"allAngles": true,
		"entityTextureMode": true
	},
	"textureWidth": 32,
	"textureHeight": 76,
	"textureSizes": {
		"seraph": [32,76]
	},
	"textures": {
		"seraph": "game:entity/humanoid/seraph-naked-hairless"
	},
	"elements": [
		{
			"name": "Cube2",
			"stepParentName": "Head",
			"from": [ -5.5, -25.0, 10.5 ],
			"to": [ -5.5, -25.0, 10.5 ],
			"uv": [ 14.75, 2.8125 ],
			"rotationOrigin": [ -5.5, -25.0, 10.5 ],
			"rotationY": 90.0,
			"faces": {
				"north": { "texture": "#seraph", "uv": [ 15.0, 3.5, 15.5, 4.0 ] },
				"east": { "texture": "#seraph", "uv": [ 15.5, 3.5, 16.0, 4.0 ] },
				"south": { "texture": "#seraph", "uv": [ 16.0, 3.5, 16.5, 4.0 ] },
				"west": { "texture": "#seraph", "uv": [ 16.5, 3.5, 17.0, 4.0 ] },
				"up": { "texture": "#seraph", "uv": [ 15.0, 3.0, 15.5, 3.5 ] },
				"down": { "texture": "#seraph", "uv": [ 15.5, 3.0, 16.0, 3.5 ] }
			},
			"children": [
				{
					"name": "Cube3",
					"from": [ 0.0, 0.0, -0.4 ],
					"to": [ 0.0, 0.0, -0.4 ],
					"uv": [ 11.5, 2.0313 ],
					"rotationOrigin": [ 12.0, 28.0, 6.6 ],
					"rotationY": 15.0,
					"faces": {
						"north": { "texture": "#seraph", "uv": [ 11.5, 3.0, 12.0, 3.5 ] },
						"east": { "texture": "#seraph", "uv": [ 12.0, 3.0, 12.5, 3.5 ] },
						"south": { "texture": "#seraph", "uv": [ 12.5, 3.0, 13.0, 3.5 ] },
						"west": { "texture": "#seraph", "uv": [ 13.0, 3.0, 13.5, 3.5 ] },
						"up": { "texture": "#seraph", "uv": [ 11.5, 2.0, 12.0, 2.5 ] },
						"down": { "texture": "#seraph", "uv": [ 12.0, 2.0, 12.5, 2.5 ] }
					},
					"children": [
						{
							"name": "cube",
							"from": [ 9.8162, 27.2292, 7.001 ],
							"to": [ 11.1912, 27.5542, 7.201 ],
							"uv": [ 8.5, 3.6875 ],
							"rotationOrigin": [ 9.8162, 26.9792, 7.0 ],
							"rotationZ": -13.75,
							"faces": {
								"north": { "texture": "#seraph", "uv": [ 8.5, 4.5, 9.5, 5.0 ] },
								"east": { "texture": "#seraph", "uv": [ 9.5, 4.5, 10.0, 5.0 ] },
								"south": { "texture": "#seraph", "uv": [ 10.0, 4.5, 11.0, 5.0 ] },
								"west": { "texture": "#seraph", "uv": [ 11.0, 4.5, 11.5, 5.0 ] },
								"up": { "texture": "#seraph", "uv": [ 8.5, 3.5, 9.5, 4.0 ] },
								"down": { "texture": "#seraph", "uv": [ 9.5, 3.5, 10.5, 4.0 ] }
							}
						},
						{
							"name": "cube",
							"from": [ 10.2912, 26.7292, 7.0 ],
							"to": [ 10.8412, 26.9542, 7.2 ],
							"uv": [ 13.25, 5.1875 ],
							"rotationOrigin": [ 9.8162, 26.9792, 7.0 ],
							"rotationZ": 15.5,
							"faces": {
								"north": { "texture": "#seraph", "uv": [ 13.5, 6.0, 14.0, 6.5 ] },
								"east": { "texture": "#seraph", "uv": [ 14.0, 6.0, 14.5, 6.5 ] },
								"south": { "texture": "#seraph", "uv": [ 14.5, 6.0, 15.0, 6.5 ] },
								"west": { "texture": "#seraph", "uv": [ 15.0, 6.0, 15.5, 6.5 ] },
								"up": { "texture": "#seraph", "uv": [ 13.5, 5.0, 14.0, 5.5 ] },
								"down": { "texture": "#seraph", "uv": [ 14.0, 5.0, 14.5, 5.5 ] }
							}
						},
						{
							"name": "cube",
							"from": [ 11.4988, 26.24, 7.0 ],
							"to": [ 12.0238, 26.415, 7.2 ],
							"uv": [ 11.75, 5.5938 ],
							"rotationOrigin": [ 10.3238, 26.115, 7.0 ],
							"rotationZ": 35.25,
							"faces": {
								"north": { "texture": "#seraph", "uv": [ 12.0, 6.5, 12.5, 7.0 ] },
								"east": { "texture": "#seraph", "uv": [ 12.5, 6.5, 13.0, 7.0 ] },
								"south": { "texture": "#seraph", "uv": [ 13.0, 6.5, 13.5, 7.0 ] },
								"west": { "texture": "#seraph", "uv": [ 13.5, 6.5, 14.0, 7.0 ] },
								"up": { "texture": "#seraph", "uv": [ 12.0, 5.5, 12.5, 6.0 ] },
								"down": { "texture": "#seraph", "uv": [ 12.5, 5.5, 13.0, 6.0 ] }
							}
						},
						{
							"name": "cube",
							"from": [ 9.7072, 27.5822, 7.0 ],
							"to": [ 10.8822, 28.6572, 7.2 ],
							"uv": [ 7.75, 1.5313 ],
							"rotationOrigin": [ 9.7072, 27.0072, 7.0 ],
							"rotationZ": -13.75,
							"faces": {
								"north": { "texture": "#seraph", "uv": [ 8.0, 2.5, 9.0, 3.5 ] },
								"east": { "texture": "#seraph", "uv": [ 9.0, 2.5, 9.5, 3.5 ] },
								"south": { "texture": "#seraph", "uv": [ 9.5, 2.5, 10.5, 3.5 ] },
								"west": { "texture": "#seraph", "uv": [ 10.5, 2.5, 11.0, 3.5 ] },
								"up": { "texture": "#seraph", "uv": [ 8.0, 1.5, 9.0, 2.0 ] },
								"down": { "texture": "#seraph", "uv": [ 9.0, 1.5, 10.0, 2.0 ] }
							}
						},
						{
							"name": "cube",
							"from": [ 9.7072, 28.4822, 6.9 ],
							"to": [ 10.8822, 28.6572, 7.2 ],
							"uv": [ 7.75, 5.6563 ],
							"rotationOrigin": [ 9.7072, 27.0072, 7.0 ],
							"rotationZ": -13.75,
							"faces": {
								"north": { "texture": "#seraph", "uv": [ 8.0, 6.5, 9.0, 7.0 ] },
								"east": { "texture": "#seraph", "uv": [ 9.0, 6.5, 9.5, 7.0 ] },
								"south": { "texture": "#seraph", "uv": [ 9.5, 6.5, 10.5, 7.0 ] },
								"west": { "texture": "#seraph", "uv": [ 10.5, 6.5, 11.0, 7.0 ] },
								"up": { "texture": "#seraph", "uv": [ 8.0, 5.5, 9.0, 6.0 ] },
								"down": { "texture": "#seraph", "uv": [ 9.0, 5.5, 10.0, 6.0 ] }
							}
						},
						{
							"name": "cube",
							"from": [ 10.175, 27.75, 6.999 ],
							"to": [ 11.0, 28.925, 7.199 ],
							"uv": [ 4.75, -0.0937 ],
							"rotationOrigin": [ 9.8, 27.0, 7.0 ],
							"rotationZ": -36.25,
							"faces": {
								"north": { "texture": "#seraph", "uv": [ 5.0, 0.5, 5.5, 1.5 ] },
								"east": { "texture": "#seraph", "uv": [ 5.5, 0.5, 6.0, 1.5 ] },
								"south": { "texture": "#seraph", "uv": [ 6.0, 0.5, 6.5, 1.5 ] },
								"west": { "texture": "#seraph", "uv": [ 6.5, 0.5, 7.0, 1.5 ] },
								"up": { "texture": "#seraph", "uv": [ 5.0, 0.0, 5.5, 0.5 ] },
								"down": { "texture": "#seraph", "uv": [ 5.5, 0.0, 6.0, 0.5 ] }
							}
						},
						{
							"name": "cube",
							"from": [ 10.175, 28.75, 6.9 ],
							"to": [ 11.0, 28.925, 7.0 ],
							"uv": [ 11.5, 3.6875 ],
							"rotationOrigin": [ 9.8, 27.0, 7.0 ],
							"rotationZ": -36.25,
							"faces": {
								"north": { "texture": "#seraph", "uv": [ 11.5, 4.5, 12.0, 5.0 ] },
								"east": { "texture": "#seraph", "uv": [ 12.0, 4.5, 12.5, 5.0 ] },
								"south": { "texture": "#seraph", "uv": [ 12.5, 4.5, 13.0, 5.0 ] },
								"west": { "texture": "#seraph", "uv": [ 13.0, 4.5, 13.5, 5.0 ] },
								"up": { "texture": "#seraph", "uv": [ 11.5, 3.5, 12.0, 4.0 ] },
								"down": { "texture": "#seraph", "uv": [ 12.0, 3.5, 12.5, 4.0 ] }
							}
						},
						{
							"name": "cube",
							"from": [ 11.7869, 27.0026, 7.0 ],
							"to": [ 12.2369, 27.6026, 7.2 ],
							"uv": [ 15.0, 0.4063 ],
							"rotationOrigin": [ 10.5869, 25.6776, 7.0 ],
							"rotationZ": 9.25,
							"faces": {
								"north": { "texture": "#seraph", "uv": [ 15.0, 1.0, 15.5, 1.5 ] },
								"east": { "texture": "#seraph", "uv": [ 15.5, 1.0, 16.0, 1.5 ] },
								"south": { "texture": "#seraph", "uv": [ 16.0, 1.0, 16.5, 1.5 ] },
								"west": { "texture": "#seraph", "uv": [ 16.5, 1.0, 17.0, 1.5 ] },
								"up": { "texture": "#seraph", "uv": [ 15.0, 0.5, 15.5, 1.0 ] },
								"down": { "texture": "#seraph", "uv": [ 15.5, 0.5, 16.0, 1.0 ] }
							}
						},
						{
							"name": "cube",
							"from": [ 12.08, 27.045, 7.25 ],
							"to": [ 12.23, 27.645, 7.35 ],
							"uv": [ 13.0, 2.5 ],
							"rotationOrigin": [ 10.58, 25.72, 7.3163 ],
							"rotationX": -9.5,
							"rotationZ": 9.25,
							"faces": {
								"north": { "texture": "#seraph", "uv": [ 13.0, 3.0, 13.5, 3.5 ] },
								"east": { "texture": "#seraph", "uv": [ 13.5, 3.0, 14.0, 3.5 ] },
								"south": { "texture": "#seraph", "uv": [ 14.0, 3.0, 14.5, 3.5 ] },
								"west": { "texture": "#seraph", "uv": [ 14.5, 3.0, 15.0, 3.5 ] },
								"up": { "texture": "#seraph", "uv": [ 13.0, 2.5, 13.5, 3.0 ] },
								"down": { "texture": "#seraph", "uv": [ 13.5, 2.5, 14.0, 3.0 ] }
							}
						}
					]
				},
				{
					"name": "Cube4",
					"from": [ 0.0, 0.0, -0.4 ],
					"to": [ 0.0, 0.0, -0.4 ],
					"uv": [ 15.0, 1.5938 ],
					"rotationOrigin": [ 4.0, 28.0, 6.6 ],
					"rotationY": -15.0,
					"faces": {
						"north": { "texture": "#seraph", "uv": [ 15.0, 2.5, 15.5, 3.0 ] },
						"east": { "texture": "#seraph", "uv": [ 15.5, 2.5, 16.0, 3.0 ] },
						"south": { "texture": "#seraph", "uv": [ 16.0, 2.5, 16.5, 3.0 ] },
						"west": { "texture": "#seraph", "uv": [ 16.5, 2.5, 17.0, 3.0 ] },
						"up": { "texture": "#seraph", "uv": [ 15.0, 1.5, 15.5, 2.0 ] },
						"down": { "texture": "#seraph", "uv": [ 15.5, 1.5, 16.0, 2.0 ] }
					},
					"children": [
						{
							"name": "cube",
							"from": [ 3.7631, 27.0026, 7.0 ],
							"to": [ 4.2131, 27.6026, 7.2 ],
							"uv": [ 15.5, 4.3438 ],
							"rotationOrigin": [ 5.4131, 25.6776, 7.0 ],
							"rotationZ": -9.25,
							"faces": {
								"north": { "texture": "#seraph", "uv": [ 15.5, 5.0, 16.0, 5.5 ] },
								"east": { "texture": "#seraph", "uv": [ 16.0, 5.0, 16.5, 5.5 ] },
								"south": { "texture": "#seraph", "uv": [ 16.5, 5.0, 17.0, 5.5 ] },
								"west": { "texture": "#seraph", "uv": [ 17.0, 5.0, 17.5, 5.5 ] },
								"up": { "texture": "#seraph", "uv": [ 15.5, 4.5, 16.0, 5.0 ] },
								"down": { "texture": "#seraph", "uv": [ 16.0, 4.5, 16.5, 5.0 ] }
							}
						},
						{
							"name": "cube",
							"from": [ 5.1178, 27.5822, 7.001 ],
							"to": [ 6.2928, 28.6572, 7.201 ],
							"uv": [ 5.0, 3.0 ],
							"rotationOrigin": [ 6.2928, 27.0072, 7.0 ],
							"rotationZ": 13.75,
							"faces": {
								"north": { "texture": "#seraph", "uv": [ 5.0, 3.5, 6.0, 4.5 ] },
								"east": { "texture": "#seraph", "uv": [ 6.0, 3.5, 6.5, 4.5 ] },
								"south": { "texture": "#seraph", "uv": [ 6.5, 3.5, 7.5, 4.5 ] },
								"west": { "texture": "#seraph", "uv": [ 7.5, 3.5, 8.0, 4.5 ] },
								"up": { "texture": "#seraph", "uv": [ 5.0, 3.0, 6.0, 3.5 ] },
								"down": { "texture": "#seraph", "uv": [ 6.0, 3.0, 7.0, 3.5 ] }
							}
						},
						{
							"name": "cube",
							"from": [ 4.8088, 27.2292, 6.998 ],
							"to": [ 6.1838, 27.5542, 7.198 ],
							"uv": [ 6.75, 0.3438 ],
							"rotationOrigin": [ 6.1838, 26.9792, 7.0 ],
							"rotationZ": 13.75,
							"faces": {
								"north": { "texture": "#seraph", "uv": [ 7.0, 1.0, 8.0, 1.5 ] },
								"east": { "texture": "#seraph", "uv": [ 8.0, 1.0, 8.5, 1.5 ] },
								"south": { "texture": "#seraph", "uv": [ 8.5, 1.0, 9.5, 1.5 ] },
								"west": { "texture": "#seraph", "uv": [ 9.5, 1.0, 10.0, 1.5 ] },
								"up": { "texture": "#seraph", "uv": [ 7.0, 0.5, 8.0, 1.0 ] },
								"down": { "texture": "#seraph", "uv": [ 8.0, 0.5, 9.0, 1.0 ] }
							}
						},
						{
							"name": "cube",
							"from": [ 5.0, 27.75, 6.999 ],
							"to": [ 5.825, 28.925, 7.199 ],
							"uv": [ 13.0, 0.5 ],
							"rotationOrigin": [ 6.2, 27.0, 7.0 ],
							"rotationZ": 36.25,
							"faces": {
								"north": { "texture": "#seraph", "uv": [ 13.0, 1.0, 13.5, 2.0 ] },
								"east": { "texture": "#seraph", "uv": [ 13.5, 1.0, 14.0, 2.0 ] },
								"south": { "texture": "#seraph", "uv": [ 14.0, 1.0, 14.5, 2.0 ] },
								"west": { "texture": "#seraph", "uv": [ 14.5, 1.0, 15.0, 2.0 ] },
								"up": { "texture": "#seraph", "uv": [ 13.0, 0.5, 13.5, 1.0 ] },
								"down": { "texture": "#seraph", "uv": [ 13.5, 0.5, 14.0, 1.0 ] }
							}
						},
						{
							"name": "cube",
							"from": [ 5.1588, 26.7292, 7.0 ],
							"to": [ 5.7088, 26.9542, 7.2 ],
							"uv": [ 10.25, 0.2813 ],
							"rotationOrigin": [ 6.1838, 26.9792, 7.0 ],
							"rotationZ": -15.5,
							"faces": {
								"north": { "texture": "#seraph", "uv": [ 10.5, 1.0, 11.0, 1.5 ] },
								"east": { "texture": "#seraph", "uv": [ 11.0, 1.0, 11.5, 1.5 ] },
								"south": { "texture": "#seraph", "uv": [ 11.5, 1.0, 12.0, 1.5 ] },
								"west": { "texture": "#seraph", "uv": [ 12.0, 1.0, 12.5, 1.5 ] },
								"up": { "texture": "#seraph", "uv": [ 10.5, 0.5, 11.0, 1.0 ] },
								"down": { "texture": "#seraph", "uv": [ 11.0, 0.5, 11.5, 1.0 ] }
							}
						},
						{
							"name": "cube",
							"from": [ 5.0, 28.75, 6.9 ],
							"to": [ 5.825, 28.925, 7.0 ],
							"uv": [ 7.0, 4.2813 ],
							"rotationOrigin": [ 6.2, 27.0, 7.0 ],
							"rotationZ": 36.25,
							"faces": {
								"north": { "texture": "#seraph", "uv": [ 7.0, 5.0, 7.5, 5.5 ] },
								"east": { "texture": "#seraph", "uv": [ 7.5, 5.0, 8.0, 5.5 ] },
								"south": { "texture": "#seraph", "uv": [ 8.0, 5.0, 8.5, 5.5 ] },
								"west": { "texture": "#seraph", "uv": [ 8.5, 5.0, 9.0, 5.5 ] },
								"up": { "texture": "#seraph", "uv": [ 7.0, 4.5, 7.5, 5.0 ] },
								"down": { "texture": "#seraph", "uv": [ 7.5, 4.5, 8.0, 5.0 ] }
							}
						},
						{
							"name": "cube",
							"from": [ 3.9762, 26.24, 7.0 ],
							"to": [ 4.5012, 26.415, 7.2 ],
							"uv": [ 5.5, 1.5 ],
							"rotationOrigin": [ 5.6762, 26.115, 7.0 ],
							"rotationZ": -35.25,
							"faces": {
								"north": { "texture": "#seraph", "uv": [ 5.5, 2.0, 6.0, 2.5 ] },
								"east": { "texture": "#seraph", "uv": [ 6.0, 2.0, 6.5, 2.5 ] },
								"south": { "texture": "#seraph", "uv": [ 6.5, 2.0, 7.0, 2.5 ] },
								"west": { "texture": "#seraph", "uv": [ 7.0, 2.0, 7.5, 2.5 ] },
								"up": { "texture": "#seraph", "uv": [ 5.5, 1.5, 6.0, 2.0 ] },
								"down": { "texture": "#seraph", "uv": [ 6.0, 1.5, 6.5, 2.0 ] }
							}
						},
						{
							"name": "cube",
							"from": [ 5.1178, 28.4822, 6.9 ],
							"to": [ 6.2928, 28.6572, 7.2 ],
							"uv": [ 4.5, 4.5938 ],
							"rotationOrigin": [ 6.2928, 27.0072, 7.0 ],
							"rotationZ": 13.75,
							"faces": {
								"north": { "texture": "#seraph", "uv": [ 4.5, 5.5, 5.5, 6.0 ] },
								"east": { "texture": "#seraph", "uv": [ 5.5, 5.5, 6.0, 6.0 ] },
								"south": { "texture": "#seraph", "uv": [ 6.0, 5.5, 7.0, 6.0 ] },
								"west": { "texture": "#seraph", "uv": [ 7.0, 5.5, 7.5, 6.0 ] },
								"up": { "texture": "#seraph", "uv": [ 4.5, 4.5, 5.5, 5.0 ] },
								"down": { "texture": "#seraph", "uv": [ 5.5, 4.5, 6.5, 5.0 ] }
							}
						},
						{
							"name": "cube",
							"from": [ 3.77, 27.045, 7.25 ],
							"to": [ 3.92, 27.645, 7.35 ],
							"uv": [ 10.25, 4.0938 ],
							"rotationOrigin": [ 5.42, 25.72, 7.3163 ],
							"rotationX": -9.5,
							"rotationZ": -9.25,
							"faces": {
								"north": { "texture": "#seraph", "uv": [ 10.25, 4.75, 10.5, 5.3438 ] },
								"east": { "texture": "#seraph", "uv": [ 10.5, 4.75, 10.75, 5.3438 ] },
								"south": { "texture": "#seraph", "uv": [ 10.75, 4.75, 11.0, 5.3438 ] },
								"west": { "texture": "#seraph", "uv": [ 11.0, 4.75, 11.25, 5.3438 ] },
								"up": { "texture": "#seraph", "uv": [ 10.25, 4.1563, 10.5, 4.75 ] },
								"down": { "texture": "#seraph", "uv": [ 10.5, 4.1563, 10.75, 4.75 ] }
							}
						}
					]
				}
			]
		}
	]}