{
	"editor": {
		"backDropShape": "seraph-hairless",
		"allAngles": true,
		"entityTextureMode": true
	},
	"textureWidth": 32,
	"textureHeight": 76,
	"textureSizes": {
		"seraph": [32,76]
	},
	"textures": {
		"seraph": "game:entity/humanoid/seraph-naked-hairless"
	},
	"elements": [
		{
			"name": "Cube2",
			"stepParentName": "Head",
			"from": [ 9.0, -25.0, -5.5 ],
			"to": [ 9.0, -25.0, -5.5 ],
			"uv": [ 6.0, 0.75 ],
			"rotationOrigin": [ 9.0, -25.0, -5.5 ],
			"rotationY": -90.0,
			"faces": {
				"north": { "texture": "#seraph", "uv": [ 6.0, 1.5, 6.5, 2.0 ] },
				"east": { "texture": "#seraph", "uv": [ 6.5, 1.5, 7.0, 2.0 ] },
				"south": { "texture": "#seraph", "uv": [ 7.0, 1.5, 7.5, 2.0 ] },
				"west": { "texture": "#seraph", "uv": [ 7.5, 1.5, 8.0, 2.0 ] },
				"up": { "texture": "#seraph", "uv": [ 6.0, 1.0, 6.5, 1.5 ] },
				"down": { "texture": "#seraph", "uv": [ 6.5, 1.0, 7.0, 1.5 ] }
			},
			"children": [
				{
					"name": "cube",
					"from": [ 9.9, 27.0, 7.0 ],
					"to": [ 11.1, 28.35, 7.2 ],
					"uv": [ 8.5, 1.3438 ],
					"rotationOrigin": [ 9.9, 27.0, 7.0 ],
					"rotationY": -10.0,
					"rotationZ": -13.75,
					"faces": {
						"north": { "texture": "#seraph", "uv": [ 8.5, 2.0, 9.5, 3.0 ] },
						"east": { "texture": "#seraph", "uv": [ 9.5, 2.0, 10.0, 3.0 ] },
						"south": { "texture": "#seraph", "uv": [ 10.0, 2.0, 11.0, 3.0 ] },
						"west": { "texture": "#seraph", "uv": [ 11.0, 2.0, 11.5, 3.0 ] },
						"up": { "texture": "#seraph", "uv": [ 8.5, 1.5, 9.5, 2.0 ] },
						"down": { "texture": "#seraph", "uv": [ 9.5, 1.5, 10.5, 2.0 ] }
					}
				},
				{
					"name": "cube",
					"from": [ 4.9, 27.0, 7.0 ],
					"to": [ 6.1, 28.35, 7.2 ],
					"uv": [ 5.25, 2.3438 ],
					"rotationOrigin": [ 6.0, 27.0, 7.0 ],
					"rotationY": 10.0,
					"rotationZ": 13.75,
					"faces": {
						"north": { "texture": "#seraph", "uv": [ 5.5, 3.0, 6.5, 4.0 ] },
						"east": { "texture": "#seraph", "uv": [ 6.5, 3.0, 7.0, 4.0 ] },
						"south": { "texture": "#seraph", "uv": [ 7.0, 3.0, 8.0, 4.0 ] },
						"west": { "texture": "#seraph", "uv": [ 8.0, 3.0, 8.5, 4.0 ] },
						"up": { "texture": "#seraph", "uv": [ 5.5, 2.5, 6.5, 3.0 ] },
						"down": { "texture": "#seraph", "uv": [ 6.5, 2.5, 7.5, 3.0 ] }
					}
				}
			]
		}
	]}