{
	"editor": {
		"backDropShape": "seraph-hairless",
		"allAngles": true,
		"entityTextureMode": true
	},
	"textureWidth": 32,
	"textureHeight": 76,
	"textureSizes": {
		"seraph": [32,76]
	},
	"textures": {
		"seraph": "game:entity/humanoid/seraph-naked-hairless"
	},
	"elements": [
		{
			"name": "Cube2",
			"stepParentName": "Head",
			"from": [ -5.5, -25.0, 10.5 ],
			"to": [ -5.5, -25.0, 10.5 ],
			"uv": [ 14.5, 10.0 ],
			"rotationOrigin": [ -5.5, -25.0, 10.5 ],
			"rotationY": 90.0,
			"faces": {
				"north": { "texture": "#seraph", "uv": [ 14.5, 10.5, 15.0, 11.0 ] },
				"east": { "texture": "#seraph", "uv": [ 15.0, 10.5, 15.5, 11.0 ] },
				"south": { "texture": "#seraph", "uv": [ 15.5, 10.5, 16.0, 11.0 ] },
				"west": { "texture": "#seraph", "uv": [ 16.0, 10.5, 16.5, 11.0 ] },
				"up": { "texture": "#seraph", "uv": [ 14.5, 10.0, 15.0, 10.5 ] },
				"down": { "texture": "#seraph", "uv": [ 15.0, 10.0, 15.5, 10.5 ] }
			},
			"children": [
				{
					"name": "cube6",
					"from": [ 2.86, 28.31, 6.92 ],
					"to": [ 3.5199, 28.4426, 7.0152 ],
					"uv": [ 8.7, 9.4063 ],
					"rotationOrigin": [ 3.3916, 28.342, 8.4737 ],
					"rotationX": 0.8827,
					"rotationY": 8.5,
					"rotationZ": 6.5594,
					"faces": {
						"north": { "texture": "#seraph", "uv": [ 8.5, 10.0, 9.0, 10.5 ] },
						"east": { "texture": "#seraph", "uv": [ 9.5, 10.0, 10.0, 10.5 ] },
						"south": { "texture": "#seraph", "uv": [ 10.0, 10.0, 10.5, 10.5 ] },
						"west": { "texture": "#seraph", "uv": [ 10.5, 10.0, 11.0, 10.5 ] },
						"up": { "texture": "#seraph", "uv": [ 8.5, 9.5, 9.0, 10.0 ] },
						"down": { "texture": "#seraph", "uv": [ 9.5, 9.5, 10.0, 10.0 ] }
					}
				},
				{
					"name": "cube",
					"from": [ 2.5968, 28.4373, 7.0215 ],
					"to": [ 2.7684, 28.6245, 7.2337 ],
					"uv": [ 10.7, 9.6563 ],
					"rotationOrigin": [ 3.0516, 28.2717, 7.1276 ],
					"rotationZ": 34.5,
					"faces": {
						"north": { "texture": "#seraph", "uv": [ 10.5, 10.5, 11.0, 11.0 ] },
						"east": { "texture": "#seraph", "uv": [ 11.5, 10.5, 12.0, 11.0 ] },
						"south": { "texture": "#seraph", "uv": [ 12.0, 10.5, 12.5, 11.0 ] },
						"west": { "texture": "#seraph", "uv": [ 12.5, 10.5, 13.0, 11.0 ] },
						"up": { "texture": "#seraph", "uv": [ 10.5, 9.5, 11.0, 10.0 ] },
						"down": { "texture": "#seraph", "uv": [ 11.5, 9.5, 12.0, 10.0 ] }
					}
				},
				{
					"name": "cube",
					"from": [ 2.6288, 28.3329, 7.0215 ],
					"to": [ 3.2887, 28.4655, 7.2337 ],
					"uv": [ 10.45, 9.6563 ],
					"rotationOrigin": [ 3.1819, 28.342, 7.1276 ],
					"rotationZ": 6.5,
					"faces": {
						"north": { "texture": "#seraph", "uv": [ 10.5, 10.5, 11.0, 11.0 ] },
						"east": { "texture": "#seraph", "uv": [ 11.0, 10.5, 11.5, 11.0 ] },
						"south": { "texture": "#seraph", "uv": [ 11.5, 10.5, 12.0, 11.0 ] },
						"west": { "texture": "#seraph", "uv": [ 12.0, 10.5, 12.5, 11.0 ] },
						"up": { "texture": "#seraph", "uv": [ 10.5, 9.5, 11.0, 10.0 ] },
						"down": { "texture": "#seraph", "uv": [ 11.0, 9.5, 11.5, 10.0 ] }
					}
				},
				{
					"name": "cube",
					"from": [ 4.0684, 28.6266, 7.022 ],
					"to": [ 5.4303, 29.4222, 7.2342 ],
					"uv": [ 9.7, 9.2188 ],
					"rotationOrigin": [ -8.2567, 25.7383, 19.5308 ],
					"rotationZ": -4.75,
					"faces": {
						"north": { "texture": "#seraph", "uv": [ 9.5, 10.0, 10.5, 10.5 ] },
						"east": { "texture": "#seraph", "uv": [ 11.0, 10.0, 11.5, 10.5 ] },
						"south": { "texture": "#seraph", "uv": [ 11.5, 10.0, 12.5, 10.5 ] },
						"west": { "texture": "#seraph", "uv": [ 12.5, 10.0, 13.0, 10.5 ] },
						"up": { "texture": "#seraph", "uv": [ 9.5, 9.0, 10.5, 9.5 ] },
						"down": { "texture": "#seraph", "uv": [ 11.0, 9.0, 12.0, 9.5 ] }
					}
				},
				{
					"name": "cube",
					"from": [ 3.0076, 28.9448, 7.0201 ],
					"to": [ 4.1745, 29.4222, 7.2323 ],
					"uv": [ 10.2, 8.6563 ],
					"rotationOrigin": [ -8.2567, 25.7383, 19.5308 ],
					"rotationZ": -4.75,
					"faces": {
						"north": { "texture": "#seraph", "uv": [ 10.0, 9.5, 11.0, 10.0 ] },
						"east": { "texture": "#seraph", "uv": [ 11.5, 9.5, 12.0, 10.0 ] },
						"south": { "texture": "#seraph", "uv": [ 12.0, 9.5, 13.0, 10.0 ] },
						"west": { "texture": "#seraph", "uv": [ 13.0, 9.5, 13.5, 10.0 ] },
						"up": { "texture": "#seraph", "uv": [ 10.0, 8.5, 11.0, 9.0 ] },
						"down": { "texture": "#seraph", "uv": [ 11.5, 8.5, 12.5, 9.0 ] }
					}
				},
				{
					"name": "cube",
					"from": [ -2.0371, 15.9602, 7.0201 ],
					"to": [ -1.7859, 16.5405, 7.2323 ],
					"uv": [ 10.2, 7.4375 ],
					"rotationOrigin": [ -8.2567, 25.7383, 19.5308 ],
					"rotationZ": 68.5,
					"faces": {
						"north": { "texture": "#seraph", "uv": [ 10.0, 8.0, 10.5, 8.5 ] },
						"east": { "texture": "#seraph", "uv": [ 11.0, 8.0, 11.5, 8.5 ] },
						"south": { "texture": "#seraph", "uv": [ 11.5, 8.0, 12.0, 8.5 ] },
						"west": { "texture": "#seraph", "uv": [ 12.0, 8.0, 12.5, 8.5 ] },
						"up": { "texture": "#seraph", "uv": [ 10.0, 7.5, 10.5, 8.0 ] },
						"down": { "texture": "#seraph", "uv": [ 11.0, 7.5, 11.5, 8.0 ] }
					}
				},
				{
					"name": "cube",
					"from": [ 3.0261, 23.8199, 7.0215 ],
					"to": [ 3.3958, 24.0836, 7.2337 ],
					"uv": [ 15.95, 8.5938 ],
					"rotationOrigin": [ -8.2567, 25.7383, 19.5308 ],
					"rotationZ": 21.5,
					"faces": {
						"north": { "texture": "#seraph", "uv": [ 16.0, 9.5, 16.5, 10.0 ] },
						"east": { "texture": "#seraph", "uv": [ 16.5, 9.5, 17.0, 10.0 ] },
						"south": { "texture": "#seraph", "uv": [ 17.0, 9.5, 17.5, 10.0 ] },
						"west": { "texture": "#seraph", "uv": [ 17.5, 9.5, 18.0, 10.0 ] },
						"up": { "texture": "#seraph", "uv": [ 16.0, 8.5, 16.5, 9.0 ] },
						"down": { "texture": "#seraph", "uv": [ 16.5, 8.5, 17.0, 9.0 ] }
					}
				},
				{
					"name": "cube",
					"from": [ 2.0725, 30.9921, 7.0202 ],
					"to": [ 4.6356, 31.549, 7.2324 ],
					"uv": [ 6.95, 8.6564 ],
					"rotationOrigin": [ -8.2567, 25.7383, 19.5308 ],
					"rotationZ": -16.0,
					"faces": {
						"north": { "texture": "#seraph", "uv": [ 7.0, 9.5, 9.5, 10.0 ] },
						"east": { "texture": "#seraph", "uv": [ 9.5, 9.5, 10.0, 10.0 ] },
						"south": { "texture": "#seraph", "uv": [ 10.0, 9.5, 12.5, 10.0 ] },
						"west": { "texture": "#seraph", "uv": [ 12.5, 9.5, 13.0, 10.0 ] },
						"up": { "texture": "#seraph", "uv": [ 7.0, 8.5, 9.5, 9.0 ] },
						"down": { "texture": "#seraph", "uv": [ 9.5, 8.5, 12.0, 9.0 ] }
					}
				},
				{
					"name": "cube",
					"from": [ 1.6532, 33.1333, 7.0215 ],
					"to": [ 3.7483, 33.6591, 7.2337 ],
					"uv": [ 11.7, 9.0938 ],
					"rotationOrigin": [ -8.2567, 25.7383, 19.5308 ],
					"rotationZ": -27.5,
					"faces": {
						"north": { "texture": "#seraph", "uv": [ 11.5, 10.0, 13.5, 10.5 ] },
						"east": { "texture": "#seraph", "uv": [ 14.0, 10.0, 14.5, 10.5 ] },
						"south": { "texture": "#seraph", "uv": [ 14.5, 10.0, 16.5, 10.5 ] },
						"west": { "texture": "#seraph", "uv": [ 16.5, 10.0, 17.0, 10.5 ] },
						"up": { "texture": "#seraph", "uv": [ 11.5, 9.0, 13.5, 9.5 ] },
						"down": { "texture": "#seraph", "uv": [ 14.0, 9.0, 16.0, 9.5 ] }
					}
				},
				{
					"name": "cube",
					"from": [ 3.0076, 29.2958, 6.9263 ],
					"to": [ 4.0965, 29.4222, 7.0215 ],
					"uv": [ 10.2, 7.375 ],
					"rotationOrigin": [ -8.2567, 25.7383, 19.5308 ],
					"rotationZ": -4.75,
					"faces": {
						"north": { "texture": "#seraph", "uv": [ 10.0, 8.0, 11.0, 8.5 ] },
						"east": { "texture": "#seraph", "uv": [ 11.5, 8.0, 12.0, 8.5 ] },
						"south": { "texture": "#seraph", "uv": [ 12.0, 8.0, 13.0, 8.5 ] },
						"west": { "texture": "#seraph", "uv": [ 13.0, 8.0, 13.5, 8.5 ] },
						"up": { "texture": "#seraph", "uv": [ 10.0, 7.5, 11.0, 8.0 ] },
						"down": { "texture": "#seraph", "uv": [ 11.5, 7.5, 12.5, 8.0 ] }
					}
				},
				{
					"name": "cube",
					"from": [ 4.0684, 29.2896, 6.9263 ],
					"to": [ 5.4303, 29.4222, 7.0215 ],
					"uv": [ 10.95, 9.2863 ],
					"rotationOrigin": [ -8.2567, 25.7383, 19.5308 ],
					"rotationZ": -4.75,
					"faces": {
						"north": { "texture": "#seraph", "uv": [ 11.0, 10.0, 12.0, 10.5 ] },
						"east": { "texture": "#seraph", "uv": [ 12.0, 10.0, 12.5, 10.5 ] },
						"south": { "texture": "#seraph", "uv": [ 12.5, 10.0, 13.5, 10.5 ] },
						"west": { "texture": "#seraph", "uv": [ 13.5, 10.0, 14.0, 10.5 ] },
						"up": { "texture": "#seraph", "uv": [ 11.0, 9.5, 12.0, 10.0 ] },
						"down": { "texture": "#seraph", "uv": [ 12.0, 9.5, 13.0, 10.0 ] }
					}
				},
				{
					"name": "cube",
					"from": [ 17.7859, 15.9602, 7.0215 ],
					"to": [ 18.0371, 16.5405, 7.2337 ],
					"uv": [ 8.75, 8.8751 ],
					"rotationOrigin": [ 24.2567, 25.7383, 19.5308 ],
					"rotationZ": -68.5,
					"faces": {
						"north": { "texture": "#seraph", "uv": [ 9.0, 9.5, 9.5, 10.0 ] },
						"east": { "texture": "#seraph", "uv": [ 9.5, 9.5, 10.0, 10.0 ] },
						"south": { "texture": "#seraph", "uv": [ 10.0, 9.5, 10.5, 10.0 ] },
						"west": { "texture": "#seraph", "uv": [ 10.5, 9.5, 11.0, 10.0 ] },
						"up": { "texture": "#seraph", "uv": [ 9.0, 9.0, 9.5, 9.5 ] },
						"down": { "texture": "#seraph", "uv": [ 9.5, 9.0, 10.0, 9.5 ] }
					}
				},
				{
					"name": "cube",
					"from": [ 12.6042, 23.8199, 7.0215 ],
					"to": [ 12.9739, 24.0836, 7.2337 ],
					"uv": [ 12.5, 7.0625 ],
					"rotationOrigin": [ 24.2567, 25.7383, 19.5308 ],
					"rotationZ": -21.5,
					"faces": {
						"north": { "texture": "#seraph", "uv": [ 12.5, 8.0, 13.0, 8.5 ] },
						"east": { "texture": "#seraph", "uv": [ 13.0, 8.0, 13.5, 8.5 ] },
						"south": { "texture": "#seraph", "uv": [ 13.5, 8.0, 14.0, 8.5 ] },
						"west": { "texture": "#seraph", "uv": [ 14.0, 8.0, 14.5, 8.5 ] },
						"up": { "texture": "#seraph", "uv": [ 12.5, 7.0, 13.0, 7.5 ] },
						"down": { "texture": "#seraph", "uv": [ 13.0, 7.0, 13.5, 7.5 ] }
					}
				},
				{
					"name": "cube",
					"from": [ 13.2316, 28.4373, 7.0215 ],
					"to": [ 13.4032, 28.6245, 7.2337 ],
					"uv": [ 14.75, 7.2814 ],
					"rotationOrigin": [ 12.9484, 28.2717, 7.1276 ],
					"rotationZ": -34.5,
					"faces": {
						"north": { "texture": "#seraph", "uv": [ 15.0, 8.0, 15.5, 8.5 ] },
						"east": { "texture": "#seraph", "uv": [ 15.5, 8.0, 16.0, 8.5 ] },
						"south": { "texture": "#seraph", "uv": [ 16.0, 8.0, 16.5, 8.5 ] },
						"west": { "texture": "#seraph", "uv": [ 16.5, 8.0, 17.0, 8.5 ] },
						"up": { "texture": "#seraph", "uv": [ 15.0, 7.5, 15.5, 8.0 ] },
						"down": { "texture": "#seraph", "uv": [ 15.5, 7.5, 16.0, 8.0 ] }
					}
				},
				{
					"name": "cube7",
					"from": [ 12.49, 28.31, 6.9246 ],
					"to": [ 13.1499, 28.4426, 7.0198 ],
					"uv": [ 8.5, 7.2813 ],
					"rotationOrigin": [ 12.6084, 28.342, 8.4737 ],
					"rotationX": 0.8827,
					"rotationY": -8.5,
					"rotationZ": -6.5594,
					"faces": {
						"north": { "texture": "#seraph", "uv": [ 8.5, 8.0, 9.0, 8.5 ] },
						"east": { "texture": "#seraph", "uv": [ 9.0, 8.0, 9.5, 8.5 ] },
						"south": { "texture": "#seraph", "uv": [ 9.5, 8.0, 10.0, 8.5 ] },
						"west": { "texture": "#seraph", "uv": [ 10.0, 8.0, 10.5, 8.5 ] },
						"up": { "texture": "#seraph", "uv": [ 8.5, 7.5, 9.0, 8.0 ] },
						"down": { "texture": "#seraph", "uv": [ 9.0, 7.5, 9.5, 8.0 ] }
					}
				},
				{
					"name": "cubee",
					"from": [ 12.71, 28.3329, 7.0215 ],
					"to": [ 13.3699, 28.4655, 7.2337 ],
					"uv": [ 9.25, 8.0626 ],
					"rotationOrigin": [ 12.82, 28.342, 7.1276 ],
					"rotationZ": -6.5,
					"faces": {
						"north": { "texture": "#seraph", "uv": [ 9.5, 9.0, 10.0, 9.5 ] },
						"east": { "texture": "#seraph", "uv": [ 10.0, 9.0, 10.5, 9.5 ] },
						"south": { "texture": "#seraph", "uv": [ 10.5, 9.0, 11.0, 9.5 ] },
						"west": { "texture": "#seraph", "uv": [ 11.0, 9.0, 11.5, 9.5 ] },
						"up": { "texture": "#seraph", "uv": [ 9.5, 8.0, 10.0, 8.5 ] },
						"down": { "texture": "#seraph", "uv": [ 10.0, 8.0, 10.5, 8.5 ] }
					}
				},
				{
					"name": "cube",
					"from": [ 12.2517, 33.1333, 7.0203 ],
					"to": [ 14.3468, 33.659, 7.2325 ],
					"uv": [ 12.75, 9.7188 ],
					"rotationOrigin": [ 24.2567, 25.7383, 19.5308 ],
					"rotationZ": 27.5,
					"faces": {
						"north": { "texture": "#seraph", "uv": [ 13.0, 10.5, 15.0, 11.0 ] },
						"east": { "texture": "#seraph", "uv": [ 15.0, 10.5, 15.5, 11.0 ] },
						"south": { "texture": "#seraph", "uv": [ 15.5, 10.5, 17.5, 11.0 ] },
						"west": { "texture": "#seraph", "uv": [ 17.5, 10.5, 18.0, 11.0 ] },
						"up": { "texture": "#seraph", "uv": [ 13.0, 9.5, 15.0, 10.0 ] },
						"down": { "texture": "#seraph", "uv": [ 15.0, 9.5, 17.0, 10.0 ] }
					}
				},
				{
					"name": "cube",
					"from": [ 11.3644, 30.9921, 7.0202 ],
					"to": [ 13.9275, 31.549, 7.2324 ],
					"uv": [ 9.5, 9.8751 ],
					"rotationOrigin": [ 24.2567, 25.7383, 19.5308 ],
					"rotationZ": 16.0,
					"faces": {
						"north": { "texture": "#seraph", "uv": [ 9.5, 10.5, 12.0, 11.0 ] },
						"east": { "texture": "#seraph", "uv": [ 12.0, 10.5, 12.5, 11.0 ] },
						"south": { "texture": "#seraph", "uv": [ 12.5, 10.5, 15.0, 11.0 ] },
						"west": { "texture": "#seraph", "uv": [ 15.0, 10.5, 15.5, 11.0 ] },
						"up": { "texture": "#seraph", "uv": [ 9.5, 10.0, 12.0, 10.5 ] },
						"down": { "texture": "#seraph", "uv": [ 12.0, 10.0, 14.5, 10.5 ] }
					}
				},
				{
					"name": "cube",
					"from": [ 11.9035, 29.2958, 6.9263 ],
					"to": [ 12.9924, 29.4222, 7.0215 ],
					"uv": [ 12.75, 9.2813 ],
					"rotationOrigin": [ 24.2567, 25.7383, 19.5308 ],
					"rotationZ": 4.75,
					"faces": {
						"north": { "texture": "#seraph", "uv": [ 13.0, 10.0, 14.0, 10.5 ] },
						"east": { "texture": "#seraph", "uv": [ 14.0, 10.0, 14.5, 10.5 ] },
						"south": { "texture": "#seraph", "uv": [ 14.5, 10.0, 15.5, 10.5 ] },
						"west": { "texture": "#seraph", "uv": [ 15.5, 10.0, 16.0, 10.5 ] },
						"up": { "texture": "#seraph", "uv": [ 13.0, 9.5, 14.0, 10.0 ] },
						"down": { "texture": "#seraph", "uv": [ 14.0, 9.5, 15.0, 10.0 ] }
					}
				},
				{
					"name": "cube",
					"from": [ 11.8255, 28.9448, 7.0201 ],
					"to": [ 12.9924, 29.4222, 7.2323 ],
					"uv": [ 7.75, 8.3438 ],
					"rotationOrigin": [ 24.2567, 25.7383, 19.5308 ],
					"rotationZ": 4.75,
					"faces": {
						"north": { "texture": "#seraph", "uv": [ 8.0, 9.0, 9.0, 9.5 ] },
						"east": { "texture": "#seraph", "uv": [ 9.0, 9.0, 9.5, 9.5 ] },
						"south": { "texture": "#seraph", "uv": [ 9.5, 9.0, 10.5, 9.5 ] },
						"west": { "texture": "#seraph", "uv": [ 10.5, 9.0, 11.0, 9.5 ] },
						"up": { "texture": "#seraph", "uv": [ 8.0, 8.5, 9.0, 9.0 ] },
						"down": { "texture": "#seraph", "uv": [ 9.0, 8.5, 10.0, 9.0 ] }
					}
				},
				{
					"name": "cube",
					"from": [ 10.5697, 29.2896, 6.9263 ],
					"to": [ 11.9316, 29.4222, 7.0215 ],
					"uv": [ 9.25, 9.8125 ],
					"rotationOrigin": [ 24.2567, 25.7383, 19.5308 ],
					"rotationZ": 4.75,
					"faces": {
						"north": { "texture": "#seraph", "uv": [ 9.5, 10.5, 10.5, 11.0 ] },
						"east": { "texture": "#seraph", "uv": [ 10.5, 10.5, 11.0, 11.0 ] },
						"south": { "texture": "#seraph", "uv": [ 11.0, 10.5, 12.0, 11.0 ] },
						"west": { "texture": "#seraph", "uv": [ 12.0, 10.5, 12.5, 11.0 ] },
						"up": { "texture": "#seraph", "uv": [ 9.5, 10.0, 10.5, 10.5 ] },
						"down": { "texture": "#seraph", "uv": [ 10.5, 10.0, 11.5, 10.5 ] }
					}
				},
				{
					"name": "cube",
					"from": [ 10.5697, 28.6266, 7.0201 ],
					"to": [ 11.9316, 29.4222, 7.2323 ],
					"uv": [ 11.75, 8.2813 ],
					"rotationOrigin": [ 24.2567, 25.7383, 19.5308 ],
					"rotationZ": 4.75,
					"faces": {
						"north": { "texture": "#seraph", "uv": [ 12.0, 9.0, 13.0, 9.5 ] },
						"east": { "texture": "#seraph", "uv": [ 13.0, 9.0, 13.5, 9.5 ] },
						"south": { "texture": "#seraph", "uv": [ 13.5, 9.0, 14.5, 9.5 ] },
						"west": { "texture": "#seraph", "uv": [ 14.5, 9.0, 15.0, 9.5 ] },
						"up": { "texture": "#seraph", "uv": [ 12.0, 8.5, 13.0, 9.0 ] },
						"down": { "texture": "#seraph", "uv": [ 13.0, 8.5, 14.0, 9.0 ] }
					}
				}
			]
		}
	]}