{
	"editor": {
		"backDropShape": "entity/humanoid/seraph",
		"collapsedPaths": "Root/bandN/toothR1,Root/bandN/toothL1",
		"allAngles": true,
		"entityTextureMode": true
	},
	"textureWidth": 64,
	"textureHeight": 64,
	"textureSizes": {
	},
	"textures": {
		"material": "entity/humanoid/serapharmor/sewn/linen"
	},
	"elements": [
		{
			"name": "GamHelmet",
			"stepParentName": "Head",
			"from": [ 0.1, 0.8, -0.6 ],
			"to": [ 6.3, 5.8, 5.7 ],
			"unwrapMode": 1,
			"autoUnwrap": false,
			"uv": [ 36.0, 17.5 ],
			"rotationOrigin": [ 0.1, 0.8, -0.6 ],
			"faces": {
				"north": { "texture": "#material", "uv": [ 42.0, 23.5, 48.0, 28.5 ] },
				"east": { "texture": "#material", "uv": [ 36.0, 23.5, 42.0, 28.5 ] },
				"south": { "texture": "#material", "uv": [ 55.0, 23.5, 61.0, 28.5 ] },
				"west": { "texture": "#material", "uv": [ 48.5, 23.5, 54.5, 28.5 ] },
				"up": { "texture": "#material", "uv": [ 42.0, 17.5, 48.0, 23.5 ], "rotation": 180 },
				"down": { "texture": "#material", "uv": [ 42.0, 28.5, 48.0, 34.5 ] }
			},
			"children": [
				{
					"name": "GamHelmetstrap",
					"from": [ 0.5, -1.0, 0.29 ],
					"to": [ 2.0, 0.0, 5.99 ],
					"unwrapMode": 5,
					"uv": [ 46.5, 1.0 ],
					"rotationOrigin": [ 0.5, -1.0, 0.3 ],
					"faces": {
						"north": { "texture": "#material", "uv": [ 47.5, 1.0, 49.0, 2.0 ], "rotation": 180 },
						"east": { "texture": "#material", "uv": [ 49.0, 2.0, 50.0, 7.5 ], "rotation": 90 },
						"south": { "texture": "#material", "uv": [ 47.5, 7.5, 49.0, 8.5 ] },
						"west": { "texture": "#material", "uv": [ 46.5, 2.0, 47.5, 7.5 ], "rotation": 270 },
						"up": { "texture": "#material", "uv": [ 47.5, 2.0, 49.0, 7.5 ] },
						"down": { "texture": "#material", "uv": [ 50.0, 2.0, 51.5, 7.5 ] }
					}
				},
				{
					"name": "GamHelmetFace",
					"from": [ -0.7, 3.0, 0.0 ],
					"to": [ 0.0, 5.0, 6.3 ],
					"autoUnwrap": false,
					"uv": [ 39.5, 34.0 ],
					"rotationOrigin": [ -0.5, 3.0, 0.0 ],
					"faces": {
						"north": { "texture": "#material", "uv": [ 48.5, 23.5, 49.0, 25.5 ] },
						"south": { "texture": "#material", "uv": [ 54.0, 23.5, 54.5, 25.5 ] },
						"west": { "texture": "#material", "uv": [ 36.0, 23.5, 42.0, 25.5 ] },
						"up": { "texture": "#material", "uv": [ 48.5, 23.5, 54.5, 24.0 ], "rotation": 90 },
						"down": { "texture": "#material", "uv": [ 48.5, 28.0, 54.5, 28.5 ], "rotation": 90 }
					}
				}
			]
		}
	]}