[
	{
		"op": "addmerge",
		"path": "/attributes",
		"value": {
			"shelvable": true,
			"bookshelveable": true,
			"pigment": {
				"name": "Ink black",
				"color": { "red": 25, "green": 24, "blue": 22 }
			}
		},
		"file": "game:itemtypes/tool/inkandquill",
		"side": "Server"
	},
	{
		"op": "addmerge",
		"path": "/attributes",
		"value": {
			"bookshelveable": true
		},
		"file": "game:itemtypes/resource/candle",
		"side": "Server"
	},
	{
		"op": "addmerge",
		"path": "/attributes",
		"value": {
			"bookshelveable": true
		},
		"file": "game:itemtypes/resource/metalbit",
		"side": "Server"
	},
	{
		"op": "addmerge",
		"path": "/attributes",
		"value": {
			"bookshelveable": true
		},
		"file": "game:itemtypes/resource/nugget",
		"side": "Server"
	},
	{
		"op": "addmerge",
		"path": "/attributes",
		"value": {
			"bookshelveable": true
		},
		"file": "game:itemtypes/resource/gem-rough",
		"side": "Server"
	},
	{
		"op": "addmerge",
		"path": "/attributes",
		"value": {
			"bookshelveable": true,
			"displaycaseable": true
		},
		"file": "game:itemtypes/resource/solderbar",
		"side": "Server"
	},
	{
		"op": "addmerge",
		"path": "/attributes",
		"value": {
			"bookshelveable": true
		},
		"file": "game:itemtypes/resource/treeseed",
		"side": "Server"
	},
	{
		"op": "addmerge",
		"path": "/attributes",
		"value": {
			"bookshelveable": true
		},
		"file": "game:itemtypes/resource/flaxfibers",
		"side": "Server"
	},
	{
		"op": "addmerge",
		"path": "/attributes",
		"value": {
			"bookshelveable": true
		},
		"file": "game:itemtypes/resource/flaxtwine",
		"side": "Server"
	},
	{
		"op": "addmerge",
		"path": "/attributes",
		"enabled": false,
		"value": {
			"bookshelveable": true,
			"ondisplayTransform": {
				"translation": { "x": 0.48, "y": -0.06, "z": 0.55 }
			}
		},
		"file": "game:itemtypes/omokpiece",
		"side": "Server"
	},
]