[
	{
		"op": "addmerge",
		"path": "/attributes",
		"value": {
			"shelvable": false,
			"bookshelveable": true,
			"onshelfTransform": {
				"translation": { "x": -0.35, "y": -0.31, "z": 0.1 },
				"rotation": { "x": 90, "y": -11, "z": 82 },
				"scale": 0.75
			}
		},
		"file": "game:itemtypes/lore/envelope",
		"side": "Server"
	},
	{
		"op": "addmerge",
		"path": "/attributes",
		"value": {
			"shelvable": true,
			"displaycaseable": true,
			"bookshelveable": true,
			"onshelfTransform": {
				"translation": { "x": 0.01, "y": -0.125, "z": 0 },
				"rotation": { "x": 0, "y": 2, "z": -1 },
				"scale": 0.75
			}
		},
		"file": "game:itemtypes/tuningcylinder",
		"side": "Server"
	}
]