[
	{
		"op": "addmerge",
		"path": "/attributes",
		"value": {
			"shelvableByType": {
				"*-gunbai": "Halves",
				"*": true,
			},
			"bookshelveableByType": {
				"*-art/*": true,
				"*-amber-insect": true,
				"*-skull/*": true,
				"*-device*": true,
				"*-army-tool": true,
				"*-hourglass": true,
				"*-sabretooth": true
			},
			"onshelfTransformByType": {
				"*-gunbai": {},
				"*-army-tool": {
					"translation": { "x": 0.24, "y": -0.42, "z": 0.05 },
					"rotation": { "x": -74, "y": 180, "z": 90 },
					"scale": 0.5
				},
				"*-deviceproto": {
					"translation": { "x": 0.19, "y": -0.33, "z": 0 },
					"rotation": { "x": 0, "y": 0, "z": -90 },
					"scale": 0.5
				},
				"*-amber-insect": {
					"translation": { "x": -0.17, "y": -0.37, "z": 0.01 },
					"rotation": { "x": -90, "y": 0, "z": 90 },
					"scale": 0.5
				},
				"*-sabretooth": {
					"translation": { "x": 0, "y": -0.25, "z": 0 },
					"rotation": { "x": 0, "y": 90, "z": 0 },
					"scale": 0.5
				},
				"*-art/bronze-tablet": {
					"translation": { "x": 0.31, "y": -0.27, "z": 0.12 },
					"rotation": { "x": 90, "y": 9, "z": -74 },
					"scale": 0.75
				},
				"*-art/gear2": {
					"translation": { "x": -0.22, "y": -0.34, "z": 0 },
					"rotation": { "x": 0, "y": 0, "z": 90 },
					"scale": 0.5
				},
				"*-art/gear*": {
					"translation": { "x": 0, "y": -0.25, "z": 0 },
					"rotation": { "x": 0, "y": 90, "z": 0 },
					"scale": 0.5
				},
				"*-art/natufian-stone": {
					"translation": { "x": -0, "y": -0.36, "z": 0.45 },
					"rotation": { "x": 90, "y": 0, "z": 0 },
					"scale": 0.75
				},
				"*-art/statuette-horus": {
					"translation": { "x": 0, "y": -0.25, "z": 0 },
					"rotation": { "x": 0, "y": 90, "z": 0 },
					"scale": 0.5
				},
				"*-art/zoolite1": {
					"translation": { "x": 0, "y": -0.25, "z": 0.08 },
					"rotation": { "x": 0, "y": 90, "z": 0 },
					"scale": 0.5
				},
				"*-art/zoolite2": {
					"translation": { "x": -0.22, "y": -0.34, "z": 0 },
					"rotation": { "x": 90, "y": 0, "z": 90 },
					"scale": 0.5
				},
				"*-skull/humanoid*": {
					"translation": { "x": 0, "y": -0.25, "z": 0 },
					"rotation": { "x": 0, "y": 90, "z": 0 },
					"scale": 0.5
				},
				"*-*": {
					"translation": { "x": 0, "y": -0.25, "z": 0 },
					"scale": 0.5
				}
			}
		},
		"file": "game:itemtypes/clutter",
		"side": "Server"
	}
]