[
	{
		"op": "addmerge",
		"path": "/attributes",
		"value": {
			"shelvable": true,
			"bookshelveable": true,
			"displaycaseable": true,
			"onDisplayTransformByType": {
				"*-brass-ruby-brooch": {
					"translation": { "x": 0, "y": -1.17, "z": 0.35 },
					"rotation": { "x": -30, "y": 90, "z": 0 }
				},
				"*-squire-emblem": {
					"translation": { "x": 0.11, "y": -1.2, "z": 0.37 },
					"rotation": { "x": -30, "y": 90, "z": 0 }
				},
				"*-blue-seal": {
					"translation": { "x": 0.11, "y": -1.17, "z": 0.35 },
					"rotation": { "x": -30, "y": 90, "z": 0 }
				},
				"*-falcon": {
					"translation": { "x": 0, "y": -1.26, "z": 0.38 },
					"rotation": { "x": -30, "y": 90, "z": 0 }
				},
				"*-silver-brooch": {
					"translation": { "x": 0.075, "y": -1.31, "z": 0.43 },
					"rotation": { "x": -30, "y": 90, "z": 0 }
				},
				"*-lily": {
					"translation": { "x": -0.09, "y": -1.32, "z": 0.43 },
					"rotation": { "x": -30, "y": 90, "z": 0 }
				},
				"*-fibula": {
					"translation": { "x": 0.1, "y": -1.34, "z": 0.46 },
					"rotation": { "x": -30, "y": 90, "z": 0 }
				},
				"*-blackguard-pin": {
					"translation": { "x": 0.11, "y": -1.265, "z": 0.41 },
					"rotation": { "x": -30, "y": 90, "z": 0 }
				},
				"*-silver-pin": {
					"translation": { "x": 0.09, "y": -1.265, "z": 0.41 },
					"rotation": { "x": -30, "y": 90, "z": 0 }
				},
				"*-*": {
					"translation": { "x": 0.11, "y": -1.25, "z": 0.41 },
					"rotation": { "x": -30, "y": 90, "z": 0 }
				}
			}
		},
		"file": "game:itemtypes/wearable/seraph/emblem",
		"side": "Server"
	},
	{
		"op": "addmerge",
		"path": "/attributes",
		"value": {
			"shelvable": true,
			"bookshelveable": true,
			"displaycaseable": true,
			"onDisplayTransform": {
				"translation": { "x": -0.075, "y": -1.2, "z": 0.35 },
				"rotation": { "x": -30, "y": 90, "z": 0 }
			}
		},
		"file": "game:itemtypes/wearable/seraph/emblem-butterflypin",
		"side": "Server"
	},
	{
		"op": "addmerge",
		"path": "/attributes",
		"value": {
			"shelvableByType": {
				"*-head-*": "Halves",
				"*-middleback-*": "SingleCenter",
				"*-lowerbackside-*": true,
				"*-face-*": true
			},
			"bookshelveableByType": { "*-face-*": true },
			"displaycaseableByType": {
				"*-head-*": true,
				"*-lowerbackside-*": true,
				"*-face-*": true
			},
			"onshelfTransformByType": {
				"*-head-*": {
					"translation": { "x": 0, "y": 0, "z": 0.05 },
					"rotation": { "x": 0, "y": 90, "z": 0 }
				},
				"*-lowerbackside-*": {
					"rotation": { "x": 0, "y": 45, "z": 0 },
					"origin": { "x": 0.5, "y": 0, "z": 0.5 },
					"scale": 0.65
				},
				"*-face-*": {
					"translation": { "x": 0, "y": 0, "z": 0.09 },
					"rotation": { "x": 0, "y": 90, "z": 0 }
				}
			}
		},
		"file": "game:itemtypes/wearable/animal/hooved",
		"side": "Server"
	}
]