[
	{
		"op": "addmerge",
		"path": "/attributes",
		"value": {
			"shelvableByType": {
				"@.*-(tophat|silver-diadem|straw-hat|gold-coronet|noble-fillet|crown|rottenking|crown-byzantine|mianguan|gem-encrusted-fur-hat|jailors-hat|lackey-hat|merchant-hat|minstrel-hat|alchemist|bamboo-conehat|bamboo-conehat-large)": "SingleCenter",
			},
			"onshelfTransformByType": {
				"@.*-(mianguan|tophat)": {
					"translation": { "x": 0, "y": -1.89, "z": 0 },
					"rotation": { "x": 0, "y": -3, "z": 0 }
				},
				"*-straw-hat": {
					"translation": { "x": 0.01, "y": -1.78, "z": -0.15 },
					"rotation": { "x": 7, "y": 89, "z": 0 }
				},
				"@.*-(crown|bamboo-conehat)": {
					"translation": { "x": 0, "y": -1.82, "z": 0 },
					"rotation": { "x": 0, "y": 90, "z": 0 }
				},
				"*-gold-coronet": {
					"translation": { "x": 0, "y": -1.84, "z": 0 },
					"rotation": { "x": 0, "y": 90, "z": 0 }
				},
				"*-*": {
					"translation": { "x": 0, "y": -1.78, "z": 0 },
					"rotation": { "x": 0, "y": 90, "z": 0 }
				}
			},
			"groundStorageTransformByType": {
				"@.*-(mianguan|tophat)": {
					"translation": { "x": 0, "y": -1.89, "z": 0 },
					"rotation": { "x": 0, "y": -3, "z": 0 }
				},
				"@.*-(crown|bamboo-conehat)": {
					"translation": { "x": 0, "y": -1.82, "z": 0 },
					"rotation": { "x": 0, "y": 90, "z": 0 }
				},
				"*-gold-coronet": {
					"translation": { "x": 0, "y": -1.84, "z": 0 },
					"rotation": { "x": 0, "y": 90, "z": 0 }
				},
				"*-straw-hat": {
					"translation": { "x": 0.01, "y": -1.78, "z": -0.15 },
					"rotation": { "x": 7, "y": 89, "z": 0 }
				},
				"*-*": {
					"translation": { "x": 0, "y": -1.78, "z": 0 },
					"rotation": { "x": 0, "y": 90, "z": 0 }
				}
			}
		},
		"file": "game:itemtypes/wearable/seraph/head",
		"side": "Server"
	},
	{
		"op": "addmerge",
		"path": "/behaviorsByType",
		"value": {
			"@.*-(gold-coronet|noble-fillet|silver-diadem|crown|rottenking|crown-byzantine|mianguan|gem-encrusted-fur-hat|jailors-hat|lackey-hat|merchant-hat|minstrel-hat|messengers-hat|roll-hat|straw-hat|tophat|alchemist)": [
				{ "name": "GroundStorable", "properties": { "layout": "Quadrants", "collisionBox": { "x1": 0, "y1": 0, "z1": 0, "x2": 1, "y2": 0.125, "z2": 1 } } }
			],
			"*-bamboo-conehat*": [
				{ "name": "GroundStorable", "properties": { "layout": "SingleCenter", "collisionBox": { "x1": 0, "y1": 0, "z1": 0, "x2": 1, "y2": 0.125, "z2": 1 } } }
			]},
			"file": "game:itemtypes/wearable/seraph/head",
			"side": "Server"
	},

	{
		"op": "addmerge",
		"path": "/attributes",
		"value": {
			"shelvableByType": {
				"@.*-(alchemist|barber|fisher|guard|miner|musician|shepherd|tailor)": true
			},
			"displaycaseableByType": {
				"@.*-(alchemist|barber|fisher|guard|hunter|innkeeper|miner|musician|peasanttan|peasantblue|peasantbeige|peasantred|peasantbrown|peasantwhite|shepherd|tailor|winter1|winter2)": true
			},
			"onDisplayTransform": {
				"translation": { "x": 0, "y": -1.78, "z": 0 },
				"rotation": { "x": 0, "y": 90, "z": 0 }
			},
			"groundStorageTransform": {
				"translation": { "x": 0, "y": -1.78, "z": 0 },
				"rotation": { "x": 0, "y": 90, "z": 0 }
			}
		},
		"file": "game:itemtypes/wearable/seraph/villager/nadiya/head",
		"side": "Server"
	},
	{
		"op": "addmerge",
		"path": "/behaviorsByType",
		"value": {
			"@.*-(alchemist|barber|fisher|guard|hunter|innkeeper|miner|musician|peasanttan|peasantblue|peasantbeige|peasantred|peasantbrown|peasantwhite|shepherd|tailor|winter1|winter2)": [
				{ "name": "GroundStorable", "properties": { "layout": "Quadrants", "collisionBox": { "x1": 0, "y1": 0, "z1": 0, "x2": 1, "y2": 0.125, "z2": 1 } } }
			]},
			"file": "game:itemtypes/wearable/seraph/villager/nadiya/head",
			"side": "Server"
	},
]