[
	{
		"op": "addmerge",
		"path": "/behaviors/0/properties/upSolid",
		"value": true,
		"file": "game:itemtypes/resource/ingot",
		"side": "Server"
	},
	{
		"op": "addmerge",
		"path": "/behaviors/0/properties/upSolid",
		"value": true,
		"file": "game:itemtypes/resource/metalplate",
		"side": "Server"
	},
	{
		"op": "addmerge",
		"path": "/behaviors/0/properties/upSolid",
		"value": true,
		"file": "game:itemtypes/resource/burnedbrick",
		"side": "Server"
	},
	{
		"op": "addmerge",
		"path": "/behaviors/0/properties/upSolid",
		"value": true,
		"file": "game:itemtypes/resource/refractorybrick",
		"side": "Server"
	},
	{
		"op": "addmerge",
		"path": "/behaviors/0/properties/upSolid",
		"value": true,
		"file": "game:itemtypes/resource/stonebrick",
		"side": "Server"
	},
	{
		"op": "addmerge",
		"path": "/behaviors/0/properties/upSolid",
		"value": true,
		"file": "game:itemtypes/resource/plank",
		"side": "Server"
	},
]