[
	{
		"op": "addmerge",
		"path": "/attributes",
		"value": {
			"shelvableByType": {
				"*-head-*": true
			},
			"displaycaseableByType": {
				"*-head-*": true
			},
			"onDisplayTransformByType": {
				"*-head-plate-*": {
					"translation": { "x": 0, "y": -1.52, "z": 0 },
					"rotation": { "x": 0, "y": 90, "z": 0 }
				},
				"*-head-lamellar-*": {
					"translation": { "x": 0, "y": -1.56, "z": 0 },
					"rotation": { "x": 0, "y": 90, "z": 0 }
				},
				"*-head-chain-*": {
					"translation": { "x": 0, "y": -1.54, "z": 0 },
					"rotation": { "x": 0, "y": 90, "z": 0 }
				},
				"*-head-scale-*": {
					"translation": { "x": 0, "y": -1.54, "z": 0 },
					"rotation": { "x": 0, "y": 90, "z": 0 }
				},
				"*-head-*": {
					"translation": { "x": 0, "y": -1.55, "z": 0 },
					"rotation": { "x": 0, "y": 90, "z": 0 }
				}
			},
			"groundStorageTransformByType": {
				"*-legs*": {
					"translation": { "x": 0, "y": -0.15, "z": 0 }
				},
				"*-body*": {
					"translation": { "x": -0.32, "y": -0.36, "z": 0.51 },
					"rotation": { "x": 0, "y": 55, "z": -90 }
				},
				"*-head-plate-*": {
					"translation": { "x": 0, "y": -1.52, "z": 0 },
					"rotation": { "x": 0, "y": 90, "z": 0 }
				},
				"*-head-chain-*": {
					"translation": { "x": 0, "y": -1.54, "z": 0 },
					"rotation": { "x": 0, "y": 90, "z": 0 }
				},
				"*-head-scale-*": {
					"translation": { "x": 0, "y": -1.54, "z": 0 },
					"rotation": { "x": 0, "y": 90, "z": 0 }
				},
				"*-head-*": {
					"translation": { "x": 0, "y": -1.55, "z": 0 },
					"rotation": { "x": 0, "y": 90, "z": 0 }
				}
			}
		},
		"file": "game:itemtypes/wearable/seraph/armor",
		"side": "Server"
	},
	{
		"op": "addmerge",
		"path": "/behaviorsByType",
		"value": {
			"*-head-*": [
				{ "name": "GroundStorable", "properties": { "layout": "Quadrants", "collisionBox": { "x1": 0, "y1": 0, "z1": 0, "x2": 1, "y2": 0.25, "z2": 1 } } }
			],
			"*-legs-sewn-leather": [
				{ "name": "GroundStorable", "properties": { "layout": "Quadrants", "collisionBox": { "x1": 0, "y1": 0, "z1": 0, "x2": 1, "y2": 0.25, "z2": 1 } } }
			],
			"*-legs-lamellar-*": [
				{ "name": "GroundStorable", "properties": { "layout": "Quadrants","collisionBox": { "x1": 0, "y1": 0, "z1": 0, "x2": 1, "y2": 0.25, "z2": 1 } } }
			]
		},
		"file": "game:itemtypes/wearable/seraph/armor",
		"side": "Server",
		"dependsOn": [{ "modid": "combatoverhaul", "invert": true }]
	},

	{
		"op": "addmerge",
		"path": "/attributes",
		"value": {
			"shelvable": true,
			"displaycaseable": true,
			"onDisplayTransform": {
				"translation": { "x": 0, "y": -1.35, "z": 0.18 },
				"rotation": { "x": -14, "y": 90, "z": 0 },
				"scale": 0.8
			},
			"groundStorageTransform": {
				"translation": { "x": 0, "y": -1.35, "z": 0.18 },
				"rotation": { "x": -14, "y": 90, "z": 0 },
				"scale": 0.8
			}
		},
		"file": "game:itemtypes/jonas/nightvisiondevice",
		"side": "Server"
	},
	{
		"op": "addmerge",
		"path": "/behaviors",
		"value": [
			{ "name": "GroundStorable", "properties": { "layout": "Quadrants", "collisionBox": { "x1": 0, "y1": 0, "z1": 0, "x2": 1, "y2": 0.125, "z2": 1 } } }
		],
		"file": "game:itemtypes/jonas/nightvisiondevice",
		"side": "Server"
	},
	
	
	{
		"op": "addmerge",
		"path": "/attributes",
		"value": {
			"shelvableByType": {
				"*-head-*": true
			},
			"displaycaseableByType": {
				"*-head-*": true
			},
			"onDisplayTransform": {
				"translation": { "x": 0, "y": -1.64, "z": 0 },
				"rotation": { "x": 0, "y": 90, "z": 0 }
			},
			"groundStorageTransformByType": {
				"*-body*": {
					"translation": { "x": -0.32, "y": -0.36, "z": 0.51 },
					"rotation": { "x": 0, "y": 55, "z": -90 }
				},
				"*-head-*": {
					"translation": { "x": 0, "y": -1.55, "z": 0 },
					"rotation": { "x": 0, "y": 90, "z": 0 }
				}
			}
		},
		"file": "game:itemtypes/wearable/seraph/armor-hide",
		"side": "Server"
	},
	{
		"op": "addmerge",
		"path": "/behaviorsByType",
		"value": {
			"*-head-*": [
				{ "name": "GroundStorable", "properties": { "layout": "Quadrants", "collisionBox": { "x1": 0, "y1": 0, "z1": 0, "x2": 1, "y2": 0.25, "z2": 1 } } }
			],
			"*-legs-*": [
				{ "name": "GroundStorable", "properties": { "layout": "Quadrants", "collisionBox": { "x1": 0, "y1": 0, "z1": 0, "x2": 1, "y2": 0.25, "z2": 1 } } }
			]
		},
		"file": "game:itemtypes/wearable/seraph/armor-hide",
		"side": "Server",
		"dependsOn": [{ "modid": "combatoverhaul", "invert": true }]
	},
]