[
	
	{
		"op": "addmerge",
		"path": "/behaviors",
		"value": [
			{ "name": "GroundStorable", "properties": {
			"layout": "Messy12",
			"placeRemoveSound": "sounds/block/loosestick",
			"collisionBox": { "x1": 0, "y1": 0, "z1": 0, "x2": 1, "y2": 0.125, "z2": 1 } } }
		],
		"file": "game:itemtypes/resource/bone-tiny",
		"side": "Server"
	},
	{
		"op": "addmerge",
		"path": "/behaviors",
		"value": [
			{ "name": "GroundStorable", "properties": {
				"layout": "Messy12",
				"placeRemoveSound": "sounds/block/leather",
				"collisionBox": { "x1": 0, "y1": 0, "z1": 0, "x2": 1, "y2": 0.125, "z2": 1 } }
			}
		],
		"file": "game:itemtypes/resource/feather",
		"side": "Server"
	},
	{
		"op": "replace",
		"path": "/behaviors/0/properties",
		"value": {
			"layout": "Messy12",
			"placeRemoveSound": "sounds/block/dirt",
			"collisionBox": { "x1": 0, "y1": 0, "z1": 0, "x2": 1, "y2": 0.2, "z2": 1 }
		},
		"file": "game:itemtypes/resource/daub",
		"side": "Server"
	},
	{
		"op": "replace",
		"path": "/behaviors/0/properties",
		"value": {
			"layout": "Messy12",
			"placeRemoveSound": "sounds/block/dirt",
			"collisionBox": { "x1": 0, "y1": 0, "z1": 0, "x2": 1, "y2": 0.2, "z2": 1 }
		},
		"file": "game:itemtypes/resource/compost",
		"side": "Server"
	},
]