[
	{
		"op": "addmerge",
		"path": "/behaviors",
		"value": [{ "name": "GroundStorable", "properties": { "layout": "Messy12", "collisionBox": { "x1": 0, "y1": 0, "z1": 0, "x2": 1, "y2": 0.125, "z2": 1 } } }],
		"file": "game:itemtypes/toolhead/arrowhead",
		"side": "Server"
	},
	{
		"op": "addmerge",
		"path": "/behaviors",
		"value": [{ "name": "GroundStorable", "properties": {
				"layout": "Messy12",
				"placeRemoveSound": "sounds/block/loosestick",
				"collisionBox": { "x1": 0, "y1": 0, "z1": 0, "x2": 1, "y2": 0.125, "z2": 1 }
			} }
		],
		"file": "game:itemtypes/tool/arrow",
		"side": "Server"
	},
	{
		"op": "addmerge",
		"path": "/attributes",
		"value": {
			"shelvable": "Halves",
			"onShelfTransform": {
				"translation": { "x": -0, "y": -0, "z": 0.06 },
				"rotation": { "x": 0, "y": 90, "z": 0 },
				"origin": { "x": 0.5, "y": 0, "z": 0.5 },
				"scale": 0.65
			},
			"groundStorageTransform": {
				"origin": { "x": 0.5, "y": 0, "z": 0.5 },
				"scale": 0.65
			}
		},
		"file": "game:itemtypes/tool/arrow",
		"side": "Server"
	},

	{
		"op": "addmerge",
		"path": "/behaviors",
		"value": [{ "name": "GroundStorable", "properties": { "layout": "Quadrants", "collisionBox": { "x1": 0, "y1": 0, "z1": 0, "x2": 1, "y2": 0.125, "z2": 1 } } }],
		"file": "game:itemtypes/toolhead/axehead",
		"side": "Server"
	},
	{
		"op": "addmerge",
		"path": "/attributes",
		"value": {
			"shelvable": true,
			"displaycaseable": true,
			"groundStorageTransformByType": {
				"@*-(gold|silver|iron|meteoriciron|steel)": {
					"translation": { "x": -0.35, "y": 0, "z": 0.25 },
					"rotation": { "x": 0, "y": 30, "z": 0 }
				},
				"*": {
					"translation": { "x": -0.5, "y": 0, "z": 0.1 }
				}
			},
			"onDisplayTransformByType": {
				"@*-(gold|silver|iron|meteoriciron|steel)": {
					"translation": { "x": -0.35, "y": 0, "z": 0.25 },
					"rotation": { "x": 0, "y": 30, "z": 0 }
				},
				"*": {
					"translation": { "x": -0.5, "y": 0, "z": 0.1 }
				}
			}
		},
		"file": "game:itemtypes/toolhead/axehead",
		"side": "Server"
	},

	{
		"op": "addmerge",
		"path": "/behaviors",
		"value": [{ "name": "GroundStorable", "properties": { "layout": "Quadrants",
			"placeRemoveSound": "sounds/effect/crusher-impact*",
		"collisionBox": { "x1": 0, "y1": 0, "z1": 0, "x2": 1, "y2": 0.125, "z2": 1 } } }],
		"file": "game:itemtypes/toolhead/hammerhead",
		"side": "Server"
	},
	{
		"op": "addmerge",
		"path": "/attributes",
		"value": {
			"shelvable": true,
			"displaycaseable": true,
			"groundStorageTransform": {
				"translation": { "x": 0, "y": -0.44, "z": 0.31 },
				"rotation": { "x": 0, "y": 90, "z": 0 }
			},
			"onDisplayTransform": {
				"translation": { "x": 0, "y": -0.44, "z": 0.31 },
				"rotation": { "x": 0, "y": 90, "z": 0 }
			}
		},
		"file": "game:itemtypes/toolhead/hammerhead",
		"side": "Server"
	},

	{
		"op": "addmerge",
		"path": "/behaviors",
		"value": [{ "name": "GroundStorable", "properties": { "layout": "Quadrants", "collisionBox": { "x1": 0, "y1": 0, "z1": 0, "x2": 1, "y2": 0.125, "z2": 1 } } }],
		"file": "game:itemtypes/toolhead/hoehead",
		"side": "Server"
	},
	{
		"op": "addmerge",
		"path": "/attributes",
		"value": {
			"shelvable": true,
			"displaycaseable": true,
			"groundStorageTransform": {
				"translation": { "x": -0.2, "y": 0, "z": 0.35 },
				"rotation": { "x": 0, "y": 50, "z": 0 }
			},
			"onDisplayTransform": {
				"translation": { "x": -0.2, "y": 0, "z": 0.4 },
				"rotation": { "x": 0, "y": 50, "z": 0 }
			}
		},
		"file": "game:itemtypes/toolhead/hoehead",
		"side": "Server"
	},

	{
		"op": "addmerge",
		"path": "/behaviors",
		"value": [{ "name": "GroundStorable", "properties": { "layout": "Quadrants", "collisionBox": { "x1": 0, "y1": 0, "z1": 0, "x2": 1, "y2": 0.125, "z2": 1 } } }],
		"file": "game:itemtypes/toolhead/pickaxehead",
		"side": "Server"
	},
	{
		"op": "addmerge",
		"path": "/attributes",
		"value": {
			"shelvable": true,
			"displaycaseable": true,
			"groundStorageTransform": {
				"translation": { "x": -0.3, "y": 0, "z": 0.3 },
				"rotation": { "x": 0, "y": 50, "z": 0 }
			},
			"onDisplayTransform": {
				"translation": { "x": -0.3, "y": 0, "z": 0.3 },
				"rotation": { "x": 0, "y": 50, "z": 0 }
			}
		},
		"file": "game:itemtypes/toolhead/pickaxehead",
		"side": "Server"
	},

	{
		"op": "addmerge",
		"path": "/behaviors",
		"value": [{ "name": "GroundStorable", "properties": { "layout": "Quadrants", "collisionBox": { "x1": 0, "y1": 0, "z1": 0, "x2": 1, "y2": 0.125, "z2": 1 } } }],
		"file": "game:itemtypes/toolhead/prospectingpickhead",
		"side": "Server"
	},
	{
		"op": "addmerge",
		"path": "/attributes",
		"value": {
			"shelvable": true,
			"displaycaseable": true,
			"groundStorageTransform": {
				"translation": { "x": -0.2, "y": 0, "z": 0.45 },
				"rotation": { "x": 0, "y": 50, "z": 0 }
			},
			"onDisplayTransform": {
				"translation": { "x": -0.2, "y": 0, "z": 0.45 },
				"rotation": { "x": 0, "y": 50, "z": 0 }
			}
		},
		"file": "game:itemtypes/toolhead/prospectingpickhead",
		"side": "Server"
	},

	{
		"op": "addmerge",
		"path": "/behaviors",
		"value": [{ "name": "GroundStorable", "properties": { "layout": "Quadrants", "collisionBox": { "x1": 0, "y1": 0, "z1": 0, "x2": 1, "y2": 0.125, "z2": 1 } } }],
		"file": "game:itemtypes/toolhead/shovelhead",
		"side": "Server"
	},
	{
		"op": "addmerge",
		"path": "/attributes",
		"value": {
			"shelvable": true,
			"displaycaseable": true,
			"groundStorageTransformByType": {
				"@shovelhead-(copper|tinbronze|bismuthbronze|blackbronze|iron|meteoriciron|gold|silver|steel)": {
					"translation": { "x": -0.02, "y": 0, "z": 0.19 },
					"rotation": { "x": 0, "y": 90, "z": 0 }
				},
				"*": {
					"translation": { "x": -0.02, "y": -0.02, "z": 0.7 },
					"rotation": { "x": 0, "y": 90, "z": 0 }
				}
			},
			"onDisplayTransformByType": {
				"@shovelhead-(copper|tinbronze|bismuthbronze|blackbronze|iron|meteoriciron|gold|silver|steel)": {
					"translation": { "x": 0.02, "y": 0, "z": -0.1 },
					"rotation": { "x": 0, "y": -90, "z": 0 }
				},
				"*": {
					"translation": { "x": 0.02, "y": -0.02, "z": -0.7 },
					"rotation": { "x": 0, "y": -90, "z": 0 }
				}
			}
		},
		"file": "game:itemtypes/toolhead/shovelhead",
		"side": "Server"
	},

	{
		"op": "addmerge",
		"path": "/behaviors",
		"value": [{ "name": "GroundStorable", "properties": { "layout": "Quadrants", "collisionBox": { "x1": 0, "y1": 0, "z1": 0, "x2": 1, "y2": 0.125, "z2": 1 } } }],
		"file": "game:itemtypes/toolhead/spearhead",
		"side": "Server"
	},
	{
		"op": "addmerge",
		"path": "/attributes",
		"value": {
			"shelvable": true,
			"displaycaseable": true,
			"groundStorageTransformByType": {
				"@*-(copper|tinbronze|bismuthbronze|blackbronze)": {
					"rotation": { "x": 90, "y": 0, "z": -45 },
					"origin": { "x": 0.5, "y": 0.015, "z": 0.5 }
				},
				"*": {
					"translation": { "x": -0.9, "y": 0, "z": 0 }
				}
			},
			"onDisplayTransformByType": {
				"@*-(copper|tinbronze|bismuthbronze|blackbronze)": {
					"rotation": { "x": 90, "y": 0, "z": 0 },
					"origin": { "x": 0.5, "y": 0.015, "z": 0.5 }
				},
				"*": {
					"translation": { "x": -0.9, "y": 0, "z": 0 }
				}
			}
		},
		"file": "game:itemtypes/toolhead/spearhead",
		"side": "Server"
	},

	{
		"op": "addmerge",
		"path": "/behaviors",
		"value": [{ "name": "GroundStorable", "properties": { "layout": "SingleCenter", "collisionBox": { "x1": 0, "y1": 0, "z1": 0, "x2": 1, "y2": 0.125, "z2": 1 } } }],
		"file": "game:itemtypes/toolhead/bladehead",
		"side": "Server"
	},
	{
		"op": "addmerge",
		"path": "/attributes",
		"value": {
			"shelvable": "Halves",
			"onShelfTransform": {
				"translation": { "x": 0.2, "y": -0.07, "z": 0.28 },
				"rotation": { "x": 0, "y": 112, "z": 0 },
				"scale": 0.95
			},
			"groundStorageTransform": {
				"translation": { "x": -0.1, "y": -0.05, "z": 0.15 },
				"rotation": { "x": 0, "y": 60, "z": 0 }
			}
		},
		"file": "game:itemtypes/toolhead/bladehead",
		"side": "Server"
	},

	{
		"op": "addmerge",
		"path": "/behaviors",
		"value": [{ "name": "GroundStorable", "properties": { "layout": "Quadrants", "collisionBox": { "x1": 0, "y1": 0, "z1": 0, "x2": 1, "y2": 0.125, "z2": 1 } } }],
		"file": "game:itemtypes/toolhead/knifeblade",
		"side": "Server"
	},
	{
		"op": "addmerge",
		"path": "/attributes",
		"value": {
			"shelvable": true,
			"displaycaseable": true,
			"groundStorageTransformByType": {
				"@knifeblade-(chert|flint|granite|andesite|basalt|obsidian|peridotite)": {
					"translation": { "x": 0, "y": 0, "z": -0.05 },
					"rotation": { "x": 90, "y": 0, "z": 0 },
					"origin": { "x": 0.5, "y": 0.03, "z": 0.5 }
				},
				"*": {
					"translation": { "x": -0.09, "y": -0.02, "z": -0.035 },
					"rotation": { "x": 90, "y": 0, "z": 0 },
					"origin": { "x": 0.5, "y": 0.03, "z": 0.5 }
				}
			},
			"onDisplayTransformByType": {
				"@knifeblade-(chert|flint|granite|andesite|basalt|obsidian|peridotite)": {
					"translation": { "x": 0, "y": 0, "z": -0.05 },
					"rotation": { "x": 90, "y": 0, "z": 0 },
					"origin": { "x": 0.5, "y": 0.03, "z": 0.5 }
				},
				"*": {
					"translation": { "x": -0.09, "y": -0.02, "z": -0.035 },
					"rotation": { "x": 90, "y": 0, "z": 0 },
					"origin": { "x": 0.5, "y": 0.03, "z": 0.5 }
				}
			}
		},
		"file": "game:itemtypes/toolhead/knifeblade",
		"side": "Server"
	},

	{
		"op": "addmerge",
		"path": "/behaviors",
		"value": [{ "name": "GroundStorable", "properties": { "layout": "Quadrants", "collisionBox": { "x1": 0, "y1": 0, "z1": 0, "x2": 1, "y2": 0.125, "z2": 1 } } }],
		"file": "game:itemtypes/toolhead/sawblade",
		"side": "Server"
	},
	{
		"op": "addmerge",
		"path": "/attributes",
		"value": {
			"shelvable": true,
			"displaycaseable": true,
			"groundStorageTransform": {
				"translation": { "x": -0.05, "y": -0.46, "z": -0.1 },
				"rotation": { "x": 0, "y": 30, "z": 0 }
			},
			"onDisplayTransform": {
				"translation": { "x": -0.05, "y": -0.46, "z": -0.1 },
				"rotation": { "x": 0, "y": 30, "z": 0 }
			}
		},
		"file": "game:itemtypes/toolhead/sawblade",
		"side": "Server"
	},

	{
		"op": "addmerge",
		"path": "/behaviors",
		"value": [{ "name": "GroundStorable", "properties": { "layout": "SingleCenter", "collisionBox": { "x1": 0, "y1": 0, "z1": 0, "x2": 1, "y2": 0.125, "z2": 1 } } }],
		"file": "game:itemtypes/toolhead/scythehead",
		"side": "Server"
	},
	{
		"op": "addmerge",
		"path": "/attributes",
		"value": {
			"shelvable": "SingleCenter",
			"onshelfTransform": {
				"translation": { "x": -0.15, "y": 0.02, "z": 1.2 },
				"rotation": { "x": 0, "y": 57, "z": 0 }
			},
			"groundStorageTransform": {
				"translation": { "x": -0.55, "y": 0, "z": 1 },
				"rotation": { "x": 0, "y": 35, "z": 0 }
			}
		},
		"file": "game:itemtypes/toolhead/scythehead",
		"side": "Server"
	},


	{
		"op": "addmerge",
		"path": "/attributes",
		"value": {
			"shelvable": true,
			"displaycaseable": true
		},
		"file": "game:itemtypes/part/poundercap",
		"side": "Server"
	},
	{
		"op": "replace",
		"path": "/behaviors/0/properties/layout",
		"value": "Quadrants",
		"file": "game:itemtypes/part/helvehammerhead",
		"side": "Server"
	},
	{
		"op": "addmerge",
		"path": "/attributes",
		"value": {
			"shelvable": true,
			"displaycaseable": true
		},
		"file": "game:itemtypes/part/helvehammerhead",
		"side": "Server"
	},
]