[
	{
		"op": "replace",
		"path": "/behaviors/0/properties",
		"value": { "layout": "Quadrants",
				"placeRemoveSound": "sounds/wearable/leather*",
				"collisionBox": { "x1": 0, "y1": 0, "z1": 0, "x2": 1, "y2": 0.375, "z2": 1 }},
		"file": "game:itemtypes/wearable/bag/backpack",
		"side": "Server"
	},
	
	{
		"op": "replace",
		"path": "/behaviors/0/properties",
		"value": { "layout": "Quadrants",
				"collisionBox": { "x1": 0, "y1": 0, "z1": 0, "x2": 1, "y2": 0.375, "z2": 1 }},
		"file": "game:itemtypes/wearable/bag/basket",
		"side": "Server"
	},
	{
		"op": "addmerge",
		"path": "/attributes",
		"value": {
			"shelvable": true,
			"displaycaseable": true,
			"onshelfTransform": {
				"origin": { "x": 0.5, "y": 0, "z": 0.5 },
				"scale": 0.75
			}
		},
		"file": "game:itemtypes/wearable/bag/basket",
		"side": "Server"
	},
	
	{
		"op": "replace",
		"path": "/behaviors/0/properties",
		"value": { "layout": "Quadrants",
				"placeRemoveSound": "sounds/wearable/leather*",
				"collisionBox": { "x1": 0, "y1": 0, "z1": 0, "x2": 1, "y2": 0.375, "z2": 1 }},
		"file": "game:itemtypes/wearable/bag/hunterbackpack",
		"side": "Server"
	},
	{
		"op": "addmerge",
		"path": "/attributes",
		"value": {
			"shelvable": true, 
			"displaycaseable": true
		},
		"file": "game:itemtypes/wearable/bag/hunterbackpack",
		"side": "Server"
	},
	
	{
		"op": "replace",
		"path": "/behaviors/0/properties",
		"value": { "layout": "Quadrants",
				"placeRemoveSound": "sounds/block/leather",
				"collisionBox": { "x1": 0, "y1": 0, "z1": 0, "x2": 1, "y2": 0.375, "z2": 1 }},
		"file": "game:itemtypes/wearable/bag/linensack",
		"side": "Server"
	},
	{
		"op": "addmerge",
		"path": "/attributes",
		"value": {
			"shelvable": true,
			"displaycaseable": true,
			"onshelfTransform": {
				"origin": { "x": 0.5, "y": 0, "z": 0.5 },
				"scale": 0.75
			}
		},
		"file": "game:itemtypes/wearable/bag/linensack",
		"side": "Server"
	},
	
	{
		"op": "replace",
		"path": "/behaviors/0/properties",
		"value": { "layout": "Quadrants",
				"placeRemoveSound": "sounds/block/leather",
				"collisionBox": { "x1": 0, "y1": 0, "z1": 0, "x2": 1, "y2": 0.375, "z2": 1 }},
		"file": "game:itemtypes/wearable/bag/miningbag",
		"side": "Server"
	},
	{
		"op": "addmerge",
		"path": "/attributes",
		"value": {
			"shelvable": true,
			"displaycaseable": true,
			"onshelfTransform": {
				"origin": { "x": 0.5, "y": 0, "z": 0.5 },
				"scale": 0.75
			}
		},
		"file": "game:itemtypes/wearable/bag/miningbag",
		"side": "Server"
	},
	
	{
		"op": "replace",
		"path": "/behaviors/0/properties",
		"value": { "layout": "Quadrants",
				"placeRemoveSound": "sounds/wearable/leather*",
				"collisionBox": { "x1": 0, "y1": 0, "z1": 0, "x2": 1, "y2": 0.375, "z2": 1 }},
		"file": "game:itemtypes/wearable/bag/miningbagsturdy",
		"side": "Server"
	},
]