[
	{
		"op": "addmerge",
		"path": "/attributes",
		"value": {
			"shelvableByType": {
				"@.*-(corroded|crow|hummingbird|surgeonhood|rottenking|glasses|snow-goggles|glasses-clockmaker)": true,
			},
			"displaycaseableByType": {
				"@.*-(malefactor-mask|forlorn-veil|sheepskull|crow|hummingbird|corroded|cat|festivecat|marketeer|rotwalker|rottenking|surgeon|surgeonhood|forgotten)": true,
			},
			"onDisplayTransformByType": {
				"*-corroded": {
					"translation": { "x": 0, "y": -1.52, "z": 0.04 },
					"rotation": { "x": 0, "y": 90, "z": 0 }
				},
				"*-crow": {
					"translation": { "x": 0, "y": -1.61, "z": 0 },
					"rotation": { "x": 0, "y": 90, "z": -8 }
				},
				"*-hummingbird": {
					"translation": { "x": 0, "y": -1.39, "z": -0.01 },
					"rotation": { "x": 0, "y": 90, "z": 0 }
				},
				"*-surgeonhood": {
					"translation": { "x": 0, "y": -1.45, "z": 0 },
					"rotation": { "x": 0, "y": 90, "z": 0 }
				},
				"*-rottenking": {
					"translation": { "x": 0, "y": -1.52, "z": 0.01 },
					"rotation": { "x": 0, "y": 90, "z": 0 }
				},
				"*-sheepskull": {
					"translation": { "x": 0, "y": -0.99, "z": 1.06 },
					"rotation": { "x": 0, "y": 90, "z": -72 }
				},
				"*-glasses-clockmaker": {
					"translation": { "x": 0, "y": -1.68, "z": 0.06 },
					"rotation": { "x": 0, "y": 90, "z": -7 }
				},
				"@.*-(glasses|snow-goggles)": {
					"translation": { "x": 0, "y": -1.69, "z": 0.06 },
					"rotation": { "x": 0, "y": 90, "z": -7 }
				},
				"*-*": {
					"translation": { "x": 0, "y": -0.61, "z": 1.16 },
					"rotation": { "x": 0, "y": 90, "z": -90 }
				}
			},
			"groundStorageTransformByType": {
				"*-corroded": {
					"translation": { "x": 0, "y": -1.5, "z": 0 },
					"rotation": { "x": 0, "y": 90, "z": 0 }
				},
				"*-crow": {
					"translation": { "x": 0, "y": -1.58, "z": 0 },
					"rotation": { "x": 0, "y": 90, "z": 0 }
				},
				"*-hummingbird": {
					"translation": { "x": 0, "y": -1.57, "z": 0 },
					"rotation": { "x": 0, "y": 90, "z": 0 }
				},
				"*-rottenking": {
					"translation": { "x": 0, "y": -1.54, "z": 0 },
					"rotation": { "x": 0, "y": 90, "z": 0 }
				},
				"*-surgeonhood": {
					"translation": { "x": 0, "y": -1.56, "z": 0 },
					"rotation": { "x": 0, "y": 90, "z": 0 }
				},
				"*-sheepskull": {
					"translation": { "x": 0, "y": -0.99, "z": 1.06 },
					"rotation": { "x": 0, "y": 90, "z": -72 }
				},
				"@.*-(glasses|snow-goggles)": {
					"translation": { "x": 0, "y": -1.69, "z": 0.06 },
					"rotation": { "x": 0, "y": 45, "z": -7 }
				},
				"*-*": {
					"translation": { "x": 0, "y": -0.61, "z": 1.16 },
					"rotation": { "x": 0, "y": 90, "z": -90 }
				}
			}
		},
		"file": "game:itemtypes/wearable/seraph/face",
		"side": "Server"
	},
	{
		"op": "addmerge",
		"path": "/behaviorsByType",
		"value": {
			"@.*-(malefactor-mask|forlorn-veil|sheepskull|crow|hummingbird|corroded|cat|festivecat|marketeer|rotwalker|rottenking|surgeon|surgeonhood|forgotten|glasses|snow-goggles)": [
				{ "name": "GroundStorable", "properties": { "layout": "Quadrants", "collisionBox": { "x1": 0, "y1": 0, "z1": 0, "x2": 1, "y2": 0.125, "z2": 1 } } }
			]
		},
		"file": "game:itemtypes/wearable/seraph/face",
		"side": "Server"
	},

	{
		"op": "addmerge",
		"path": "/attributesByType/*-blacksmith",
		"value": {
			"shelvable": true,
			"displaycaseable": true,
			"onDisplayTransform": {
				"translation": { "x": 0, "y": -1.67, "z": 0.16 },
				"rotation": { "x": 0, "y": 90, "z": -11 }
			},
			"groundStorageTransform": {
				"translation": { "x": 0, "y": -1.67, "z": 0.16 },
				"rotation": { "x": 0, "y": 45, "z": -11 }
			}
		},
		"file": "game:itemtypes/wearable/seraph/villager/nadiya/face",
		"side": "Server"
	},
	{
		"op": "addmerge",
		"path": "/attributesByType/*-miner",
		"value": {
			"shelvable": true,
			"displaycaseable": true,
			"onDisplayTransform": {
				"translation": { "x": 0, "y": -1.66, "z": 0.16 },
				"rotation": { "x": 0, "y": 90, "z": -11 }
			},
			"groundStorageTransform": {
				"translation": { "x": 0, "y": -1.66, "z": 0.16 },
				"rotation": { "x": 0, "y": 45, "z": -11 }
			}
		},
		"file": "game:itemtypes/wearable/seraph/villager/nadiya/face",
		"side": "Server"
	},
	{
		"op": "addmerge",
		"path": "/behaviorsByType",
		"value": {
			"@.*-(miner|blacksmith)": [
				{ "name": "GroundStorable", "properties": { "layout": "Quadrants", "collisionBox": { "x1": 0, "y1": 0, "z1": 0, "x2": 1, "y2": 0.125, "z2": 1 } } }
			]
		},
		"file": "game:itemtypes/wearable/seraph/villager/nadiya/face",
		"side": "Server"
	},
]