[
	{
		"op": "addmerge",
		"path": "/attributes",
		"value": {
			"groundStorageTransform": {
				"translation": { "x": 0.06, "y": -0.34, "z": 0 },
				"rotation": { "x": -90, "y": 22, "z": 90 }
			}
		},
		"file": "game:itemtypes/utility/locatormap",
		"side": "Server"
	},
	{
		"op": "addmerge",
		"path": "/behaviors",
		"value": [
			{ "name": "GroundStorable", "properties": { "layout": "SingleCenter",
				"placeRemoveSound": "sounds/held/bookturn*",
			"collisionBox": { "x1": 0, "y1": 0, "z1": 0, "x2": 1, "y2": 0.127, "z2": 1 } } }
		],
		"file": "game:itemtypes/utility/locatormap",
		"side": "Server"
	},

	{
		"op": "addmerge",
		"path": "/attributes",
		"value": {
			"groundStorageTransformByType": {
				"*-face-*": {
					"rotation": { "x": 0, "y": -45, "z": 0 }
				},
				"*-lowerbackside-saddlebags*": {
					"rotation": { "x": 0, "y": 45, "z": 0 }
				}
			}
		},
		"file": "game:itemtypes/wearable/animal/hooved",
		"side": "Server"
	},
	{
		"op": "addmerge",
		"path": "/behaviorsByType/hoovedwearables-lowerbackside-saddlebags*",
		"value": [{ "name": "GroundStorable", "properties": { "layout": "Quadrants", "collisionBox": { "x1": 0, "y1": 0, "z1": 0, "x2": 1, "y2": 0.25, "z2": 1 } } }],
		"file": "game:itemtypes/wearable/animal/hooved",
		"side": "Server"
	},
	{
		"op": "addmerge",
		"path": "/behaviorsByType",
		"value": {
			"*-face-*": [
				{ "name": "GroundStorable", "properties": { "layout": "Quadrants",
					"placeRemoveSound": "sounds/player/coin*",
				"collisionBox": { "x1": 0, "y1": 0, "z1": 0, "x2": 1, "y2": 0.125, "z2": 1 } } }
			],
			"*-head-*": [
				{ "name": "GroundStorable", "properties": { "layout": "Quadrants",
					"placeRemoveSound": "sounds/block/leather",
				"collisionBox": { "x1": 0, "y1": 0, "z1": 0, "x2": 1, "y2": 0.125, "z2": 1 } } }
			],
			"*-middleback-*": [
				{ "name": "GroundStorable", "properties": { "layout": "SingleCenter",
					"placeRemoveSound": "sounds/block/leather",
				"collisionBox": { "x1": 0, "y1": 0, "z1": 0, "x2": 1, "y2": 0.25, "z2": 1 } } }
			]
		},
		"file": "game:itemtypes/wearable/animal/hooved",
		"side": "Server"
	},
]