[
	{
		"op": "addmerge",
		"path": "/attributes",
		"value": {
			"shelvable": true,
			"displaycaseable": true,
			"onshelfTransform": {
				"translation": { "x": 0.2, "y": -0.45, "z": -0.1 },
				"rotation": { "x": -2, "y": 24, "z": -94 }
			},
			"groundStorageTransform": {
				"translation": { "x": 0.2, "y": -0.45, "z": -0.1 },
				"rotation": { "x": -2, "y": 24, "z": -94 }
			}
		},
		"file": "game:itemtypes/food/bambooshoot",
		"side": "Server"
	},
	{
		"op": "addmerge",
		"path": "/behaviors",
		"value": [
			{ "name": "GroundStorable", "properties": { "layout": "Quadrants",
			"collisionBox": { "x1": 0, "y1": 0, "z1": 0, "x2": 1, "y2": 0.125, "z2": 1 } } }
		],
		"file": "game:itemtypes/food/bambooshoot",
		"side": "Server"
	},

	{
		"op": "addmerge",
		"path": "/attributes",
		"value": {
			"shelvable": true,
			"displaycaseable": true,
		},
		"file": "game:itemtypes/food/egg",
		"side": "Server"
	},
	{
		"op": "addmerge",
		"path": "/attributes",
		"value": {
			"shelvable": true,
			"displaycaseable": true,
			"onDisplayTransform": {
				"translation": { "x": -0.04, "y": -0.21, "z": -0 },
				"scale": 0.58
			}
		},
		"file": "game:itemtypes/food/legume",
		"side": "Server"
	},
	{
		"op": "addmerge",
		"path": "/attributes",
		"value": {
			"shelvable": true,
			"displaycaseable": true,
			"onDisplayTransform": {
				"translation": { "x": 0.025, "y": -0.075, "z": 0.025 },
				"scale": 0.86
			}
		},
		"file": "game:itemtypes/food/pickledlegume",
		"side": "Server"
	},

	{
		"op": "addmerge",
		"path": "/attributes",
		"value": {
			"shelvable": true,
			"displaycaseable": true
		},
		"file": "game:itemtypes/food/fruit",
		"side": "Server"
	},
	{
		"op": "add",
		"path": "/attributes/onDisplayTransformByType",
		"value": {
			"*": {
				"translation": { "x": 0, "y": -0.1, "z": 0 },
				"scale": 0.8
			}
		},
		"file": "game:itemtypes/food/fruit",
		"side": "Server"
	},
	{
		"op": "replace",
		"path": "/attributes/groundStorageTransform",
		"value": {
			"translation": { "x": 0, "y": -0.1, "z": 0 },
			"scale": 0.8
		},
		"file": "game:itemtypes/food/fruit",
		"side": "Server"
	},

	{
		"op": "addmerge",
		"path": "/attributes",
		"value": {
			"shelvable": true,
			"displaycaseable": true
		},
		"file": "game:itemtypes/food/vegetable",
		"side": "Server"
	},
	{
		"op": "add",
		"path": "/attributesByType/*-bellpepper/onDisplayTransform",
		"value": {
			"translation": { "x": -0.2, "y": -0.45, "z": 0.1 },
			"rotation": { "x": 0, "y": 33, "z": 90 },
			"scale": 0.6
		},
		"file": "game:itemtypes/food/vegetable",
		"side": "Server"
	},
	{
		"op": "add",
		"path": "/attributesByType/*-onion/onDisplayTransform",
		"value": {
			"translation": { "x": -0.3, "y": -0.45, "z": 0.2 },
			"rotation": { "x": 0, "y": 33, "z": 90 }
		},
		"file": "game:itemtypes/food/vegetable",
		"side": "Server"
	},
	{
		"op": "add",
		"path": "/attributesByType/*/onDisplayTransformByType",
		"value": {
			"*-cabbage": {
				"translation": { "x": 0, "y": -0.125, "z": 0 },
				"scale": 0.75
			},
			"*-*": {
				"translation": { "x": -0.2, "y": -0.45, "z": 0.1 },
				"rotation": { "x": 0, "y": 33, "z": 90 }
			}
		},
		"file": "game:itemtypes/food/vegetable",
		"side": "Server"
	},

	{
		"op": "addmerge",
		"path": "/attributes",
		"value": {
			"shelvable": true,
			"displaycaseable": true,
		},
		"file": "game:itemtypes/food/pickledvegetable",
		"side": "Server"
	},
	{
		"op": "add",
		"path": "/attributes/onDisplayTransformByType",
		"value": {
			"*-onion": {
				"translation": { "x": -0.3, "y": -0.45, "z": 0.2 },
				"rotation": { "x": 0, "y": 33, "z": 90 }
			},
			"@.*-(parsnip|carrot)": {
				"translation": { "x": -0.2, "y": -0.45, "z": 0.1 },
				"rotation": { "x": 0, "y": 33, "z": 90 }
			}
		},
		"file": "game:itemtypes/food/pickledvegetable",
		"side": "Server"
	},
	{
		"op": "addmerge",
		"path": "/behaviors",
		"value": [
			{ "name": "GroundStorable", "properties": { "layout": "Quadrants",
			"collisionBox": { "x1": 0, "y1": 0, "z1": 0, "x2": 1, "y2": 0.125, "z2": 1 } } }
		],
		"file": "game:itemtypes/food/pickledvegetable",
		"side": "Server"
	},
]