[

	{
		"op": "addmerge",
		"path": "/attributes",
		"value": {
			"shelvable": true,
			"displaycaseable": true,
			"onDisplayTransform": {
				"translation": { "x": 0, "y": -0.33, "z": 0 },
				"scale": 0.5
			},
		},
		"file": "game:itemtypes/resource/drygrass",
		"side": "Server"
	},
	
	{
		"op": "addmerge",
		"path": "/attributes",
		"value": {
			"shelvable": true,
			"displaycaseable": true,
			"onDisplayTransform": {
				"translation": { "x": 0, "y": -0.33, "z": 0 },
				"scale": 0.5
			},
			"groundStorageTransform": {
				"translation": { "x": 0, "y": -0.24, "z": 0 },
				"rotation": { "x": 0, "y": 45, "z": 0 },
				"scale": 0.75
			}
		},
		"file": "game:itemtypes/resource/thatch",
		"side": "Server"
	},
	
	{
		"op": "addmerge",
		"path": "/attributes",
		"value": {
			"shelvable": "Halves",
			"onShelfTransform": { "rotation": { "y": 45 } }
		},
		"file": "game:itemtypes/wearable/animal/blanket",
		"side": "Server"
	},
	{
		"op": "addmerge",
		"path": "/attributes",
		"value": {
			"shelvable": true,
			"onshelfTransform": {
				"translation": { "x": 0.3, "y": 0, "z": -0.28 },
				"rotation": { "x": 0, "y": 90, "z": 0 }
			}
		},
		"file": "game:itemtypes/wearable/animal/pillion",
		"side": "Server"
	},
	
	{
		"op": "addmerge",
		"path": "/attributes",
		"value": {
			"shelvableByType": { "*-head": "SingleCenter" },
			"displaycaseableByType": { "*-head": true },
		},
		"file": "game:itemtypes/resource/hide-species",
		"side": "Server"
	},
	
	{
		"op": "addmerge",
		"path": "/attributesByType/*",
		"value": {
			"shelvable": true,
			"bookshelveable": true,
			"onShelfTransform": {
				"translation": { "x": 0, "y": -1.2, "z": 0.61 },
				"rotation": { "x": 0, "y": 90, "z": -41 }
			}
		},
		"file": "game:itemtypes/wearable/seraph/neck",
		"side": "Server"
	},
	{
		"op": "addmerge",
		"path": "/attributesByType/*",
		"value": {
			"shelvable": true,
			"bookshelveable": true,
			"onShelfTransform": {
				"translation": { "x": 0, "y": -1.2, "z": 0.61 },
				"rotation": { "x": 0, "y": 90, "z": -41 }
			}
		},
		"file": "game:itemtypes/wearable/seraph/villager/nadiya/neck",
		"side": "Server"
	},
]