[
	{
		"op": "addmerge",
		"path": "/attributes",
		"value": {
			"shelvable": true,
			"displaycaseable": true,
			"onshelfTransformByType": {
				"*-scraps": {
					"rotation": { "x": 0, "y": 40, "z": 0 },
					"origin": { "x": 0.43, "y": 0, "z": 0.46 },
					"scale": 0.75
				}
			}
		},
		"file": "game:blocktypes/metal/metalpartsandscraps",
		"side": "Server"
	},
	{
		"op": "addmerge",
		"path": "/attributes",
		"value": {
			"shelvable": true,
			"displaycaseable": true,
			"onshelfTransform": {
				"rotation": { "x": 0, "y": 90, "z": 0 },
				"origin": { "x": 0.5, "y": 0, "z": 0.5 },
				"scale": 0.6
			}
		},
		"file": "game:itemtypes/resource/metalchain",
		"side": "Server"
	},
	{
		"op": "addmerge",
		"path": "/attributes",
		"value": {
			"shelvable": true,
			"displaycaseable": true,
		},
		"file": "game:itemtypes/resource/metallamellae",
		"side": "Server"
	},
	{
		"op": "addmerge",
		"path": "/attributes",
		"value": {
			"shelvable": true,
			"displaycaseable": true,
		},
		"file": "game:itemtypes/resource/metalscale",
		"side": "Server"
	},
	{
		"op": "addmerge",
		"path": "/attributes",
		"value": {
			"shelvable": true,
			"displaycaseable": true,
			"onshelfTransform": {
				"translation": { "x": 0.08, "y": 0, "z": 0.03 },
				"rotation": { "x": 0, "y": 180, "z": 0 }
			}
		},
		"file": "game:itemtypes/resource/metalnailsandstrips",
		"side": "Server"
	},
	{
		"op": "addmerge",
		"path": "/attributes",
		"enabled": false,
		"value": {
			"shelvable": true,
			"onshelfTransform": {
				"rotation": { "x": 0, "y": 75, "z": 0 },
				"origin": { "x": 0.48, "y": 0, "z": 0.51 },
				"scale": 0.75
			}
		},
		"file": "game:blocktypes/clay/mold/ingotmold",
		"side": "Server"
	},
	{
		"op": "addmerge",
		"path": "/attributes",
		"value": {
			"shelvable": "SingleCenter",
			"onshelfTransform": {
				"translation": { "x": 0, "y": 0, "z": 0.1 },
			}
		},
		"file": "game:blocktypes/clay/fired/toolmold",
		"side": "Server"
	},
	
	{
		"op": "addmerge",
		"path": "/attributes",
		"value": {
			"shelvable": "SingleCenter",
			"onshelfTransform": {
				"translation": { "x": 0, "y": 0, "z": 0.05 },
				"rotation": { "x": 0, "y": -1, "z": 0 }
			}
		},
		"file": "game:blocktypes/wood/sieve",
		"side": "Server"
	},
	
	{
		"op": "addmerge",
		"path": "/attributes",
		"value": {
			"shelvable": "SingleCenter",
			"onshelfTransformByType": {
				"*-crude": {
					"translation": { "x": 0.37, "y": -0.17, "z": -0.52 },
					"rotation": { "x": -90, "y": 0, "z": 0 }
				},
				"*": {
					"translation": { "x": 0.438, "y": -0.17, "z": -0.43 },
					"rotation": { "x": -90, "y": 0, "z": 0 }
				}
			}
		},
		"file": "game:itemtypes/part/hoop",
		"side": "Server"
	},
	{
		"op": "addmerge",
		"path": "/attributes",
		"value": {
			"shelvable": "SingleCenter",
			"onshelfTransform": {
				"translation": { "x": 0.438, "y": -0.17, "z": -0.43 },
				"rotation": { "x": -90, "y": 0, "z": 0 }
			}
		},
		"file": "game:itemtypes/tool/shield",
		"side": "Server"
	},
	
	{
		"op": "addmerge",
		"path": "/attributes",
		"value": {
			"shelvable": true,
		},
		"file": "game:itemtypes/jonas/rustypart.json",
		"side": "Server"
	},
]