{
	"editor": {
		"allAngles": false,
		"entityTextureMode": false
	},
	"textureWidth": 16,
	"textureHeight": 16,
	"textureSizes": {
	},
	"textures": {
	},
	"elements": [
		{
			"name": "backpack",
			"stepParentName": "UpperTorso",
			"from": [ 5.75, -0.2, 1.3 ],
			"to": [ 10.75, 4.8, 4.8 ],
			"rotationOrigin": [ 8.0, -4.7, 3.3 ],
			"rotationX": -90.0,
			"rotationY": 82.0,
			"rotationZ": 90.0,
			"faces": {
				"north": { "texture": "#leather", "uv": [ 0.0, 3.5, 5.0, 8.5 ] },
				"east": { "texture": "#leather", "uv": [ 1.0, 3.5, 4.5, 8.5 ] },
				"south": { "texture": "#leather", "uv": [ 5.0, 3.5, 10.0, 8.5 ], "autoUv": false },
				"west": { "texture": "#leather", "uv": [ 10.0, 3.5, 13.5, 8.5 ] },
				"up": { "texture": "#leather", "uv": [ 5.0, 1.0, 10.0, 4.5 ] },
				"down": { "texture": "#leather", "uv": [ 0.0, 7.0, 5.0, 10.5 ] }
			},
			"children": [
				{
					"name": "bottom",
					"from": [ 0.0, -0.5, 0.5 ],
					"to": [ 5.0, 0.0, 3.5 ],
					"faces": {
						"north": { "texture": "#leather", "uv": [ 0.0, 5.0, 5.0, 5.5 ] },
						"east": { "texture": "#leather", "uv": [ 1.0, 5.0, 4.0, 5.5 ] },
						"south": { "texture": "#leather", "uv": [ 11.0, 5.0, 16.0, 5.5 ] },
						"west": { "texture": "#leather", "uv": [ 11.0, 5.0, 14.0, 5.5 ] },
						"down": { "texture": "#leather", "uv": [ 6.0, 11.0, 11.0, 14.0 ] }
					}
				},
				{
					"name": "L pocket",
					"from": [ -0.7, 1.5, 0.6 ],
					"to": [ 0.3, 4.5, 3.1 ],
					"rotationOrigin": [ -0.2, 4.5, 2.0 ],
					"rotationZ": -10.0,
					"faces": {
						"north": { "texture": "#leather", "uv": [ 2.5, 8.5, 3.5, 11.5 ] },
						"east": { "texture": "#leather", "uv": [ 0.5, 2.0, 3.0, 5.0 ] },
						"south": { "texture": "#leather", "uv": [ 3.0, 9.5, 4.0, 12.5 ] },
						"west": { "texture": "#leather", "uv": [ 3.5, 6.5, 11.0, 12.5 ], "autoUv": false },
						"up": { "texture": "#leather", "uv": [ 3.5, 0.0, 11.0, 7.0 ], "rotation": 90, "autoUv": false },
						"down": { "texture": "#leather", "uv": [ 3.0, 7.0, 4.0, 9.5 ] }
					}
				},
				{
					"name": "R pocket",
					"from": [ 4.7, 1.5, 0.6 ],
					"to": [ 5.7, 4.5, 3.1 ],
					"rotationOrigin": [ 5.2, 4.5, 1.6 ],
					"rotationZ": 10.0,
					"faces": {
						"north": { "texture": "#leather", "uv": [ 13.0, 7.0, 14.0, 10.0 ] },
						"east": { "texture": "#leather", "uv": [ 4.0, 6.5, 11.0, 12.5 ], "autoUv": false },
						"south": { "texture": "#leather", "uv": [ 13.0, 8.0, 14.0, 11.0 ] },
						"up": { "texture": "#leather", "uv": [ 4.0, 1.5, 11.0, 7.0 ], "rotation": 270, "autoUv": false },
						"down": { "texture": "#leather", "uv": [ 2.0, 6.5, 3.0, 9.0 ] }
					}
				},
				{
					"name": "top pocket",
					"from": [ 1.0, 0.2, 3.0 ],
					"to": [ 4.0, 5.2, 4.0 ],
					"rotationOrigin": [ 2.5, 5.1, 3.0 ],
					"rotationX": -15.0,
					"faces": {
						"east": { "texture": "#leather", "uv": [ 9.5, 1.5, 10.5, 6.5 ] },
						"south": { "texture": "#leather", "uv": [ 6.0, 2.0, 9.0, 7.0 ] },
						"west": { "texture": "#leather", "uv": [ 2.5, 1.5, 3.5, 6.5 ] },
						"up": { "texture": "#leather", "uv": [ 0.0, 3.0, 3.0, 4.0 ] },
						"down": { "texture": "#leather", "uv": [ 6.0, 6.0, 9.0, 7.0 ] }
					}
				},
				{
					"name": "L wood",
					"from": [ -0.1, -3.1, -0.1 ],
					"to": [ 0.9, 5.9, 0.9 ],
					"rotationOrigin": [ 0.4, 5.9, 0.0 ],
					"rotationX": 2.0,
					"rotationZ": -3.0,
					"faces": {
						"north": { "texture": "#straps", "uv": [ 7.5, 4.0, 8.5, 13.0 ] },
						"east": { "texture": "#straps", "uv": [ 8.0, 5.0, 9.0, 14.0 ] },
						"south": { "texture": "#straps", "uv": [ 3.0, 7.0, 4.0, 16.0 ] },
						"west": { "texture": "#straps", "uv": [ 1.5, 1.5, 2.5, 10.5 ] },
						"up": { "texture": "#straps", "uv": [ 2.0, 5.0, 3.0, 6.0 ] },
						"down": { "texture": "#straps", "uv": [ 1.5, 2.0, 2.5, 3.0 ] }
					}
				},
				{
					"name": "R wood",
					"from": [ 4.3, -3.1, -0.1 ],
					"to": [ 5.3, 5.9, 0.9 ],
					"rotationOrigin": [ 4.8, 5.9, 0.0 ],
					"rotationX": 2.0,
					"rotationZ": 3.0,
					"faces": {
						"north": { "texture": "#straps", "uv": [ 7.0, 6.5, 8.0, 15.5 ] },
						"east": { "texture": "#straps", "uv": [ 7.5, 5.0, 8.5, 14.0 ] },
						"south": { "texture": "#straps", "uv": [ 6.0, 1.5, 7.0, 10.5 ] },
						"west": { "texture": "#straps", "uv": [ 7.5, 5.0, 8.5, 14.0 ] },
						"up": { "texture": "#straps", "uv": [ 7.0, 3.0, 8.0, 4.0 ] },
						"down": { "texture": "#straps", "uv": [ 0.0, 0.0, 1.0, 1.0 ] }
					}
				},
				{
					"name": "Matras",
					"from": [ -0.5, 2.0, 2.8 ],
					"to": [ 5.5, 4.0, 4.8 ],
					"rotationOrigin": [ 0.0, 4.0, 4.0 ],
					"rotationX": 180.0,
					"faces": {
						"north": { "texture": "#linen", "uv": [ 4.25, 6.5, 10.25, 8.5 ] },
						"east": { "texture": "#linen", "uv": [ 4.0, 4.5, 9.5, 7.0 ], "autoUv": false },
						"south": { "texture": "#linen", "uv": [ 1.25, 1.0, 14.0, 15.0 ], "autoUv": false },
						"west": { "texture": "#linen", "uv": [ 6.5, 5.5, 8.5, 7.5 ] },
						"up": { "texture": "#linen", "uv": [ 1.5, 1.0, 14.25, 15.0 ], "autoUv": false },
						"down": { "texture": "#linen", "uv": [ 1.5, 1.5, 14.5, 13.5 ], "autoUv": false }
					},
					"children": [
						{
							"name": "storpa L",
							"from": [ 1.0, -0.2, -0.2 ],
							"to": [ 1.5, 2.2, 2.2 ],
							"rotationOrigin": [ -5.0, 0.0, -1.0 ],
							"faces": {
								"north": { "texture": "#leather", "uv": [ 11.5, 7.5, 14.5, 14.5 ], "autoUv": false },
								"east": { "texture": "#leather", "uv": [ 11.5, 6.0, 14.0, 14.0 ], "autoUv": false },
								"south": { "texture": "#leather", "uv": [ 11.5, 6.0, 14.5, 10.5 ], "autoUv": false },
								"west": { "texture": "#leather", "uv": [ 11.5, 7.0, 14.0, 13.5 ], "autoUv": false },
								"up": { "texture": "#leather", "uv": [ 12.0, 7.0, 14.5, 14.5 ], "autoUv": false },
								"down": { "texture": "#leather", "uv": [ 12.0, 7.0, 15.0, 13.0 ], "autoUv": false }
							}
						},
						{
							"name": "stropa R",
							"from": [ 4.4, -0.2, -0.2 ],
							"to": [ 4.9, 2.2, 2.2 ],
							"rotationOrigin": [ 5.0, 1.0, 0.0 ],
							"faces": {
								"north": { "texture": "#leather", "uv": [ 1.5, 7.0, 4.0, 13.5 ], "autoUv": false },
								"east": { "texture": "#leather", "uv": [ 1.5, 6.5, 4.0, 13.5 ], "autoUv": false },
								"south": { "texture": "#leather", "uv": [ 1.0, 7.0, 4.5, 15.0 ], "autoUv": false },
								"west": { "texture": "#leather", "uv": [ 1.5, 6.0, 4.0, 14.0 ], "autoUv": false },
								"up": { "texture": "#leather", "uv": [ 2.0, 6.0, 4.5, 14.0 ], "autoUv": false },
								"down": { "texture": "#leather", "uv": [ 1.5, 6.5, 4.0, 13.0 ], "autoUv": false }
							}
						},
						{
							"name": "center",
							"from": [ -0.2, 0.2, 0.25 ],
							"to": [ 6.2, 1.8, 1.75 ],
							"rotationOrigin": [ 1.0, 2.0, 0.0 ],
							"faces": {
								"north": { "texture": "#linen", "uv": [ 0.0, 0.0, 6.25, 1.5 ] },
								"east": { "texture": "#linen", "uv": [ 0.0, 0.0, 1.5, 1.5 ] },
								"south": { "texture": "#linen", "uv": [ 0.0, 0.0, 6.25, 1.5 ] },
								"west": { "texture": "#linen", "uv": [ 0.0, 0.0, 1.5, 1.5 ] },
								"up": { "texture": "#linen", "uv": [ 0.0, 0.0, 6.25, 1.5 ] },
								"down": { "texture": "#linen", "uv": [ 0.0, 0.0, 6.25, 1.5 ] }
							}
						},
						{
							"name": "center mini",
							"from": [ -0.6, 0.4, 0.4 ],
							"to": [ 6.6, 1.6, 1.6 ],
							"rotationOrigin": [ 1.0, 2.0, 0.0 ],
							"faces": {
								"north": { "texture": "#linen", "uv": [ 4.5, 6.0, 8.75, 10.0 ], "autoUv": false },
								"east": { "texture": "#linen", "uv": [ 3.75, 4.0, 10.75, 10.5 ], "autoUv": false },
								"south": { "texture": "#linen", "uv": [ 4.75, 6.5, 9.25, 9.5 ], "autoUv": false },
								"west": { "texture": "#linen", "uv": [ 4.25, 6.0, 10.5, 12.5 ], "autoUv": false },
								"up": { "texture": "#linen", "uv": [ 3.0, 5.0, 7.5, 2.0 ], "autoUv": false },
								"down": { "texture": "#linen", "uv": [ 2.5, 5.0, 5.5, 9.0 ], "autoUv": false }
							}
						}
					]
				},
				{
					"name": "base",
					"from": [ -0.5, -4.0, 0.4 ],
					"to": [ 5.5, 3.0, 4.4 ],
					"rotationOrigin": [ -0.5, -4.0, -0.1 ],
					"faces": {
						"north": { "texture": "#leather", "uv": [ 9.5, 8.0, 15.5, 15.0 ] },
						"east": { "texture": "#leather", "uv": [ 0.5, 9.0, 4.5, 16.0 ] },
						"south": { "texture": "#leather", "uv": [ 4.5, 5.0, 10.5, 12.0 ], "autoUv": false },
						"west": { "texture": "#leather", "uv": [ 10.0, 9.0, 14.0, 16.0 ] },
						"up": { "texture": "#leather", "uv": [ 4.5, 0.5, 10.5, 5.5 ], "autoUv": false },
						"down": { "texture": "#leather", "uv": [ 1.5, 10.0, 7.5, 14.0 ] }
					},
					"children": [
						{
							"name": "bottom 1",
							"from": [ 0.5, -0.5, 0.0 ],
							"to": [ 5.5, 0.0, 3.5 ],
							"rotationOrigin": [ 0.0, -0.5, -0.5 ],
							"faces": {
								"north": { "texture": "#leather", "uv": [ 5.5, 3.0, 10.5, 3.5 ] },
								"east": { "texture": "#leather", "uv": [ 2.5, 3.5, 6.0, 4.0 ] },
								"south": { "texture": "#leather", "uv": [ 5.5, 4.0, 10.5, 4.5 ] },
								"west": { "texture": "#leather", "uv": [ 10.0, 3.0, 13.5, 3.5 ] },
								"down": { "texture": "#leather", "uv": [ 5.5, 0.5, 10.5, 4.0 ] }
							}
						}
					]
				},
				{
					"name": "L large pocket",
					"from": [ -1.7, -3.8, 0.5 ],
					"to": [ -0.2, 1.1, 4.0 ],
					"rotationOrigin": [ -1.0, 1.0, 2.4 ],
					"rotationZ": 15.0,
					"faces": {
						"north": { "texture": "#leather", "uv": [ 6.5, 8.0, 10.0, 15.0 ], "autoUv": false },
						"east": { "texture": "#leather", "uv": [ 0.0, 0.0, 3.5, 4.5 ] },
						"south": { "texture": "#leather", "uv": [ 5.0, 8.0, 8.0, 13.5 ], "autoUv": false },
						"west": { "texture": "#leather", "uv": [ 4.0, 6.5, 11.0, 13.5 ], "autoUv": false },
						"up": { "texture": "#leather", "uv": [ 4.0, -0.5, 11.0, 7.0 ], "rotation": 90, "autoUv": false },
						"down": { "texture": "#leather", "uv": [ 0.0, 1.0, 1.5, 4.5 ] }
					}
				},
				{
					"name": "R large pocket",
					"from": [ 5.4, -3.5, 0.5 ],
					"to": [ 6.9, 1.4, 4.0 ],
					"rotationOrigin": [ 5.9, 2.0, 2.0 ],
					"rotationZ": -15.0,
					"faces": {
						"north": { "texture": "#leather", "uv": [ 4.0, 8.0, 7.5, 14.5 ], "autoUv": false },
						"east": { "texture": "#leather", "uv": [ 3.5, 6.5, 11.0, 13.5 ], "autoUv": false },
						"south": { "texture": "#leather", "uv": [ 7.5, 8.5, 11.0, 13.0 ], "autoUv": false },
						"west": { "texture": "#leather", "uv": [ 6.5, 0.5, 10.0, 5.0 ] },
						"up": { "texture": "#leather", "uv": [ 3.5, 3.5, 11.0, 7.0 ], "rotation": 270, "autoUv": false },
						"down": { "texture": "#leather", "uv": [ 1.0, 0.5, 2.5, 4.0 ] }
					}
				},
				{
					"name": "Gudziki",
					"from": [ 0.0, 0.0, 0.0 ],
					"to": [ 1.0, 1.0, 1.0 ],
					"faces": {
						"north": { "texture": "#lapislazuli", "uv": [ 0.0, 0.0, 1.0, 1.0 ] },
						"east": { "texture": "#lapislazuli", "uv": [ 0.0, 0.0, 1.0, 1.0 ] },
						"south": { "texture": "#lapislazuli", "uv": [ 0.0, 0.0, 1.0, 1.0 ] },
						"west": { "texture": "#lapislazuli", "uv": [ 0.0, 0.0, 1.0, 1.0 ] },
						"up": { "texture": "#lapislazuli", "uv": [ 0.0, 0.0, 1.0, 1.0 ] },
						"down": { "texture": "#lapislazuli", "uv": [ 0.0, 0.0, 1.0, 1.0 ] }
					},
					"children": [
						{
							"name": "Wooden01",
							"from": [ -1.84, 0.46, 2.0 ],
							"to": [ -1.44, 0.96, 2.5 ],
							"rotationOrigin": [ -2.0, 1.0, 2.0 ],
							"rotationZ": 12.0,
							"faces": {
								"north": { "texture": "#straps", "uv": [ 4.5, 5.5, 5.0, 6.0 ] },
								"east": { "texture": "#straps", "uv": [ 4.5, 4.0, 5.0, 4.5 ] },
								"south": { "texture": "#straps", "uv": [ 4.5, 6.0, 5.0, 6.5 ] },
								"west": { "texture": "#straps", "uv": [ 4.5, 4.0, 5.0, 4.5 ] },
								"up": { "texture": "#straps", "uv": [ 4.5, 4.0, 5.0, 4.5 ] },
								"down": { "texture": "#straps", "uv": [ 4.5, 4.0, 5.0, 4.5 ] }
							}
						},
						{
							"name": "Wooden02",
							"from": [ -0.72, 4.54, 1.76 ],
							"to": [ -0.47, 4.89, 2.1 ],
							"rotationOrigin": [ -2.0, 5.0, 2.0 ],
							"rotationZ": -10.0,
							"faces": {
								"north": { "texture": "#straps", "uv": [ 4.5, 5.5, 5.0, 6.0 ] },
								"east": { "texture": "#straps", "uv": [ 4.5, 4.0, 5.0, 4.5 ] },
								"south": { "texture": "#straps", "uv": [ 4.5, 6.0, 5.0, 6.5 ] },
								"west": { "texture": "#straps", "uv": [ 4.5, 4.0, 5.0, 4.5 ] },
								"up": { "texture": "#straps", "uv": [ 4.5, 4.0, 5.0, 4.5 ] },
								"down": { "texture": "#straps", "uv": [ 4.5, 4.0, 5.0, 4.5 ] }
							}
						},
						{
							"name": "Wooden03",
							"from": [ 5.43, 4.04, 1.68 ],
							"to": [ 5.68, 4.39, 2.02 ],
							"rotationOrigin": [ 4.0, 5.0, 2.0 ],
							"rotationZ": 10.0,
							"faces": {
								"north": { "texture": "#straps", "uv": [ 4.5, 5.5, 5.0, 6.0 ] },
								"east": { "texture": "#straps", "uv": [ 4.5, 4.0, 5.0, 4.5 ] },
								"south": { "texture": "#straps", "uv": [ 4.5, 6.0, 5.0, 6.5 ] },
								"west": { "texture": "#straps", "uv": [ 4.5, 4.0, 5.0, 4.5 ] },
								"up": { "texture": "#straps", "uv": [ 4.5, 4.0, 5.0, 4.5 ] },
								"down": { "texture": "#straps", "uv": [ 4.5, 4.0, 5.0, 4.5 ] }
							}
						},
						{
							"name": "Wooden04",
							"from": [ 6.4, 0.94, 1.9 ],
							"to": [ 6.8, 1.44, 2.4 ],
							"rotationOrigin": [ 6.0, 1.0, 2.0 ],
							"rotationZ": -12.0,
							"faces": {
								"north": { "texture": "#straps", "uv": [ 4.5, 5.5, 5.0, 6.0 ] },
								"east": { "texture": "#straps", "uv": [ 4.5, 4.0, 5.0, 4.5 ] },
								"south": { "texture": "#straps", "uv": [ 4.5, 6.0, 5.0, 6.5 ] },
								"west": { "texture": "#straps", "uv": [ 4.5, 4.0, 5.0, 4.5 ] },
								"up": { "texture": "#straps", "uv": [ 4.5, 4.0, 5.0, 4.5 ] },
								"down": { "texture": "#straps", "uv": [ 4.5, 4.0, 5.0, 4.5 ] }
							}
						}
					]
				},
				{
					"name": "Base1",
					"from": [ -4.5272, 1.4934, 5.6637 ],
					"to": [ -1.7272, 1.8434, 8.4637 ],
					"rotationOrigin": [ -0.45, 1.8565, 4.913 ],
					"rotationX": -0.1363,
					"rotationY": -89.9802,
					"rotationZ": -0.1363,
					"faces": {
						"north": { "texture": "#material", "uv": [ 5.0, 1.0, 7.5, 1.5 ] },
						"east": { "texture": "#material", "uv": [ 3.0, 15.0, 5.5, 15.5 ] },
						"south": { "texture": "#material", "uv": [ 2.0, 1.0, 4.5, 1.5 ] },
						"west": { "texture": "#material", "uv": [ 3.0, 1.0, 5.5, 1.5 ] },
						"up": { "texture": "#material", "uv": [ 4.0, 4.0, 6.5, 6.5 ] },
						"down": { "texture": "#material", "uv": [ 5.0, 6.0, 7.5, 8.5 ] }
					},
					"children": [
						{
							"name": "candle",
							"from": [ 1.05, 0.7, 1.05 ],
							"to": [ 1.75, 2.1, 1.75 ],
							"faces": {
								"north": { "texture": "#candle", "uv": [ 0.0, 12.0, 0.7, 13.4 ] },
								"east": { "texture": "#candle", "uv": [ 2.0, 12.0, 2.7, 13.4 ] },
								"south": { "texture": "#candle", "uv": [ 4.0, 12.0, 4.7, 13.4 ] },
								"west": { "texture": "#candle", "uv": [ 6.0, 12.0, 6.7, 13.4 ] },
								"up": { "texture": "#candle", "uv": [ 14.0, 0.0, 14.7, 0.7 ] }
							},
							"children": [
								{
									"name": "top",
									"from": [ 0.28, 1.4, 0.28 ],
									"to": [ 0.42, 1.575, 0.42 ],
									"faces": {
										"north": { "texture": "#candle", "uv": [ 0.0, 0.0, 0.0, 0.175 ], "glow": 196 },
										"east": { "texture": "#candle", "uv": [ 0.0, 0.0, 0.0, 0.175 ], "glow": 196 },
										"south": { "texture": "#candle", "uv": [ 0.0, 0.0, 0.0, 0.175 ], "glow": 196 },
										"west": { "texture": "#candle", "uv": [ 0.0, 0.0, 0.0, 0.175 ], "glow": 196 },
										"up": { "texture": "#candle", "uv": [ 0.0, 0.0, 0.0, 0.0 ], "glow": 196 }
									}
								}
							]
						},
						{
							"name": "base2",
							"from": [ 0.35, 0.35, 0.35 ],
							"to": [ 2.45, 0.7, 2.45 ],
							"faces": {
								"north": { "texture": "#material", "uv": [ 8.0, 0.0, 10.1, 0.35 ] },
								"east": { "texture": "#material", "uv": [ 2.0, 14.0, 4.1, 14.35 ] },
								"south": { "texture": "#material", "uv": [ 1.0, 0.0, 3.1, 0.35 ] },
								"west": { "texture": "#material", "uv": [ 5.0, 14.0, 7.1, 14.35 ] },
								"up": { "texture": "#lining", "uv": [ 5.0, 3.0, 7.1, 5.1 ] }
							},
							"children": [
								{
									"name": "pillar 1",
									"from": [ 0.0, 0.35, 0.0 ],
									"to": [ 0.35, 2.45, 0.35 ],
									"faces": {
										"north": { "texture": "#material", "uv": [ 1.0, 5.0, 1.35, 7.1 ] },
										"east": { "texture": "#lining", "uv": [ 7.0, 4.0, 7.35, 6.1 ] },
										"south": { "texture": "#lining", "uv": [ 6.0, 3.0, 6.35, 5.1 ] },
										"west": { "texture": "#material", "uv": [ 14.0, 5.0, 14.35, 7.1 ] }
									}
								},
								{
									"name": "pillar 2",
									"from": [ 1.75, 0.35, 0.0 ],
									"to": [ 2.1, 2.45, 0.35 ],
									"faces": {
										"north": { "texture": "#material", "uv": [ 14.0, 2.0, 14.35, 4.1 ] },
										"east": { "texture": "#material", "uv": [ 1.0, 8.0, 1.35, 10.1 ] },
										"south": { "texture": "#lining", "uv": [ 6.0, 8.0, 6.35, 10.1 ] },
										"west": { "texture": "#lining", "uv": [ 10.0, 5.0, 10.35, 7.1 ] }
									}
								},
								{
									"name": "pillar 3",
									"from": [ 1.75, 0.35, 1.75 ],
									"to": [ 2.1, 2.45, 2.1 ],
									"faces": {
										"north": { "texture": "#lining", "uv": [ 5.0, 7.0, 5.35, 9.1 ] },
										"east": { "texture": "#material", "uv": [ 14.0, 8.0, 14.35, 10.1 ] },
										"south": { "texture": "#material", "uv": [ 1.0, 2.0, 1.35, 4.1 ] },
										"west": { "texture": "#lining", "uv": [ 10.0, 3.0, 10.35, 5.1 ] }
									}
								},
								{
									"name": "pillar 4",
									"from": [ 0.0, 0.35, 1.75 ],
									"to": [ 0.35, 2.45, 2.1 ],
									"faces": {
										"north": { "texture": "#lining", "uv": [ 8.0, 3.0, 8.35, 5.1 ] },
										"east": { "texture": "#lining", "uv": [ 6.0, 3.0, 6.35, 5.1 ] },
										"south": { "texture": "#material", "uv": [ 0.0, 3.0, 0.35, 5.1 ] },
										"west": { "texture": "#material", "uv": [ 1.0, 4.0, 1.35, 6.1 ] }
									}
								},
								{
									"name": "glass N",
									"from": [ 0.35, 0.35, 0.175 ],
									"to": [ 1.75, 2.45, 0.175 ],
									"renderPass": 3,
									"faces": {
										"north": { "texture": "#glass", "uv": [ 7.0, 8.0, 8.4, 10.1 ], "glow": 196 }
									}
								},
								{
									"name": "glass S",
									"from": [ 0.35, 0.35, 1.925 ],
									"to": [ 1.75, 2.45, 1.925 ],
									"renderPass": 3,
									"faces": {
										"north": { "texture": "#glass", "uv": [ 8.0, 6.0, 9.4, 8.1 ], "glow": 196 }
									}
								},
								{
									"name": "glass W",
									"from": [ 0.175, 0.35, 0.35 ],
									"to": [ 0.175, 2.45, 1.75 ],
									"renderPass": 3,
									"faces": {
										"west": { "texture": "#glass", "uv": [ 4.0, 2.0, 5.4, 4.1 ], "glow": 196 }
									}
								},
								{
									"name": "glass E",
									"from": [ 1.925, 0.35, 0.35 ],
									"to": [ 1.925, 2.45, 1.75 ],
									"renderPass": 3,
									"faces": {
										"west": { "texture": "#glass", "uv": [ 1.0, 4.0, 2.4, 6.1 ], "glow": 196 }
									}
								},
								{
									"name": "deco N",
									"from": [ 0.35, 0.35, 0.14 ],
									"to": [ 1.75, 2.45, 0.14 ],
									"renderPass": 1,
									"faces": {
										"north": { "texture": "#material-deco", "uv": [ 9.3, 9.2, 14.7, 14.8 ] }
									}
								},
								{
									"name": "deco S",
									"from": [ 0.35, 0.35, 1.96 ],
									"to": [ 1.75, 2.45, 1.96 ],
									"renderPass": 1,
									"faces": {
										"north": { "texture": "#material-deco", "uv": [ 9.3, 9.2, 14.7, 14.8 ] }
									}
								},
								{
									"name": "deco W",
									"from": [ 0.14, 0.35, 0.35 ],
									"to": [ 0.14, 2.45, 1.75 ],
									"renderPass": 1,
									"faces": {
										"west": { "texture": "#material-deco", "uv": [ 9.3, 9.2, 14.7, 14.8 ] }
									}
								},
								{
									"name": "deco E",
									"from": [ 1.96, 0.35, 0.35 ],
									"to": [ 1.96, 2.45, 1.75 ],
									"renderPass": 1,
									"faces": {
										"west": { "texture": "#material-deco", "uv": [ 9.3, 9.2, 14.7, 14.8 ] }
									}
								}
							]
						},
						{
							"name": "top 1",
							"from": [ 0.35, 2.8, 0.35 ],
							"to": [ 2.45, 3.15, 2.45 ],
							"faces": {
								"north": { "texture": "#material", "uv": [ 1.0, 15.0, 3.1, 15.35 ] },
								"east": { "texture": "#material", "uv": [ 8.0, 15.0, 10.1, 15.35 ] },
								"south": { "texture": "#material", "uv": [ 6.0, 1.0, 8.1, 1.35 ] },
								"west": { "texture": "#material", "uv": [ 1.0, 15.0, 3.1, 15.35 ] },
								"down": { "texture": "#lining", "uv": [ 4.0, 8.0, 6.1, 10.1 ] }
							}
						},
						{
							"name": "top 2",
							"from": [ 0.0, 3.15, 0.0 ],
							"to": [ 2.8, 3.5, 2.8 ],
							"faces": {
								"north": { "texture": "#material", "uv": [ 2.0, 1.5, 4.8, 1.85 ] },
								"east": { "texture": "#material", "uv": [ 2.0, 14.0, 4.8, 14.35 ] },
								"south": { "texture": "#material", "uv": [ 3.0, 14.0, 5.8, 14.35 ] },
								"west": { "texture": "#material", "uv": [ 7.0, 0.0, 9.8, 0.35 ] },
								"up": { "texture": "#material", "uv": [ 5.0, 3.0, 7.8, 5.8 ] },
								"down": { "texture": "#material", "uv": [ 4.0, 6.0, 6.8, 8.8 ] }
							}
						},
						{
							"name": "top 3",
							"from": [ 0.7, 3.5, 0.7 ],
							"to": [ 2.1, 3.85, 2.1 ],
							"faces": {
								"north": { "texture": "#material", "uv": [ 4.0, 4.0, 5.4, 4.35 ] },
								"east": { "texture": "#material", "uv": [ 7.0, 8.0, 8.4, 8.35 ] },
								"south": { "texture": "#material", "uv": [ 7.0, 6.0, 8.4, 6.35 ] },
								"west": { "texture": "#material", "uv": [ 6.0, 5.0, 7.4, 5.35 ] },
								"up": { "texture": "#material", "uv": [ 6.0, 4.0, 7.4, 5.4 ] }
							}
						},
						{
							"name": "holder 1",
							"from": [ 1.05, 3.85, 1.05 ],
							"to": [ 1.75, 4.9, 1.75 ],
							"faces": {
								"north": { "texture": "#material", "uv": [ 0.0, 2.0, 0.7, 3.05 ] },
								"east": { "texture": "#material", "uv": [ 14.0, 5.0, 14.7, 6.05 ] },
								"south": { "texture": "#material", "uv": [ 14.0, 11.0, 14.7, 12.05 ] },
								"west": { "texture": "#material", "uv": [ 0.0, 4.0, 0.7, 5.05 ] },
								"up": { "texture": "#material", "uv": [ 6.0, 11.0, 6.7, 11.7 ] }
							},
							"children": [
								{
									"name": "holder horizontal",
									"from": [ 0.0, -0.15, -1.9 ],
									"to": [ 0.7, 0.2, 1.85 ],
									"rotationOrigin": [ -1.05, -3.85, -1.05 ],
									"rotationX": -22.5,
									"faces": {
										"east": { "texture": "#material", "uv": [ 4.0, 0.0, 7.5, 0.5 ] },
										"west": { "texture": "#material", "uv": [ 5.0, 0.0, 8.5, 0.5 ] },
										"up": { "texture": "#material", "uv": [ 0.0, 3.0, 0.5, 6.5 ] },
										"down": { "texture": "#material", "uv": [ 14.0, 7.0, 14.5, 10.5 ] }
									},
									"children": [
										{
											"name": "holder 2",
											"from": [ 0.0, -0.35, -0.35 ],
											"to": [ 0.7, 0.7, 0.0 ],
											"rotationOrigin": [ -1.05, -4.2, 1.05 ],
											"faces": {
												"north": { "texture": "#material", "uv": [ 0.0, 0.0, 0.7, 1.05 ] },
												"east": { "texture": "#material", "uv": [ 1.0, 8.0, 1.35, 9.05 ] },
												"south": { "texture": "#material", "uv": [ 6.0, 4.0, 6.7, 5.05 ] },
												"west": { "texture": "#material", "uv": [ 14.0, 7.0, 14.35, 8.05 ] },
												"up": { "texture": "#material", "uv": [ 12.0, 0.0, 12.7, 0.35 ] },
												"down": { "texture": "#material", "uv": [ 2.0, 0.0, 2.7, 0.35 ] }
											}
										}
									]
								}
							]
						}
					]
				}
			]
		}
	]}