﻿{
	code: "meteor",
	variantgroups: [
		{ code: "rock", loadFromProperties: "game:block/rockwithdeposit", "states": ["meteoriciron"] }
	],
	allowedVariants: [
		"meteor-andesite",
		"meteor-chalk",
		"meteor-chert",
		"meteor-conglomerate",
		"meteor-limestone",
		"meteor-claystone",
		"meteor-granite",
		"meteor-sandstone",
		"meteor-shale",
		"meteor-basalt",
		"meteor-peridotite",
		"meteor-kimberlite",
		"meteor-phyllite",
		"meteor-slate",
		"meteor-chalk",
		"meteor-chert",
		"meteor-conglomerate",
		"meteor-limestone",
		"meteor-claystone",
		"meteor-sandstone",
		"meteor-shale",
		"meteor-whitemarble",
		"meteor-redmarble",
		"meteor-greenmarble",
		"meteor-meteoriciron"
	],
	class: "EntityFallingMeteor",
	habitat: "air",
	hitboxSize: { x: 1, y: 1 },
	client: {
		renderer: "Shape",
		texturesByType: { 
			"*-kimberlite": {
				"core": {
					base: "game:block/stone/rock/kimberlite1",
				},
				"rock": {
					base: "game:block/stone/rock/kimberlite1",
				}
			},
			"*-meteoriciron": {
				"core": {
					base: "game:block/stone/rock/meteorite-iron1",
					alternates: [
						{base: "game:block/stone/rock/meteorite-iron2"},
						{base: "game:block/stone/rock/meteorite-iron3"},
						{base: "game:block/stone/rock/meteorite-iron4"}
					]
				},
				"rock": {
					base: "game:block/stone/rock/meteorite-iron1",
					alternates: [
						{base: "game:block/stone/rock/meteorite-iron2"},
						{base: "game:block/stone/rock/meteorite-iron3"},
						{base: "game:block/stone/rock/meteorite-iron4"}
					]
				},
			},
			"*": {
				"core": {
				base: "game:block/stone/rock/{rock}1",
				alternates: [
					{base: "game:block/stone/rock/{rock}2"},
					{base: "game:block/stone/rock/{rock}3"},
					{base: "game:block/stone/rock/{rock}4"}
				]
				},
				"rock": {
					base: "game:block/stone/rock/{rock}1",
					alternates: [
						{base: "game:block/stone/rock/{rock}2"},
						{base: "game:block/stone/rock/{rock}3"},
						{base: "game:block/stone/rock/{rock}4"}
					]
				}
			}
		},
		glowlevel: 255,
		shape: { base: "entity/meteor" },
		size: 1,
		behaviors: [
		{ code: "interpolateposition" },
		{ code: "FallingMeteorMotion",
			horizontalSpeed: { min: 20, max: 50 },
			verticalSpeed: { min: 2, max: 20 }
		},
		{ code: "MeteorExplosion" },
		],
	},
	server: {
		behaviors: [
		{ code: "despawn", minPlayerDistance: 256, minSeconds: 30 },
		{ code: "FallingMeteorMotion",
			horizontalSpeed: { min: 20, max: 50 },
			verticalSpeed: { min: 2, max: 20 }
		},
		{ code: "MeteorExplosion" },
		]
	},
	sounds: {
	},
	attributes: {
		"sizeVariance":  1.0
	},
	dropsByType: {
		"*-meteoriciron": [
			{type: "item", code: "game:stone-meteorite-iron", quantity: { avg: 1, var: 0, dist: "gaussian" }}
		],
		"*": [
			{type: "item", code: "game:stone-{rock}", quantity: { avg: 1, var: 0, dist: "gaussian" }},
		]
	}
}