{
	"editor": {
		"backDropShape": "S:/seraph-faceless-l",
		"allAngles": true,
		"entityTextureMode": true
	},
	"textureWidth": 64,
	"textureHeight": 64,
	"textureSizes": {
	},
	"textures": {
		"material": "entity/humanoid/serapharmor/lamellar/bismuthbronze"
	},
	"elements": [
		{
			"name": "ArmorUpperTorso",
			"stepParentName": "UpperTorso",
			"from": [ -0.3, -0.2, -0.3 ],
			"to": [ 5.3, 5.2, 6.5 ],
			"autoUnwrap": false,
			"uv": [ 0.0, 0.0 ],
			"rotationOrigin": [ -0.3, -0.2, -0.3 ],
			"faces": {
				"north": { "texture": "#material", "uv": [ 12.0, 6.5, 17.5, 11.5 ] },
				"east": { "texture": "#material", "uv": [ 5.5, 6.5, 12.0, 11.5 ] },
				"south": { "texture": "#material", "uv": [ 0.0, 6.5, 5.5, 11.5 ] },
				"west": { "texture": "#material", "uv": [ 17.5, 6.5, 24.0, 11.5 ] },
				"up": { "texture": "#material", "uv": [ 0.0, 0.0, 5.5, 6.5 ] },
				"down": { "texture": "#material", "uv": [ 5.5, 0.0, 11.0, 6.5 ] }
			},
			"children": [
				{
					"name": "Breasts",
					"from": [ -2.43, 1.27, 0.01 ],
					"to": [ 0.07, 4.77, 6.78 ],
					"unwrapMode": 1,
					"autoUnwrap": false,
					"uv": [ 9.0, 0.0 ],
					"rotationOrigin": [ -1.0, 1.0, 0.0 ],
					"rotationZ": -35.0,
					"faces": {
						"north": { "texture": "#material", "uv": [ 15.5, 6.5, 18.0, 10.0 ] },
						"east": { "texture": "#material", "uv": [ 9.0, 6.5, 15.5, 10.0 ] },
						"south": { "texture": "#material", "uv": [ 9.5, 6.5, 12.0, 10.0 ], "windMode": [-1,-1,-1,-1], "windData": [1,1,1,1] },
						"west": { "texture": "#material", "uv": [ 17.5, 6.5, 24.0, 10.0 ] },
						"up": { "texture": "#material", "uv": [ 17.5, 4.5, 24.0, 7.0 ], "rotation": 270, "windMode": [-1,-1,-1,-1], "windData": [1,1,1,1] },
						"down": { "texture": "#material", "uv": [ 17.5, 9.0, 24.0, 11.5 ], "rotation": 90, "windMode": [-1,-1,-1,-1], "windData": [1,1,1,1] }
					}
				}
			]
		},
		{
			"name": "ArmorLowerTorso",
			"stepParentName": "LowerTorso",
			"from": [ -0.3, -0.5, -0.3 ],
			"to": [ 5.3, 5.1, 6.3 ],
			"autoUnwrap": false,
			"uv": [ 0.0, 11.5 ],
			"rotationOrigin": [ -0.3, -0.5, -0.3 ],
			"faces": {
				"north": { "texture": "#material", "uv": [ 12.0, 18.0, 17.5, 23.5 ] },
				"east": { "texture": "#material", "uv": [ 5.5, 18.0, 12.0, 23.5 ] },
				"south": { "texture": "#material", "uv": [ 0.0, 18.0, 5.5, 23.5 ] },
				"west": { "texture": "#material", "uv": [ 17.5, 18.0, 24.0, 23.5 ] },
				"up": { "texture": "#material", "uv": [ 0.0, 11.5, 5.5, 18.0 ] },
				"down": { "texture": "#material", "uv": [ 5.5, 11.5, 11.0, 18.0 ] }
			}
		},
		{
			"name": "ArmorUpperArmR",
			"stepParentName": "UpperArmR",
			"from": [ -0.2, -0.2, -0.3 ],
			"to": [ 3.1, 7.2, 2.1 ],
			"autoUnwrap": false,
			"uv": [ 36.0, 0.0 ],
			"rotationOrigin": [ -0.2, -0.2, -0.3 ],
			"faces": {
				"north": { "texture": "#material", "uv": [ 36.0, 2.0, 39.0, 9.0 ] },
				"east": { "texture": "#material", "uv": [ 44.0, 2.0, 46.0, 9.0 ] },
				"south": { "texture": "#material", "uv": [ 41.0, 2.0, 44.0, 9.0 ] },
				"west": { "texture": "#material", "uv": [ 39.0, 2.0, 41.0, 9.0 ] },
				"up": { "texture": "#material", "uv": [ 36.0, 0.0, 39.0, 2.0 ], "rotation": 180 },
				"down": { "texture": "#material", "uv": [ 39.0, 0.0, 42.0, 2.0 ] }
			},
			"children": [
				{
					"name": "ArmorShoulderR",
					"from": [ -0.5, 6.8, 0.4 ],
					"to": [ 3.5, 7.8, 1.9 ],
					"unwrapMode": 5,
					"uv": [ 24.0, 17.0 ],
					"rotationOrigin": [ -0.5, 6.8, 0.4 ],
					"faces": {
						"north": { "texture": "#material", "uv": [ 25.0, 17.0, 29.0, 18.0 ], "rotation": 180 },
						"east": { "texture": "#material", "uv": [ 29.0, 18.0, 30.0, 19.5 ], "rotation": 90 },
						"south": { "texture": "#material", "uv": [ 25.0, 19.5, 29.0, 20.5 ] },
						"west": { "texture": "#material", "uv": [ 24.0, 18.0, 25.0, 19.5 ], "rotation": 270 },
						"up": { "texture": "#material", "uv": [ 25.0, 18.0, 29.0, 19.5 ] },
						"down": { "texture": "#material", "uv": [ 30.0, 18.0, 34.0, 19.5 ] }
					}
				}
			]
		},
		{
			"name": "ArmorUpperArmL",
			"stepParentName": "UpperArmL",
			"from": [ -0.2, -0.2, -0.2 ],
			"to": [ 3.1, 7.2, 2.2 ],
			"autoUnwrap": false,
			"uv": [ 26.0, 0.0 ],
			"rotationOrigin": [ -0.2, -0.2, -0.2 ],
			"faces": {
				"north": { "texture": "#material", "uv": [ 26.0, 2.0, 29.0, 9.0 ] },
				"east": { "texture": "#material", "uv": [ 34.0, 2.0, 36.0, 9.0 ] },
				"south": { "texture": "#material", "uv": [ 31.0, 2.0, 34.0, 9.0 ] },
				"west": { "texture": "#material", "uv": [ 29.0, 2.0, 31.0, 9.0 ] },
				"up": { "texture": "#material", "uv": [ 26.0, 0.0, 29.0, 2.0 ] },
				"down": { "texture": "#material", "uv": [ 29.0, 0.0, 32.0, 2.0 ] }
			},
			"children": [
				{
					"name": "ArmorShoulderL",
					"from": [ -0.5, 6.8, 0.2 ],
					"to": [ 3.5, 7.8, 1.7 ],
					"unwrapMode": 5,
					"uv": [ 24.0, 20.5 ],
					"rotationOrigin": [ -0.5, 6.8, 0.2 ],
					"faces": {
						"north": { "texture": "#material", "uv": [ 25.0, 20.5, 29.0, 21.5 ], "rotation": 180 },
						"east": { "texture": "#material", "uv": [ 29.0, 21.5, 30.0, 23.0 ], "rotation": 90 },
						"south": { "texture": "#material", "uv": [ 25.0, 23.0, 29.0, 24.0 ] },
						"west": { "texture": "#material", "uv": [ 24.0, 21.5, 25.0, 23.0 ], "rotation": 270 },
						"up": { "texture": "#material", "uv": [ 25.0, 21.5, 29.0, 23.0 ] },
						"down": { "texture": "#material", "uv": [ 30.0, 21.5, 34.0, 23.0 ] }
					}
				}
			]
		},
		{
			"name": "ArmorLowerArmR",
			"stepParentName": "LowerArmR",
			"from": [ -0.2, 1.8, -0.25 ],
			"to": [ 2.7, 6.2, 2.25 ],
			"uv": [ 36.0, 9.0 ],
			"rotationOrigin": [ -0.2, 1.8, -0.4 ],
			"faces": {
				"north": { "texture": "#material", "uv": [ 36.0, 11.5, 38.5, 15.5 ] },
				"east": { "texture": "#material", "uv": [ 38.5, 11.5, 41.0, 15.5 ] },
				"south": { "texture": "#material", "uv": [ 41.0, 11.5, 43.5, 15.5 ] },
				"west": { "texture": "#material", "uv": [ 43.5, 11.5, 46.0, 15.5 ] },
				"up": { "texture": "#material", "uv": [ 36.0, 9.0, 38.5, 11.5 ] },
				"down": { "texture": "#material", "uv": [ 38.5, 9.0, 41.0, 11.5 ] }
			}
		},
		{
			"name": "ArmorLowerArmL",
			"stepParentName": "LowerArmL",
			"from": [ -0.2, 1.8, -0.25 ],
			"to": [ 2.7, 6.2, 2.25 ],
			"uv": [ 26.0, 9.0 ],
			"rotationOrigin": [ -0.2, 1.8, -0.3 ],
			"faces": {
				"north": { "texture": "#material", "uv": [ 26.0, 11.5, 28.5, 15.5 ] },
				"east": { "texture": "#material", "uv": [ 28.5, 11.5, 31.0, 15.5 ] },
				"south": { "texture": "#material", "uv": [ 31.0, 11.5, 33.5, 15.5 ] },
				"west": { "texture": "#material", "uv": [ 33.5, 11.5, 36.0, 15.5 ] },
				"up": { "texture": "#material", "uv": [ 26.0, 9.0, 28.5, 11.5 ] },
				"down": { "texture": "#material", "uv": [ 28.5, 9.0, 31.0, 11.5 ] }
			}
		},
		{
			"name": "ArmorCoatR",
			"stepParentName": "UpperFootR",
			"from": [ -0.7, -0.8, -0.45 ],
			"to": [ 4.9, 6.2, 3.05 ],
			"autoUnwrap": false,
			"uv": [ 18.0, 24.5 ],
			"rotationOrigin": [ -0.7, -0.8, -0.6 ],
			"faces": {
				"north": { "texture": "#material", "uv": [ 18.0, 28.0, 23.5, 35.0 ] },
				"east": { "texture": "#material", "uv": [ 32.5, 28.0, 36.0, 35.0 ] },
				"south": { "texture": "#material", "uv": [ 27.0, 28.0, 32.5, 35.0 ] },
				"west": { "texture": "#material", "uv": [ 23.5, 28.0, 27.0, 35.0 ] },
				"up": { "texture": "#material", "uv": [ 18.0, 24.5, 23.5, 28.0 ], "rotation": 180 },
				"down": { "texture": "#material", "uv": [ 23.5, 24.5, 29.0, 28.0 ], "rotation": 180 }
			},
			"children": [
				{
					"name": "ArmorLegCoverR",
					"from": [ 0.5, 0.7, 0.4 ],
					"to": [ 5.1, 10.1, 3.7 ],
					"autoUnwrap": false,
					"uv": [ 45.5, 48.0 ],
					"rotationOrigin": [ 0.5, 0.7, 0.4 ],
					"faces": {
						"north": { "texture": "#material", "uv": [ 58.5, 52.0, 63.0, 61.0 ] },
						"east": { "texture": "#material", "uv": [ 59.5, 52.0, 62.5, 61.0 ] },
						"south": { "texture": "#material", "uv": [ 56.0, 52.0, 60.5, 61.0 ] },
						"west": { "texture": "#material", "uv": [ 61.0, 52.0, 64.0, 61.0 ] },
						"up": { "texture": "#material", "uv": [ 57.5, 52.0, 62.0, 55.0 ] }
					}
				}
			]
		},
		{
			"name": "ArmorCoatL",
			"stepParentName": "UpperFootL",
			"from": [ -0.7, -0.8, 0.15 ],
			"to": [ 4.9, 6.2, 3.65 ],
			"autoUnwrap": false,
			"uv": [ 0.0, 24.5 ],
			"rotationOrigin": [ -0.7, -0.8, 0.0 ],
			"faces": {
				"north": { "texture": "#material", "uv": [ 0.0, 28.0, 5.5, 35.0 ] },
				"east": { "texture": "#material", "uv": [ 14.5, 28.0, 18.0, 35.0 ] },
				"south": { "texture": "#material", "uv": [ 9.0, 28.0, 14.5, 35.0 ] },
				"west": { "texture": "#material", "uv": [ 5.5, 28.0, 9.0, 35.0 ] },
				"up": { "texture": "#material", "uv": [ 0.0, 24.5, 5.5, 28.0 ] },
				"down": { "texture": "#material", "uv": [ 5.5, 24.5, 11.0, 28.0 ] }
			},
			"children": [
				{
					"name": "ArmorLegCoverL",
					"from": [ 0.5, 0.7, -0.2 ],
					"to": [ 5.1, 10.1, 3.1 ],
					"autoUnwrap": false,
					"uv": [ 0.0, 0.0 ],
					"rotationOrigin": [ 0.5, 0.7, -0.2 ],
					"faces": {
						"north": { "texture": "#material", "uv": [ 58.5, 52.0, 63.0, 61.0 ] },
						"east": { "texture": "#material", "uv": [ 59.5, 52.0, 62.5, 61.0 ] },
						"south": { "texture": "#material", "uv": [ 56.0, 52.0, 60.5, 61.0 ] },
						"west": { "texture": "#material", "uv": [ 61.0, 52.0, 64.0, 61.0 ] },
						"up": { "texture": "#material", "uv": [ 57.5, 52.0, 62.0, 55.0 ] }
					}
				}
			]
		}
	]}