{
	"editor": {
		"allAngles": false,
		"entityTextureMode": false
	},
	"textureWidth": 16,
	"textureHeight": 16,
	"textureSizes": {
	},
	"textures": {
		"oak": "block/woodvariants/oak",
		"clear": "game:block/wood/displaycase/clear",
		"black": "block/woodvariants/black",
		"paperback": "block/paperback"
	},
	"elements": [
		{
			"name": "origin",
			"from": [ 8.0, 0.0, 8.0 ], 
			"to": [ 8.0, 0.0, 8.0 ], 
			"rotationOrigin": [ 8.0, 0.0, 8.0 ],
			"faces": {
				"north": { "texture": "#ornament", "uv": [ 0.0, 0.0, 0.5, 0.5 ], "enabled": false, "autoUv": false },
				"east": { "texture": "#ornament", "uv": [ 0.0, 0.0, 0.5, 0.5 ], "enabled": false },
				"south": { "texture": "#ornament", "uv": [ 0.0, 0.0, 0.5, 0.5 ], "enabled": false },
				"west": { "texture": "#ornament", "uv": [ 0.0, 0.0, 0.5, 0.5 ], "enabled": false },
				"up": { "texture": "#ornament", "uv": [ 0.0, 0.0, 0.5, 0.5 ], "enabled": false },
				"down": { "texture": "#ornament", "uv": [ 0.0, 0.0, 0.5, 0.5 ], "enabled": false }
			},
			"children": [
				{
					"name": "wood",
					"from": [ -5.0, 0.0, -5.0 ], 
					"to": [ 5.0, 1.0, 5.0 ], 
					"rotationOrigin": [ -1.0, 0.0, -1.0 ],
					"faces": {
						"north": { "texture": "#oak", "uv": [ 15.0, 4.5, 16.0, 14.5 ], "rotation": 90 },
						"east": { "texture": "#oak", "uv": [ 15.0, 4.0, 16.0, 14.0 ], "rotation": 90 },
						"south": { "texture": "#oak", "uv": [ 3.0, 15.0, 13.0, 16.0 ] },
						"west": { "texture": "#oak", "uv": [ 0.0, 6.0, 1.0, 16.0 ], "rotation": 90 },
						"up": { "texture": "#paperback", "uv": [ -1.0, -1.0, 17.0, 17.0 ], "autoUv": false },
						"down": { "texture": "#oak", "uv": [ 0.0, 0.0, 16.0, 16.0 ], "autoUv": false }
					},
					"children": [
						{
							"name": "glass",
							"from": [ 1.0, 2.0, 1.0 ], 
							"to": [ 9.0, 14.0, 9.0 ], 
							"renderPass": 3,
							"renderInEditor": false,
							"rotationOrigin": [ 8.0, 2.0, 8.0 ],
							"faces": {
								"north": { "texture": "#clear", "uv": [ 0.0, 0.0, 8.0, 12.0 ], "windData": [1,1,1,1] },
								"east": { "texture": "#clear", "uv": [ 0.0, 0.0, 8.0, 12.0 ], "windMode": [-1,-1,-1,-1], "windData": [0,0,0,0] },
								"south": { "texture": "#clear", "uv": [ 0.0, 0.0, 8.0, 12.0 ], "windMode": [-1,-1,-1,-1], "windData": [0,0,0,0] },
								"west": { "texture": "#clear", "uv": [ 0.0, 0.0, 8.0, 12.0 ], "windData": [1,1,1,1] },
								"up": { "texture": "#clear", "uv": [ 1.5, 1.0, 9.5, 9.0 ], "windData": [1,1,1,1] },
								"down": { "texture": "#clear", "uv": [ 0.0, 0.0, 8.0, 8.0 ], "enabled": false }
							}
						},
						{
							"name": "Cube1",
							"from": [ 0.0, 1.0, 0.0 ], 
							"to": [ 1.0, 2.0, 9.0 ], 
							"rotationOrigin": [ 0.0, 1.0, 0.0 ],
							"faces": {
								"north": { "texture": "#oak", "uv": [ 5.0, 1.5, 6.0, 2.5 ] },
								"east": { "texture": "#oak", "uv": [ 3.5, 1.0, 12.5, 2.0 ], "rotation": 180 },
								"south": { "texture": "#oak", "uv": [ 0.0, 0.0, 1.0, 1.0 ] },
								"west": { "texture": "#oak", "uv": [ 4.0, 1.0, 13.0, 2.0 ], "rotation": 180 },
								"up": { "texture": "#oak", "uv": [ 0.0, 0.0, 1.0, 9.0 ] },
								"down": { "texture": "#null", "uv": [ 0.0, 0.0, 1.0, 16.0 ], "enabled": false, "autoUv": false }
							}
						},
						{
							"name": "Cube5",
							"from": [ 9.0, 1.0, 0.0 ], 
							"to": [ 10.0, 2.0, 10.0 ], 
							"rotationOrigin": [ 9.0, 1.0, 0.0 ],
							"faces": {
								"north": { "texture": "#oak", "uv": [ 2.5, 1.5, 3.5, 2.5 ] },
								"east": { "texture": "#oak", "uv": [ 4.0, 1.0, 14.0, 2.0 ], "rotation": 180 },
								"south": { "texture": "#oak", "uv": [ 12.5, 1.0, 13.5, 2.0 ], "rotation": 180 },
								"west": { "texture": "#oak", "uv": [ 1.5, 3.5, 2.5, 13.5 ], "rotation": 90 },
								"up": { "texture": "#oak", "uv": [ 0.0, 4.5, 1.0, 14.5 ] },
								"down": { "texture": "#null", "uv": [ 0.0, 0.0, 1.0, 16.0 ], "enabled": false, "autoUv": false }
							}
						},
						{
							"name": "Cube6",
							"from": [ 1.0, 1.0, 0.0 ], 
							"to": [ 9.0, 2.0, 1.0 ], 
							"rotationOrigin": [ 1.0, 1.0, 0.0 ],
							"faces": {
								"north": { "texture": "#oak", "uv": [ 1.0, 5.0, 2.0, 13.0 ], "rotation": 270 },
								"east": { "texture": "#oak", "uv": [ 5.5, 1.5, 6.5, 2.5 ], "enabled": false },
								"south": { "texture": "#oak", "uv": [ 14.0, 3.5, 15.0, 11.5 ], "rotation": 90 },
								"west": { "texture": "#oak", "uv": [ 0.0, 0.0, 1.0, 1.0 ] },
								"up": { "texture": "#oak", "uv": [ 0.0, 0.0, 8.0, 1.0 ] },
								"down": { "texture": "#null", "uv": [ 0.0, 0.0, 1.0, 16.0 ], "enabled": false, "autoUv": false }
							}
						},
						{
							"name": "Cube7",
							"from": [ 0.0, 1.0, 9.0 ], 
							"to": [ 9.0, 2.0, 10.0 ], 
							"rotationOrigin": [ 0.0, 1.0, 10.0 ],
							"faces": {
								"north": { "texture": "#oak", "uv": [ 14.0, 3.5, 15.0, 12.5 ], "rotation": 90 },
								"east": { "texture": "#oak", "uv": [ 0.0, 0.0, 1.0, 1.0 ], "enabled": false },
								"south": { "texture": "#oak", "uv": [ 3.0, 14.0, 12.0, 15.0 ] },
								"west": { "texture": "#oak", "uv": [ 12.0, 1.5, 13.0, 2.5 ] },
								"up": { "texture": "#oak", "uv": [ 5.0, 0.5, 14.0, 1.5 ] },
								"down": { "texture": "#null", "uv": [ 0.0, 0.0, 1.0, 16.0 ], "enabled": false, "autoUv": false }
							}
						},
						{
							"name": "Cube8",
							"from": [ 4.75, 1.0, 4.75 ], 
							"to": [ 5.25, 8.0, 5.25 ], 
							"rotationOrigin": [ 5.0, 1.0, 5.0 ],
							"faces": {
								"north": { "texture": "#black", "uv": [ 0.0, 0.0, 0.5, 7.0 ] },
								"east": { "texture": "#black", "uv": [ 0.0, 5.5, 0.5, 12.5 ] },
								"south": { "texture": "#black", "uv": [ 0.0, 0.0, 0.5, 7.0 ] },
								"west": { "texture": "#black", "uv": [ 0.0, 0.0, 0.5, 7.0 ] },
								"up": { "texture": "#black", "uv": [ 15.0, 0.0, 15.5, 0.5 ] },
								"down": { "texture": "#null", "uv": [ 0.0, 0.0, 1.0, 16.0 ], "enabled": false, "autoUv": false }
							}
						}
					]
				}
			]
		}
	]}