{
	"editor": {
		"allAngles": false,
		"entityTextureMode": false
	},
	"textureWidth": 16,
	"textureHeight": 16,
	"textureSizes": {
	},
	"textures": {
		"oak": "block/woodvariants/oak",
		"clear": "game:block/wood/displaycase/clear",
		"paperback": "block/paperback"
	},
	"elements": [
		{
			"name": "origin",
			"from": [ 8.0, 6.0, 8.8 ], 
			"to": [ 8.0, 6.0, 8.8 ], 
			"rotationOrigin": [ 8.0, 6.0, 8.4 ],
			"rotationX": 45.0,
			"faces": {
				"north": { "texture": "#ornament", "uv": [ 0.0, 0.0, 0.5, 0.5 ], "enabled": false },
				"east": { "texture": "#ornament", "uv": [ 0.0, 0.0, 0.5, 0.5 ], "enabled": false },
				"south": { "texture": "#ornament", "uv": [ 0.0, 0.0, 0.5, 0.5 ], "enabled": false },
				"west": { "texture": "#ornament", "uv": [ 0.0, 0.0, 0.5, 0.5 ], "enabled": false },
				"up": { "texture": "#ornament", "uv": [ 0.0, 0.0, 0.5, 0.5 ], "enabled": false },
				"down": { "texture": "#ornament", "uv": [ 0.0, 0.0, 0.5, 0.5 ], "enabled": false }
			},
			"children": [
				{
					"name": "wood",
					"from": [ -8.0, 0.0, -8.0 ], 
					"to": [ 8.0, 1.0, 8.0 ], 
					"faces": {
						"north": { "texture": "#oak", "uv": [ 0.0, 0.0, 16.0, 1.0 ], "rotation": 180 },
						"east": { "texture": "#oak", "uv": [ 14.5, 0.0, 15.5, 16.0 ], "rotation": 90 },
						"south": { "texture": "#oak", "uv": [ 0.0, 0.5, 16.0, 1.5 ] },
						"west": { "texture": "#oak", "uv": [ 0.0, 0.5, 16.0, 1.5 ] },
						"up": { "texture": "#paperback", "uv": [ 0.0, 0.0, 16.0, 16.0 ] },
						"down": { "texture": "#oak", "uv": [ 0.0, 0.0, 16.0, 16.0 ] }
					},
					"children": [
						{
							"name": "glass",
							"from": [ 1.0, 2.0, 1.0 ], 
							"to": [ 15.0, 3.0, 15.0 ], 
							"renderPass": 3,
							"rotationOrigin": [ 8.0, 2.0, 8.0 ],
							"faces": {
								"north": { "texture": "#clear", "uv": [ 0.0, 0.0, 14.0, 2.0 ], "windData": [1,1,1,1] },
								"east": { "texture": "#clear", "uv": [ 0.0, 0.0, 14.0, 2.0 ], "windData": [1,1,1,1] },
								"south": { "texture": "#clear", "uv": [ 0.0, 0.0, 14.0, 2.0 ], "windData": [1,1,1,1] },
								"west": { "texture": "#clear", "uv": [ 0.0, 0.0, 14.0, 2.0 ], "windData": [1,1,1,1] },
								"up": { "texture": "#clear", "uv": [ 1.5, 1.0, 15.5, 15.0 ], "windData": [1,1,1,1] },
								"down": { "texture": "#clear", "uv": [ 0.0, 0.0, 14.0, 14.0 ], "enabled": false }
							}
						},
						{
							"name": "Cube1",
							"from": [ 0.0, 1.0, 0.0 ], 
							"to": [ 1.0, 2.0, 16.0 ], 
							"rotationOrigin": [ 0.0, 1.0, 0.0 ],
							"faces": {
								"north": { "texture": "#oak", "uv": [ 0.0, 0.0, 1.0, 1.0 ] },
								"east": { "texture": "#oak", "uv": [ 0.0, 0.0, 16.0, 1.0 ] },
								"south": { "texture": "#oak", "uv": [ 0.0, 0.0, 1.0, 1.0 ] },
								"west": { "texture": "#oak", "uv": [ 0.0, 0.0, 1.0, 16.0 ], "rotation": 90 },
								"up": { "texture": "#oak", "uv": [ 0.0, 0.0, 1.0, 16.0 ] },
								"down": { "texture": "#null", "uv": [ 0.0, 0.0, 1.0, 16.0 ], "enabled": false, "autoUv": false }
							}
						},
						{
							"name": "Cube5",
							"from": [ 15.0, 1.0, 0.0 ], 
							"to": [ 16.0, 2.0, 16.0 ], 
							"rotationOrigin": [ 15.0, 1.0, 0.0 ],
							"faces": {
								"north": { "texture": "#oak", "uv": [ 0.0, 0.0, 1.0, 1.0 ] },
								"east": { "texture": "#oak", "uv": [ 0.5, 0.0, 1.5, 16.0 ], "rotation": 90 },
								"south": { "texture": "#oak", "uv": [ 0.0, 0.0, 1.0, 1.0 ] },
								"west": { "texture": "#oak", "uv": [ 0.0, 0.0, 16.0, 1.0 ] },
								"up": { "texture": "#oak", "uv": [ 15.0, 0.0, 16.0, 16.0 ] },
								"down": { "texture": "#null", "uv": [ 0.0, 0.0, 1.0, 16.0 ], "enabled": false, "autoUv": false }
							}
						},
						{
							"name": "Cube6",
							"from": [ 1.0, 1.0, 0.0 ], 
							"to": [ 15.0, 2.0, 1.0 ], 
							"rotationOrigin": [ 1.0, 1.0, 0.0 ],
							"faces": {
								"north": { "texture": "#oak", "uv": [ 1.5, 0.0, 15.5, 1.0 ] },
								"east": { "texture": "#oak", "uv": [ 0.0, 0.0, 1.0, 1.0 ] },
								"south": { "texture": "#oak", "uv": [ 1.0, 0.0, 15.0, 1.0 ] },
								"west": { "texture": "#oak", "uv": [ 0.0, 0.0, 1.0, 1.0 ] },
								"up": { "texture": "#oak", "uv": [ 1.0, 0.0, 15.0, 1.0 ] },
								"down": { "texture": "#null", "uv": [ 0.0, 0.0, 1.0, 16.0 ], "enabled": false, "autoUv": false }
							}
						},
						{
							"name": "Cube7",
							"from": [ 1.0, 1.0, 15.0 ], 
							"to": [ 15.0, 2.0, 16.0 ], 
							"rotationOrigin": [ 1.0, 1.0, 16.0 ],
							"faces": {
								"north": { "texture": "#oak", "uv": [ 0.0, 0.0, 14.0, 1.0 ] },
								"east": { "texture": "#oak", "uv": [ 0.0, 0.0, 1.0, 1.0 ] },
								"south": { "texture": "#oak", "uv": [ 1.0, 0.0, 15.0, 1.0 ] },
								"west": { "texture": "#oak", "uv": [ 0.0, 0.0, 1.0, 1.0 ] },
								"up": { "texture": "#oak", "uv": [ 1.0, 0.0, 15.0, 1.0 ] },
								"down": { "texture": "#null", "uv": [ 0.0, 0.0, 1.0, 16.0 ], "enabled": false, "autoUv": false }
							}
						},
						{
							"name": "Cube8",
							"from": [ 0.2, 0.0, 2.0 ], 
							"to": [ 1.2, 1.0, 12.8 ], 
							"rotationOrigin": [ 0.2, 0.0, 2.0 ],
							"rotationX": 67.5,
							"faces": {
								"north": { "texture": "#oak", "uv": [ 0.0, 0.0, 1.0, 1.0 ], "enabled": false },
								"east": { "texture": "#oak", "uv": [ 2.5, 0.0, 13.0, 1.0 ] },
								"south": { "texture": "#oak", "uv": [ 0.0, 0.0, 1.0, 1.0 ] },
								"west": { "texture": "#oak", "uv": [ 3.5, 0.0, 14.0, 1.0 ] },
								"up": { "texture": "#oak", "uv": [ 0.0, 2.0, 1.0, 12.5 ], "windMode": [-1,-1,-1,-1] },
								"down": { "texture": "#oak", "uv": [ 0.0, 0.0, 1.0, 10.5 ], "windMode": [-1,-1,-1,-1] }
							}
						},
						{
							"name": "Cube9",
							"from": [ 14.8, 0.0, 2.0 ], 
							"to": [ 15.8, 1.0, 12.8 ], 
							"rotationOrigin": [ 14.8, 0.0, 2.0 ],
							"rotationX": 67.5,
							"faces": {
								"north": { "texture": "#oak", "uv": [ 0.0, 0.0, 1.0, 1.0 ], "enabled": false },
								"east": { "texture": "#oak", "uv": [ 0.0, 0.0, 10.5, 1.0 ] },
								"south": { "texture": "#oak", "uv": [ 0.0, 0.0, 1.0, 1.0 ] },
								"west": { "texture": "#oak", "uv": [ 0.0, 0.0, 10.5, 1.0 ] },
								"up": { "texture": "#oak", "uv": [ 15.0, 0.0, 16.0, 10.5 ], "windMode": [-1,-1,-1,-1] },
								"down": { "texture": "#oak", "uv": [ 0.0, 0.0, 1.0, 10.5 ], "windMode": [-1,-1,-1,-1] }
							}
						},
						{
							"name": "Cube10",
							"from": [ 1.2, -5.0, 4.1 ], 
							"to": [ 14.8, -4.0, 5.0 ], 
							"rotationOrigin": [ 1.2, -5.0, 4.1 ],
							"rotationX": -22.5,
							"faces": {
								"north": { "texture": "#oak", "uv": [ 1.5, 0.0, 15.0, 1.0 ] },
								"east": { "texture": "#oak", "uv": [ 0.0, 0.0, 0.5, 1.0 ], "enabled": false },
								"south": { "texture": "#oak", "uv": [ 1.0, 0.0, 14.5, 1.0 ] },
								"west": { "texture": "#oak", "uv": [ 0.0, 0.0, 0.5, 1.0 ], "enabled": false },
								"up": { "texture": "#oak", "uv": [ 1.0, 0.0, 14.5, 0.5 ] },
								"down": { "texture": "#oak", "uv": [ 0.0, 0.0, 13.5, 0.5 ], "windMode": [-1,-1,-1,-1] }
							}
						}
					]
				}
			]
		}
	]}