{
	"editor": {
		"collapsedPaths": ",Root/origin/bulbbase7,Root/origin/bulbbase6,Root/origin/bulbbase9,Root/origin/bulbbase8,Root/origin/fo2/flowerbase4,Root/origin/flowerbase8,Root/origin/stemgroup/stem30,Root/origin/fo3/flowerbase18,Root/origin/stemgroup/stem12,Root/origin/flowerbase18,Root/origin/flo2,Root/origin/flo1,Root/origin/stem30,Root/origin/flo3,Root/origin/stemgroup/stem3,Root/origin/stemgroup/stem28,Root/origin/stemgroup/stem5,Root/origin/stem35,Root/origin/stem12,Root/origin/stemgroup/stem4,Root/origin/flowerbase4,Root/origin/stem17,Root/origin/bulbbase,Root/origin/flowerbase,Root/origin/stem3,Root/origin/stem4,Root/origin/stemgroup/stem40,Root/origin/stemgroup/stem21,Root/origin/stemgroup/stem45,Root/origin/stem40,Root/origin/stemgroup/stem35,Root/origin/bulbbase10,Root/origin/bulbbase11,Root/origin/stemgroup/stem17,Root/origin/stem5,Root/origin/stemgroup/stem19,Root/origin/stem45,Root/origin/stem26,Root/origin/bulbbase1,Root/origin/stem28,Root/origin/stem27,Root/origin/bulbbase3,Root/origin/bulbbase2,Root/origin/bulbbase5,Root/origin/stem,Root/origin/bulbbase4",
		"allAngles": false,
		"entityTextureMode": false
	},
	"textureWidth": 16,
	"textureHeight": 16,
	"textureSizes": {
		"hibiscus": [16,16]
	},
	"textures": {
	},
	"elements": [
		{
			"name": "origin",
			"from": [ 8.0, 0.0, 8.0 ],
			"to": [ 8.0, 0.0, 8.0 ],
			"rotationOrigin": [ 8.0, 0.0, 8.0 ],
			"faces": {
			},
			"children": [
				{
					"name": "flo1",
					"from": [ 2.0, 0.0, -1.3 ],
					"to": [ 2.0, 0.0, -1.3 ],
					"rotationOrigin": [ -0.7, 0.0, -1.3 ],
					"faces": {
					},
					"children": [
						{
							"name": "flowerbase8",
							"from": [ -2.0, 0.0, 0.7 ],
							"to": [ -1.6, 0.6, 1.3 ],
							"rotationOrigin": [ -2.0, 0.0, 0.7 ],
							"rotationY": -135.0,
							"faces": {
								"north": { "texture": "#hibiscus", "uv": [ 10.0, 10.5, 11.0, 11.5 ], "autoUv": false },
								"east": { "texture": "#hibiscus", "uv": [ 10.0, 10.5, 11.0, 11.5 ], "autoUv": false },
								"south": { "texture": "#hibiscus", "uv": [ 10.0, 10.5, 11.0, 11.5 ], "autoUv": false },
								"west": { "texture": "#hibiscus", "uv": [ 10.0, 10.5, 11.0, 11.5 ], "autoUv": false },
								"up": { "texture": "#hibiscus", "uv": [ 10.0, 10.5, 11.0, 11.5 ], "autoUv": false },
								"down": { "texture": "#hibiscus", "uv": [ 10.0, 10.5, 11.0, 11.5 ], "autoUv": false }
							},
							"children": [
								{
									"name": "petal41",
									"from": [ 0.8056, 0.2452, -0.8793 ],
									"to": [ 0.8056, 2.4952, 1.3707 ],
									"rotationOrigin": [ 0.7703, 0.3216, 0.2817 ],
									"rotationX": 11.9717,
									"rotationY": -0.8304,
									"rotationZ": -74.367,
									"faces": {
										"east": { "texture": "#hibiscus", "uv": [ 11.0, 11.0, 16.0, 16.0 ], "autoUv": false }
									}
								},
								{
									"name": "petal42",
									"from": [ 0.3487, 0.3419, -0.9551 ],
									"to": [ 0.3487, 2.5919, 1.2949 ],
									"rotationOrigin": [ 0.3738, 0.3419, 0.2801 ],
									"rotationX": 83.9855,
									"rotationY": -3.9751,
									"rotationZ": -77.8724,
									"faces": {
										"east": { "texture": "#hibiscus", "uv": [ 11.0, 11.0, 16.0, 16.0 ], "autoUv": false }
									}
								},
								{
									"name": "petal43",
									"from": [ 0.2487, 0.3419, -1.0051 ],
									"to": [ 0.2487, 2.5919, 1.2449 ],
									"rotationOrigin": [ 0.3738, 0.3419, 0.2801 ],
									"rotationX": 156.0516,
									"rotationY": -1.6246,
									"rotationZ": -75.199,
									"faces": {
										"east": { "texture": "#hibiscus", "uv": [ 11.0, 11.0, 16.0, 16.0 ], "autoUv": false }
									}
								},
								{
									"name": "petal44",
									"from": [ 0.3487, 0.3419, -0.9551 ],
									"to": [ 0.3487, 2.5919, 1.2949 ],
									"rotationOrigin": [ 0.3738, 0.3419, 0.2801 ],
									"rotationX": -132.0692,
									"rotationY": 2.9693,
									"rotationZ": -81.3226,
									"faces": {
										"east": { "texture": "#hibiscus", "uv": [ 11.0, 11.0, 16.0, 16.0 ], "autoUv": false }
									}
								},
								{
									"name": "petal45",
									"from": [ 0.3487, 0.3419, -0.9251 ],
									"to": [ 0.3487, 2.5919, 1.3249 ],
									"rotationOrigin": [ 0.3738, 0.3419, 0.2801 ],
									"rotationX": -59.9395,
									"rotationY": 3.4608,
									"rotationZ": -81.623,
									"faces": {
										"east": { "texture": "#hibiscus", "uv": [ 11.0, 11.0, 16.0, 16.0 ], "autoUv": false }
									}
								}
							]
						}
					]
				},
				{
					"name": "flo2",
					"from": [ 0.0, 0.0, -1.0 ],
					"to": [ 0.0, 0.0, -1.0 ],
					"rotationOrigin": [ -0.1, 0.0, 0.6 ],
					"rotationY": -20.0,
					"faces": {
					},
					"children": [
						{
							"name": "flowerbase4",
							"from": [ 0.2, 0.0, 1.9 ],
							"to": [ 0.6, 0.6, 2.5 ],
							"rotationOrigin": [ 0.2, 0.0, 1.9 ],
							"rotationX": -135.0,
							"rotationY": -90.0,
							"rotationZ": -45.0,
							"faces": {
								"north": { "texture": "#hibiscus", "uv": [ 10.0, 10.5, 11.0, 11.5 ], "autoUv": false },
								"east": { "texture": "#hibiscus", "uv": [ 10.0, 10.5, 11.0, 11.5 ], "autoUv": false },
								"south": { "texture": "#hibiscus", "uv": [ 10.0, 10.5, 11.0, 11.5 ], "autoUv": false },
								"west": { "texture": "#hibiscus", "uv": [ 10.0, 10.5, 11.0, 11.5 ], "autoUv": false },
								"up": { "texture": "#hibiscus", "uv": [ 10.0, 10.5, 11.0, 11.5 ], "autoUv": false },
								"down": { "texture": "#hibiscus", "uv": [ 10.0, 10.5, 11.0, 11.5 ], "autoUv": false }
							},
							"children": [
								{
									"name": "petal22",
									"from": [ 0.4041, 0.289, -0.7939 ],
									"to": [ 0.4041, 2.539, 1.4561 ],
									"rotationOrigin": [ 0.3741, 0.289, 0.2937 ],
									"rotationX": 91.4228,
									"rotationY": 2.6333,
									"rotationZ": -79.911,
									"faces": {
										"east": { "texture": "#hibiscus", "uv": [ 11.0, 11.0, 16.0, 16.0 ], "autoUv": false }
									}
								},
								{
									"name": "petal23",
									"from": [ 0.4191, 0.289, -0.7839 ],
									"to": [ 0.4191, 2.539, 1.4661 ],
									"rotationOrigin": [ 0.3741, 0.289, 0.2937 ],
									"rotationX": 156.0925,
									"rotationY": 0.7166,
									"rotationZ": -75.859,
									"faces": {
										"east": { "texture": "#hibiscus", "uv": [ 11.0, 11.0, 16.0, 16.0 ], "autoUv": false }
									}
								},
								{
									"name": "petal24",
									"from": [ 0.4341, 0.2891, -0.7439 ],
									"to": [ 0.4341, 2.5391, 1.5061 ],
									"rotationOrigin": [ 0.3741, 0.289, 0.2937 ],
									"rotationX": -126.354,
									"rotationY": -1.3008,
									"rotationZ": -73.6657,
									"faces": {
										"east": { "texture": "#hibiscus", "uv": [ 11.0, 11.0, 16.0, 16.0 ], "autoUv": false }
									}
								},
								{
									"name": "petal25",
									"from": [ 0.4041, 0.252, -0.7339 ],
									"to": [ 0.4041, 2.502, 1.5161 ],
									"rotationOrigin": [ 0.3741, 0.289, 0.2937 ],
									"rotationX": -34.4679,
									"rotationY": 5.7576,
									"rotationZ": -67.8093,
									"faces": {
										"east": { "texture": "#hibiscus", "uv": [ 11.0, 11.0, 16.0, 16.0 ], "autoUv": false }
									}
								},
								{
									"name": "petal21",
									"from": [ 0.5474, -0.0518, -0.8778 ],
									"to": [ 0.5474, 2.1982, 1.3722 ],
									"rotationOrigin": [ 0.7689, 0.3483, 0.2781 ],
									"rotationX": 15.452,
									"rotationY": 4.3832,
									"rotationZ": -91.915,
									"faces": {
										"east": { "texture": "#hibiscus", "uv": [ 11.0, 11.0, 16.0, 16.0 ], "autoUv": false }
									}
								}
							]
						}
					]
				},
				{
					"name": "flo3",
					"from": [ 0.5, 0.3, -0.6 ],
					"to": [ 0.5, 0.3, -0.6 ],
					"rotationOrigin": [ 0.5, 0.3, -0.6 ],
					"faces": {
					},
					"children": [
						{
							"name": "flowerbase18",
							"from": [ 0.1, -0.3, 1.1 ],
							"to": [ 0.5, 0.3, 1.7 ],
							"rotationOrigin": [ 0.1, -0.3, 1.1 ],
							"rotationY": 112.5,
							"faces": {
								"north": { "texture": "#hibiscus", "uv": [ 10.0, 10.5, 11.0, 11.5 ], "autoUv": false },
								"east": { "texture": "#hibiscus", "uv": [ 10.0, 10.5, 11.0, 11.5 ], "autoUv": false },
								"south": { "texture": "#hibiscus", "uv": [ 10.0, 10.5, 11.0, 11.5 ], "autoUv": false },
								"west": { "texture": "#hibiscus", "uv": [ 10.0, 10.5, 11.0, 11.5 ], "autoUv": false },
								"up": { "texture": "#hibiscus", "uv": [ 10.0, 10.5, 11.0, 11.5 ], "autoUv": false },
								"down": { "texture": "#hibiscus", "uv": [ 10.0, 10.5, 11.0, 11.5 ], "autoUv": false }
							},
							"children": [
								{
									"name": "petal91",
									"from": [ 0.5427, -0.045, -0.8803 ],
									"to": [ 0.5427, 2.205, 1.3697 ],
									"rotationOrigin": [ 0.7596, 0.3062, 0.2969 ],
									"rotationX": 62.6463,
									"rotationY": 3.9617,
									"rotationZ": -78.5691,
									"faces": {
										"east": { "texture": "#hibiscus", "uv": [ 11.0, 11.0, 16.0, 16.0 ], "autoUv": false }
									}
								},
								{
									"name": "petal92",
									"from": [ 0.4, 0.2615, -0.7763 ],
									"to": [ 0.4, 2.5115, 1.4737 ],
									"rotationOrigin": [ 0.37, 0.2615, 0.2874 ],
									"rotationX": 119.1679,
									"rotationY": 7.4806,
									"rotationZ": -71.8885,
									"faces": {
										"east": { "texture": "#hibiscus", "uv": [ 11.0, 11.0, 16.0, 16.0 ], "autoUv": false }
									}
								},
								{
									"name": "petal93",
									"from": [ 0.415, 0.2615, -0.7763 ],
									"to": [ 0.415, 2.5115, 1.4737 ],
									"rotationOrigin": [ 0.37, 0.2615, 0.2874 ],
									"rotationX": 156.8938,
									"rotationY": 4.922,
									"rotationZ": -77.7917,
									"faces": {
										"east": { "texture": "#hibiscus", "uv": [ 11.0, 11.0, 16.0, 16.0 ], "autoUv": false }
									}
								},
								{
									"name": "petal94",
									"from": [ 0.362, 0.2614, -0.8063 ],
									"to": [ 0.362, 2.5114, 1.4437 ],
									"rotationOrigin": [ 0.37, 0.2615, 0.2874 ],
									"rotationX": -101.1635,
									"rotationY": 3.284,
									"rotationZ": -77.9661,
									"faces": {
										"east": { "texture": "#hibiscus", "uv": [ 11.0, 11.0, 16.0, 16.0 ], "autoUv": false }
									}
								},
								{
									"name": "petal95",
									"from": [ 0.4, 0.2615, -1.0063 ],
									"to": [ 0.4, 2.5115, 1.2437 ],
									"rotationOrigin": [ 0.37, 0.2615, 0.2874 ],
									"rotationX": -36.8375,
									"rotationY": -11.4474,
									"rotationZ": -74.8263,
									"faces": {
										"east": { "texture": "#hibiscus", "uv": [ 11.0, 11.0, 16.0, 16.0 ], "autoUv": false }
									}
								}
							]
						}
					]
				}
			]
		}
	]}