{
	"editor": {
		"collapsedPaths": ",Root/leafgroup,Root/stemgroup2,Root/origin/mint7,Root/origin/mint6,Root/origin/mint9,Root/origin/mint8,Root/origin/mint3,Root/origin/mint2,Root/origin/mint5,Root/leafgroup2,Root/origin/mint4,Root/origin/mint1,Root/origin/mint5/bulb5/needle3,Root/stemgroup",
		"allAngles": false,
		"entityTextureMode": false
	},
	"textureWidth": 16,
	"textureHeight": 16,
	"textureSizes": {
		"lavender": [16,16],
		"mint": [16,16]
	},
	"textures": {
	},
	"elements": [
		{
			"name": "origin",
			"from": [ 8.0, 0.0, 8.0 ],
			"to": [ 8.0, 0.0, 8.0 ],
			"rotationOrigin": [ 8.0, 0.0, 8.0 ],
			"faces": {
			},
			"children": [
				{
					"name": "mint",
					"from": [ -0.07, -2.8, -0.07 ],
					"to": [ -0.07, -2.8, -0.07 ],
					"rotationOrigin": [ 0.0, -2.8, 0.0 ],
					"faces": {
					},
					"children": [
						{
							"name": "leafgroup21",
							"from": [ 0.075, 0.0, 0.0 ],
							"to": [ 0.075, 0.0, 0.0 ],
							"rotationOrigin": [ 0.07, 0.0, 0.07 ],
							"rotationY": 15.0,
							"faces": {
							},
							"children": [
								{
									"name": "leaf97",
									"from": [ 0.0, 3.0, -0.95 ],
									"to": [ 3.0, 3.0, 1.05 ],
									"rotationOrigin": [ 0.0, 3.0, 0.075 ],
									"rotationZ": -5.0,
									"faces": {
										"up": { "texture": "#mint", "uv": [ 8.0, 8.5, 12.5, 16.0 ], "rotation": 90, "autoUv": false }
									},
									"children": [
										{
											"name": "leaf98",
											"from": [ 0.0, 0.0, 0.0 ],
											"to": [ 3.0, 0.0, 2.0 ],
											"rotationOrigin": [ 0.0, 0.0, 1.025 ],
											"rotationX": -180.0,
											"rotationZ": -190.0,
											"faces": {
												"up": { "texture": "#mint", "uv": [ 8.0, 8.5, 12.5, 16.0 ], "rotation": 90, "autoUv": false }
											}
										}
									]
								},
								{
									"name": "leaf99",
									"from": [ 0.0, 3.1, -0.95 ],
									"to": [ 3.0, 3.1, 1.05 ],
									"rotationOrigin": [ 0.0, 3.1, 0.075 ],
									"rotationY": 90.0,
									"rotationZ": -5.0,
									"faces": {
										"up": { "texture": "#mint", "uv": [ 8.0, 8.5, 12.5, 16.0 ], "rotation": 90, "autoUv": false }
									},
									"children": [
										{
											"name": "leaf100",
											"from": [ 0.0, 0.0, 0.0 ],
											"to": [ 3.0, 0.0, 2.0 ],
											"rotationOrigin": [ 0.0, 0.0, 1.025 ],
											"rotationX": -180.0,
											"rotationZ": -190.0,
											"faces": {
												"up": { "texture": "#mint", "uv": [ 8.0, 8.5, 12.5, 16.0 ], "rotation": 90, "autoUv": false }
											}
										}
									]
								}
							]
						},
						{
							"name": "leafgroup22",
							"from": [ 0.075, 1.0, 0.0 ],
							"to": [ 0.075, 1.0, 0.0 ],
							"rotationOrigin": [ 0.07, 1.0, 0.07 ],
							"rotationY": 45.0,
							"faces": {
							},
							"children": [
								{
									"name": "leaf101",
									"from": [ 0.0, 2.3, -0.95 ],
									"to": [ 3.0, 2.3, 1.05 ],
									"rotationOrigin": [ 0.0, 2.3, 0.075 ],
									"rotationZ": -10.0,
									"faces": {
										"up": { "texture": "#mint", "uv": [ 8.0, 8.5, 12.5, 16.0 ], "rotation": 90, "autoUv": false }
									},
									"children": [
										{
											"name": "leaf102",
											"from": [ 0.0, 0.0, 0.0 ],
											"to": [ 3.0, 0.0, 2.0 ],
											"rotationOrigin": [ 0.0, 0.0, 1.025 ],
											"rotationX": -180.0,
											"rotationZ": -200.0,
											"faces": {
												"up": { "texture": "#mint", "uv": [ 8.0, 8.5, 12.5, 16.0 ], "rotation": 90, "autoUv": false }
											}
										}
									]
								},
								{
									"name": "leaf103",
									"from": [ 0.0, 2.4, -0.95 ],
									"to": [ 3.0, 2.4, 1.05 ],
									"rotationOrigin": [ 0.0, 2.4, 0.075 ],
									"rotationY": 90.0,
									"rotationZ": -10.0,
									"faces": {
										"up": { "texture": "#mint", "uv": [ 8.0, 8.5, 12.5, 16.0 ], "rotation": 90, "autoUv": false }
									},
									"children": [
										{
											"name": "leaf104",
											"from": [ 0.0, 0.0, 0.0 ],
											"to": [ 3.0, 0.0, 2.0 ],
											"rotationOrigin": [ 0.0, 0.0, 1.025 ],
											"rotationX": -180.0,
											"rotationZ": -200.0,
											"faces": {
												"up": { "texture": "#mint", "uv": [ 8.0, 8.5, 12.5, 16.0 ], "rotation": 90, "autoUv": false }
											}
										}
									]
								}
							]
						},
						{
							"name": "leafgroup23",
							"from": [ 0.075, 2.0, 0.0 ],
							"to": [ 0.075, 2.0, 0.0 ],
							"rotationOrigin": [ 0.07, 2.0, 0.07 ],
							"rotationY": 8.0,
							"faces": {
							},
							"children": [
								{
									"name": "leaf105",
									"from": [ 0.0, 1.5, -0.95 ],
									"to": [ 3.0, 1.5, 1.05 ],
									"rotationOrigin": [ 0.0, 1.5, 0.075 ],
									"rotationZ": -10.0,
									"faces": {
										"up": { "texture": "#mint", "uv": [ 8.0, 8.5, 12.5, 16.0 ], "rotation": 90, "autoUv": false }
									},
									"children": [
										{
											"name": "leaf106",
											"from": [ 0.0, 0.0, 0.0 ],
											"to": [ 3.0, 0.0, 2.0 ],
											"rotationOrigin": [ 0.0, 0.0, 1.025 ],
											"rotationX": -180.0,
											"rotationZ": -200.0,
											"faces": {
												"up": { "texture": "#mint", "uv": [ 8.0, 8.5, 12.5, 16.0 ], "rotation": 90, "autoUv": false }
											}
										}
									]
								},
								{
									"name": "leaf107",
									"from": [ 0.0, 1.6, -0.95 ],
									"to": [ 3.0, 1.6, 1.05 ],
									"rotationOrigin": [ 0.0, 1.6, 0.075 ],
									"rotationY": 90.0,
									"rotationZ": -10.0,
									"faces": {
										"up": { "texture": "#mint", "uv": [ 8.0, 8.5, 12.5, 16.0 ], "rotation": 90, "autoUv": false }
									},
									"children": [
										{
											"name": "leaf108",
											"from": [ 0.0, 0.0, 0.0 ],
											"to": [ 3.0, 0.0, 2.0 ],
											"rotationOrigin": [ 0.0, 0.0, 1.025 ],
											"rotationX": -180.0,
											"rotationZ": -200.0,
											"faces": {
												"up": { "texture": "#mint", "uv": [ 8.0, 8.5, 12.5, 16.0 ], "rotation": 90, "autoUv": false }
											}
										}
									]
								}
							]
						},
						{
							"name": "leafgroup24",
							"from": [ 0.075, 3.0, 0.0 ],
							"to": [ 0.075, 3.0, 0.0 ],
							"rotationOrigin": [ 0.07, 3.0, 0.07 ],
							"rotationY": -35.0,
							"faces": {
							},
							"children": [
								{
									"name": "leaf109",
									"from": [ 0.0, 0.7, -0.95 ],
									"to": [ 3.0, 0.7, 1.05 ],
									"rotationOrigin": [ 0.0, 0.7, 0.075 ],
									"rotationZ": -10.0,
									"faces": {
										"up": { "texture": "#mint", "uv": [ 8.0, 8.5, 12.5, 16.0 ], "rotation": 90, "autoUv": false }
									},
									"children": [
										{
											"name": "leaf110",
											"from": [ 0.0, 0.0, 0.0 ],
											"to": [ 3.0, 0.0, 2.0 ],
											"rotationOrigin": [ 0.0, 0.0, 1.025 ],
											"rotationX": -180.0,
											"rotationZ": -200.0,
											"faces": {
												"up": { "texture": "#mint", "uv": [ 8.0, 8.5, 12.5, 16.0 ], "rotation": 90, "autoUv": false }
											}
										}
									]
								},
								{
									"name": "leaf111",
									"from": [ 0.0, 0.8, -0.95 ],
									"to": [ 3.0, 0.8, 1.05 ],
									"rotationOrigin": [ 0.0, 0.8, 0.075 ],
									"rotationY": 90.0,
									"rotationZ": -10.0,
									"faces": {
										"up": { "texture": "#mint", "uv": [ 8.0, 8.5, 12.5, 16.0 ], "rotation": 90, "autoUv": false }
									},
									"children": [
										{
											"name": "leaf112",
											"from": [ 0.0, 0.0, 0.0 ],
											"to": [ 3.0, 0.0, 2.0 ],
											"rotationOrigin": [ 0.0, 0.0, 1.025 ],
											"rotationX": -180.0,
											"rotationZ": -200.0,
											"faces": {
												"up": { "texture": "#mint", "uv": [ 8.0, 8.5, 12.5, 16.0 ], "rotation": 90, "autoUv": false }
											}
										}
									]
								}
							]
						},
						{
							"name": "leafgroup25",
							"from": [ 0.075, 4.0, 0.0 ],
							"to": [ 0.075, 4.0, 0.0 ],
							"rotationOrigin": [ 0.07, 4.0, 0.0 ],
							"faces": {
							},
							"children": [
								{
									"name": "leaf113",
									"from": [ 0.0, -0.1, -0.95 ],
									"to": [ 3.0, -0.1, 1.05 ],
									"rotationOrigin": [ 0.0, -0.1, 0.075 ],
									"rotationZ": -10.0,
									"faces": {
										"up": { "texture": "#mint", "uv": [ 8.0, 8.5, 12.5, 16.0 ], "rotation": 90, "autoUv": false }
									},
									"children": [
										{
											"name": "leaf114",
											"from": [ 0.0, 0.0, 0.0 ],
											"to": [ 3.0, 0.0, 2.0 ],
											"rotationOrigin": [ 0.0, 0.0, 1.025 ],
											"rotationX": -180.0,
											"rotationZ": -200.0,
											"faces": {
												"up": { "texture": "#mint", "uv": [ 8.0, 8.5, 12.5, 16.0 ], "rotation": 90, "autoUv": false }
											}
										}
									]
								},
								{
									"name": "leaf115",
									"from": [ 0.0, 0.0, -0.95 ],
									"to": [ 3.0, 0.0, 1.05 ],
									"rotationOrigin": [ 0.0, 0.0, 0.075 ],
									"rotationY": 90.0,
									"rotationZ": -10.0,
									"faces": {
										"up": { "texture": "#mint", "uv": [ 8.0, 8.5, 12.5, 16.0 ], "rotation": 90, "autoUv": false }
									},
									"children": [
										{
											"name": "leaf116",
											"from": [ 0.0, 0.0, 0.0 ],
											"to": [ 3.0, 0.0, 2.0 ],
											"rotationOrigin": [ 0.0, 0.0, 1.025 ],
											"rotationX": -180.0,
											"rotationZ": -200.0,
											"faces": {
												"up": { "texture": "#mint", "uv": [ 8.0, 8.5, 12.5, 16.0 ], "rotation": 90, "autoUv": false }
											}
										}
									]
								}
							]
						},
						{
							"name": "smallleafgroup5",
							"from": [ 0.07, 5.4, 0.0 ],
							"to": [ 0.07, 5.4, 0.0 ],
							"rotationOrigin": [ 0.07, 5.4, 0.07 ],
							"rotationY": 45.0,
							"faces": {
							},
							"children": [
								{
									"name": "leaf117",
									"from": [ 0.0, -1.13, -0.42 ],
									"to": [ 1.5, -1.13, 0.58 ],
									"rotationOrigin": [ 0.0, -1.13, 0.1 ],
									"rotationZ": -14.0,
									"faces": {
										"up": { "texture": "#mint", "uv": [ 8.0, 8.5, 12.5, 16.0 ], "rotation": 90, "autoUv": false }
									},
									"children": [
										{
											"name": "leaf118",
											"from": [ 0.0, 0.0, 0.02 ],
											"to": [ 1.5, 0.0, 1.02 ],
											"rotationOrigin": [ 0.0, 0.0, 0.5125 ],
											"rotationX": -180.0,
											"rotationZ": 150.5,
											"faces": {
												"up": { "texture": "#mint", "uv": [ 8.0, 8.5, 12.5, 16.0 ], "rotation": 90, "autoUv": false }
											}
										}
									]
								},
								{
									"name": "leaf119",
									"from": [ 0.0, -1.2, -0.665 ],
									"to": [ 2.1, -1.2, 0.735 ],
									"rotationOrigin": [ 0.0, -1.2, 0.0525 ],
									"rotationY": 90.0,
									"rotationZ": -13.5,
									"faces": {
										"up": { "texture": "#mint", "uv": [ 8.0, 8.5, 12.5, 16.0 ], "rotation": 90, "autoUv": false }
									},
									"children": [
										{
											"name": "leaf120",
											"from": [ 0.0, 0.0, 0.0 ],
											"to": [ 2.1, 0.0, 1.4 ],
											"rotationOrigin": [ 0.0, 0.0, 0.7175 ],
											"rotationX": -180.0,
											"rotationZ": 155.5,
											"faces": {
												"up": { "texture": "#mint", "uv": [ 8.0, 8.5, 12.5, 16.0 ], "rotation": 90, "autoUv": false }
											}
										}
									]
								}
							]
						}
					]
				}
			]
		}
	]}