[
    {
        "ingredientPattern": "KF",
        "ingredients": {
            "K": { "type": "item", "code": "game:knife-*", "isTool": true, "toolDurabilityCost": 1 },
            "F": { "type": "item", "code": "shea-fruit" }
        },
        "shapeless": true,
        "width": 2,
        "height": 1,
        "output": { "type": "item", "code": "shea-nut", "quantity": 1
        }
    },
    {
        "ingredientPattern": "HF",
        "ingredients": {
            "H": { "type": "item", "code": "game:hammer-*", "isTool": true, "toolDurabilityCost": 1 },
            "F": { "type": "item", "code": "shea-nut-dried" }
        },
        "shapeless": true,
        "width": 2,
        "height": 1,
        "output": { "type": "item", "code": "shea-kernel", "quantity": 1
        }
    },




    {
		"ingredientPattern": "_H_,_C_,RSF",
		"ingredients": {
			"H": { "type": "item", "code": "game:hammer-*", "isTool": true, "toolDurabilityCost": 80 },
			"C": { "type": "item", "code": "game:chisel-*", "isTool": true, "toolDurabilityCost": 50 },
			"R": { "type": "item", "code": "game:resin" },
			"S": { "type": "block", "code": "game:log-placed-*-ud", "quantity": 2 },
			"F": { "type": "item", "code": "shea-butter", "quantity": 2 }
		},
		"width": 3,
		"height": 3,
		"output": { "type": "block", "code": "game:windmillrotor-north", "quantity": 1 }
	},
	{
		"ingredientPattern": "_H_,_C_,RSF",
		"ingredients": {
			"H": { "type": "item", "code": "game:hammer-*", "isTool": true, "toolDurabilityCost": 80 },
			"C": { "type": "item", "code": "game:chisel-*", "isTool": true, "toolDurabilityCost": 50 },
			"R": { "type": "item", "code": "game:resin" },
			"S": { "type": "block", "code": "game:logsection-placed-*-ud", "quantity": 2 },
			"F": { "type": "item", "code": "shea-butter", "quantity": 2 }
		},
		"width": 3,
		"height": 3,
		"output": { "type": "block", "code": "game:windmillrotor-north", "quantity": 1 }
	},
	
	{
		"ingredientPattern": "H_,C_,SF",
		"ingredients": {
			"H": { "type": "item", "code": "game:hammer-*", "isTool": true, "toolDurabilityCost": 5 },
			"C": { "type": "item", "code": "game:chisel-*", "isTool": true, "toolDurabilityCost": 5 },
			"S": { "type": "block", "code": "game:log-placed-*-ud", "name": "wood" },
			"F": { "type": "item", "code": "shea-butter", "quantity": 2 }
		},
		"width": 2,
		"height": 3,
		"output": { "type": "block", "code": "game:woodenaxle-ud", "quantity": 2 }
	},
	{
		"ingredientPattern": "H_,C_,SF",
		"ingredients": {
			"H": { "type": "item", "code": "game:hammer-*", "isTool": true, "toolDurabilityCost": 5 },
			"C": { "type": "item", "code": "game:chisel-*", "isTool": true, "toolDurabilityCost": 5 },
			"S": { "type": "block", "code": "game:logsection-placed-*-ud" },
			"F": { "type": "item", "code": "shea-butter", "quantity": 2 }
		},
		"width": 2,
		"height": 3,
		"output": { "type": "block", "code": "game:woodenaxle-ud", "quantity": 2 }
	},

	{
		"ingredientPattern": "HX_,PCP,RSF",
		"ingredients": {
			"X": { "type": "item", "code": "game:saw-*", "isTool": true, "toolDurabilityCost": 10 },
			"H": { "type": "item", "code": "game:hammer-*", "isTool": true, "toolDurabilityCost": 10 },
			"C": { "type": "item", "code": "game:chisel-*", "isTool": true, "toolDurabilityCost": 10 },
			"S": { "type": "block", "code": "game:log-placed-*-ud" },
			"R": { "type": "item", "code": "game:resin" },
			"P": { "type": "item", "code": "game:stick" },
			"F": { "type": "item", "code": "shea-butter", "quantity": 2 }
		},
		"width": 3,
		"height": 3,
		"output": { "type": "block", "code": "game:angledgears-s", "quantity": 1 }
	},
	{
		"ingredientPattern": "HX_,PCP,RSF",
		"ingredients": {
			"X": { "type": "item", "code": "game:saw-*", "isTool": true, "toolDurabilityCost": 10 },
			"H": { "type": "item", "code": "game:hammer-*", "isTool": true, "toolDurabilityCost": 10 },
			"C": { "type": "item", "code": "game:chisel-*", "isTool": true, "toolDurabilityCost": 10 },
			"S": { "type": "block", "code": "game:logsection-placed-*-ud" },
			"R": { "type": "item", "code": "game:resin" },
			"P": { "type": "item", "code": "game:stick" },
			"F": { "type": "item", "code": "shea-butter", "quantity": 2 }
		},
		"width": 3,
		"height": 3,
		"output": { "type": "block", "code": "game:angledgears-s", "quantity": 1 }
	},
	{
		"ingredientPattern": "HCR,PAP,_F_",
		"ingredients": {
			"H": { "type": "item", "code": "game:hammer-*", "isTool": true, "toolDurabilityCost": 50 },
			"C": { "type": "item", "code": "game:chisel-*", "isTool": true, "toolDurabilityCost": 20 },
			"R": { "type": "item", "code": "game:resin", "quantity": 4 },
			"P": { "type": "item", "code": "game:plank-*", "name": "wood", "quantity": 4 },
			"F": { "type": "item", "code": "shea-butter" },
			"A": { "type": "block", "code": "game:woodenaxle-ud" }
		},
		"width": 3,
		"height": 3,
		"output": { "type": "block", "code": "game:woodentoggle-ns", "quantity": 1 }
	},
	{
		"ingredientPattern": "HCX,PAS,RF_",
		"ingredients": {
			"H": { "type": "item", "code": "game:hammer-*", "isTool": true, "toolDurabilityCost": 30 },
			"C": { "type": "item", "code": "game:chisel-*", "isTool": true, "toolDurabilityCost": 15 },
			"X": { "type": "item", "code": "game:saw-*", "isTool": true, "toolDurabilityCost": 25 },
			"P": { "type": "item", "code": "game:plank-*", "quantity": 8 },
			"A": { "type": "block", "code": "game:log-placed-*-ud" },
			"S": { "type": "item", "code": "game:stick", "quantity": 8 },
			"R": { "type": "item", "code": "game:resin", "quantity": 2 },
			"F": { "type": "item", "code": "shea-butter", "quantity": 4 }
		},
		"width": 3,
		"height": 3,
		"output": { "type": "block", "code": "game:clutch-north", "quantity": 1 }
	},
	{
		"ingredientPattern": "HCX,PAS,RF_",
		"ingredients": {
			"H": { "type": "item", "code": "game:hammer-*", "isTool": true, "toolDurabilityCost": 30 },
			"C": { "type": "item", "code": "game:chisel-*", "isTool": true, "toolDurabilityCost": 15 },
			"X": { "type": "item", "code": "game:saw-*", "isTool": true, "toolDurabilityCost": 25 },
			"P": { "type": "item", "code": "game:plank-*", "quantity": 8 },
			"A": { "type": "block", "code": "game:logsection-placed-*-ud" },
			"S": { "type": "item", "code": "game:stick", "quantity": 8 },
			"R": { "type": "item", "code": "game:resin", "quantity": 2 },
			"F": { "type": "item", "code": "shea-butter", "quantity": 4 }
		},
		"width": 3,
		"height": 3,
		"output": { "type": "block", "code": "game:clutch-north", "quantity": 1 }
	},

	{
		"ingredientPattern": "HCX,GPG,RF_",
		"ingredients": {
			"H": { "type": "item", "code": "game:hammer-*", "isTool": true, "toolDurabilityCost": 30 },
			"C": { "type": "item", "code": "game:chisel-*", "isTool": true, "toolDurabilityCost": 15 },
			"X": { "type": "item", "code": "game:saw-*", "isTool": true, "toolDurabilityCost": 25 },
			"G": { "type": "block", "code": "game:angledgears-s" },
			"P": { "type": "item", "code": "game:plank-*", "name": "wood", "quantity": 8 },
			"R": { "type": "item", "code": "game:resin", "quantity": 2 },
			"F": { "type": "item", "code": "shea-butter", "quantity": 2 }
		},
		"width": 3,
		"height": 3,
		"output": { "type": "block", "code": "game:transmission-ns", "quantity": 1 }
	},
	{
		"ingredientPattern": "BF",
		"ingredients": {
			"B": { "type": "block", "code": "game:bowl-*-fired", "name": "color" },
			"F": { "type": "item", "code": "shea-butter", "quantity": 2 }
		},
		"width": 2,
		"height": 1,
		"shapeless": true,
		"output": { "type": "block", "code": "game:oillamp-{color}-up"  }
	},
	{
		"ingredientPattern": "HIF,CPR,PPP",
		"ingredients": {
			"R": { "type": "item", "code": "game:resin", "quantity": 2 },
			"F": { "type": "item", "code": "shea-butter", "quantity": 2 },
			"H": { "type": "item", "code": "game:hammer-*", "isTool": true, "toolDurabilityCost": 30 },
			"C": { "type": "item", "code": "game:chisel-*", "isTool": true, "toolDurabilityCost": 40 },
			"P": { "type": "item", "code": "game:plank-*", "name": "wood", "quantity": 3 },
			"I": { "type": "item", "code": "game:rod-*", "name": "metal", "allowedVariants": ["copper", "tinbronze", "bismuthbronze", "blackbronze", "iron", "meteoriciron", "steel"] }
		},
		"width": 3,
		"height": 3,
		"output": { "type": "block", "code": "game:fruitpress-ns", "quantity": 1  }
	},
	{
		"ingredientPattern": "_FT	BLT	_FT",
		"recipeGroup": 1,
		"ingredients": {
			"B": { "type": "item", "code": "game:bowstave-long-dry" },
			"T": { "type": "item", "code": "game:flaxtwine" },
			"L": { "type": "item", "code": "game:leather-normal-plain" },
			"F": { "type": "item", "code": "shea-butter", "quantity": 2 }
		},
		"width": 3,
		"height": 3,
		"output": { "type": "item", "code": "game:bow-long", "quantity": 1  }
	},
	{
		"ingredientPattern": "_FT	BLT	_FT",
		"recipeGroup": 2,
		"ingredients": {
			"B": { "type": "item", "code": "game:bowstave-long-dry" },
			"T": { "type": "item", "code": "game:flaxtwine" },
			"L": { "type": "item", "code": "game:hide-pelt-*", "allowedVariants": ["small", "medium"] },
			"F": { "type": "item", "code": "shea-butter", "quantity": 2 }
		},
		"width": 3,
		"height": 3,
		"output": { "type": "item", "code": "game:bow-long", "quantity": 1  }
	},
	{
		"ingredientPattern": "C,F",
		"ingredients": {
			"C": { "type": "block", "code": "game:crock-*-fired", "name": "color" },
			"F": { "type": "item", "code": "shea-butter", "quantity": 2 }
		},
		"width": 1,
		"height": 2,
		"shapeless": true,
		"output": { "type": "block", "code": "game:crock-{color}-fired", "quantity": 1  }
	},
	{
		"ingredientPattern": "F,H",
		"ingredients": {
			"F": { "type": "item", "code": "shea-butter", "quantity": 2 },
			"H": { "type": "item", "code": "game:hide-raw-small", "quantity": 4 }
		},
		"shapeless": true,
		"width": 1,
		"height": 2,
		"output": { "type": "item", "code": "game:hide-oiled-small", "quantity": 4 }
	},
	{
		"ingredientPattern": "F,H",
		"ingredients": {
			"F": { "type": "item", "code": "shea-butter", "quantity": 2 },
			"H": { "type": "item", "code": "game:hide-raw-small", "quantity": 3 }
		},
		"shapeless": true,
		"width": 1,
		"height": 2,
		"output": { "type": "item", "code": "game:hide-oiled-small", "quantity": 3 }
	},
	{
		"ingredientPattern": "F,H",
		"ingredients": {
			"F": { "type": "item", "code": "shea-butter", "quantity": 2 },
			"H": { "type": "item", "code": "game:hide-raw-small", "quantity": 2 }
		},
		"shapeless": true,
		"width": 1,
		"height": 2,
		"output": { "type": "item", "code": "game:hide-oiled-small", "quantity": 2 }
	},
	{
		"ingredientPattern": "F,H",
		"ingredients": {
			"F": { "type": "item", "code": "shea-butter", "quantity": 2 },
			"H": { "type": "item", "code": "game:hide-raw-small", "quantity": 1 }
		},
		"shapeless": true,
		"width": 1,
		"height": 2,
		"output": { "type": "item", "code": "game:hide-oiled-small", "quantity": 1 }
	},
	{
		"ingredientPattern": "F,H",
		"ingredients": {
			"F": { "type": "item", "code": "shea-butter", "quantity": 2 },
			"H": { "type": "item", "code": "game:hide-raw-medium", "quantity": 2 }
		},
		"shapeless": true,
		"width": 1,
		"height": 2,
		"output": { "type": "item", "code": "game:hide-oiled-medium", "quantity": 2 }
	},
	{
		"ingredientPattern": "F,H",
		"ingredients": {
			"F": { "type": "item", "code": "shea-butter", "quantity": 2 },
			"H": { "type": "item", "code": "game:hide-raw-medium", "quantity": 1 }
		},
		"shapeless": true,
		"width": 1,
		"height": 2,
		"output": { "type": "item", "code": "game:hide-oiled-medium", "quantity": 1 }
	},
	{
		"ingredientPattern": "F,H",
		"ingredients": {
			"F": { "type": "item", "code": "shea-butter", "quantity": 2 },
			"H": { "type": "item", "code": "game:hide-raw-large", "quantity": 1 }
		},
		"shapeless": true,
		"width": 1,
		"height": 2,
		"output": { "type": "item", "code": "game:hide-oiled-large", "quantity": 1 }
	},
	{
		"ingredientPattern": "F,H",
		"ingredients": {
			"F": { "type": "item", "code": "shea-butter", "quantity": 4 },
			"H": { "type": "item", "code": "game:hide-raw-huge", "quantity": 1 }
		},
		"shapeless": true,
		"width": 1,
		"height": 2,
		"output": { "type": "item", "code": "game:hide-oiled-huge" }
	},
	
	{
		"ingredientPattern": "F,H",
		"ingredients": {
			"F": { "type": "item", "code": "shea-butter", "quantity": 2 },
			"H": { "type": "item", "code": "game:hide-salted-small", "quantity": 4 }
		},
		"shapeless": true,
		"width": 1,
		"height": 2,
		"output": { "type": "item", "code": "game:hide-oiled-small", "quantity": 4 }
	},
	{
		"ingredientPattern": "F,H",
		"ingredients": {
			"F": { "type": "item", "code": "shea-butter", "quantity": 2 },
			"H": { "type": "item", "code": "game:hide-salted-small", "quantity": 3 }
		},
		"shapeless": true,
		"width": 1,
		"height": 2,
		"output": { "type": "item", "code": "game:hide-oiled-small", "quantity": 3 }
	},
	{
		"ingredientPattern": "F,H",
		"ingredients": {
			"F": { "type": "item", "code": "shea-butter", "quantity": 2 },
			"H": { "type": "item", "code": "game:hide-salted-small", "quantity": 2 }
		},
		"shapeless": true,
		"width": 1,
		"height": 2,
		"output": { "type": "item", "code": "game:hide-oiled-small", "quantity": 2 }
	},
	{
		"ingredientPattern": "F,H",
		"ingredients": {
			"F": { "type": "item", "code": "shea-butter", "quantity": 2 },
			"H": { "type": "item", "code": "game:hide-salted-small", "quantity": 1 }
		},
		"shapeless": true,
		"width": 1,
		"height": 2,
		"output": { "type": "item", "code": "game:hide-oiled-small", "quantity": 1 }
	},
	{
		"ingredientPattern": "F,H",
		"ingredients": {
			"F": { "type": "item", "code": "shea-butter", "quantity": 2 },
			"H": { "type": "item", "code": "game:hide-salted-medium", "quantity": 2 }
		},
		"shapeless": true,
		"width": 1,
		"height": 2,
		"output": { "type": "item", "code": "game:hide-oiled-medium", "quantity": 2 }
	},
	{
		"ingredientPattern": "F,H",
		"ingredients": {
			"F": { "type": "item", "code": "shea-butter", "quantity": 2 },
			"H": { "type": "item", "code": "game:hide-salted-medium", "quantity": 1 }
		},
		"shapeless": true,
		"width": 1,
		"height": 2,
		"output": { "type": "item", "code": "game:hide-oiled-medium", "quantity": 1 }
	},
	{
		"ingredientPattern": "F,H",
		"ingredients": {
			"F": { "type": "item", "code": "shea-butter", "quantity": 2 },
			"H": { "type": "item", "code": "game:hide-salted-large", "quantity": 1 }
		},
		"shapeless": true,
		"width": 1,
		"height": 2,
		"output": { "type": "item", "code": "game:hide-oiled-large", "quantity": 1 }
	},
	{
		"ingredientPattern": "F,H",
		"ingredients": {
			"F": { "type": "item", "code": "shea-butter", "quantity": 4 },
			"H": { "type": "item", "code": "game:hide-salted-huge", "quantity": 1 }
		},
		"shapeless": true,
		"width": 1,
		"height": 2,
		"output": { "type": "item", "code": "game:hide-oiled-huge" }
	},

	{
		"ingredientPattern": "F,H",
		"ingredients": {
			"F": { "type": "item", "code": "shea-butter", "quantity": 2 },
			"H": { "type": "item", "code": "game:hide-raw-bear-*-complete", "name": "species", "quantity": 1, "allowedVariants": ["panda", "sun"] }
		},
		"shapeless": true,
		"width": 1,
		"height": 2,
		"output": { "type": "item", "code": "game:hide-oiled-bear-{species}-complete" }
	},
	{
		"ingredientPattern": "F,H",
		"ingredients": {
			"F": { "type": "item", "code": "shea-butter", "quantity": 4 },
			"H": { "type": "item", "code": "game:hide-raw-bear-*-complete", "name": "species", "quantity": 1, "allowedVariants": ["black", "brown", "polar"] }
		},
		"shapeless": true,
		"width": 1,
		"height": 2,
		"output": { "type": "item", "code": "game:hide-oiled-bear-{species}-complete" }
	},
	{
		"ingredientPattern": "F,H",
		"ingredients": {
			"F": { "type": "item", "code": "shea-butter", "quantity": 2 },
			"H": { "type": "item", "code": "game:hide-salted-bear-*-complete", "name": "species", "quantity": 1, "allowedVariants": ["panda", "sun"] }
		},
		"recipegroup": 1,
		"shapeless": true,
		"width": 1,
		"height": 2,
		"output": { "type": "item", "code": "game:hide-oiled-bear-{species}-complete" }
	},
	{
		"ingredientPattern": "F,H",
		"ingredients": {
			"F": { "type": "item", "code": "shea-butter", "quantity": 4 },
			"H": { "type": "item", "code": "game:hide-salted-bear-*-complete", "name": "species", "quantity": 1, "allowedVariants": ["black", "brown", "polar"] }
		},
		"recipegroup": 1,
		"shapeless": true,
		"width": 1,
		"height": 2,
		"output": { "type": "item", "code": "game:hide-oiled-bear-{species}-complete" }
	}
]