[
  {
    "ingredientPattern": "KC",
    "ingredients": {
      "K": {
        "type": "item",
        "code": "game:knife-*",
        "isTool": true
      },
      "C": {
        "type": "block",
        "code": "mageweave-none-*-down",
        "quantity": 2
      }
    },
    "shapeless": true,
    "width": 2,
    "height": 1,
    "output": {
      "type": "block",
      "code": "supportrope-one-mageweave",
      "quantity": 1
    }
  },
  {
    "ingredientPattern": "KC",
    "ingredients": {
      "K": {
        "type": "item",
        "code": "game:knife-*",
        "isTool": true
      },
      "C": {
        "type": "block",
        "code": "supportrope-one-mageweave",
        "quantity": 2
      }
    },
    "shapeless": true,
    "width": 2,
    "height": 1,
    "output": {
      "type": "block",
      "code": "supportrope-two-mageweave",
      "quantity": 1
    }
  },
  {
    "ingredientPattern": "KC",
    "ingredients": {
      "K": {
        "type": "item",
        "code": "game:knife-*",
        "isTool": true
      },
      "C": {
        "type": "block",
        "code": "supportrope-two-mageweave",
        "quantity": 2
      }
    },
    "shapeless": true,
    "width": 2,
    "height": 1,
    "output": {
      "type": "block",
      "code": "supportrope-three-mageweave",
      "quantity": 1
    }
  }
]
