[
  {
    "ingredientPattern": "X_,CH",
    "ingredients": {
      "X": {
        "type": "item",
        "code": "game:chisel-*",
        "isTool": true
      },
      "H": {
        "type": "item",
        "code": "game:saw-*",
        "isTool": true
      },
      "C": {
        "type": "block",
        "code": "enchantedstone-rock-none",
        "quantity": 1
      }
    },
    "shapeless": true,
    "width": 2,
    "height": 2,
    "output": {
      "type": "block",
      "code": "supportchain-four-enchantedstone",
      "quantity": 1
    }
  },
  {
    "ingredientPattern": "X_,CH",
    "ingredients": {
      "X": {
        "type": "item",
        "code": "game:chisel-*",
        "isTool": true
      },
      "H": {
        "type": "item",
        "code": "game:saw-*",
        "isTool": true
      },
      "C": {
        "type": "block",
        "code": "astralith-rock",
        "quantity": 1
      }
    },
    "shapeless": true,
    "width": 2,
    "height": 2,
    "output": {
      "type": "block",
      "code": "supportchain-four-astralith",
      "quantity": 1
    }
  },
  {
    "ingredientPattern": "X_,CH",
    "ingredients": {
      "X": {
        "type": "item",
        "code": "game:chisel-*",
        "isTool": true
      },
      "H": {
        "type": "item",
        "code": "game:saw-*",
        "isTool": true
      },
      "C": {
        "type": "block",
        "code": "xegonite-rock",
        "quantity": 1
      }
    },
    "shapeless": true,
    "width": 2,
    "height": 2,
    "output": {
      "type": "block",
      "code": "supportchain-four-xegonite",
      "quantity": 1
    }
  },
  {
    "ingredientPattern": "X_,CH",
    "ingredients": {
      "X": {
        "type": "item",
        "code": "game:chisel-*",
        "isTool": true
      },
      "H": {
        "type": "item",
        "code": "game:saw-*",
        "isTool": true
      },
      "C": {
        "type": "block",
        "code": "netherite-rock",
        "quantity": 1
      }
    },
    "shapeless": true,
    "width": 2,
    "height": 2,
    "output": {
      "type": "block",
      "code": "supportchain-four-netherite",
      "quantity": 1
    }
  },
  {
    "ingredientPattern": "X_,CH",
    "ingredients": {
      "X": {
        "type": "item",
        "code": "game:chisel-*",
        "isTool": true
      },
      "H": {
        "type": "item",
        "code": "game:saw-*",
        "isTool": true
      },
      "C": {
        "type": "block",
        "code": "eldrathium-normal",
        "quantity": 1
      }
    },
    "shapeless": true,
    "width": 2,
    "height": 2,
    "output": {
      "type": "block",
      "code": "supportchain-four-eldrathium",
      "quantity": 1
    }
  },
  {
    "ingredientPattern": "X_,CH",
    "ingredients": {
      "X": {
        "type": "item",
        "code": "game:chisel-*",
        "isTool": true
      },
      "H": {
        "type": "item",
        "code": "game:saw-*",
        "isTool": true
      },
      "C": {
        "type": "block",
        "code": "abysium-rock",
        "quantity": 1
      }
    },
    "shapeless": true,
    "width": 2,
    "height": 2,
    "output": {
      "type": "block",
      "code": "supportchain-four-abysium",
      "quantity": 1
    }
  }
]
