{
	"editor": {
		"collapsedPaths": ",Root/origin/flower15/bud22,Root/origin/flower16/budstembiglower10,Root/origin2/stemtop5,Root/origin/flower10/stemtop47,Root/origin/flower16/budstembiglower11,Root/origin/stemdown28,Root/origin/stemdown26,Root/origin/budorigin3/bud7,Root/origin/stemdown25,Root/origin2,Root/origin/stemdown22,Root/origin/stemdown21,Root/origin/flower9/bud2,Root/origin/flower5/budstembiglower5,Root/origin/flower/stemtop3,Root/origin/flower,Root/origin/stemtop9,Root/origin/stemtop5,Root/origin/budstembiglower,Root/origin/stemdown30,Root/origin/flower14/bud28,Root/origin/flower9/stemtop15,Root/origin/flower10/stemdown41,Root/origin/flower4/cham4/bud19,Root/origin/flower12/bud7,Root/origin/flower2/stembiglower2,Root/origin/flower15/budstembiglower8,Root/origin/flower15/budstembiglower9,Root/origin/flower/stembiglower,Root/origin/bud,Root/origin/flower5/budstembiglower15,Root/origin/flower4/bud20,Root/origin/flower14/stemtop5,Root/origin/flower7,Root/origin/flower18/budstembiglower18,Root/origin/flower9,Root/origin/flower5/stembiglower5/budstembiglower5,Root/origin/flower2,Root/origin/flower3,Root/origin/flower6,Root/origin/flower5,Root/origin/stemdown5,Root/origin/stemdown4,Root/origin/stemdown3,Root/origin/stemdown2,Root/origin/flower16/stembiglower7,Root/origin/flower2/bud5,Root/origin/flower2/bud6,Root/origin/flower4/stembiglower4,Root/origin/flower/bud4,Root/origin/flower/bud3,Root/origin/flower10,Root/origin/flower11,Root/origin/flower14,Root/origin/flower15,Root/origin/flower12/stemtop7,Root/origin/flower12,Root/origin/flower18,Root/origin/flower19,Root/origin/flower16,Root/origin/flower17,Root/origin/flower10/bud27,Root/origin/flower6/budstembiglower14,Root/origin/flower19/budstembiglower19,Root/origin/flower4/budstembiglower6,Root/origin/bud5,Root/origin/flower14/stemdown2,Root/origin/flower2/stemdown32,Root/origin/bud4,Root/origin/bud3,Root/origin/bud2,Root/origin/flower17/budstembiglower13,Root/origin/flower15/stembiglower6,Root/origin/flower17/budstembiglower12,Root/origin/flower5/stemtop35,Root/origin/flower19/budstembiglower20",
		"allAngles": true,
		"entityTextureMode": false
	},
	"textureWidth": 16,
	"textureHeight": 16,
	"textureSizes": {
		"chamomile": [16,16]
	},
	"textures": {
	},
	"elements": [
		{
			"name": "origin",
			"from": [ 8.0, 0.0, 8.0 ],
			"to": [ 8.0, 0.0, 8.0 ],
			"rotationOrigin": [ 8.0, 0.0, 8.0 ],
			"faces": {
			},
			"children": [
				{
					"name": "flower4",
					"from": [ -0.15, -0.3, -0.12 ],
					"to": [ 0.2, 4.7, 0.23 ],
					"rotationOrigin": [ 0.05, -0.3, 0.15 ],
					"faces": {
						"north": { "texture": "#chamomile", "uv": [ 1.0, 11.0, 1.5, 16.0 ] },
						"east": { "texture": "#chamomile", "uv": [ 1.0, 11.0, 1.5, 16.0 ] },
						"south": { "texture": "#chamomile", "uv": [ 0.5, 11.0, 1.0, 16.0 ] },
						"west": { "texture": "#chamomile", "uv": [ 0.5, 11.0, 1.0, 16.0 ] }
					},
					"children": [
						{
							"name": "stemdown35",
							"from": [ 0.1305, 0.0, -1.6704 ],
							"to": [ 0.1305, 5.0, 1.8296 ],
							"renderPass": 1,
							"rotationOrigin": [ 0.1293, 0.0, 0.1286 ],
							"rotationY": -89.9802,
							"faces": {
								"east": { "texture": "#chamomile", "uv": [ 5.0, 10.5, 8.5, 15.5 ], "windMode": [-1,1,1,-1] }
							},
							"children": [
								{
									"name": "Cube36",
									"from": [ -1.7, 0.0, 1.8 ],
									"to": [ 1.8, 5.0, 1.8 ],
									"renderPass": 1,
									"rotationOrigin": [ 0.0, 0.0, 1.8 ],
									"faces": {
										"north": { "texture": "#chamomile", "uv": [ 5.0, 10.5, 8.5, 15.5 ], "windMode": [-1,1,1,-1] }
									}
								}
							]
						},
						{
							"name": "stem19",
							"from": [ 0.0, 5.0, 0.0 ],
							"to": [ 0.35, 10.0, 0.35 ],
							"rotationOrigin": [ 0.2, 5.0, 0.27 ],
							"faces": {
								"north": { "texture": "#chamomile", "uv": [ 1.0, 7.0, 1.5, 12.0 ] },
								"east": { "texture": "#chamomile", "uv": [ 0.5, 7.0, 1.0, 12.0 ] },
								"south": { "texture": "#chamomile", "uv": [ 0.0, 6.5, 0.5, 11.5 ] },
								"west": { "texture": "#chamomile", "uv": [ 1.0, 6.0, 1.5, 11.0 ] },
								"up": { "texture": "#chamomile", "uv": [ 0.0, 0.0, 0.5, 0.5 ] }
							}
						},
						{
							"name": "stemdown36",
							"from": [ 0.1293, 5.0, -1.6714 ],
							"to": [ 0.1293, 10.0, 1.8286 ],
							"renderPass": 1,
							"rotationOrigin": [ 0.1293, 5.0, 0.1286 ],
							"rotationX": -180.0,
							"rotationY": -45.0,
							"rotationZ": -180.0,
							"faces": {
								"west": { "texture": "#chamomile", "uv": [ 5.0, 10.5, 8.5, 15.5 ], "windMode": [-1,-1,1,1] }
							},
							"children": [
								{
									"name": "Cube37",
									"from": [ -1.7, 0.0, 1.8 ],
									"to": [ 1.8, 5.0, 1.8 ],
									"renderPass": 1,
									"rotationOrigin": [ 0.0, 0.0, 1.8 ],
									"faces": {
										"north": { "texture": "#chamomile", "uv": [ 5.0, 10.5, 8.5, 15.5 ], "windMode": [-1,1,1,-1] }
									}
								}
							]
						},
						{
							"name": "stemtop33",
							"from": [ 0.0995, 9.8, 0.0777 ],
							"to": [ 0.3495, 11.8, 0.3277 ],
							"rotationOrigin": [ 0.2495, 9.8, -0.0623 ],
							"rotationX": -7.2988,
							"rotationY": -1.5496,
							"rotationZ": 15.9444,
							"faces": {
								"north": { "texture": "#chamomile", "uv": [ 1.0, 7.0, 1.5, 9.0 ] },
								"east": { "texture": "#chamomile", "uv": [ 0.5, 7.0, 1.0, 9.0 ] },
								"south": { "texture": "#chamomile", "uv": [ 0.0, 6.5, 0.5, 8.5 ] },
								"west": { "texture": "#chamomile", "uv": [ 1.0, 6.0, 1.5, 8.0 ] },
								"up": { "texture": "#chamomile", "uv": [ 0.0, 0.0, 0.5, 0.5 ] }
							}
						},
						{
							"name": "stembiglower4",
							"from": [ -0.0127, 7.1135, 0.3636 ],
							"to": [ 0.2373, 9.1135, 0.6136 ],
							"rotationOrigin": [ 0.0473, 7.4135, 0.3636 ],
							"rotationX": 131.7732,
							"rotationY": 87.0581,
							"rotationZ": -100.8577,
							"faces": {
								"north": { "texture": "#chamomile", "uv": [ 1.0, 7.0, 1.5, 9.0 ] },
								"east": { "texture": "#chamomile", "uv": [ 0.5, 7.0, 1.0, 9.0 ] },
								"south": { "texture": "#chamomile", "uv": [ 0.0, 6.5, 0.5, 8.5 ] },
								"west": { "texture": "#chamomile", "uv": [ 1.0, 6.0, 1.5, 8.0 ] },
								"up": { "texture": "#chamomile", "uv": [ 0.0, 0.0, 0.5, 0.5 ] }
							},
							"children": [
								{
									"name": "stemtop30",
									"from": [ 0.0451, 1.9353, 0.0201 ],
									"to": [ 0.2451, 2.9353, 0.2201 ],
									"rotationOrigin": [ 0.1351, 1.9353, -0.0499 ],
									"rotationZ": -26.0,
									"faces": {
										"north": { "texture": "#chamomile", "uv": [ 1.0, 7.0, 1.5, 8.0 ] },
										"east": { "texture": "#chamomile", "uv": [ 0.5, 7.0, 1.0, 8.0 ] },
										"south": { "texture": "#chamomile", "uv": [ 0.0, 6.5, 0.5, 7.5 ] },
										"west": { "texture": "#chamomile", "uv": [ 1.0, 6.0, 1.5, 7.0 ] },
										"up": { "texture": "#chamomile", "uv": [ 0.0, 0.0, 0.5, 0.5 ] }
									}
								}
							]
						},
						{
							"name": "stemtop31",
							"from": [ 0.0699, 9.4198, 0.0012 ],
							"to": [ 0.2699, 10.4198, 0.2012 ],
							"rotationOrigin": [ 0.1599, 9.4198, -0.0688 ],
							"rotationX": -34.4386,
							"rotationY": 3.9284,
							"rotationZ": 3.9453,
							"faces": {
								"north": { "texture": "#chamomile", "uv": [ 1.0, 7.0, 1.5, 8.0 ] },
								"east": { "texture": "#chamomile", "uv": [ 0.5, 7.0, 1.0, 8.0 ] },
								"south": { "texture": "#chamomile", "uv": [ 0.0, 6.5, 0.5, 7.5 ] },
								"west": { "texture": "#chamomile", "uv": [ 1.0, 6.0, 1.5, 7.0 ] },
								"up": { "texture": "#chamomile", "uv": [ 0.0, 0.0, 0.5, 0.5 ] }
							}
						},
						{
							"name": "budstembiglower6",
							"from": [ 1.48, 10.4, -0.3317 ],
							"to": [ 1.88, 10.8, 0.0683 ],
							"rotationOrigin": [ 0.8699, 9.2431, 0.0383 ],
							"rotationX": 144.65,
							"rotationY": -2.31,
							"rotationZ": -176.57,
							"faces": {
								"north": { "texture": "#chamomile", "uv": [ 2.5, 4.5, 5.0, 7.0 ], "autoUv": false },
								"east": { "texture": "#chamomile", "uv": [ 2.5, 4.5, 5.0, 7.0 ], "autoUv": false },
								"south": { "texture": "#chamomile", "uv": [ 2.5, 4.5, 5.0, 7.0 ], "autoUv": false },
								"west": { "texture": "#chamomile", "uv": [ 2.5, 4.5, 5.0, 7.0 ], "autoUv": false },
								"up": { "texture": "#chamomile", "uv": [ 2.5, 4.5, 5.0, 7.0 ], "autoUv": false }
							},
							"children": [
								{
									"name": "petal201",
									"from": [ 0.33, 0.0237, -0.15 ],
									"to": [ 1.03, 0.0237, 0.55 ],
									"renderPass": 1,
									"rotationOrigin": [ 0.3289, 0.0237, -0.1911 ],
									"rotationZ": -14.0,
									"faces": {
										"up": { "texture": "#chamomile", "uv": [ 12.5, 0.0, 15.0, 2.5 ], "rotation": 90, "autoUv": false }
									}
								},
								{
									"name": "petal202",
									"from": [ 0.53, 0.05, 0.3 ],
									"to": [ 1.23, 0.05, 1.0 ],
									"renderPass": 1,
									"rotationOrigin": [ 0.5289, 0.0237, 0.3089 ],
									"rotationY": -90.0,
									"rotationZ": -14.0,
									"faces": {
										"up": { "texture": "#chamomile", "uv": [ 12.5, 0.0, 15.0, 2.5 ], "rotation": 90, "autoUv": false }
									}
								},
								{
									"name": "petal203",
									"from": [ 0.03, 0.04, 0.67 ],
									"to": [ 0.73, 0.04, 1.37 ],
									"renderPass": 1,
									"rotationOrigin": [ 0.0289, 0.0237, 0.6089 ],
									"rotationY": -180.0,
									"rotationZ": -14.0,
									"faces": {
										"up": { "texture": "#chamomile", "uv": [ 12.5, 0.0, 15.0, 2.5 ], "rotation": 90, "autoUv": false }
									}
								},
								{
									"name": "petal204",
									"from": [ -0.23, 0.0237, 0.03 ],
									"to": [ 0.47, 0.0237, 0.73 ],
									"renderPass": 1,
									"rotationOrigin": [ -0.1711, 0.0237, 0.0089 ],
									"rotationY": 97.0,
									"rotationZ": -14.0,
									"faces": {
										"up": { "texture": "#chamomile", "uv": [ 12.5, 0.0, 15.0, 2.5 ], "rotation": 90, "autoUv": false }
									}
								},
								{
									"name": "petal205",
									"from": [ 0.0, 0.03, -0.09 ],
									"to": [ 0.8, 0.03, 0.61 ],
									"renderPass": 1,
									"rotationOrigin": [ 0.0289, 0.0237, -0.0911 ],
									"rotationY": 42.0,
									"rotationZ": 3.0,
									"faces": {
										"up": { "texture": "#chamomile", "uv": [ 12.5, 0.0, 15.0, 2.5 ], "rotation": 90, "autoUv": false }
									}
								},
								{
									"name": "petal206",
									"from": [ 0.55, 0.04, -0.09 ],
									"to": [ 1.35, 0.04, 0.61 ],
									"renderPass": 1,
									"rotationOrigin": [ 0.4289, 0.0237, -0.0911 ],
									"rotationY": -45.0,
									"rotationZ": -2.0,
									"faces": {
										"up": { "texture": "#chamomile", "uv": [ 12.5, 0.0, 15.0, 2.5 ], "rotation": 90, "autoUv": false }
									}
								},
								{
									"name": "petal207",
									"from": [ 0.74, 0.04, 0.28 ],
									"to": [ 1.54, 0.04, 0.98 ],
									"renderPass": 1,
									"rotationOrigin": [ 0.5289, 0.0237, 0.3089 ],
									"rotationY": -135.0,
									"rotationZ": -2.0,
									"faces": {
										"up": { "texture": "#chamomile", "uv": [ 12.5, 0.0, 15.0, 2.5 ], "rotation": 90, "autoUv": false }
									}
								},
								{
									"name": "petal208",
									"from": [ 0.43, 0.03, -0.82 ],
									"to": [ 1.23, 0.03, -0.12 ],
									"renderPass": 1,
									"rotationOrigin": [ 0.4289, 0.0237, -0.0911 ],
									"rotationY": 135.0,
									"rotationZ": -2.0,
									"faces": {
										"up": { "texture": "#chamomile", "uv": [ 12.5, 0.0, 15.0, 2.5 ], "rotation": 90, "autoUv": false }
									}
								},
								{
									"name": "budbase26",
									"from": [ -0.01, -0.02, -0.01 ],
									"to": [ 0.41, 0.02, 0.41 ],
									"rotationOrigin": [ 0.1851, -0.7647, 0.0201 ],
									"faces": {
										"north": { "texture": "#chamomile", "uv": [ 0.0, 6.0, 1.5, 6.5 ], "autoUv": false },
										"east": { "texture": "#chamomile", "uv": [ 0.0, 8.0, 1.5, 8.5 ], "autoUv": false },
										"south": { "texture": "#chamomile", "uv": [ 0.0, 2.5, 1.5, 3.0 ], "autoUv": false },
										"west": { "texture": "#chamomile", "uv": [ 0.5, 2.5, 2.0, 3.0 ], "autoUv": false },
										"up": { "texture": "#chamomile", "uv": [ 14.5, 3.0, 16.0, 4.5 ], "autoUv": false },
										"down": { "texture": "#chamomile", "uv": [ 0.0, 1.0, 1.5, 2.5 ], "autoUv": false }
									}
								}
							]
						},
						{
							"name": "budstembiglower7",
							"from": [ 1.72, 9.8, 0.57 ],
							"to": [ 2.12, 10.2, 0.97 ],
							"rotationOrigin": [ 1.0699, 8.6431, 0.9383 ],
							"rotationX": 183.65,
							"rotationY": -2.31,
							"rotationZ": -176.57,
							"faces": {
								"north": { "texture": "#chamomile", "uv": [ 2.5, 4.5, 5.0, 7.0 ], "autoUv": false },
								"east": { "texture": "#chamomile", "uv": [ 2.5, 4.5, 5.0, 7.0 ], "autoUv": false },
								"south": { "texture": "#chamomile", "uv": [ 2.5, 4.5, 5.0, 7.0 ], "autoUv": false },
								"west": { "texture": "#chamomile", "uv": [ 2.5, 4.5, 5.0, 7.0 ], "autoUv": false },
								"up": { "texture": "#chamomile", "uv": [ 2.5, 4.5, 5.0, 7.0 ], "autoUv": false }
							},
							"children": [
								{
									"name": "petal209",
									"from": [ 0.33, 0.0237, -0.15 ],
									"to": [ 1.03, 0.0237, 0.55 ],
									"renderPass": 1,
									"rotationOrigin": [ 0.3289, 0.0237, -0.1911 ],
									"rotationZ": -14.0,
									"faces": {
										"up": { "texture": "#chamomile", "uv": [ 12.5, 0.0, 15.0, 2.5 ], "rotation": 90, "autoUv": false }
									}
								},
								{
									"name": "petal210",
									"from": [ 0.53, 0.05, 0.3 ],
									"to": [ 1.23, 0.05, 1.0 ],
									"renderPass": 1,
									"rotationOrigin": [ 0.5289, 0.0237, 0.3089 ],
									"rotationY": -90.0,
									"rotationZ": -14.0,
									"faces": {
										"up": { "texture": "#chamomile", "uv": [ 12.5, 0.0, 15.0, 2.5 ], "rotation": 90, "autoUv": false }
									}
								},
								{
									"name": "petal211",
									"from": [ 0.03, 0.04, 0.67 ],
									"to": [ 0.73, 0.04, 1.37 ],
									"renderPass": 1,
									"rotationOrigin": [ 0.0289, 0.0237, 0.6089 ],
									"rotationY": -180.0,
									"rotationZ": -14.0,
									"faces": {
										"up": { "texture": "#chamomile", "uv": [ 12.5, 0.0, 15.0, 2.5 ], "rotation": 90, "autoUv": false }
									}
								},
								{
									"name": "petal212",
									"from": [ -0.23, 0.0237, 0.03 ],
									"to": [ 0.47, 0.0237, 0.73 ],
									"renderPass": 1,
									"rotationOrigin": [ -0.1711, 0.0237, 0.0089 ],
									"rotationY": 97.0,
									"rotationZ": -14.0,
									"faces": {
										"up": { "texture": "#chamomile", "uv": [ 12.5, 0.0, 15.0, 2.5 ], "rotation": 90, "autoUv": false }
									}
								},
								{
									"name": "petal213",
									"from": [ 0.0, 0.03, -0.09 ],
									"to": [ 0.8, 0.03, 0.61 ],
									"renderPass": 1,
									"rotationOrigin": [ 0.0289, 0.0237, -0.0911 ],
									"rotationY": 42.0,
									"rotationZ": 3.0,
									"faces": {
										"up": { "texture": "#chamomile", "uv": [ 12.5, 0.0, 15.0, 2.5 ], "rotation": 90, "autoUv": false }
									}
								},
								{
									"name": "petal214",
									"from": [ 0.55, 0.04, -0.09 ],
									"to": [ 1.35, 0.04, 0.61 ],
									"renderPass": 1,
									"rotationOrigin": [ 0.4289, 0.0237, -0.0911 ],
									"rotationY": -45.0,
									"rotationZ": -2.0,
									"faces": {
										"up": { "texture": "#chamomile", "uv": [ 12.5, 0.0, 15.0, 2.5 ], "rotation": 90, "autoUv": false }
									}
								},
								{
									"name": "petal215",
									"from": [ 0.74, 0.04, 0.28 ],
									"to": [ 1.54, 0.04, 0.98 ],
									"renderPass": 1,
									"rotationOrigin": [ 0.5289, 0.0237, 0.3089 ],
									"rotationY": -135.0,
									"rotationZ": -2.0,
									"faces": {
										"up": { "texture": "#chamomile", "uv": [ 12.5, 0.0, 15.0, 2.5 ], "rotation": 90, "autoUv": false }
									}
								},
								{
									"name": "petal216",
									"from": [ 0.43, 0.03, -0.82 ],
									"to": [ 1.23, 0.03, -0.12 ],
									"renderPass": 1,
									"rotationOrigin": [ 0.4289, 0.0237, -0.0911 ],
									"rotationY": 135.0,
									"rotationZ": -2.0,
									"faces": {
										"up": { "texture": "#chamomile", "uv": [ 12.5, 0.0, 15.0, 2.5 ], "rotation": 90, "autoUv": false }
									}
								},
								{
									"name": "budbase27",
									"from": [ -0.01, -0.02, -0.01 ],
									"to": [ 0.41, 0.02, 0.41 ],
									"rotationOrigin": [ 0.1851, -0.7647, 0.0201 ],
									"faces": {
										"north": { "texture": "#chamomile", "uv": [ 0.0, 6.0, 1.5, 6.5 ], "autoUv": false },
										"east": { "texture": "#chamomile", "uv": [ 0.0, 8.0, 1.5, 8.5 ], "autoUv": false },
										"south": { "texture": "#chamomile", "uv": [ 0.0, 2.5, 1.5, 3.0 ], "autoUv": false },
										"west": { "texture": "#chamomile", "uv": [ 0.5, 2.5, 2.0, 3.0 ], "autoUv": false },
										"up": { "texture": "#chamomile", "uv": [ 14.5, 3.0, 16.0, 4.5 ], "autoUv": false },
										"down": { "texture": "#chamomile", "uv": [ 0.0, 1.0, 1.5, 2.5 ], "autoUv": false }
									}
								}
							]
						},
						{
							"name": "bud20",
							"from": [ -0.1338, 11.8611, -0.2128 ],
							"to": [ 0.2662, 12.2611, 0.1872 ],
							"rotationOrigin": [ 0.0513, 11.0964, -0.1927 ],
							"rotationX": -4.55,
							"rotationY": 0.27,
							"rotationZ": -22.65,
							"faces": {
								"north": { "texture": "#chamomile", "uv": [ 2.5, 4.5, 5.0, 7.0 ], "autoUv": false },
								"east": { "texture": "#chamomile", "uv": [ 2.5, 4.5, 5.0, 7.0 ], "autoUv": false },
								"south": { "texture": "#chamomile", "uv": [ 2.5, 4.5, 5.0, 7.0 ], "autoUv": false },
								"west": { "texture": "#chamomile", "uv": [ 2.5, 4.5, 5.0, 7.0 ], "autoUv": false },
								"up": { "texture": "#chamomile", "uv": [ 2.5, 4.5, 5.0, 7.0 ], "autoUv": false }
							},
							"children": [
								{
									"name": "petal193",
									"from": [ 0.33, 0.0237, -0.15 ],
									"to": [ 1.03, 0.0237, 0.55 ],
									"renderPass": 1,
									"rotationOrigin": [ 0.3289, 0.0237, -0.1911 ],
									"rotationZ": -14.0,
									"faces": {
										"up": { "texture": "#chamomile", "uv": [ 12.5, 0.0, 15.0, 2.5 ], "rotation": 90, "autoUv": false }
									}
								},
								{
									"name": "petal194",
									"from": [ 0.53, 0.05, 0.3 ],
									"to": [ 1.23, 0.05, 1.0 ],
									"renderPass": 1,
									"rotationOrigin": [ 0.5289, 0.0237, 0.3089 ],
									"rotationY": -90.0,
									"rotationZ": -14.0,
									"faces": {
										"up": { "texture": "#chamomile", "uv": [ 12.5, 0.0, 15.0, 2.5 ], "rotation": 90, "autoUv": false }
									}
								},
								{
									"name": "petal195",
									"from": [ 0.03, 0.04, 0.67 ],
									"to": [ 0.73, 0.04, 1.37 ],
									"renderPass": 1,
									"rotationOrigin": [ 0.0289, 0.0237, 0.6089 ],
									"rotationY": -180.0,
									"faces": {
										"up": { "texture": "#chamomile", "uv": [ 12.5, 0.0, 15.0, 2.5 ], "rotation": 90, "autoUv": false }
									}
								},
								{
									"name": "petal196",
									"from": [ -0.17, 0.0237, 0.03 ],
									"to": [ 0.53, 0.0237, 0.73 ],
									"renderPass": 1,
									"rotationOrigin": [ -0.1711, 0.0237, 0.0089 ],
									"rotationY": 90.0,
									"rotationZ": -14.0,
									"faces": {
										"up": { "texture": "#chamomile", "uv": [ 12.5, 0.0, 15.0, 2.5 ], "rotation": 90, "autoUv": false }
									}
								},
								{
									"name": "petal197",
									"from": [ 0.0, 0.03, -0.09 ],
									"to": [ 0.8, 0.03, 0.61 ],
									"renderPass": 1,
									"rotationOrigin": [ 0.0289, 0.0237, -0.0911 ],
									"rotationY": 45.0,
									"rotationZ": -2.0,
									"faces": {
										"up": { "texture": "#chamomile", "uv": [ 12.5, 0.0, 15.0, 2.5 ], "rotation": 90, "autoUv": false }
									}
								},
								{
									"name": "petal198",
									"from": [ 0.55, 0.04, -0.09 ],
									"to": [ 1.35, 0.04, 0.61 ],
									"renderPass": 1,
									"rotationOrigin": [ 0.4289, 0.0237, -0.0911 ],
									"rotationY": -45.0,
									"rotationZ": -2.0,
									"faces": {
										"up": { "texture": "#chamomile", "uv": [ 12.5, 0.0, 15.0, 2.5 ], "rotation": 90, "autoUv": false }
									}
								},
								{
									"name": "petal199",
									"from": [ 0.74, 0.04, 0.28 ],
									"to": [ 1.54, 0.04, 0.98 ],
									"renderPass": 1,
									"rotationOrigin": [ 0.5289, 0.0237, 0.3089 ],
									"rotationY": -135.0,
									"rotationZ": -2.0,
									"faces": {
										"up": { "texture": "#chamomile", "uv": [ 12.5, 0.0, 15.0, 2.5 ], "rotation": 90, "autoUv": false }
									}
								},
								{
									"name": "petal200",
									"from": [ 0.43, 0.03, -0.82 ],
									"to": [ 1.23, 0.03, -0.12 ],
									"renderPass": 1,
									"rotationOrigin": [ 0.4289, 0.0237, -0.0911 ],
									"rotationY": 135.0,
									"rotationZ": -2.0,
									"faces": {
										"up": { "texture": "#chamomile", "uv": [ 12.5, 0.0, 15.0, 2.5 ], "rotation": 90, "autoUv": false }
									}
								},
								{
									"name": "budbase25",
									"from": [ -0.01, -0.02, -0.01 ],
									"to": [ 0.41, 0.02, 0.41 ],
									"rotationOrigin": [ 0.1851, -0.7647, 0.0201 ],
									"faces": {
										"north": { "texture": "#chamomile", "uv": [ 0.0, 6.0, 1.5, 6.5 ], "autoUv": false },
										"east": { "texture": "#chamomile", "uv": [ 0.0, 8.0, 1.5, 8.5 ], "autoUv": false },
										"south": { "texture": "#chamomile", "uv": [ 0.0, 2.5, 1.5, 3.0 ], "autoUv": false },
										"west": { "texture": "#chamomile", "uv": [ 0.5, 2.5, 2.0, 3.0 ], "autoUv": false },
										"up": { "texture": "#chamomile", "uv": [ 14.5, 3.0, 16.0, 4.5 ], "autoUv": false },
										"down": { "texture": "#chamomile", "uv": [ 0.0, 1.0, 1.5, 2.5 ], "autoUv": false }
									}
								}
							]
						},
						{
							"name": "stemtop36",
							"from": [ -0.0992, 10.8648, -0.0432 ],
							"to": [ 0.1008, 11.8648, 0.1568 ],
							"rotationOrigin": [ -0.0092, 10.8648, -0.1132 ],
							"rotationX": -7.8625,
							"rotationY": 0.0256,
							"rotationZ": -21.0439,
							"faces": {
								"north": { "texture": "#chamomile", "uv": [ 1.0, 7.0, 1.5, 8.0 ] },
								"east": { "texture": "#chamomile", "uv": [ 0.5, 7.0, 1.0, 8.0 ] },
								"south": { "texture": "#chamomile", "uv": [ 0.0, 6.5, 0.5, 7.5 ] },
								"west": { "texture": "#chamomile", "uv": [ 1.0, 6.0, 1.5, 7.0 ] },
								"up": { "texture": "#chamomile", "uv": [ 0.0, 0.0, 0.5, 0.5 ] }
							}
						},
						{
							"name": "bud19",
							"from": [ -0.6411, 12.5982, -0.3187 ],
							"to": [ -0.2411, 12.9982, 0.0813 ],
							"rotationOrigin": [ -0.456, 11.8335, -0.2986 ],
							"rotationX": -5.5493,
							"rotationY": 1.2739,
							"rotationZ": 31.351,
							"faces": {
								"north": { "texture": "#chamomile", "uv": [ 2.5, 4.5, 5.0, 7.0 ], "autoUv": false },
								"east": { "texture": "#chamomile", "uv": [ 2.5, 4.5, 5.0, 7.0 ], "autoUv": false },
								"south": { "texture": "#chamomile", "uv": [ 2.5, 4.5, 5.0, 7.0 ], "autoUv": false },
								"west": { "texture": "#chamomile", "uv": [ 2.5, 4.5, 5.0, 7.0 ], "autoUv": false },
								"up": { "texture": "#chamomile", "uv": [ 2.5, 4.5, 5.0, 7.0 ], "autoUv": false }
							},
							"children": [
								{
									"name": "petal177",
									"from": [ 0.33, 0.0237, -0.15 ],
									"to": [ 1.03, 0.0237, 0.55 ],
									"renderPass": 1,
									"rotationOrigin": [ 0.3289, 0.0237, -0.1911 ],
									"rotationZ": -14.0,
									"faces": {
										"up": { "texture": "#chamomile", "uv": [ 12.5, 0.0, 15.0, 2.5 ], "rotation": 90, "autoUv": false }
									}
								},
								{
									"name": "petal178",
									"from": [ 0.53, 0.05, 0.3 ],
									"to": [ 1.23, 0.05, 1.0 ],
									"renderPass": 1,
									"rotationOrigin": [ 0.5289, 0.0237, 0.3089 ],
									"rotationY": -90.0,
									"rotationZ": -14.0,
									"faces": {
										"up": { "texture": "#chamomile", "uv": [ 12.5, 0.0, 15.0, 2.5 ], "rotation": 90, "autoUv": false }
									}
								},
								{
									"name": "petal179",
									"from": [ 0.03, 0.04, 0.67 ],
									"to": [ 0.73, 0.04, 1.37 ],
									"renderPass": 1,
									"rotationOrigin": [ 0.0289, 0.0237, 0.6089 ],
									"rotationY": -180.0,
									"rotationZ": -14.0,
									"faces": {
										"up": { "texture": "#chamomile", "uv": [ 12.5, 0.0, 15.0, 2.5 ], "rotation": 90, "autoUv": false }
									}
								},
								{
									"name": "petal180",
									"from": [ -0.17, 0.0237, 0.03 ],
									"to": [ 0.53, 0.0237, 0.73 ],
									"renderPass": 1,
									"rotationOrigin": [ -0.1711, 0.0237, 0.0089 ],
									"rotationY": 90.0,
									"rotationZ": -14.0,
									"faces": {
										"up": { "texture": "#chamomile", "uv": [ 12.5, 0.0, 15.0, 2.5 ], "rotation": 90, "autoUv": false }
									}
								},
								{
									"name": "petal181",
									"from": [ 0.0, 0.03, -0.09 ],
									"to": [ 0.8, 0.03, 0.61 ],
									"renderPass": 1,
									"rotationOrigin": [ 0.0289, 0.0237, -0.0911 ],
									"rotationY": 45.0,
									"rotationZ": -2.0,
									"faces": {
										"up": { "texture": "#chamomile", "uv": [ 12.5, 0.0, 15.0, 2.5 ], "rotation": 90, "autoUv": false }
									}
								},
								{
									"name": "petal182",
									"from": [ 0.55, 0.04, -0.09 ],
									"to": [ 1.35, 0.04, 0.61 ],
									"renderPass": 1,
									"rotationOrigin": [ 0.4289, 0.0237, -0.0911 ],
									"rotationY": -45.0,
									"rotationZ": -2.0,
									"faces": {
										"up": { "texture": "#chamomile", "uv": [ 12.5, 0.0, 15.0, 2.5 ], "rotation": 90, "autoUv": false }
									}
								},
								{
									"name": "petal183",
									"from": [ 0.74, 0.04, 0.28 ],
									"to": [ 1.54, 0.04, 0.98 ],
									"renderPass": 1,
									"rotationOrigin": [ 0.5289, 0.0237, 0.3089 ],
									"rotationY": -135.0,
									"rotationZ": -2.0,
									"faces": {
										"up": { "texture": "#chamomile", "uv": [ 12.5, 0.0, 15.0, 2.5 ], "rotation": 90, "autoUv": false }
									}
								},
								{
									"name": "petal184",
									"from": [ 0.43, 0.03, -0.82 ],
									"to": [ 1.23, 0.03, -0.12 ],
									"renderPass": 1,
									"rotationOrigin": [ 0.4289, 0.0237, -0.0911 ],
									"rotationY": 135.0,
									"rotationZ": -2.0,
									"faces": {
										"up": { "texture": "#chamomile", "uv": [ 12.5, 0.0, 15.0, 2.5 ], "rotation": 90, "autoUv": false }
									}
								},
								{
									"name": "budbase23",
									"from": [ -0.01, -0.02, -0.01 ],
									"to": [ 0.41, 0.02, 0.41 ],
									"rotationOrigin": [ 0.1851, -0.7647, 0.0201 ],
									"faces": {
										"north": { "texture": "#chamomile", "uv": [ 0.0, 6.0, 1.5, 6.5 ], "autoUv": false },
										"east": { "texture": "#chamomile", "uv": [ 0.0, 8.0, 1.5, 8.5 ], "autoUv": false },
										"south": { "texture": "#chamomile", "uv": [ 0.0, 2.5, 1.5, 3.0 ], "autoUv": false },
										"west": { "texture": "#chamomile", "uv": [ 0.5, 2.5, 2.0, 3.0 ], "autoUv": false },
										"up": { "texture": "#chamomile", "uv": [ 14.5, 3.0, 16.0, 4.5 ], "autoUv": false },
										"down": { "texture": "#chamomile", "uv": [ 0.0, 1.0, 1.5, 2.5 ], "autoUv": false }
									}
								}
							]
						},
						{
							"name": "stemtop34",
							"from": [ -0.3887, 11.6513, -0.1535 ],
							"to": [ -0.1887, 12.6513, 0.0465 ],
							"rotationOrigin": [ -0.2987, 11.6513, -0.2235 ],
							"rotationX": -7.2988,
							"rotationY": -1.5496,
							"rotationZ": 32.9444,
							"faces": {
								"north": { "texture": "#chamomile", "uv": [ 1.0, 7.0, 1.5, 8.0 ] },
								"east": { "texture": "#chamomile", "uv": [ 0.5, 7.0, 1.0, 8.0 ] },
								"south": { "texture": "#chamomile", "uv": [ 0.0, 6.5, 0.5, 7.5 ] },
								"west": { "texture": "#chamomile", "uv": [ 1.0, 6.0, 1.5, 7.0 ] },
								"up": { "texture": "#chamomile", "uv": [ 0.0, 0.0, 0.5, 0.5 ] }
							}
						}
					]
				}
			]
		}
	]}