[
	{
		"op": "addmerge",
		"path": "/attributes/displayInsideCrate",
		"value": true,
		"file": "game:itemtypes/resource/pressedmash",
		"side": "Server"
	},
	{
		"op": "addmerge",
		"path": "/attributes/inContainerTexture",
		"value": { "base": "block/fat" },
		"file": "game:itemtypes/resource/fat",
		"side": "Server"
	},
	{
		"op": "addmerge",
		"path": "/attributes/inContainerTexture",
		"value": { "base": "block/pile/block-bone" },
		"file": "game:itemtypes/resource/antler",
		"side": "Server"
	},
	{
		"op": "addmerge",
		"path": "/attributes/inContainerTexture",
		"value": { "base": "block/pile/block-bone" },
		"file": "game:itemtypes/resource/bone",
		"side": "Server"
	},
	{
		"op": "addmerge",
		"path": "/attributes/inContainerTexture",
		"value": { "base": "block/pile/block-bone" },
		"file": "game:itemtypes/resource/bone-tiny",
		"side": "Server"
	},
	{
		"op": "addmerge",
		"path": "/attributes/inContainerTexture",
		"value": { "base": "block/creature/bone/bone5" },
		"file": "game:itemtypes/resource/crushed/bonemeal",
		"side": "Server"
	},
	{
		"op": "addmerge",
		"path": "/attributes",
		"value": {
			"inContainerTexture": { "base": "block/pile/block-bone" }
		},
		"file": "game:blocktypes/bone/*",
		"side": "Server"
	},
	
	{
		"op": "addmerge",
		"path": "/attributes/inContainerTexture",
		"value": { "base": "block/food/grain/rice", "overlays": ["item/resource/hide/oiled"] },
		"file": "game:itemtypes/food/flour",
		"side": "Server"
	},
	{
		"op": "addmerge",
		"path": "/attributes/inContainerTextureByType",
		"value": {
			"@.*-(redapple|pinkapple|yellowapple|pear)": { "base": "block/wood/barrel/raw-apples" },
			"*": {"base": "block/food/pie/fill-{fruit}" }
		},
		"dependsOn": [{ "modid": "expandedfoods", "invert": true }],
		"file": "game:itemtypes/food/fruit",
		"side": "Server"
	},
	{
		"op": "addmerge",
		"path": "/attributes",
		"value": {
			"inContainerTexture": { "base": "block/wood/barrel/raw-bellpepper" }
		},
		"file": "game:itemtypes/food/ontree",
		"side": "Server"
	},
	{
		"op": "addmerge",
		"path": "/attributes/inContainerTextureByType/*-dried",
		"value": { "base": "block/wood/barrel/peeled-cassava" },
		"file": "game:itemtypes/food/rawcassava",
		"side": "Server"
	},
	{
		"op": "replace",
		"path": "/attributesByType/*-pumpkin/inContainerTexture",
		"value": { "base": "block/food/pie/fill-{type}" },
		"file": "game:itemtypes/food/vegetable",
		"side": "Server"
	},
	{
		"op": "addmerge",
		"path": "/attributes/inContainerTexture",
		"value": { "base": "block/wood/barrel/raw-pumpkin" },
		"file": "game:blocktypes/plant/pumpkin/fruit",
		"side": "Server"
	},

	{
		"op": "addmerge",
		"path": "/attributes/inContainerTextureByType",
		"value": {
			"*": { "base": "block/wood/barrel/cooked-poultry" }
		},
		"file": "game:itemtypes/food/poultry",
		"side": "Server"
	},
	{
		"op": "addmerge",
		"path": "/attributes/inContainerTextureByType",
		"value": {
			"*-vintage": { "base": "block/wood/barrel/cured-bushmeat" },
			"*": { "base": "block/wood/barrel/cooked-redmeat" }
		},
		"file": "game:itemtypes/food/redmeat",
		"side": "Server"
	},
	{
		"op": "addmerge",
		"path": "/attributes/inContainerTextureByType",
		"value": {
			"*": { "base": "block/wood/barrel/cooked-fish" }
		},
		"file": "game:itemtypes/food/fish",
		"side": "Server"
	},
	{
		"op": "addmerge",
		"path": "/attributes",
		"value": {
			"inContainerTextureByType": {
				"*-salted": { "base": "block/food/dairy/cottagecheese" },
				"*": { "base": "block/food/pie/fill-mixedcheese" }
			}
		},
		"file": "game:itemtypes/food/rawcheese",
		"side": "Server"
	},
	{
		"op": "addmerge",
		"path": "/attributes/inContainerTextureByType",
		"value": {
			"*cheddar-*": { "base": "block/food/pie/fill-cheddar" },
			"*-blue-*": { "base": "block/food/pie/fill-bluecheese" },
			"*": { "base": "block/food/pie/fill-mixedcheese" }
		},
		"file": "game:itemtypes/food/cheese",
		"side": "Server"
	},
	{
		"op": "addmerge",
		"path": "/attributes/inContainerTexture",
		"value": { "base": "block/wood/barrel/pickled-onion" },
		"file": "game:itemtypes/food/egg",
		"side": "Server"
	},
]