[
	{
		"op": "addmerge",
		"path": "/attributes/inContainerTexture",
		"value": { "base": "block/liquid/snow/normal1" },
		"file": "game:itemtypes/snowball",
		"side": "Server"
	},
	{
		"op": "addmerge",
		"path": "/attributes/displayInsideCrate",
		"value": true,
		"file": "game:blocktypes/soil/*",
		"side": "Server"
	},
	{
		"op": "addmerge",
		"path": "/attributes/displayInsideCrate",
		"value": true,
		"file": "game:blocktypes/stone/gravel",
		"side": "Server"
	},
	{
		"op": "addmerge",
		"path": "/attributes/displayInsideCrate",
		"value": true,
		"file": "game:blocktypes/stone/gravel-dirty",
		"side": "Server"
	},
	{
		"op": "addmerge",
		"path": "/attributes/displayInsideCrate",
		"value": true,
		"file": "game:blocktypes/stone/sand",
		"side": "Server"
	},
	{
		"op": "addmerge",
		"path": "/attributes/inContainerTexture",
		"value": { "base": "block/soil/mudbrick/{type}1" },
		"file": "game:blocktypes/soil/mudbrickslab",
		"side": "Server"
	},
	
	{
		"op": "addmerge",
		"path": "/attributes/inContainerTexture",
		"value": { "base": "block/clay/brickslab/{type}top" },
		"file": "game:blocktypes/clay/brickslab",
		"side": "Server"
	},
	{
		"op": "addmerge",
		"path": "/attributes/inContainerTexture",
		"value": { "base": "block/soil/mudbrick/{type}1" },
		"file": "game:blocktypes/clay/brickslabcourse",
		"side": "Server"
	},
	{
		"op": "addmerge",
		"path": "/attributes/displayInsideCrateByType",
		"value": {
			"*-burned-*": true
		},
		"file": "game:itemtypes/resource/shingle",
		"side": "Server"
	},
	{
		"op": "addmerge",
		"path": "/attributes/inContainerTexture",
		"value": { "base": "block/clay/shingles/{variant}" },
		"file": "game:blocktypes/clay/shingleslab",
		"side": "Server"
	},
	{
		"op": "addmerge",
		"path": "/attributes",
		"value": {
			"inContainerTexture": { "base": "block/wood/crate/fill-pottery" }
		},
		"file": "game:blocktypes/clay/clayshattered",
		"side": "Server"
	},
	
	{
		"op": "addmerge",
		"path": "/attributes",
		"value": {
			"inContainerTextureByType": {
				"*-halite": { "base": "item/resource/ungraded/halite" },
				"*-meteorite-iron": { "base": "block/stone/rock/{rock}1" },
				"*": { "base": "block/stone/cobblestone/{rock}1", "overlays": ["block/stone/ore/flint3"] }
			}
		},
		"file": "game:itemtypes/resource/stone",
		"side": "Server"
	},
	{
		"op": "addmerge",
		"path": "/attributes/inContainerTexture",
		"value": { "base": "block/stone/drystone/{rock}1" },
		"file": "game:blocktypes/stone/drystonefence-free",
		"side": "Server"
	},
	{
		"op": "addmerge",
		"path": "/attributes/inContainerTexture",
		"value": { "base": "block/stone/cobblestone/{rock}1" },
		"file": "game:blocktypes/stone/cobble/cobbleslab",
		"side": "Server"
	},
	{
		"op": "addmerge",
		"path": "/attributes/displayInsideCrate",
		"value": true,
		"file": "game:blocktypes/stone/generic/stonepath",
		"side": "Server"
	},
	{
		"op": "addmerge",
		"path": "/attributes/inContainerTexture",
		"value": { "base": "block/stone/path/normal1" },
		"file": "game:blocktypes/stone/generic/stonepathslab",
		"side": "Server"
	},
	{
		"op": "addmerge",
		"path": "/attributes/inContainerTexture",
		"value": { "base": "block/stone/path/normal1" },
		"file": "game:blocktypes/stone/generic/stonepathstairs",
		"side": "Server"
	},
	{
		"op": "addmerge",
		"path": "/attributes/inContainerTexture",
		"value": { "base": "block/stone/brick/{rock}1" },
		"file": "game:itemtypes/resource/stonebrick",
		"side": "Server"
	},
	{
		"op": "addmerge",
		"path": "/attributes/inContainerTexture",
		"value": { "base": "block/stone/brick/{rock}1" },
		"file": "game:blocktypes/stone/stonebrick/stonebrickslab",
		"side": "Server"
	},
	{
		"op": "addmerge",
		"path": "/attributes/inContainerTexture",
		"value": { "base": "block/stone/gravel/chalk", "overlays": ["item/resource/hide/oiled"] },
		"file": "game:itemtypes/resource/crushed/lime",
		"side": "Server"
	},
	{
		"op": "addmerge",
		"path": "/attributes/inContainerTexture",
		"value": { "base": "block/stone/sand/chalk" },
		"file": "game:itemtypes/resource/quicklime",
		"side": "Server"
	},
	{
		"op": "addmerge",
		"path": "/attributes/inContainerTextureByType",
		"value": {
			"@.*-(cassiterite|ilmenite|chromite)": { "base": "item/resource/nugget/{material}" },
			"@.*-(bauxite|peridotite)": { "base": "block/stone/gravel/{material}" },
			"*-leadoxide": { "base": "item/resource/nugget/galena" },
			"*-iron": { "base": "item/resource/nugget/hematite" },
			"*-alum": { "base": "item/resource/ungraded/borax" },
			"*": { "base": "item/resource/ungraded/{material}" }
		},
		"file": "game:itemtypes/resource/crushed/crushed",
		"side": "Server"
	},
	{
		"op": "addmerge",
		"path": "/attributes/inContainerTexture",
		"value": { "base": "item/resource/ungraded/smokyquartz" },
		"file": "game:itemtypes/resource/calcined",
		"side": "Server",
	},
	{
		"op": "addmerge",
		"path": "/attributes/inContainerTexture",
		"value": { "base": "block/stone/ore/saltpeter" },
		"file": "game:itemtypes/resource/crushed/saltpeter",
		"side": "Server",
	},
	{
		"op": "addmerge",
		"path": "/attributes/displayInsideCrate",
		"value": true,
		"file": "game:itemtypes/resource/quartz/*",
		"side": "Server"
	},
	{
		"op": "addmerge",
		"path": "/attributes/displayInsideCrate",
		"value": true,
		"file": "game:itemtypes/resource/gem-rough",
		"side": "Server"
	},
	{
		"op": "addmerge",
		"path": "/attributes/inContainerTexture",
		"value": { "base": "block/stone/flint", "overlays": ["block/stone/ore/flint1","block/stone/ore/flint2","block/stone/ore/flint3"] },
		"file": "game:itemtypes/resource/flint",
		"side": "Server"
	},
]