[	
	{
		"op": "addmerge",
		"path": "/attributes/displayInsideCrate",
		"value": true,
		"file": "game:itemtypes/resource/nugget",
		"side": "Server"
	},
	{
		"op": "addmerge",
		"path": "/attributes/displayInsideCrate",
		"value": true,
		"file": "game:itemtypes/resource/metalbit",
		"side": "Server"
	},
	{
		"op": "addmerge",
		"path": "/attributes/inContainerTexture",
		"value": { "base": "block/stone/rock/{rock}1", "overlays": ["block/stone/ore/{ore}1"] },
		"file": "game:itemtypes/resource/crystalizedore-graded",
		"side": "Server"
	},
	{
		"op": "addmerge",
		"path": "/attributes/displayInsideCrate",
		"value": true,
		"file": "game:itemtypes/resource/ore-graded",
		"side": "Server"
	},
	{
		"op": "addmerge",
		"path": "/attributes/displayInsideCrate",
		"value": true,
		"file": "game:itemtypes/resource/ore-ungraded",
		"side": "Server"
	},
	{
		"op": "addmerge",
		"path": "/attributes/displayInsideCrate",
		"value": true,
		"file": "game:itemtypes/resource/ironbloom",
		"side": "Server"
	},
	{
		"op": "addmerge",
		"path": "/attributes/displayInsideCrate",
		"value": true,
		"file": "game:blocktypes/metal/sheet",
		"side": "Server"
	},
	{
		"op": "addmerge",
		"path": "/attributes/displayInsideCrate",
		"value": true,
		"file": "game:itemtypes/resource/metalplate",
		"side": "Server"
	},
	{
		"op": "addmerge",
		"path": "/attributes/inContainerTextureByType",
		"value": {
			"*new": {"base": "block/metal/armor-generic/chain-iron"},
			"*": {"base": "block/metal/armor-generic/chain-rust"}
		},
		"file": "game:blocktypes/metal/supportchain",
		"side": "Server"
	},
	{
		"op": "addmerge",
		"path": "/attributes/inContainerTextureByType",
		"value": {
			"@.*-(copper|bismuthbronze|blackbronze|tinbronze|iron|meteoriciron|steel)": {"base": "block/metal/armor-generic/chain-{metal}"}
		},
		"file": "game:itemtypes/resource/metalchain",
		"side": "Server"
	},
	{
		"op": "addmerge",
		"path": "/attributes/inContainerTextureByType",
		"value": {
			"@.*-(copper|bismuthbronze|blackbronze|tinbronze|iron|meteoriciron|steel)": {"base": "block/metal/armor-generic/scale-{metal}"},
		},
		"file": "game:itemtypes/resource/metallamellae",
		"side": "Server"
	},
	{
		"op": "addmerge",
		"path": "/attributes/inContainerTextureByType",
		"value": {
			"@.*-(copper|bismuthbronze|blackbronze|tinbronze|iron|meteoriciron|steel)":
			{"base": "block/metal/armor-generic/scale-{metal}"},
		},
		"file": "game:itemtypes/resource/metalscale",
		"side": "Server"
	},
	{
		"op": "addmerge",
		"path": "/attributes",
		"value": {
			"inContainerTextureByType": {
				"*-scraps": { "base": "block/pile/block-scrap" },
				"*-parts": { "base": "block/metal/sheet-plain/cupronickel1", "overlays": ["block/overlay/rust/normal2"] }
			}
		},
		"file": "game:blocktypes/metal/metalpartsandscraps",
		"side": "Server"
	},
	{
		"op": "addmerge",
		"path": "/attributesByType/*-temporal",
		"value": {
			"displayInsideCrate": true
		},
		"file": "game:itemtypes/resource/gear",
		"side": "Server"
	},
	{
		"op": "addmerge",
		"path": "/attributesByType/*-rusty/inContainerTexture",
		"value": { "base": "block/wood/crate/fill-junk" },
		"file": "game:itemtypes/resource/gear",
		"side": "Server"
	},
	{
		"op": "addmerge",
		"path": "/attributes/inContainerTexture",
		"value": { "base": "block/wood/crate/fill-junk" },
		"file": "game:itemtypes/resource/scrapweaponkit",
		"side": "Server"
	},
]											