[
	
	{
		"op": "addmerge",
		"path": "/attributes/displayInsideCrate",
		"value": true,
		"file": "game:itemtypes/resource/resin",
		"side": "Server"
	},
	{
		"op": "addmerge",
		"path": "/attributes/inContainerTexture",
		"value": { "base": "block/wood/tavern-table", "overlays": ["block/slightlydarker","block/overlay/stick2","block/overlay/stick3","block/overlay/stick6","block/overlay/stick7","block/overlay/stick11"] },
		"file": "game:itemtypes/resource/stick",
		"side": "Server"
	},
	{
		"op": "addmerge",
		"path": "/attributes/inContainerTexture",
		"value": { "base": "block/hay/normal-top" },
		"file": "game:itemtypes/resource/drygrass",
		"side": "Server"
	},
	{
		"op": "addmerge",
		"path": "/attributes/inContainerTexture",
		"value": { "base": "block/hay/normal-top" },
		"file": "game:itemtypes/resource/thatch",
		"side": "Server"
	},
	{
		"op": "addmerge",
		"path": "/attributesByType/bed-hay-*/inContainerTexture",
		"value": { "base": "block/hay/normal-top" },
		"file": "game:blocktypes/wood/bed",
		"side": "Server"
	},
	{
		"op": "addmerge",
		"path": "/attributes",
		"value": {
			"inContainerTexture": {"base": "block/webbing" }
		},
		"file": "game:blocktypes/spiderweb",
		"side": "Server"
	},
	{
		"op": "addmerge",
		"path": "/attributes/inContainerTexture",
		"value": { "base": "item/resource/fibers", "overlays": ["block/overlay/straw1","block/overlay/straw2","block/overlay/straw4","block/overlay/straw7","block/overlay/straw8","block/overlay/straw9","block/overlay/straw10"] },
		"file": "game:itemtypes/resource/flaxfibers",
		"side": "Server"
	},
	{
		"op": "addmerge",
		"path": "/attributes/inContainerTexture",
		"value": { "base": "block/linen" },
		"file": "game:itemtypes/resource/flaxtwine",
		"side": "Server"
	},
	{
		"op": "addmerge",
		"path": "/attributes/inContainerTexture",
		"value": { "base": "block/linen" },
		"file": "game:itemtypes/bandage",
		"side": "Server"
	},
	{
		"op": "addmerge",
		"path": "/attributes/inContainerTextureByType",
		"value": {
			"*-plain": { "base": "block/cloth/linen/normal1" },
			"*": { "base": "block/cloth/linen/{color}" }
		},
		"file": "game:itemtypes/resource/cloth",
		"side": "Server"
	},
	{
		"op": "addmerge",
		"path": "/attributes/inContainerTexture",
		"value": { "base": "item/lore/pages" },
		"file": "game:itemtypes/lore/paper",
		"side": "Server"
	},
	{
		"op": "addmerge",
		"path": "/attributes/inContainerTextureByType",
		"value": {
			"*-wood": { "base": "block/clay/fireclay" },
			"*": { "base": "block/liquid/slakedlime" }
		},
		"file": "game:itemtypes/resource/pulp",
		"side": "Server"
	},
	{
		"op": "addmerge",
		"path": "/attributes/inContainerTextureByType",
		"value": {
			"*-pelt-*": {"base": "item/resource/hide/raw"},
			"*-oiled-*": {"base": "item/resource/hide/raw", "overlays": ["item/resource/hide/oiled"] },
			"*": {"base": "item/resource/hide/{type}"}
		},
		"file": "game:itemtypes/resource/hide",
		"side": "Server"
	},
	{
		"op": "addmerge",
		"path": "/attributes/inContainerTextureByType",
		"value": {
			"hide-oiled-bear-*": { "base": "entity/bear/{species}1", "overlays": ["item/resource/hide/oiled2"] },
			"hide-soaked-bear-*": { "base": "entity/bear/{species}1", "overlays": ["item/resource/hide/soak2"] },
			"hide-salted-bear-*": { "base": "entity/bear/{species}1", "overlays": ["item/resource/hide/salt2"]  },
			"hide-*-bear-*": { "base": "entity/bear/{species}1" }
		},
		"file": "game:itemtypes/resource/hide-species",
		"side": "Server"
	},
	{
		"op": "addmerge",
		"path": "/attributes/displayInsideCrate",
		"value": true,
		"file": "game:itemtypes/resource/leather",
		"side": "Server"
	},
	{
		"op": "addmerge",
		"path": "/attributes",
		"value": { 
			"inContainerTexture": { "base": "block/reed/beehive/hive" }
		},
		"file": "game:itemtypes/resource/rope",
		"side": "Server"
	},
	{
		"op": "addmerge",
		"path": "/attributes/displayInsideCrate",
		"value": true,
		"file": "game:blocktypes/cloth/wallpaper",
		"side": "Server"
	},
	{
		"op": "addmerge",
		"path": "/attributes/inContainerTexture",
		"value": { "base": "block/wood/planks/bamboo-side" },
		"file": "game:itemtypes/resource/bamboostakes",
		"side": "Server"
	},
	{
		"op": "addmerge",
		"path": "/attributes/inContainerTexture",
		"value": { "base": "block/wood/firewood/side" },
		"file": "game:itemtypes/resource/firewood",
		"side": "Server"
	},
	{
		"op": "addmerge",
		"path": "/attributes/inContainerTexture",
		"value": { "base": "block/wood/firewood/aged/side" },
		"file": "game:itemtypes/resource/firewood-aged",
		"side": "Server"
	},
	{
		"op": "addmerge",
		"path": "/attributes/displayInsideCrate",
		"value": true,
		"file": "game:itemtypes/resource/plank",
		"side": "Server"
	},
	{
		"op": "addmerge",
		"path": "/attributes/inContainerTexture",
		"value": { "base": "block/wood/planks/{wood}1" },
		"file": "game:blocktypes/wood/woodtyped/plankslab",
		"side": "Server"
	},
	
	{
		"op": "addmerge",
		"path": "/attributes/displayInsideCrate",
		"value": true,
		"file": "game:itemtypes/resource/clay",
		"side": "Server"
	},
	{
		"op": "addmerge",
		"path": "/attributes",
		"value": { "displayInsideCrate": true },
		"file": "game:blocktypes/liquid/*",
		"side": "Server"
	},
]	