{
	"editor": {
		"backDropShape": "seraph-hairless",
		"collapsedPaths": ",Root/L horn base20,Root/R horn base",
		"allAngles": true,
		"entityTextureMode": true
	},
	"textureWidth": 64,
	"textureHeight": 96,
	"textureSizes": {
		"sheep-bighorn-male": [64,96]
	},
	"textures": {
		"sheep-bighorn-male": "game:entity/animal/mammal/hooved/sheep/bighorn-male"

	},
	"elements": [
		{
			"name": "AntlerOrigin",
			"stepParentName": "Head",
			"from": [ 0.1, 2.3, 0.9 ],
			"to": [ 0.1, 2.3, 0.9 ],
			"uv": [ 0.0, 0.0 ],
			"rotationOrigin": [ 0.1, 2.3, -3.14 ],
			"rotationX": -20.3053,
			"rotationY": 35.3086,
			"rotationZ": 56.9748,
			"faces": {
				"north": { "texture": "#sheep-bighorn-male", "uv": [ 0.0, 0.5, 0.5, 1.0 ] },
				"east": { "texture": "#sheep-bighorn-male", "uv": [ 0.5, 0.5, 1.0, 1.0 ] },
				"south": { "texture": "#sheep-bighorn-male", "uv": [ 1.0, 0.5, 1.5, 1.0 ] },
				"west": { "texture": "#sheep-bighorn-male", "uv": [ 1.5, 0.5, 2.0, 1.0 ] },
				"up": { "texture": "#sheep-bighorn-male", "uv": [ 0.0, 0.0, 0.5, 0.5 ] },
				"down": { "texture": "#sheep-bighorn-male", "uv": [ 0.5, 0.0, 1.0, 0.5 ] }
			},
			"children": [
				{
					"name": "R horn base",
					"from": [ 0.0, -1.0, 0.0 ],
					"to": [ 3.375, 1.025, 2.025 ],
					"uv": [ 0.0, 55.0 ],
					"rotationOrigin": [ 0.0, 0.0, 1.0 ],
					"faces": {
						"north": { "texture": "#sheep-bighorn-male", "uv": [ 0.0, 58.0, 3.0, 63.0 ], "rotation": 270, "autoUv": false },
						"east": { "texture": "#sheep-bighorn-male", "uv": [ 3.0, 55.0, 6.0, 58.0 ], "rotation": 180, "autoUv": false },
						"south": { "texture": "#sheep-bighorn-male", "uv": [ 6.0, 58.0, 9.0, 63.0 ], "rotation": 90, "autoUv": false },
						"up": { "texture": "#sheep-bighorn-male", "uv": [ 3.0, 58.0, 6.0, 63.0 ], "rotation": 90, "autoUv": false },
						"down": { "texture": "#sheep-bighorn-male", "uv": [ 9.0, 58.0, 12.0, 63.0 ], "rotation": 270, "autoUv": false }
					},
					"children": [
						{
							"name": " R horn 2",
							"from": [ 2.43, 0.135, 0.405 ],
							"to": [ 4.455, 2.16, 2.43 ],
							"uv": [ 12.0, 55.0 ],
							"rotationOrigin": [ 2.43, 1.0125, 1.35 ],
							"rotationY": 30.0,
							"rotationZ": -33.0,
							"faces": {
								"north": { "texture": "#sheep-bighorn-male", "uv": [ 12.0, 58.0, 15.0, 61.0 ], "rotation": 270, "autoUv": false },
								"east": { "texture": "#sheep-bighorn-male", "uv": [ 15.0, 55.0, 18.0, 58.0 ], "rotation": 180, "autoUv": false },
								"south": { "texture": "#sheep-bighorn-male", "uv": [ 18.0, 58.0, 21.0, 61.0 ], "rotation": 90, "autoUv": false },
								"west": { "texture": "#sheep-bighorn-male", "uv": [ 15.0, 61.0, 18.0, 64.0 ], "autoUv": false },
								"up": { "texture": "#sheep-bighorn-male", "uv": [ 15.0, 58.0, 18.0, 61.0 ], "rotation": 90, "autoUv": false },
								"down": { "texture": "#sheep-bighorn-male", "uv": [ 21.0, 58.0, 24.0, 61.0 ], "rotation": 270, "autoUv": false }
							},
							"children": [
								{
									"name": "R horn 3",
									"from": [ 1.485, 0.4725, 0.54 ],
									"to": [ 4.185, 1.8225, 1.89 ],
									"uv": [ 24.0, 56.0 ],
									"rotationOrigin": [ 1.485, 1.1475, 1.215 ],
									"rotationX": 30.0,
									"rotationY": 3.0,
									"rotationZ": -47.0,
									"faces": {
										"north": { "texture": "#sheep-bighorn-male", "uv": [ 24.0, 58.0, 26.0, 62.0 ], "rotation": 270, "autoUv": false },
										"east": { "texture": "#sheep-bighorn-male", "uv": [ 26.0, 56.0, 28.0, 58.0 ], "rotation": 180, "autoUv": false },
										"south": { "texture": "#sheep-bighorn-male", "uv": [ 28.0, 58.0, 30.0, 62.0 ], "rotation": 90, "autoUv": false },
										"west": { "texture": "#sheep-bighorn-male", "uv": [ 26.0, 62.0, 28.0, 64.0 ], "autoUv": false },
										"up": { "texture": "#sheep-bighorn-male", "uv": [ 26.0, 58.0, 28.0, 62.0 ], "rotation": 90, "autoUv": false },
										"down": { "texture": "#sheep-bighorn-male", "uv": [ 30.0, 58.0, 32.0, 62.0 ], "rotation": 270, "autoUv": false }
									},
									"children": [
										{
											"name": "R horn 4",
											"from": [ 1.755, -0.3375, -0.2025 ],
											"to": [ 3.78, 1.0125, 1.1475 ],
											"uv": [ 32.0, 56.0 ],
											"rotationOrigin": [ 2.43, 0.3375, 0.4725 ],
											"rotationX": 25.0,
											"rotationZ": -60.0,
											"faces": {
												"north": { "texture": "#sheep-bighorn-male", "uv": [ 32.0, 58.0, 34.0, 61.0 ], "rotation": 270, "autoUv": false },
												"east": { "texture": "#sheep-bighorn-male", "uv": [ 34.0, 56.0, 36.0, 58.0 ], "rotation": 180, "autoUv": false },
												"south": { "texture": "#sheep-bighorn-male", "uv": [ 36.0, 58.0, 38.0, 61.0 ], "rotation": 90, "autoUv": false },
												"west": { "texture": "#sheep-bighorn-male", "uv": [ 34.0, 61.0, 36.0, 63.0 ], "autoUv": false },
												"up": { "texture": "#sheep-bighorn-male", "uv": [ 34.0, 58.0, 36.0, 61.0 ], "rotation": 90, "autoUv": false },
												"down": { "texture": "#sheep-bighorn-male", "uv": [ 38.0, 58.0, 40.0, 61.0 ], "rotation": 270, "autoUv": false }
											},
											"children": [
												{
													"name": "R horn 5",
													"from": [ 1.62, 0.3375, 0.3375 ],
													"to": [ 4.32, 1.0125, 1.0125 ],
													"uv": [ 40.0, 57.0 ],
													"rotationOrigin": [ 1.9575, 0.675, 0.675 ],
													"rotationX": 10.0,
													"rotationZ": -30.0,
													"faces": {
														"north": { "texture": "#sheep-bighorn-male", "uv": [ 40.0, 58.0, 41.0, 62.0 ], "rotation": 270, "autoUv": false },
														"east": { "texture": "#sheep-bighorn-male", "uv": [ 41.0, 57.0, 42.0, 58.0 ], "rotation": 180, "autoUv": false },
														"south": { "texture": "#sheep-bighorn-male", "uv": [ 42.0, 58.0, 43.0, 62.0 ], "rotation": 90, "autoUv": false },
														"up": { "texture": "#sheep-bighorn-male", "uv": [ 41.0, 58.0, 42.0, 62.0 ], "rotation": 90, "autoUv": false },
														"down": { "texture": "#sheep-bighorn-male", "uv": [ 43.0, 58.0, 44.0, 62.0 ], "rotation": 270, "autoUv": false }
													}
												}
											]
										}
									]
								}
							]
						}
					]
				},
				{
					"name": "L horn base20",
					"from": [ -2.77, 0.25, 1.62 ],
					"to": [ 0.605, 2.275, 3.645 ],
					"uv": [ 0.0, 46.0 ],
					"rotationOrigin": [ -2.78, 1.27, 3.63 ],
					"rotationX": -67.1102,
					"rotationY": -63.8396,
					"rotationZ": -44.8976,
					"faces": {
						"north": { "texture": "#sheep-bighorn-male", "uv": [ 0.0, 49.0, 4.05, 55.75 ], "rotation": 270, "autoUv": false },
						"east": { "texture": "#sheep-bighorn-male", "uv": [ 3.0, 46.0, 7.05, 50.05 ], "rotation": 180, "autoUv": false },
						"south": { "texture": "#sheep-bighorn-male", "uv": [ 6.0, 49.0, 10.05, 55.75 ], "rotation": 90, "autoUv": false },
						"up": { "texture": "#sheep-bighorn-male", "uv": [ 3.0, 49.0, 7.05, 55.75 ], "rotation": 90, "autoUv": false },
						"down": { "texture": "#sheep-bighorn-male", "uv": [ 9.0, 49.0, 13.05, 55.75 ], "rotation": 270, "autoUv": false }
					},
					"children": [
						{
							"name": "L horn 21",
							"from": [ 2.43, 0.135, -0.405 ],
							"to": [ 4.455, 2.16, 1.62 ],
							"uv": [ 12.0, 46.0 ],
							"rotationOrigin": [ 2.43, 1.0125, 0.675 ],
							"rotationY": -30.0,
							"rotationZ": -33.0,
							"faces": {
								"north": { "texture": "#sheep-bighorn-male", "uv": [ 12.0, 49.0, 16.05, 53.05 ], "rotation": 270, "autoUv": false },
								"east": { "texture": "#sheep-bighorn-male", "uv": [ 15.0, 46.0, 19.05, 50.05 ], "rotation": 180, "autoUv": false },
								"south": { "texture": "#sheep-bighorn-male", "uv": [ 18.0, 49.0, 22.05, 53.05 ], "rotation": 90, "autoUv": false },
								"west": { "texture": "#sheep-bighorn-male", "uv": [ 15.0, 52.0, 19.05, 56.05 ], "autoUv": false },
								"up": { "texture": "#sheep-bighorn-male", "uv": [ 15.0, 49.0, 19.05, 53.05 ], "rotation": 90, "autoUv": false },
								"down": { "texture": "#sheep-bighorn-male", "uv": [ 21.0, 49.0, 25.05, 53.05 ], "rotation": 270, "autoUv": false }
							},
							"children": [
								{
									"name": "L horn 22",
									"from": [ 1.485, 0.4725, 0.135 ],
									"to": [ 4.185, 1.8225, 1.485 ],
									"uv": [ 24.0, 47.0 ],
									"rotationOrigin": [ 1.485, 1.1475, 0.54 ],
									"rotationX": -30.0,
									"rotationY": -3.0,
									"rotationZ": -47.0,
									"faces": {
										"north": { "texture": "#sheep-bighorn-male", "uv": [ 24.0, 49.0, 26.7, 54.4 ], "rotation": 270, "autoUv": false },
										"east": { "texture": "#sheep-bighorn-male", "uv": [ 26.0, 47.0, 28.7, 49.7 ], "rotation": 180, "autoUv": false },
										"south": { "texture": "#sheep-bighorn-male", "uv": [ 28.0, 49.0, 30.7, 54.4 ], "rotation": 90, "autoUv": false },
										"west": { "texture": "#sheep-bighorn-male", "uv": [ 26.0, 53.0, 28.7, 55.7 ], "autoUv": false },
										"up": { "texture": "#sheep-bighorn-male", "uv": [ 26.0, 49.0, 28.7, 54.4 ], "rotation": 90, "autoUv": false },
										"down": { "texture": "#sheep-bighorn-male", "uv": [ 30.0, 49.0, 32.7, 54.4 ], "rotation": 270, "autoUv": false }
									},
									"children": [
										{
											"name": "L horn 23",
											"from": [ 2.025, -0.3375, 0.2025 ],
											"to": [ 4.05, 1.0125, 1.5525 ],
											"uv": [ 32.0, 47.0 ],
											"rotationOrigin": [ 2.43, 0.3375, 0.4725 ],
											"rotationX": -25.0,
											"rotationZ": -60.0,
											"faces": {
												"north": { "texture": "#sheep-bighorn-male", "uv": [ 32.0, 49.0, 34.7, 53.05 ], "rotation": 270, "autoUv": false },
												"east": { "texture": "#sheep-bighorn-male", "uv": [ 34.0, 47.0, 36.7, 49.7 ], "rotation": 180, "autoUv": false },
												"south": { "texture": "#sheep-bighorn-male", "uv": [ 36.0, 49.0, 38.7, 53.05 ], "rotation": 90, "autoUv": false },
												"west": { "texture": "#sheep-bighorn-male", "uv": [ 34.0, 52.0, 36.7, 54.7 ], "autoUv": false },
												"up": { "texture": "#sheep-bighorn-male", "uv": [ 34.0, 49.0, 36.7, 53.05 ], "rotation": 90, "autoUv": false },
												"down": { "texture": "#sheep-bighorn-male", "uv": [ 38.0, 49.0, 40.7, 53.05 ], "rotation": 270, "autoUv": false }
											},
											"children": [
												{
													"name": "L horn 24",
													"from": [ 1.62, 0.3375, 0.3375 ],
													"to": [ 4.32, 1.0125, 1.0125 ],
													"uv": [ 40.0, 48.0 ],
													"rotationOrigin": [ 1.9575, 0.675, 0.675 ],
													"rotationX": -10.0,
													"rotationZ": -30.0,
													"faces": {
														"north": { "texture": "#sheep-bighorn-male", "uv": [ 40.0, 49.0, 41.35, 54.4 ], "rotation": 270, "autoUv": false },
														"east": { "texture": "#sheep-bighorn-male", "uv": [ 41.0, 48.0, 42.35, 49.35 ], "rotation": 180, "autoUv": false },
														"south": { "texture": "#sheep-bighorn-male", "uv": [ 42.0, 49.0, 43.35, 54.4 ], "rotation": 90, "autoUv": false },
														"up": { "texture": "#sheep-bighorn-male", "uv": [ 41.0, 49.0, 42.35, 54.4 ], "rotation": 90, "autoUv": false },
														"down": { "texture": "#sheep-bighorn-male", "uv": [ 43.0, 49.0, 44.35, 54.4 ], "rotation": 270, "autoUv": false }
													}
												}
											]
										}
									]
								}
							]
						}
					]
				}
			]
		}
	]}