{
	"editor": {
		"backDropShape": "seraph-hairless",
		"collapsedPaths": "",
		"allAngles": true,
		"entityTextureMode": true
	},
	"textureWidth": 64,
	"textureHeight": 64,
	"textureSizes": {
		"sheep-bighorn-female": [64,64]
	},
	"textures": {
		"sheep-bighorn-female": "game:entity/animal/mammal/hooved/sheep/bighorn-female"
	},
	"elements": [
		{
			"name": "AntlerOrigin",
			"stepParentName": "Head",
			"from": [ -3.9, -25.1, -5.5 ],
			"to": [ -3.9, -25.1, -5.5 ],
			"uv": [ 0.0, 0.0 ],
			"rotationOrigin": [ -3.9, 4.9, -4.34 ],
			"faces": {
				"north": { "texture": "#sheep-bighorn-female", "uv": [ 0.0, 0.5, 0.5, 1.0 ] },
				"east": { "texture": "#sheep-bighorn-female", "uv": [ 0.5, 0.5, 1.0, 1.0 ] },
				"south": { "texture": "#sheep-bighorn-female", "uv": [ 1.0, 0.5, 1.5, 1.0 ] },
				"west": { "texture": "#sheep-bighorn-female", "uv": [ 1.5, 0.5, 2.0, 1.0 ] },
				"up": { "texture": "#sheep-bighorn-female", "uv": [ 0.0, 0.0, 0.5, 0.5 ] },
				"down": { "texture": "#sheep-bighorn-female", "uv": [ 0.5, 0.0, 1.0, 0.5 ] }
			},
			"children": [
				{
					"name": "R horn base",
					"from": [ 5.92, 28.71, 6.06 ],
					"to": [ 8.62, 30.06, 7.41 ],
					"uv": [ 32.0, 0.0 ],
					"rotationOrigin": [ 5.9185, 29.8941, 6.7375 ],
					"rotationX": -5.0321,
					"rotationY": 19.3817,
					"rotationZ": 54.8599,
					"faces": {
						"north": { "texture": "#sheep-bighorn-female", "uv": [ 32.0, 2.0, 34.0, 6.0 ], "rotation": 270, "autoUv": false },
						"east": { "texture": "#sheep-bighorn-female", "uv": [ 34.0, 0.0, 36.0, 2.0 ], "rotation": 180, "autoUv": false },
						"south": { "texture": "#sheep-bighorn-female", "uv": [ 36.0, 2.0, 38.0, 6.0 ], "rotation": 90, "autoUv": false },
						"up": { "texture": "#sheep-bighorn-female", "uv": [ 34.0, 2.0, 36.0, 6.0 ], "rotation": 90, "autoUv": false },
						"down": { "texture": "#sheep-bighorn-female", "uv": [ 38.0, 2.0, 40.0, 6.0 ], "rotation": 270, "autoUv": false }
					},
					"children": [
						{
							"name": "R horn end",
							"from": [ 2.3625, 0.3375, 0.3375 ],
							"to": [ 4.3875, 1.0125, 1.0125 ],
							"uv": [ 40.0, 1.0 ],
							"rotationOrigin": [ 2.3625, 0.675, 0.675 ],
							"rotationY": 10.0,
							"rotationZ": -20.0,
							"faces": {
								"north": { "texture": "#sheep-bighorn-female", "uv": [ 40.0, 2.0, 41.0, 5.0 ], "rotation": 270, "autoUv": false },
								"east": { "texture": "#sheep-bighorn-female", "uv": [ 41.0, 1.0, 42.0, 2.0 ], "rotation": 180, "autoUv": false },
								"south": { "texture": "#sheep-bighorn-female", "uv": [ 42.0, 2.0, 43.0, 5.0 ], "rotation": 90, "autoUv": false },
								"up": { "texture": "#sheep-bighorn-female", "uv": [ 41.0, 2.0, 42.0, 5.0 ], "rotation": 90, "autoUv": false },
								"down": { "texture": "#sheep-bighorn-female", "uv": [ 43.0, 2.0, 44.0, 5.0 ], "rotation": 270, "autoUv": false }
							}
						}
					]
				},
				{
					"name": "R horn base17",
					"from": [ -5.38, 26.41, 6.76 ],
					"to": [ -2.68, 27.76, 8.11 ],
					"uv": [ 20.0, 0.0 ],
					"rotationOrigin": [ -2.3815, 37.99, 13.8625 ],
					"rotationX": 5.0321,
					"rotationY": -19.3817,
					"rotationZ": 54.8599,
					"faces": {
						"north": { "texture": "#sheep-bighorn-female", "uv": [ 20.0, 2.0, 22.0, 6.0 ], "rotation": 270, "autoUv": false },
						"east": { "texture": "#sheep-bighorn-female", "uv": [ 22.0, 0.0, 24.0, 2.0 ], "rotation": 180, "autoUv": false },
						"south": { "texture": "#sheep-bighorn-female", "uv": [ 24.0, 2.0, 26.0, 6.0 ], "rotation": 90, "autoUv": false },
						"up": { "texture": "#sheep-bighorn-female", "uv": [ 22.0, 2.0, 24.0, 6.0 ], "rotation": 90, "autoUv": false },
						"down": { "texture": "#sheep-bighorn-female", "uv": [ 26.0, 2.0, 28.0, 6.0 ], "rotation": 270, "autoUv": false }
					},
					"children": [
						{
							"name": "R horn end18",
							"from": [ 2.3625, 0.3375, 0.3375 ],
							"to": [ 4.3875, 1.0125, 1.0125 ],
							"uv": [ 28.0, 1.0 ],
							"rotationOrigin": [ 2.3625, 0.675, 0.675 ],
							"rotationY": -10.0,
							"rotationZ": -20.0,
							"faces": {
								"north": { "texture": "#sheep-bighorn-female", "uv": [ 28.0, 2.0, 29.0, 5.0 ], "rotation": 270, "autoUv": false },
								"east": { "texture": "#sheep-bighorn-female", "uv": [ 29.0, 1.0, 30.0, 2.0 ], "rotation": 180, "autoUv": false },
								"south": { "texture": "#sheep-bighorn-female", "uv": [ 30.0, 2.0, 31.0, 5.0 ], "rotation": 90, "autoUv": false },
								"up": { "texture": "#sheep-bighorn-female", "uv": [ 29.0, 2.0, 30.0, 5.0 ], "rotation": 90, "autoUv": false },
								"down": { "texture": "#sheep-bighorn-female", "uv": [ 31.0, 2.0, 32.0, 5.0 ], "rotation": 270, "autoUv": false }
							}
						}
					]
				}
			]
		}
	]}