{
	"editor": {
		"backDropShape": "seraph-hairless",
		"collapsedPaths": "Root/Body/hump1,Root/Body/rear/R back Thigh,Root/Body/neck/neck2,Root/Body/neck,Root/Horn attachment/R antler Hub,Root/Horn attachment/L antler base 1,Root/Body/rear/L back Thigh,Root/Body/R front Thigh,Root/Body/L front Thigh",
		"allAngles": true,
		"entityTextureMode": true
	},
	"textureWidth": 80,
	"textureHeight": 116,
	"textureSizes": {
		"elk-adult": [80,116]
	},
	"textures": {
		"elk-adult": "game:entity/animal/mammal/hooved/deer/elk-adult"
	},
	"elements": [
		{
			"name": "Horn attachment",
			"stepParentName": "Head",
			"from": [ 0.4, 4.0, 2.25 ],
			"to": [ 0.4, 4.0, 2.25 ],
			"uv": [ 0.0, 0.0 ],
			"rotationOrigin": [ 0.4, 4.0, 2.25 ],
			"rotationZ": -14.0,
			"faces": {
			},
			"children": [
				{
					"name": "R antler Hub",
					"from": [ -0.3, 0.8, -1.9 ],
					"to": [ 0.9, 2.3, -0.7 ],
					"unwrapMode": 4,
					"uv": [ 31.0, 45.5 ],
					"rotationOrigin": [ -0.3, 0.8, -0.7 ],
					"rotationX": -35.0,
					"rotationZ": -15.0,
					"faces": {
						"north": { "texture": "#elk-adult", "uv": [ 31.0, 46.5, 32.0, 48.0 ] },
						"east": { "texture": "#elk-adult", "uv": [ 34.0, 46.5, 35.0, 48.0 ] },
						"south": { "texture": "#elk-adult", "uv": [ 33.0, 46.5, 34.0, 48.0 ] },
						"west": { "texture": "#elk-adult", "uv": [ 32.0, 46.5, 33.0, 48.0 ], "windMode": [-1,-1,-1,-1], "windData": [0,1,1,1] },
						"up": { "texture": "#elk-adult", "uv": [ 32.0, 45.5, 33.0, 46.5 ], "rotation": 90 },
						"down": { "texture": "#elk-adult", "uv": [ 32.0, 48.0, 33.0, 49.0 ], "rotation": 90, "windMode": [-1,-1,-1,-1] }
					},
					"children": [
						{
							"name": "R antler Beam1",
							"from": [ 0.1, 1.4, 0.1 ],
							"to": [ 1.1, 4.4, 1.1 ],
							"unwrapMode": 4,
							"uv": [ 31.0, 49.0 ],
							"rotationOrigin": [ 0.1, 1.4, 1.1 ],
							"rotationX": -10.0,
							"rotationZ": 4.0,
							"faces": {
								"north": { "texture": "#elk-adult", "uv": [ 31.0, 50.0, 32.0, 53.0 ] },
								"east": { "texture": "#elk-adult", "uv": [ 34.0, 50.0, 35.0, 53.0 ] },
								"south": { "texture": "#elk-adult", "uv": [ 33.0, 50.0, 34.0, 53.0 ] },
								"west": { "texture": "#elk-adult", "uv": [ 32.0, 50.0, 33.0, 53.0 ] },
								"up": { "texture": "#elk-adult", "uv": [ 32.0, 49.0, 33.0, 50.0 ], "rotation": 90 }
							},
							"children": [
								{
									"name": "R antler Beam2",
									"from": [ 0.1, 3.0, 0.1 ],
									"to": [ 0.9, 6.5, 0.9 ],
									"unwrapMode": 4,
									"uv": [ 38.5, 51.0 ],
									"rotationOrigin": [ 0.1, 3.0, 0.9 ],
									"rotationX": -10.0,
									"rotationZ": -10.0,
									"faces": {
										"north": { "texture": "#elk-adult", "uv": [ 38.5, 51.5, 39.0, 55.0 ] },
										"east": { "texture": "#elk-adult", "uv": [ 40.0, 51.5, 40.5, 55.0 ] },
										"south": { "texture": "#elk-adult", "uv": [ 39.5, 51.5, 40.0, 55.0 ] },
										"west": { "texture": "#elk-adult", "uv": [ 39.0, 51.5, 39.5, 55.0 ] },
										"up": { "texture": "#elk-adult", "uv": [ 39.0, 51.0, 39.5, 51.5 ], "rotation": 90 }
									},
									"children": [
										{
											"name": "R antler Beam3",
											"from": [ 0.0, 3.5, 0.0 ],
											"to": [ 0.8, 6.5, 0.8 ],
											"unwrapMode": 4,
											"uv": [ 38.5, 7.0 ],
											"rotationOrigin": [ 0.0, 3.5, 0.0 ],
											"rotationX": 20.0,
											"rotationZ": -40.0,
											"faces": {
												"north": { "texture": "#elk-adult", "uv": [ 38.5, 7.5, 39.0, 10.5 ] },
												"east": { "texture": "#elk-adult", "uv": [ 40.0, 7.5, 40.5, 10.5 ] },
												"south": { "texture": "#elk-adult", "uv": [ 39.5, 7.5, 40.0, 10.5 ] },
												"west": { "texture": "#elk-adult", "uv": [ 39.0, 7.5, 39.5, 10.5 ] },
												"up": { "texture": "#elk-adult", "uv": [ 39.0, 7.0, 39.5, 7.5 ], "rotation": 90 }
											},
											"children": [
												{
													"name": "R antler Beam4",
													"from": [ 0.1, 3.0, 0.1 ],
													"to": [ 0.7, 5.5, 0.7 ],
													"unwrapMode": 4,
													"uv": [ 38.5, 0.0 ],
													"rotationOrigin": [ 0.7, 3.0, 0.1 ],
													"rotationX": 15.0,
													"rotationZ": 10.0,
													"faces": {
														"north": { "texture": "#elk-adult", "uv": [ 38.5, 0.5, 39.0, 3.0 ] },
														"east": { "texture": "#elk-adult", "uv": [ 40.0, 0.5, 40.5, 3.0 ] },
														"south": { "texture": "#elk-adult", "uv": [ 39.5, 0.5, 40.0, 3.0 ] },
														"west": { "texture": "#elk-adult", "uv": [ 39.0, 0.5, 39.5, 3.0 ] },
														"up": { "texture": "#elk-adult", "uv": [ 39.0, 0.0, 39.5, 0.5 ], "rotation": 90 }
													}
												}
											]
										},
										{
											"name": "RTine3A",
											"from": [ 0.0, 3.5, 0.1 ],
											"to": [ 0.7, 6.0, 0.8 ],
											"unwrapMode": 3,
											"uv": [ 38.5, 18.5 ],
											"rotationOrigin": [ 0.7, 3.5, 0.1 ],
											"rotationY": -1.0,
											"rotationZ": 45.0,
											"faces": {
												"north": { "texture": "#elk-adult", "uv": [ 40.0, 19.0, 40.5, 21.5 ] },
												"east": { "texture": "#elk-adult", "uv": [ 39.5, 19.0, 40.0, 21.5 ] },
												"south": { "texture": "#elk-adult", "uv": [ 39.0, 19.0, 39.5, 21.5 ] },
												"west": { "texture": "#elk-adult", "uv": [ 38.5, 19.0, 39.0, 21.5 ] },
												"up": { "texture": "#elk-adult", "uv": [ 39.0, 18.5, 39.5, 19.0 ] }
											},
											"children": [
												{
													"name": "RTine3B",
													"from": [ 0.1, 2.5, 0.1 ],
													"to": [ 0.6, 5.0, 0.6 ],
													"unwrapMode": 3,
													"uv": [ 38.5, 10.5 ],
													"rotationOrigin": [ 0.6, 2.5, 0.1 ],
													"rotationX": 30.0,
													"faces": {
														"north": { "texture": "#elk-adult", "uv": [ 40.0, 11.0, 40.5, 13.5 ] },
														"east": { "texture": "#elk-adult", "uv": [ 39.5, 11.0, 40.0, 13.5 ] },
														"south": { "texture": "#elk-adult", "uv": [ 39.0, 11.0, 39.5, 13.5 ] },
														"west": { "texture": "#elk-adult", "uv": [ 38.5, 11.0, 39.0, 13.5 ] },
														"up": { "texture": "#elk-adult", "uv": [ 39.0, 10.5, 39.5, 11.0 ] }
													}
												}
											]
										}
									]
								},
								{
									"name": "RTine1A",
									"from": [ 0.0, 0.6, 0.1 ],
									"to": [ 0.8, 2.1, 0.9 ],
									"unwrapMode": 3,
									"uv": [ 38.5, 37.5 ],
									"rotationOrigin": [ 0.0, 0.6, 0.1 ],
									"rotationX": -5.0,
									"rotationZ": 90.0,
									"faces": {
										"north": { "texture": "#elk-adult", "uv": [ 40.0, 38.0, 40.5, 39.5 ] },
										"east": { "texture": "#elk-adult", "uv": [ 39.5, 38.0, 40.0, 39.5 ] },
										"south": { "texture": "#elk-adult", "uv": [ 39.0, 38.0, 39.5, 39.5 ] },
										"west": { "texture": "#elk-adult", "uv": [ 38.5, 38.0, 39.0, 39.5 ] },
										"up": { "texture": "#elk-adult", "uv": [ 39.0, 37.5, 39.5, 38.0 ] },
										"down": { "texture": "#elk-adult", "uv": [ 39.0, 39.5, 39.5, 40.0 ], "rotation": 180 }
									},
									"children": [
										{
											"name": "RTine1B",
											"from": [ 0.1, 1.5, 0.1 ],
											"to": [ 0.7, 3.5, 0.7 ],
											"unwrapMode": 3,
											"uv": [ 38.5, 37.5 ],
											"rotationOrigin": [ 0.1, 1.5, 0.1 ],
											"rotationX": 25.0,
											"faces": {
												"north": { "texture": "#elk-adult", "uv": [ 40.0, 38.0, 40.5, 40.0 ] },
												"east": { "texture": "#elk-adult", "uv": [ 39.5, 38.0, 40.0, 40.0 ] },
												"south": { "texture": "#elk-adult", "uv": [ 39.0, 38.0, 39.5, 40.0 ] },
												"west": { "texture": "#elk-adult", "uv": [ 38.5, 38.0, 39.0, 40.0 ] },
												"up": { "texture": "#elk-adult", "uv": [ 39.0, 37.5, 39.5, 38.0 ] },
												"down": { "texture": "#elk-adult", "uv": [ 39.0, 40.0, 39.5, 40.5 ], "rotation": 180 }
											}
										}
									]
								},
								{
									"name": "RTine2A",
									"from": [ 0.0, 2.1, 0.1 ],
									"to": [ 0.8, 4.6, 0.9 ],
									"unwrapMode": 4,
									"uv": [ 38.5, 31.0 ],
									"rotationOrigin": [ 0.0, 2.1, 0.9 ],
									"rotationY": -15.0,
									"rotationZ": 60.0,
									"faces": {
										"north": { "texture": "#elk-adult", "uv": [ 38.5, 31.5, 39.0, 34.0 ] },
										"east": { "texture": "#elk-adult", "uv": [ 40.0, 31.5, 40.5, 34.0 ] },
										"south": { "texture": "#elk-adult", "uv": [ 39.5, 31.5, 40.0, 34.0 ] },
										"west": { "texture": "#elk-adult", "uv": [ 39.0, 31.5, 39.5, 34.0 ] },
										"up": { "texture": "#elk-adult", "uv": [ 39.0, 31.0, 39.5, 31.5 ], "rotation": 90 },
										"down": { "texture": "#elk-adult", "uv": [ 39.0, 34.0, 39.5, 34.5 ], "rotation": 90 }
									},
									"children": [
										{
											"name": "RTine2B",
											"from": [ 0.1, 2.5, 0.1 ],
											"to": [ 0.7, 5.0, 0.7 ],
											"unwrapMode": 4,
											"uv": [ 38.5, 28.0 ],
											"rotationOrigin": [ 0.7, 2.5, 0.1 ],
											"rotationX": 25.0,
											"faces": {
												"north": { "texture": "#elk-adult", "uv": [ 38.5, 28.5, 39.0, 31.0 ] },
												"east": { "texture": "#elk-adult", "uv": [ 40.0, 28.5, 40.5, 31.0 ] },
												"south": { "texture": "#elk-adult", "uv": [ 39.5, 28.5, 40.0, 31.0 ] },
												"west": { "texture": "#elk-adult", "uv": [ 39.0, 28.5, 39.5, 31.0 ] },
												"up": { "texture": "#elk-adult", "uv": [ 39.0, 28.0, 39.5, 28.5 ], "rotation": 90 },
												"down": { "texture": "#elk-adult", "uv": [ 39.0, 31.0, 39.5, 31.5 ], "rotation": 90 }
											}
										}
									]
								}
							]
						}
					]
				},
				{
					"name": "L antler base 1",
					"from": [ -0.3, 0.8, 1.2 ],
					"to": [ 0.9, 2.3, 2.4 ],
					"unwrapMode": 4,
					"uv": [ 26.0, 45.5 ],
					"rotationOrigin": [ -0.3, 0.8, 1.2 ],
					"rotationX": 35.0,
					"rotationZ": -15.0,
					"faces": {
						"north": { "texture": "#elk-adult", "uv": [ 26.0, 46.5, 27.0, 48.0 ] },
						"east": { "texture": "#elk-adult", "uv": [ 29.0, 46.5, 30.0, 48.0 ] },
						"south": { "texture": "#elk-adult", "uv": [ 28.0, 46.5, 29.0, 48.0 ] },
						"west": { "texture": "#elk-adult", "uv": [ 27.0, 46.5, 28.0, 48.0 ], "windMode": [-1,-1,-1,-1], "windData": [0,0,1,1] },
						"up": { "texture": "#elk-adult", "uv": [ 27.0, 45.5, 28.0, 46.5 ], "rotation": 90 },
						"down": { "texture": "#elk-adult", "uv": [ 27.0, 48.0, 28.0, 49.0 ], "rotation": 90, "windMode": [-1,-1,-1,-1] }
					},
					"children": [
						{
							"name": "LBeam1",
							"from": [ 0.1, 1.4, 0.1 ],
							"to": [ 1.1, 4.4, 1.1 ],
							"unwrapMode": 4,
							"uv": [ 26.0, 49.0 ],
							"rotationOrigin": [ 0.1, 1.4, 0.1 ],
							"rotationX": 10.0,
							"rotationZ": 4.0,
							"faces": {
								"north": { "texture": "#elk-adult", "uv": [ 26.0, 50.0, 27.0, 53.0 ] },
								"east": { "texture": "#elk-adult", "uv": [ 29.0, 50.0, 30.0, 53.0 ] },
								"south": { "texture": "#elk-adult", "uv": [ 28.0, 50.0, 29.0, 53.0 ] },
								"west": { "texture": "#elk-adult", "uv": [ 27.0, 50.0, 28.0, 53.0 ] },
								"up": { "texture": "#elk-adult", "uv": [ 27.0, 49.0, 28.0, 50.0 ], "rotation": 90 }
							},
							"children": [
								{
									"name": "LBeam2",
									"from": [ 0.1, 3.0, 0.1 ],
									"to": [ 0.9, 6.5, 0.9 ],
									"unwrapMode": 4,
									"uv": [ 36.0, 51.5 ],
									"rotationOrigin": [ 0.1, 3.0, 0.1 ],
									"rotationX": 10.0,
									"rotationZ": -10.0,
									"faces": {
										"north": { "texture": "#elk-adult", "uv": [ 36.0, 52.0, 36.5, 55.5 ] },
										"east": { "texture": "#elk-adult", "uv": [ 37.5, 52.0, 38.0, 55.5 ] },
										"south": { "texture": "#elk-adult", "uv": [ 37.0, 52.0, 37.5, 55.5 ] },
										"west": { "texture": "#elk-adult", "uv": [ 36.5, 52.0, 37.0, 55.5 ] },
										"up": { "texture": "#elk-adult", "uv": [ 36.5, 51.5, 37.0, 52.0 ], "rotation": 90 }
									},
									"children": [
										{
											"name": "LBeam3",
											"from": [ 0.0, 3.5, 0.0 ],
											"to": [ 0.8, 6.5, 0.8 ],
											"unwrapMode": 4,
											"uv": [ 36.0, 7.0 ],
											"rotationOrigin": [ 0.0, 3.5, 0.8 ],
											"rotationX": -20.0,
											"rotationZ": -40.0,
											"faces": {
												"north": { "texture": "#elk-adult", "uv": [ 36.0, 7.5, 36.5, 10.5 ] },
												"east": { "texture": "#elk-adult", "uv": [ 37.5, 7.5, 38.0, 10.5 ] },
												"south": { "texture": "#elk-adult", "uv": [ 37.0, 7.5, 37.5, 10.5 ] },
												"west": { "texture": "#elk-adult", "uv": [ 36.5, 7.5, 37.0, 10.5 ] },
												"up": { "texture": "#elk-adult", "uv": [ 36.5, 7.0, 37.0, 7.5 ], "rotation": 90 }
											},
											"children": [
												{
													"name": "LBeam4",
													"from": [ 0.1, 3.0, 0.1 ],
													"to": [ 0.7, 5.5, 0.7 ],
													"unwrapMode": 4,
													"uv": [ 36.0, 0.0 ],
													"rotationOrigin": [ 0.7, 3.0, 0.7 ],
													"rotationX": -15.0,
													"rotationZ": 10.0,
													"faces": {
														"north": { "texture": "#elk-adult", "uv": [ 36.0, 0.5, 36.5, 3.0 ] },
														"east": { "texture": "#elk-adult", "uv": [ 37.5, 0.5, 38.0, 3.0 ] },
														"south": { "texture": "#elk-adult", "uv": [ 37.0, 0.5, 37.5, 3.0 ] },
														"west": { "texture": "#elk-adult", "uv": [ 36.5, 0.5, 37.0, 3.0 ] },
														"up": { "texture": "#elk-adult", "uv": [ 36.5, 0.0, 37.0, 0.5 ], "rotation": 90 }
													}
												}
											]
										},
										{
											"name": "LTine3A",
											"from": [ 0.0, 3.5, 0.0 ],
											"to": [ 0.7, 6.0, 0.7 ],
											"unwrapMode": 4,
											"uv": [ 36.0, 18.5 ],
											"rotationOrigin": [ 0.7, 3.5, 0.7 ],
											"rotationY": 1.0,
											"rotationZ": 45.0,
											"faces": {
												"north": { "texture": "#elk-adult", "uv": [ 36.0, 19.0, 36.5, 21.5 ] },
												"east": { "texture": "#elk-adult", "uv": [ 37.5, 19.0, 38.0, 21.5 ] },
												"south": { "texture": "#elk-adult", "uv": [ 37.0, 19.0, 37.5, 21.5 ] },
												"west": { "texture": "#elk-adult", "uv": [ 36.5, 19.0, 37.0, 21.5 ] },
												"up": { "texture": "#elk-adult", "uv": [ 36.5, 18.5, 37.0, 19.0 ], "rotation": 90 }
											},
											"children": [
												{
													"name": "LTine3B",
													"from": [ 0.1, 2.5, 0.1 ],
													"to": [ 0.6, 5.0, 0.6 ],
													"unwrapMode": 4,
													"uv": [ 36.0, 10.5 ],
													"rotationOrigin": [ 0.6, 2.5, 0.6 ],
													"rotationX": -30.0,
													"faces": {
														"north": { "texture": "#elk-adult", "uv": [ 36.0, 11.0, 36.5, 13.5 ] },
														"east": { "texture": "#elk-adult", "uv": [ 37.5, 11.0, 38.0, 13.5 ] },
														"south": { "texture": "#elk-adult", "uv": [ 37.0, 11.0, 37.5, 13.5 ] },
														"west": { "texture": "#elk-adult", "uv": [ 36.5, 11.0, 37.0, 13.5 ] },
														"up": { "texture": "#elk-adult", "uv": [ 36.5, 10.5, 37.0, 11.0 ], "rotation": 90 }
													}
												}
											]
										}
									]
								},
								{
									"name": "Tine1A",
									"from": [ 0.0, 0.6, 0.1 ],
									"to": [ 0.8, 2.1, 0.9 ],
									"unwrapMode": 2,
									"uv": [ 36.0, 31.5 ],
									"rotationOrigin": [ 0.0, 0.6, 0.1 ],
									"rotationZ": 90.0,
									"faces": {
										"north": { "texture": "#elk-adult", "uv": [ 37.0, 32.0, 37.5, 33.5 ] },
										"east": { "texture": "#elk-adult", "uv": [ 36.5, 32.0, 37.0, 33.5 ] },
										"south": { "texture": "#elk-adult", "uv": [ 36.0, 32.0, 36.5, 33.5 ] },
										"west": { "texture": "#elk-adult", "uv": [ 37.5, 32.0, 38.0, 33.5 ] },
										"up": { "texture": "#elk-adult", "uv": [ 36.5, 31.5, 37.0, 32.0 ], "rotation": 270 }
									},
									"children": [
										{
											"name": "Tine1B",
											"from": [ 0.1, 1.5, 0.1 ],
											"to": [ 0.7, 3.5, 0.7 ],
											"unwrapMode": 2,
											"uv": [ 36.0, 28.5 ],
											"rotationOrigin": [ 0.1, 1.5, 0.7 ],
											"rotationX": -25.0,
											"faces": {
												"north": { "texture": "#elk-adult", "uv": [ 37.0, 29.0, 37.5, 31.0 ] },
												"east": { "texture": "#elk-adult", "uv": [ 36.5, 29.0, 37.0, 31.0 ] },
												"south": { "texture": "#elk-adult", "uv": [ 36.0, 29.0, 36.5, 31.0 ] },
												"west": { "texture": "#elk-adult", "uv": [ 37.5, 29.0, 38.0, 31.0 ] },
												"up": { "texture": "#elk-adult", "uv": [ 36.5, 28.5, 37.0, 29.0 ], "rotation": 270 }
											}
										}
									]
								},
								{
									"name": "Tine2A",
									"from": [ 0.0, 2.1, 0.1 ],
									"to": [ 0.8, 4.6, 0.9 ],
									"unwrapMode": 2,
									"uv": [ 36.0, 37.5 ],
									"rotationOrigin": [ 0.0, 2.1, 0.1 ],
									"rotationY": 15.0,
									"rotationZ": 60.0,
									"faces": {
										"north": { "texture": "#elk-adult", "uv": [ 37.0, 38.0, 37.5, 40.5 ] },
										"east": { "texture": "#elk-adult", "uv": [ 36.5, 38.0, 37.0, 40.5 ] },
										"south": { "texture": "#elk-adult", "uv": [ 36.0, 38.0, 36.5, 40.5 ] },
										"west": { "texture": "#elk-adult", "uv": [ 37.5, 38.0, 38.0, 40.5 ] },
										"up": { "texture": "#elk-adult", "uv": [ 36.5, 37.5, 37.0, 38.0 ], "rotation": 270 }
									},
									"children": [
										{
											"name": "Tine2B",
											"from": [ 0.1, 2.5, 0.1 ],
											"to": [ 0.7, 5.0, 0.7 ],
											"unwrapMode": 2,
											"uv": [ 36.0, 34.5 ],
											"rotationOrigin": [ 0.7, 2.5, 0.7 ],
											"rotationX": -25.0,
											"faces": {
												"north": { "texture": "#elk-adult", "uv": [ 37.0, 35.0, 37.5, 37.5 ] },
												"east": { "texture": "#elk-adult", "uv": [ 36.5, 35.0, 37.0, 37.5 ] },
												"south": { "texture": "#elk-adult", "uv": [ 36.0, 35.0, 36.5, 37.5 ] },
												"west": { "texture": "#elk-adult", "uv": [ 37.5, 35.0, 38.0, 37.5 ] },
												"up": { "texture": "#elk-adult", "uv": [ 36.5, 34.5, 37.0, 35.0 ], "rotation": 270 }
											}
										}
									]
								}
							]
						}
					]
				}
			]
		}
	]}