{
	"editor": {
		"backDropShape": "seraph-hairless",
		"collapsedPaths": "Root/Body/neck/neck2/head/Horn Attachment/LHornBase/Lhorn1A/Lhorn2A/Lhorn3A,Root/Horn Attachment/HornL01,Root/Body/abdomen,Root/Body/neck/neck2/head/Horn Attachment/HornRBase/HornRrotator/Rhorn1A/Rhorn2A/Rhorn3A,Root/Body/neck/neck2/head/Horn Attachment/RHornRotator/Rhorn1A,Root/Body/Left Shoulder,Root/Body/Right Shoulder,Root/Horn Attachment/HornR01",
		"allAngles": true,
		"entityTextureMode": true
	},
	"textureWidth": 52,
	"textureHeight": 60,
	"textureSizes": {
		"ibexalp-adult": [52,60]
	},
	"textures": {
		"ibexalp-adult": "game:entity/animal/mammal/hooved/goat/ibexalp-adult"
	},
	"elements": [
		{
			"name": "Horn Attachment",
			"stepParentName": "Head",
			"from": [ 0.2, 3.4, 1.26 ],
			"to": [ 1.2, 4.4, 2.26 ],
			"unwrapMode": 4,
			"uv": [ 1.0, 19.5 ],
			"rotationOrigin": [ 0.2, 3.4, 1.26 ],
			"rotationZ": -16.0,
			"faces": {
			},
			"children": [
				{
					"name": "HornL01",
					"from": [ -0.2, 1.5, 2.15 ],
					"to": [ 0.9, 3.0, 3.25 ],
					"unwrapMode": 4,
					"uv": [ 32.0, 57.5 ],
					"rotationOrigin": [ -0.2, 1.5, 2.15 ],
					"rotationX": 15.0,
					"rotationY": -13.0,
					"rotationZ": 5.0,
					"faces": {
						"north": { "texture": "#ibexalp-adult", "uv": [ 32.0, 58.5, 33.0, 60.0 ] },
						"east": { "texture": "#ibexalp-adult", "uv": [ 35.0, 58.5, 36.0, 60.0 ] },
						"south": { "texture": "#ibexalp-adult", "uv": [ 34.0, 58.5, 35.0, 60.0 ] },
						"west": { "texture": "#ibexalp-adult", "uv": [ 33.0, 58.5, 34.0, 60.0 ] },
						"up": { "texture": "#ibexalp-adult", "uv": [ 33.0, 57.5, 34.0, 58.5 ], "rotation": 90 }
					},
					"children": [
						{
							"name": "HornL02",
							"from": [ 0.0, 1.5, 0.0 ],
							"to": [ 1.1, 3.0, 1.1 ],
							"unwrapMode": 4,
							"uv": [ 32.5, 56.0 ],
							"rotationOrigin": [ 0.0, 1.5, 1.0 ],
							"rotationX": -1.0,
							"rotationY": -2.0,
							"rotationZ": -10.0,
							"faces": {
								"north": { "texture": "#ibexalp-adult", "uv": [ 32.5, 57.0, 33.5, 58.5 ] },
								"east": { "texture": "#ibexalp-adult", "uv": [ 35.5, 57.0, 36.5, 58.5 ] },
								"south": { "texture": "#ibexalp-adult", "uv": [ 34.5, 57.0, 35.5, 58.5 ] },
								"west": { "texture": "#ibexalp-adult", "uv": [ 33.5, 57.0, 34.5, 58.5 ] },
								"up": { "texture": "#ibexalp-adult", "uv": [ 33.5, 56.0, 34.5, 57.0 ], "rotation": 90 }
							},
							"children": [
								{
									"name": "HornL03",
									"from": [ 0.0, 1.5, 0.05 ],
									"to": [ 1.0, 3.0, 1.05 ],
									"unwrapMode": 4,
									"uv": [ 33.5, 54.5 ],
									"rotationOrigin": [ 0.0, 1.5, 1.0 ],
									"rotationX": -1.0,
									"rotationY": -2.0,
									"rotationZ": -10.0,
									"faces": {
										"north": { "texture": "#ibexalp-adult", "uv": [ 33.5, 55.5, 34.5, 57.0 ] },
										"east": { "texture": "#ibexalp-adult", "uv": [ 36.5, 55.5, 37.5, 57.0 ] },
										"south": { "texture": "#ibexalp-adult", "uv": [ 35.5, 55.5, 36.5, 57.0 ] },
										"west": { "texture": "#ibexalp-adult", "uv": [ 34.5, 55.5, 35.5, 57.0 ] },
										"up": { "texture": "#ibexalp-adult", "uv": [ 34.5, 54.5, 35.5, 55.5 ], "rotation": 90 }
									},
									"children": [
										{
											"name": "HornL04",
											"from": [ 0.0, 1.5, 0.05 ],
											"to": [ 0.9, 3.0, 0.95 ],
											"unwrapMode": 4,
											"uv": [ 33.5, 53.5 ],
											"rotationOrigin": [ 0.0, 1.5, 0.9 ],
											"rotationX": -1.0,
											"rotationY": -2.0,
											"rotationZ": -10.0,
											"faces": {
												"north": { "texture": "#ibexalp-adult", "uv": [ 33.5, 54.0, 34.0, 55.5 ] },
												"east": { "texture": "#ibexalp-adult", "uv": [ 35.0, 54.0, 35.5, 55.5 ] },
												"south": { "texture": "#ibexalp-adult", "uv": [ 34.5, 54.0, 35.0, 55.5 ] },
												"west": { "texture": "#ibexalp-adult", "uv": [ 34.0, 54.0, 34.5, 55.5 ] },
												"up": { "texture": "#ibexalp-adult", "uv": [ 34.0, 53.5, 34.5, 54.0 ], "rotation": 90 }
											},
											"children": [
												{
													"name": "HornL05",
													"from": [ 0.0, 1.5, 0.05 ],
													"to": [ 0.8, 3.0, 0.85 ],
													"unwrapMode": 4,
													"uv": [ 33.5, 52.0 ],
													"rotationOrigin": [ 0.0, 1.5, 0.8 ],
													"rotationX": -1.0,
													"rotationY": -2.0,
													"rotationZ": -10.0,
													"faces": {
														"north": { "texture": "#ibexalp-adult", "uv": [ 33.5, 52.5, 34.0, 54.0 ] },
														"east": { "texture": "#ibexalp-adult", "uv": [ 35.0, 52.5, 35.5, 54.0 ] },
														"south": { "texture": "#ibexalp-adult", "uv": [ 34.5, 52.5, 35.0, 54.0 ] },
														"west": { "texture": "#ibexalp-adult", "uv": [ 34.0, 52.5, 34.5, 54.0 ] },
														"up": { "texture": "#ibexalp-adult", "uv": [ 34.0, 52.0, 34.5, 52.5 ], "rotation": 90 }
													},
													"children": [
														{
															"name": "HornL06",
															"from": [ 0.0, 1.5, 0.05 ],
															"to": [ 0.7, 3.0, 0.75 ],
															"unwrapMode": 4,
															"uv": [ 33.5, 50.5 ],
															"rotationOrigin": [ 0.0, 1.5, 0.8 ],
															"rotationY": -2.0,
															"rotationZ": -10.0,
															"faces": {
																"north": { "texture": "#ibexalp-adult", "uv": [ 33.5, 51.0, 34.0, 52.5 ] },
																"east": { "texture": "#ibexalp-adult", "uv": [ 35.0, 51.0, 35.5, 52.5 ] },
																"south": { "texture": "#ibexalp-adult", "uv": [ 34.5, 51.0, 35.0, 52.5 ] },
																"west": { "texture": "#ibexalp-adult", "uv": [ 34.0, 51.0, 34.5, 52.5 ] },
																"up": { "texture": "#ibexalp-adult", "uv": [ 34.0, 50.5, 34.5, 51.0 ], "rotation": 90 }
															},
															"children": [
																{
																	"name": "HornL07",
																	"from": [ 0.05, 1.5, 0.05 ],
																	"to": [ 0.65, 3.0, 0.65 ],
																	"unwrapMode": 4,
																	"uv": [ 33.5, 49.0 ],
																	"rotationOrigin": [ 0.05, 1.5, 0.65 ],
																	"rotationY": -2.0,
																	"rotationZ": -15.0,
																	"faces": {
																		"north": { "texture": "#ibexalp-adult", "uv": [ 33.5, 49.5, 34.0, 51.0 ] },
																		"east": { "texture": "#ibexalp-adult", "uv": [ 35.0, 49.5, 35.5, 51.0 ] },
																		"south": { "texture": "#ibexalp-adult", "uv": [ 34.5, 49.5, 35.0, 51.0 ] },
																		"west": { "texture": "#ibexalp-adult", "uv": [ 34.0, 49.5, 34.5, 51.0 ] },
																		"up": { "texture": "#ibexalp-adult", "uv": [ 34.0, 49.0, 34.5, 49.5 ], "rotation": 90 }
																	},
																	"children": [
																		{
																			"name": "HornL08",
																			"from": [ 0.0, 1.5, 0.05 ],
																			"to": [ 0.5, 3.0, 0.55 ],
																			"unwrapMode": 4,
																			"uv": [ 33.5, 47.5 ],
																			"rotationOrigin": [ 0.0, 1.5, 0.6 ],
																			"rotationY": -2.0,
																			"rotationZ": -15.0,
																			"faces": {
																				"north": { "texture": "#ibexalp-adult", "uv": [ 33.5, 48.0, 34.0, 49.5 ] },
																				"east": { "texture": "#ibexalp-adult", "uv": [ 35.0, 48.0, 35.5, 49.5 ] },
																				"south": { "texture": "#ibexalp-adult", "uv": [ 34.5, 48.0, 35.0, 49.5 ] },
																				"west": { "texture": "#ibexalp-adult", "uv": [ 34.0, 48.0, 34.5, 49.5 ] },
																				"up": { "texture": "#ibexalp-adult", "uv": [ 34.0, 47.5, 34.5, 48.0 ], "rotation": 90 }
																			},
																			"children": [
																				{
																					"name": "HornL09",
																					"from": [ 0.05, 1.5, 0.05 ],
																					"to": [ 0.45, 2.5, 0.45 ],
																					"unwrapMode": 4,
																					"uv": [ 33.5, 46.5 ],
																					"rotationOrigin": [ 0.05, 1.5, 0.45 ],
																					"rotationY": -2.0,
																					"rotationZ": -20.0,
																					"faces": {
																						"north": { "texture": "#ibexalp-adult", "uv": [ 33.5, 47.0, 34.0, 48.0 ] },
																						"east": { "texture": "#ibexalp-adult", "uv": [ 35.0, 47.0, 35.5, 48.0 ] },
																						"south": { "texture": "#ibexalp-adult", "uv": [ 34.5, 47.0, 35.0, 48.0 ] },
																						"west": { "texture": "#ibexalp-adult", "uv": [ 34.0, 47.0, 34.5, 48.0 ] },
																						"up": { "texture": "#ibexalp-adult", "uv": [ 34.0, 46.5, 34.5, 47.0 ], "rotation": 90 }
																					},
																					"children": [
																						{
																							"name": "HornL10",
																							"from": [ 0.0, 1.0, 0.05 ],
																							"to": [ 0.3, 2.0, 0.35 ],
																							"unwrapMode": 4,
																							"uv": [ 33.5, 45.5 ],
																							"rotationOrigin": [ 0.0, 1.0, 0.4 ],
																							"rotationY": -2.0,
																							"rotationZ": -20.0,
																							"faces": {
																								"north": { "texture": "#ibexalp-adult", "uv": [ 33.5, 46.0, 34.0, 47.0 ] },
																								"east": { "texture": "#ibexalp-adult", "uv": [ 35.0, 46.0, 35.5, 47.0 ] },
																								"south": { "texture": "#ibexalp-adult", "uv": [ 34.5, 46.0, 35.0, 47.0 ] },
																								"west": { "texture": "#ibexalp-adult", "uv": [ 34.0, 46.0, 34.5, 47.0 ] },
																								"up": { "texture": "#ibexalp-adult", "uv": [ 34.0, 45.5, 34.5, 46.0 ], "rotation": 90 }
																							}
																						}
																					]
																				},
																				{
																					"name": "Lridge08",
																					"from": [ -0.1, 0.5, -0.05 ],
																					"to": [ 0.3, 1.0, 0.55 ],
																					"unwrapMode": 4,
																					"uv": [ 24.0, 45.5 ],
																					"rotationOrigin": [ -0.1, 0.5, -0.1 ],
																					"faces": {
																						"north": { "texture": "#ibexalp-adult", "uv": [ 24.0, 46.0, 24.5, 46.5 ] },
																						"east": { "texture": "#ibexalp-adult", "uv": [ 25.5, 46.0, 26.0, 46.5 ] },
																						"south": { "texture": "#ibexalp-adult", "uv": [ 25.0, 46.0, 25.5, 46.5 ] },
																						"west": { "texture": "#ibexalp-adult", "uv": [ 24.5, 46.0, 25.0, 46.5 ] },
																						"up": { "texture": "#ibexalp-adult", "uv": [ 24.5, 45.5, 25.0, 46.0 ], "rotation": 90 },
																						"down": { "texture": "#ibexalp-adult", "uv": [ 24.5, 46.5, 25.0, 47.0 ], "rotation": 90 }
																					}
																				}
																			]
																		},
																		{
																			"name": "Lridge07A",
																			"from": [ -0.1, 0.0, -0.1 ],
																			"to": [ 0.4, 0.5, 0.9 ],
																			"unwrapMode": 4,
																			"uv": [ 19.0, 45.0 ],
																			"rotationOrigin": [ -0.1, 0.0, -0.1 ],
																			"faces": {
																				"north": { "texture": "#ibexalp-adult", "uv": [ 19.0, 45.5, 19.5, 46.0 ] },
																				"east": { "texture": "#ibexalp-adult", "uv": [ 21.0, 45.5, 22.0, 46.0 ] },
																				"south": { "texture": "#ibexalp-adult", "uv": [ 20.5, 45.5, 21.0, 46.0 ] },
																				"west": { "texture": "#ibexalp-adult", "uv": [ 19.5, 45.5, 20.5, 46.0 ] },
																				"up": { "texture": "#ibexalp-adult", "uv": [ 19.5, 45.0, 20.5, 45.5 ], "rotation": 90 },
																				"down": { "texture": "#ibexalp-adult", "uv": [ 19.5, 46.0, 20.5, 46.5 ], "rotation": 90 }
																			}
																		},
																		{
																			"name": "Lridge07B",
																			"from": [ -0.1, 1.0, -0.05 ],
																			"to": [ 0.3, 1.5, 0.65 ],
																			"unwrapMode": 4,
																			"uv": [ 24.0, 45.0 ],
																			"rotationOrigin": [ -0.1, 1.0, -0.1 ],
																			"rotationZ": 1.0,
																			"faces": {
																				"north": { "texture": "#ibexalp-adult", "uv": [ 24.0, 45.5, 24.5, 46.0 ] },
																				"east": { "texture": "#ibexalp-adult", "uv": [ 25.5, 45.5, 26.0, 46.0 ] },
																				"south": { "texture": "#ibexalp-adult", "uv": [ 25.0, 45.5, 25.5, 46.0 ] },
																				"west": { "texture": "#ibexalp-adult", "uv": [ 24.5, 45.5, 25.0, 46.0 ] },
																				"up": { "texture": "#ibexalp-adult", "uv": [ 24.5, 45.0, 25.0, 45.5 ], "rotation": 90 },
																				"down": { "texture": "#ibexalp-adult", "uv": [ 24.5, 46.0, 25.0, 46.5 ], "rotation": 90 }
																			}
																		}
																	]
																},
																{
																	"name": "Lridge06",
																	"from": [ -0.1, 0.5, -0.1 ],
																	"to": [ 0.6, 1.0, 0.8 ],
																	"unwrapMode": 4,
																	"uv": [ 19.0, 45.5 ],
																	"rotationOrigin": [ -0.1, 0.5, -0.1 ],
																	"faces": {
																		"north": { "texture": "#ibexalp-adult", "uv": [ 19.0, 46.0, 19.5, 46.5 ] },
																		"east": { "texture": "#ibexalp-adult", "uv": [ 20.5, 46.0, 21.0, 46.5 ] },
																		"south": { "texture": "#ibexalp-adult", "uv": [ 20.0, 46.0, 20.5, 46.5 ] },
																		"west": { "texture": "#ibexalp-adult", "uv": [ 19.5, 46.0, 20.0, 46.5 ] },
																		"up": { "texture": "#ibexalp-adult", "uv": [ 19.5, 45.5, 20.0, 46.0 ], "rotation": 90 },
																		"down": { "texture": "#ibexalp-adult", "uv": [ 19.5, 46.5, 20.0, 47.0 ], "rotation": 90 }
																	}
																}
															]
														},
														{
															"name": "Lridge05A",
															"from": [ -0.1, 0.0, -0.1 ],
															"to": [ 0.6, 0.5, 0.9 ],
															"unwrapMode": 4,
															"uv": [ 19.0, 46.5 ],
															"rotationOrigin": [ -0.1, 0.0, -0.1 ],
															"faces": {
																"north": { "texture": "#ibexalp-adult", "uv": [ 19.0, 47.0, 19.5, 47.5 ] },
																"east": { "texture": "#ibexalp-adult", "uv": [ 21.0, 47.0, 22.0, 47.5 ], "windMode": [-1,-1,-1,-1], "windData": [1,1,1,1] },
																"south": { "texture": "#ibexalp-adult", "uv": [ 20.5, 47.0, 21.0, 47.5 ] },
																"west": { "texture": "#ibexalp-adult", "uv": [ 19.5, 47.0, 20.5, 47.5 ] },
																"up": { "texture": "#ibexalp-adult", "uv": [ 19.5, 46.5, 20.5, 47.0 ], "rotation": 90 },
																"down": { "texture": "#ibexalp-adult", "uv": [ 19.5, 47.5, 20.5, 48.0 ], "rotation": 90, "windMode": [-1,-1,-1,-1], "windData": [1,1,1,1] }
															}
														},
														{
															"name": "Lridge05B",
															"from": [ -0.1, 1.0, -0.05 ],
															"to": [ 0.6, 1.5, 0.85 ],
															"unwrapMode": 4,
															"uv": [ 19.0, 46.0 ],
															"rotationOrigin": [ -0.1, 1.0, -0.1 ],
															"rotationZ": 1.0,
															"faces": {
																"north": { "texture": "#ibexalp-adult", "uv": [ 19.0, 46.5, 19.5, 47.0 ] },
																"south": { "texture": "#ibexalp-adult", "uv": [ 20.0, 46.5, 20.5, 47.0 ] },
																"west": { "texture": "#ibexalp-adult", "uv": [ 19.5, 46.5, 20.0, 47.0 ] },
																"up": { "texture": "#ibexalp-adult", "uv": [ 19.5, 46.0, 20.0, 46.5 ], "rotation": 90 },
																"down": { "texture": "#ibexalp-adult", "uv": [ 19.5, 47.0, 20.0, 47.5 ], "rotation": 90, "windMode": [-1,-1,-1,-1], "windData": [1,1,1,1] }
															}
														}
													]
												},
												{
													"name": "Lridge04",
													"from": [ -0.1, 0.5, -0.1 ],
													"to": [ 0.6, 1.0, 1.0 ],
													"unwrapMode": 4,
													"uv": [ 19.0, 47.0 ],
													"rotationOrigin": [ -0.1, 0.5, -0.1 ],
													"faces": {
														"north": { "texture": "#ibexalp-adult", "uv": [ 19.0, 47.5, 19.5, 48.0 ] },
														"east": { "texture": "#ibexalp-adult", "uv": [ 21.0, 47.5, 22.0, 48.0 ], "windMode": [-1,-1,-1,-1], "windData": [1,1,1,1] },
														"south": { "texture": "#ibexalp-adult", "uv": [ 20.5, 47.5, 21.0, 48.0 ] },
														"west": { "texture": "#ibexalp-adult", "uv": [ 19.5, 47.5, 20.5, 48.0 ] },
														"up": { "texture": "#ibexalp-adult", "uv": [ 19.5, 47.0, 20.5, 47.5 ], "rotation": 90 },
														"down": { "texture": "#ibexalp-adult", "uv": [ 19.5, 48.0, 20.5, 48.5 ], "rotation": 90, "windMode": [-1,-1,-1,-1], "windData": [1,1,1,1] }
													}
												}
											]
										},
										{
											"name": "Lridge03A",
											"from": [ -0.1, 0.0, -0.1 ],
											"to": [ 0.6, 0.5, 1.1 ],
											"unwrapMode": 4,
											"uv": [ 19.0, 48.0 ],
											"rotationOrigin": [ -0.1, 0.0, -0.1 ],
											"faces": {
												"north": { "texture": "#ibexalp-adult", "uv": [ 19.0, 48.5, 19.5, 49.0 ] },
												"east": { "texture": "#ibexalp-adult", "uv": [ 21.0, 48.5, 22.0, 49.0 ], "windMode": [-1,-1,-1,-1], "windData": [1,1,1,1] },
												"south": { "texture": "#ibexalp-adult", "uv": [ 20.5, 48.5, 21.0, 49.0 ] },
												"west": { "texture": "#ibexalp-adult", "uv": [ 19.5, 48.5, 20.5, 49.0 ] },
												"up": { "texture": "#ibexalp-adult", "uv": [ 19.5, 48.0, 20.5, 48.5 ], "rotation": 90 },
												"down": { "texture": "#ibexalp-adult", "uv": [ 19.5, 49.0, 20.5, 49.5 ], "rotation": 90, "windMode": [-1,-1,-1,-1], "windData": [1,1,1,1] }
											}
										},
										{
											"name": "Lridge03B",
											"from": [ -0.1, 1.0, -0.1 ],
											"to": [ 0.6, 1.5, 1.1 ],
											"unwrapMode": 4,
											"uv": [ 19.0, 47.5 ],
											"rotationOrigin": [ -0.1, 1.0, -0.1 ],
											"rotationZ": 1.0,
											"faces": {
												"north": { "texture": "#ibexalp-adult", "uv": [ 19.0, 48.0, 19.5, 48.5 ] },
												"east": { "texture": "#ibexalp-adult", "uv": [ 21.0, 48.0, 22.0, 48.5 ], "windMode": [-1,-1,-1,-1], "windData": [1,1,1,1] },
												"south": { "texture": "#ibexalp-adult", "uv": [ 20.5, 48.0, 21.0, 48.5 ] },
												"west": { "texture": "#ibexalp-adult", "uv": [ 19.5, 48.0, 20.5, 48.5 ] },
												"up": { "texture": "#ibexalp-adult", "uv": [ 19.5, 47.5, 20.5, 48.0 ], "rotation": 90 },
												"down": { "texture": "#ibexalp-adult", "uv": [ 19.5, 48.5, 20.5, 49.0 ], "rotation": 90, "windMode": [-1,-1,-1,-1], "windData": [1,1,1,1] }
											}
										}
									]
								},
								{
									"name": "Lridge02",
									"from": [ -0.1, 0.5, -0.1 ],
									"to": [ 0.6, 1.0, 1.2 ],
									"unwrapMode": 4,
									"uv": [ 19.0, 48.5 ],
									"rotationOrigin": [ -0.1, 0.5, -0.1 ],
									"faces": {
										"north": { "texture": "#ibexalp-adult", "uv": [ 19.0, 49.0, 19.5, 49.5 ] },
										"east": { "texture": "#ibexalp-adult", "uv": [ 21.0, 49.0, 22.0, 49.5 ], "windMode": [-1,-1,-1,-1], "windData": [1,1,1,1] },
										"south": { "texture": "#ibexalp-adult", "uv": [ 20.5, 49.0, 21.0, 49.5 ] },
										"west": { "texture": "#ibexalp-adult", "uv": [ 19.5, 49.0, 20.5, 49.5 ] },
										"up": { "texture": "#ibexalp-adult", "uv": [ 19.5, 48.5, 20.5, 49.0 ], "rotation": 90 },
										"down": { "texture": "#ibexalp-adult", "uv": [ 19.5, 49.5, 20.5, 50.0 ], "rotation": 90, "windMode": [-1,-1,-1,-1], "windData": [1,1,1,1] }
									}
								}
							]
						},
						{
							"name": "Lridge01",
							"from": [ -0.1, 1.0, -0.1 ],
							"to": [ 0.6, 1.5, 1.2 ],
							"unwrapMode": 4,
							"uv": [ 19.0, 49.0 ],
							"rotationOrigin": [ -0.1, 1.0, -0.1 ],
							"faces": {
								"north": { "texture": "#ibexalp-adult", "uv": [ 19.0, 49.5, 19.5, 50.0 ], "windMode": [-1,-1,-1,-1] },
								"east": { "texture": "#ibexalp-adult", "uv": [ 21.0, 49.5, 22.0, 50.0 ], "windMode": [-1,-1,-1,-1], "windData": [1,1,1,1] },
								"south": { "texture": "#ibexalp-adult", "uv": [ 20.5, 49.5, 21.0, 50.0 ], "windMode": [-1,-1,-1,-1] },
								"west": { "texture": "#ibexalp-adult", "uv": [ 19.5, 49.5, 20.5, 50.0 ] },
								"up": { "texture": "#ibexalp-adult", "uv": [ 19.5, 49.0, 20.5, 49.5 ], "rotation": 90, "windMode": [-1,-1,-1,-1] },
								"down": { "texture": "#ibexalp-adult", "uv": [ 19.5, 50.0, 20.5, 50.5 ], "rotation": 90, "windMode": [-1,-1,-1,-1], "windData": [1,1,1,1] }
							}
						}
					]
				},
				{
					"name": "HornR01",
					"from": [ -0.2, 1.5, -0.75 ],
					"to": [ 0.9, 3.0, 0.35 ],
					"unwrapMode": 4,
					"uv": [ 39.0, 57.5 ],
					"rotationOrigin": [ -0.2, 1.5, 0.35 ],
					"rotationX": -15.0,
					"rotationY": 13.0,
					"rotationZ": 5.0,
					"faces": {
						"north": { "texture": "#ibexalp-adult", "uv": [ 39.0, 58.5, 40.0, 60.0 ] },
						"east": { "texture": "#ibexalp-adult", "uv": [ 42.0, 58.5, 43.0, 60.0 ] },
						"south": { "texture": "#ibexalp-adult", "uv": [ 41.0, 58.5, 42.0, 60.0 ] },
						"west": { "texture": "#ibexalp-adult", "uv": [ 40.0, 58.5, 41.0, 60.0 ] },
						"up": { "texture": "#ibexalp-adult", "uv": [ 40.0, 57.5, 41.0, 58.5 ], "rotation": 90 }
					},
					"children": [
						{
							"name": "HornR02",
							"from": [ 0.0, 1.5, 0.0 ],
							"to": [ 1.1, 3.0, 1.1 ],
							"unwrapMode": 4,
							"uv": [ 39.0, 56.0 ],
							"rotationOrigin": [ 0.0, 1.5, 0.0 ],
							"rotationX": 1.0,
							"rotationY": 2.0,
							"rotationZ": -10.0,
							"faces": {
								"north": { "texture": "#ibexalp-adult", "uv": [ 39.0, 57.0, 40.0, 58.5 ] },
								"east": { "texture": "#ibexalp-adult", "uv": [ 42.0, 57.0, 43.0, 58.5 ] },
								"south": { "texture": "#ibexalp-adult", "uv": [ 41.0, 57.0, 42.0, 58.5 ] },
								"west": { "texture": "#ibexalp-adult", "uv": [ 40.0, 57.0, 41.0, 58.5 ] },
								"up": { "texture": "#ibexalp-adult", "uv": [ 40.0, 56.0, 41.0, 57.0 ], "rotation": 90 }
							},
							"children": [
								{
									"name": "HornR03",
									"from": [ 0.0, 1.5, 0.05 ],
									"to": [ 1.0, 3.0, 1.05 ],
									"unwrapMode": 4,
									"uv": [ 37.5, 54.5 ],
									"rotationOrigin": [ 0.0, 1.5, 0.0 ],
									"rotationX": 1.0,
									"rotationY": 2.0,
									"rotationZ": -10.0,
									"faces": {
										"north": { "texture": "#ibexalp-adult", "uv": [ 37.5, 55.5, 38.5, 57.0 ] },
										"east": { "texture": "#ibexalp-adult", "uv": [ 40.5, 55.5, 41.5, 57.0 ] },
										"south": { "texture": "#ibexalp-adult", "uv": [ 39.5, 55.5, 40.5, 57.0 ] },
										"west": { "texture": "#ibexalp-adult", "uv": [ 38.5, 55.5, 39.5, 57.0 ] },
										"up": { "texture": "#ibexalp-adult", "uv": [ 38.5, 54.5, 39.5, 55.5 ], "rotation": 90 }
									},
									"children": [
										{
											"name": "HornR04",
											"from": [ 0.0, 1.5, 0.05 ],
											"to": [ 0.9, 3.0, 0.95 ],
											"unwrapMode": 4,
											"uv": [ 37.5, 53.5 ],
											"rotationOrigin": [ 0.0, 1.5, 0.0 ],
											"rotationX": 1.0,
											"rotationY": 2.0,
											"rotationZ": -10.0,
											"faces": {
												"north": { "texture": "#ibexalp-adult", "uv": [ 37.5, 54.0, 38.0, 55.5 ] },
												"east": { "texture": "#ibexalp-adult", "uv": [ 39.0, 54.0, 39.5, 55.5 ] },
												"south": { "texture": "#ibexalp-adult", "uv": [ 38.5, 54.0, 39.0, 55.5 ] },
												"west": { "texture": "#ibexalp-adult", "uv": [ 38.0, 54.0, 38.5, 55.5 ] },
												"up": { "texture": "#ibexalp-adult", "uv": [ 38.0, 53.5, 38.5, 54.0 ], "rotation": 90 }
											},
											"children": [
												{
													"name": "HornR05",
													"from": [ 0.0, 1.5, 0.05 ],
													"to": [ 0.8, 3.0, 0.85 ],
													"unwrapMode": 4,
													"uv": [ 37.5, 52.0 ],
													"rotationOrigin": [ 0.0, 1.5, 0.0 ],
													"rotationX": 1.0,
													"rotationY": 2.0,
													"rotationZ": -10.0,
													"faces": {
														"north": { "texture": "#ibexalp-adult", "uv": [ 37.5, 52.5, 38.0, 54.0 ] },
														"east": { "texture": "#ibexalp-adult", "uv": [ 39.0, 52.5, 39.5, 54.0 ] },
														"south": { "texture": "#ibexalp-adult", "uv": [ 38.5, 52.5, 39.0, 54.0 ] },
														"west": { "texture": "#ibexalp-adult", "uv": [ 38.0, 52.5, 38.5, 54.0 ] },
														"up": { "texture": "#ibexalp-adult", "uv": [ 38.0, 52.0, 38.5, 52.5 ], "rotation": 90 }
													},
													"children": [
														{
															"name": "HornR06",
															"from": [ 0.0, 1.5, 0.05 ],
															"to": [ 0.7, 3.0, 0.75 ],
															"unwrapMode": 4,
															"uv": [ 37.5, 50.5 ],
															"rotationOrigin": [ 0.0, 1.5, 0.0 ],
															"rotationX": 1.0,
															"rotationY": 2.0,
															"rotationZ": -10.0,
															"faces": {
																"north": { "texture": "#ibexalp-adult", "uv": [ 37.5, 51.0, 38.0, 52.5 ] },
																"east": { "texture": "#ibexalp-adult", "uv": [ 39.0, 51.0, 39.5, 52.5 ] },
																"south": { "texture": "#ibexalp-adult", "uv": [ 38.5, 51.0, 39.0, 52.5 ] },
																"west": { "texture": "#ibexalp-adult", "uv": [ 38.0, 51.0, 38.5, 52.5 ] },
																"up": { "texture": "#ibexalp-adult", "uv": [ 38.0, 50.5, 38.5, 51.0 ], "rotation": 90 }
															},
															"children": [
																{
																	"name": "HornR07",
																	"from": [ 0.0, 1.5, 0.05 ],
																	"to": [ 0.6, 3.0, 0.65 ],
																	"unwrapMode": 4,
																	"uv": [ 39.5, 49.0 ],
																	"rotationOrigin": [ 0.0, 1.5, 0.0 ],
																	"rotationX": 1.0,
																	"rotationY": 2.0,
																	"rotationZ": -15.0,
																	"faces": {
																		"north": { "texture": "#ibexalp-adult", "uv": [ 39.5, 49.5, 40.0, 51.0 ] },
																		"east": { "texture": "#ibexalp-adult", "uv": [ 41.0, 49.5, 41.5, 51.0 ] },
																		"south": { "texture": "#ibexalp-adult", "uv": [ 40.5, 49.5, 41.0, 51.0 ] },
																		"west": { "texture": "#ibexalp-adult", "uv": [ 40.0, 49.5, 40.5, 51.0 ] },
																		"up": { "texture": "#ibexalp-adult", "uv": [ 40.0, 49.0, 40.5, 49.5 ], "rotation": 90 }
																	},
																	"children": [
																		{
																			"name": "HornR08",
																			"from": [ 0.0, 1.5, 0.05 ],
																			"to": [ 0.5, 3.0, 0.55 ],
																			"unwrapMode": 4,
																			"uv": [ 39.5, 47.5 ],
																			"rotationOrigin": [ 0.0, 1.5, 0.0 ],
																			"rotationX": 1.0,
																			"rotationY": 2.0,
																			"rotationZ": -15.0,
																			"faces": {
																				"north": { "texture": "#ibexalp-adult", "uv": [ 39.5, 48.0, 40.0, 49.5 ] },
																				"east": { "texture": "#ibexalp-adult", "uv": [ 41.0, 48.0, 41.5, 49.5 ] },
																				"south": { "texture": "#ibexalp-adult", "uv": [ 40.5, 48.0, 41.0, 49.5 ] },
																				"west": { "texture": "#ibexalp-adult", "uv": [ 40.0, 48.0, 40.5, 49.5 ] },
																				"up": { "texture": "#ibexalp-adult", "uv": [ 40.0, 47.5, 40.5, 48.0 ], "rotation": 90 }
																			},
																			"children": [
																				{
																					"name": "HornR09",
																					"from": [ 0.0, 1.5, 0.05 ],
																					"to": [ 0.4, 2.5, 0.45 ],
																					"unwrapMode": 4,
																					"uv": [ 39.5, 46.5 ],
																					"rotationOrigin": [ 0.0, 1.5, 0.0 ],
																					"rotationX": 1.0,
																					"rotationY": 2.0,
																					"rotationZ": -20.0,
																					"faces": {
																						"north": { "texture": "#ibexalp-adult", "uv": [ 39.5, 47.0, 40.0, 48.0 ] },
																						"east": { "texture": "#ibexalp-adult", "uv": [ 41.0, 47.0, 41.5, 48.0 ] },
																						"south": { "texture": "#ibexalp-adult", "uv": [ 40.5, 47.0, 41.0, 48.0 ] },
																						"west": { "texture": "#ibexalp-adult", "uv": [ 40.0, 47.0, 40.5, 48.0 ] },
																						"up": { "texture": "#ibexalp-adult", "uv": [ 40.0, 46.5, 40.5, 47.0 ], "rotation": 90 }
																					},
																					"children": [
																						{
																							"name": "HornR10",
																							"from": [ 0.0, 1.0, 0.05 ],
																							"to": [ 0.3, 2.0, 0.35 ],
																							"unwrapMode": 4,
																							"uv": [ 39.5, 44.5 ],
																							"rotationOrigin": [ 0.0, 1.0, 0.0 ],
																							"rotationX": 1.0,
																							"rotationY": 2.0,
																							"rotationZ": -20.0,
																							"faces": {
																								"north": { "texture": "#ibexalp-adult", "uv": [ 39.5, 45.0, 40.0, 46.0 ] },
																								"east": { "texture": "#ibexalp-adult", "uv": [ 41.0, 45.0, 41.5, 46.0 ] },
																								"south": { "texture": "#ibexalp-adult", "uv": [ 40.5, 45.0, 41.0, 46.0 ] },
																								"west": { "texture": "#ibexalp-adult", "uv": [ 40.0, 45.0, 40.5, 46.0 ] },
																								"up": { "texture": "#ibexalp-adult", "uv": [ 40.0, 44.5, 40.5, 45.0 ], "rotation": 90 }
																							}
																						}
																					]
																				},
																				{
																					"name": "Rridge08",
																					"from": [ -0.1, 0.5, -0.05 ],
																					"to": [ 0.3, 1.0, 0.55 ],
																					"unwrapMode": 4,
																					"uv": [ 49.0, 21.0 ],
																					"rotationOrigin": [ -0.1, 0.5, -0.1 ],
																					"faces": {
																						"north": { "texture": "#ibexalp-adult", "uv": [ 49.0, 21.5, 49.5, 22.0 ] },
																						"east": { "texture": "#ibexalp-adult", "uv": [ 50.5, 21.5, 51.0, 22.0 ] },
																						"south": { "texture": "#ibexalp-adult", "uv": [ 50.0, 21.5, 50.5, 22.0 ] },
																						"west": { "texture": "#ibexalp-adult", "uv": [ 49.5, 21.5, 50.0, 22.0 ] },
																						"up": { "texture": "#ibexalp-adult", "uv": [ 49.5, 21.0, 50.0, 21.5 ], "rotation": 90 },
																						"down": { "texture": "#ibexalp-adult", "uv": [ 49.5, 22.0, 50.0, 22.5 ], "rotation": 90 }
																					}
																				}
																			]
																		},
																		{
																			"name": "Rridge07A",
																			"from": [ -0.1, 0.0, -0.1 ],
																			"to": [ 0.4, 0.5, 0.7 ],
																			"unwrapMode": 4,
																			"uv": [ 49.0, 22.0 ],
																			"rotationOrigin": [ -0.1, 0.0, -0.1 ],
																			"faces": {
																				"north": { "texture": "#ibexalp-adult", "uv": [ 49.0, 22.5, 49.5, 23.0 ] },
																				"east": { "texture": "#ibexalp-adult", "uv": [ 50.5, 22.5, 51.0, 23.0 ] },
																				"south": { "texture": "#ibexalp-adult", "uv": [ 50.0, 22.5, 50.5, 23.0 ] },
																				"west": { "texture": "#ibexalp-adult", "uv": [ 49.5, 22.5, 50.0, 23.0 ] },
																				"up": { "texture": "#ibexalp-adult", "uv": [ 49.5, 22.0, 50.0, 22.5 ], "rotation": 90 },
																				"down": { "texture": "#ibexalp-adult", "uv": [ 49.5, 23.0, 50.0, 23.5 ], "rotation": 90 }
																			}
																		},
																		{
																			"name": "Rridge07B",
																			"from": [ -0.1, 1.05, -0.05 ],
																			"to": [ 0.4, 1.55, 0.65 ],
																			"unwrapMode": 4,
																			"uv": [ 49.0, 21.5 ],
																			"rotationOrigin": [ -0.1, 1.0, -0.1 ],
																			"rotationZ": -7.0,
																			"faces": {
																				"north": { "texture": "#ibexalp-adult", "uv": [ 49.0, 22.0, 49.5, 22.5 ] },
																				"east": { "texture": "#ibexalp-adult", "uv": [ 50.5, 22.0, 51.0, 22.5 ] },
																				"south": { "texture": "#ibexalp-adult", "uv": [ 50.0, 22.0, 50.5, 22.5 ] },
																				"west": { "texture": "#ibexalp-adult", "uv": [ 49.5, 22.0, 50.0, 22.5 ] },
																				"up": { "texture": "#ibexalp-adult", "uv": [ 49.5, 21.5, 50.0, 22.0 ], "rotation": 90 },
																				"down": { "texture": "#ibexalp-adult", "uv": [ 49.5, 22.5, 50.0, 23.0 ], "rotation": 90 }
																			}
																		}
																	]
																},
																{
																	"name": "Rridge06",
																	"from": [ -0.1, 0.5, -0.1 ],
																	"to": [ 0.6, 1.0, 0.8 ],
																	"unwrapMode": 4,
																	"uv": [ 49.0, 22.5 ],
																	"rotationOrigin": [ -0.1, 0.5, -0.1 ],
																	"faces": {
																		"north": { "texture": "#ibexalp-adult", "uv": [ 49.0, 23.0, 49.5, 23.5 ] },
																		"east": { "texture": "#ibexalp-adult", "uv": [ 50.5, 23.0, 51.0, 23.5 ], "windMode": [-1,-1,-1,-1] },
																		"south": { "texture": "#ibexalp-adult", "uv": [ 50.0, 23.0, 50.5, 23.5 ] },
																		"west": { "texture": "#ibexalp-adult", "uv": [ 49.5, 23.0, 50.0, 23.5 ] },
																		"up": { "texture": "#ibexalp-adult", "uv": [ 49.5, 22.5, 50.0, 23.0 ], "rotation": 90 },
																		"down": { "texture": "#ibexalp-adult", "uv": [ 49.5, 23.5, 50.0, 24.0 ], "rotation": 90 }
																	}
																}
															]
														},
														{
															"name": "Rridge05A",
															"from": [ -0.1, 0.0, -0.1 ],
															"to": [ 0.6, 0.5, 0.9 ],
															"unwrapMode": 4,
															"uv": [ 49.0, 23.5 ],
															"rotationOrigin": [ -0.1, 0.0, -0.1 ],
															"faces": {
																"north": { "texture": "#ibexalp-adult", "uv": [ 49.0, 24.0, 49.5, 24.5 ] },
																"east": { "texture": "#ibexalp-adult", "uv": [ 51.0, 24.0, 52.0, 24.5 ], "windMode": [-1,-1,-1,-1] },
																"south": { "texture": "#ibexalp-adult", "uv": [ 50.5, 24.0, 51.0, 24.5 ] },
																"west": { "texture": "#ibexalp-adult", "uv": [ 49.5, 24.0, 50.5, 24.5 ] },
																"up": { "texture": "#ibexalp-adult", "uv": [ 49.5, 23.5, 50.5, 24.0 ], "rotation": 90 },
																"down": { "texture": "#ibexalp-adult", "uv": [ 49.5, 24.5, 50.5, 25.0 ], "rotation": 90 }
															}
														},
														{
															"name": "Rridge05B",
															"from": [ -0.1, 1.0, -0.1 ],
															"to": [ 0.6, 1.5, 0.9 ],
															"unwrapMode": 4,
															"uv": [ 49.0, 23.0 ],
															"rotationOrigin": [ -0.1, 1.0, -0.1 ],
															"faces": {
																"north": { "texture": "#ibexalp-adult", "uv": [ 49.0, 23.5, 49.5, 24.0 ] },
																"east": { "texture": "#ibexalp-adult", "uv": [ 51.0, 23.5, 52.0, 24.0 ], "windMode": [-1,-1,-1,-1] },
																"south": { "texture": "#ibexalp-adult", "uv": [ 50.5, 23.5, 51.0, 24.0 ] },
																"west": { "texture": "#ibexalp-adult", "uv": [ 49.5, 23.5, 50.5, 24.0 ] },
																"up": { "texture": "#ibexalp-adult", "uv": [ 49.5, 23.0, 50.5, 23.5 ], "rotation": 90 },
																"down": { "texture": "#ibexalp-adult", "uv": [ 49.5, 24.0, 50.5, 24.5 ], "rotation": 90 }
															}
														}
													]
												},
												{
													"name": "Rridge04",
													"from": [ -0.1, 0.5, -0.1 ],
													"to": [ 0.6, 1.0, 1.0 ],
													"unwrapMode": 4,
													"uv": [ 49.0, 24.0 ],
													"rotationOrigin": [ -0.1, 0.5, -0.1 ],
													"faces": {
														"north": { "texture": "#ibexalp-adult", "uv": [ 49.0, 24.5, 49.5, 25.0 ], "windMode": [-1,-1,-1,-1] },
														"east": { "texture": "#ibexalp-adult", "uv": [ 51.0, 24.5, 52.0, 25.0 ], "windMode": [-1,-1,-1,-1] },
														"south": { "texture": "#ibexalp-adult", "uv": [ 50.5, 24.5, 51.0, 25.0 ] },
														"west": { "texture": "#ibexalp-adult", "uv": [ 49.5, 24.5, 50.5, 25.0 ] },
														"up": { "texture": "#ibexalp-adult", "uv": [ 49.5, 24.0, 50.5, 24.5 ], "rotation": 90 },
														"down": { "texture": "#ibexalp-adult", "uv": [ 49.5, 25.0, 50.5, 25.5 ], "rotation": 90 }
													}
												}
											]
										},
										{
											"name": "Rridge03A",
											"from": [ -0.1, 0.0, -0.1 ],
											"to": [ 0.6, 0.5, 1.1 ],
											"unwrapMode": 4,
											"uv": [ 49.0, 25.0 ],
											"rotationOrigin": [ -0.1, 0.0, -0.1 ],
											"faces": {
												"north": { "texture": "#ibexalp-adult", "uv": [ 49.0, 25.5, 49.5, 26.0 ] },
												"east": { "texture": "#ibexalp-adult", "uv": [ 51.0, 25.5, 52.0, 26.0 ], "windMode": [-1,-1,-1,-1] },
												"south": { "texture": "#ibexalp-adult", "uv": [ 50.5, 25.5, 51.0, 26.0 ] },
												"west": { "texture": "#ibexalp-adult", "uv": [ 49.5, 25.5, 50.5, 26.0 ] },
												"up": { "texture": "#ibexalp-adult", "uv": [ 49.5, 25.0, 50.5, 25.5 ], "rotation": 90 },
												"down": { "texture": "#ibexalp-adult", "uv": [ 49.5, 26.0, 50.5, 26.5 ], "rotation": 90 }
											}
										},
										{
											"name": "Rridge03B",
											"from": [ -0.1, 1.0, -0.1 ],
											"to": [ 0.6, 1.5, 1.1 ],
											"unwrapMode": 4,
											"uv": [ 49.0, 24.5 ],
											"rotationOrigin": [ -0.1, 1.0, -0.1 ],
											"rotationZ": 1.0,
											"faces": {
												"north": { "texture": "#ibexalp-adult", "uv": [ 49.0, 25.0, 49.5, 25.5 ] },
												"east": { "texture": "#ibexalp-adult", "uv": [ 51.0, 25.0, 52.0, 25.5 ], "windMode": [-1,-1,-1,-1] },
												"south": { "texture": "#ibexalp-adult", "uv": [ 50.5, 25.0, 51.0, 25.5 ] },
												"west": { "texture": "#ibexalp-adult", "uv": [ 49.5, 25.0, 50.5, 25.5 ] },
												"up": { "texture": "#ibexalp-adult", "uv": [ 49.5, 24.5, 50.5, 25.0 ], "rotation": 90 },
												"down": { "texture": "#ibexalp-adult", "uv": [ 49.5, 25.5, 50.5, 26.0 ], "rotation": 90, "windMode": [-1,-1,-1,-1] }
											}
										}
									]
								},
								{
									"name": "Rridge02",
									"from": [ -0.1, 0.5, -0.1 ],
									"to": [ 0.6, 1.0, 1.2 ],
									"unwrapMode": 4,
									"uv": [ 49.0, 25.5 ],
									"rotationOrigin": [ -0.1, 0.5, -0.1 ],
									"faces": {
										"north": { "texture": "#ibexalp-adult", "uv": [ 49.0, 26.0, 49.5, 26.5 ] },
										"east": { "texture": "#ibexalp-adult", "uv": [ 51.0, 26.0, 52.0, 26.5 ], "windMode": [-1,-1,-1,-1] },
										"south": { "texture": "#ibexalp-adult", "uv": [ 50.5, 26.0, 51.0, 26.5 ] },
										"west": { "texture": "#ibexalp-adult", "uv": [ 49.5, 26.0, 50.5, 26.5 ] },
										"up": { "texture": "#ibexalp-adult", "uv": [ 49.5, 25.5, 50.5, 26.0 ], "rotation": 90 },
										"down": { "texture": "#ibexalp-adult", "uv": [ 49.5, 26.5, 50.5, 27.0 ], "rotation": 90 }
									}
								}
							]
						},
						{
							"name": "Rridge01",
							"from": [ -0.1, 1.0, -0.1 ],
							"to": [ 0.6, 1.5, 1.2 ],
							"unwrapMode": 4,
							"uv": [ 49.0, 26.0 ],
							"rotationOrigin": [ -0.1, 1.0, -0.1 ],
							"faces": {
								"north": { "texture": "#ibexalp-adult", "uv": [ 49.0, 26.5, 49.5, 27.0 ] },
								"east": { "texture": "#ibexalp-adult", "uv": [ 51.0, 26.5, 52.0, 27.0 ], "windMode": [-1,-1,-1,-1] },
								"south": { "texture": "#ibexalp-adult", "uv": [ 50.5, 26.5, 51.0, 27.0 ] },
								"west": { "texture": "#ibexalp-adult", "uv": [ 49.5, 26.5, 50.5, 27.0 ] },
								"up": { "texture": "#ibexalp-adult", "uv": [ 49.5, 26.0, 50.5, 26.5 ], "rotation": 90 },
								"down": { "texture": "#ibexalp-adult", "uv": [ 49.5, 27.0, 50.5, 27.5 ], "rotation": 90 }
							}
						}
					]
				}
			]
		}
	]}