{
	"code": "tea",
	"class": "ItemLiquidPortion",
	"matterState": "liquid",
	"attributes": {
		"handbook": {
			"ignoreCreativeInvStacks": true,
			"exclude": false
		},
		"waterTightContainerPropsByType": {
			"*-chamomile": {
				"containable": true,
				"itemsPerLitre": 100,
				"texture": {
					"base": "soaplyeandbloom:item/liquid/tea/{flavor}tea",
					"alpha": 80
				},
				"allowSpill": true,
				"whenSpilled": {
					"action": "DropContents",
					"stack": {
						"type": "item",
						"code": "soaplyeandbloom:tea-{flavor}"
					}
				},
				"nutritionPropsPerLitre": {
					"saturation": 110,
					"foodcategory": "vegetable"
				}
			},
			"*-hibiscus": {
				"containable": true,
				"itemsPerLitre": 100,
				"texture": {
					"base": "soaplyeandbloom:item/liquid/tea/{flavor}tea",
					"alpha": 80
				},
				"allowSpill": true,
				"whenSpilled": {
					"action": "DropContents",
					"stack": {
						"type": "item",
						"code": "soaplyeandbloom:tea-{flavor}"
					}
				},
				"nutritionPropsPerLitre": {
					"saturation": 120,
					"foodcategory": "vegetable"
				}
			},
			"*-lavender": {
				"containable": true,
				"itemsPerLitre": 100,
				"texture": {
					"base": "soaplyeandbloom:item/liquid/tea/{flavor}tea",
					"alpha": 80
				},
				"allowSpill": true,
				"whenSpilled": {
					"action": "DropContents",
					"stack": {
						"type": "item",
						"code": "soaplyeandbloom:tea-{flavor}"
					}
				},
				"nutritionPropsPerLitre": {
					"saturation": 120,
					"foodcategory": "vegetable"
				}
			},
			"*-calendula": {
				"containable": true,
				"itemsPerLitre": 100,
				"texture": {
					"base": "soaplyeandbloom:item/liquid/tea/{flavor}tea",
					"alpha": 80
				},
				"allowSpill": true,
				"whenSpilled": {
					"action": "DropContents",
					"stack": {
						"type": "item",
						"code": "soaplyeandbloom:tea-{flavor}"
					}
				},
				"nutritionPropsPerLitre": {
					"saturation": 125,
					"foodcategory": "vegetable"
				}
			},
			"*-mint": {
				"containable": true,
				"itemsPerLitre": 100,
				"texture": {
					"base": "soaplyeandbloom:item/liquid/tea/{flavor}tea",
					"alpha": 80
				},
				"allowSpill": true,
				"whenSpilled": {
					"action": "DropContents",
					"stack": {
						"type": "item",
						"code": "soaplyeandbloom:tea-{flavor}"
					}
				},
				"nutritionPropsPerLitre": {
					"saturation": 115,
					"foodcategory": "vegetable"
				}
			}
		}
	},
	"variantgroups": [
		{
			"code": "flavor",
			"states": [ "chamomile", "hibiscus", "lavender", "calendula", "mint" ]
		}
	],
	"shape": {
		"base": "game:item/liquid"
	},
	"textureByType": {
		"*": {
			"base": "soaplyeandbloom:item/liquid/tea/{flavor}tea"
		}
	},
	"creativeinventoryStacksByType": {
		"*": [ { "tabs": ["liquids", "soaplyeandbloom"], "stacks": [ { "type": "block", "code": "game:woodbucket", "attributes": { "ucontents": [ { "type":"item", "code": "soaplyeandbloom:tea-{flavor}", "makefull": true } ] } } ] } ]
	},
	"nutritionPropsByType": {
		"tea-chamomile": {
			"satiety": 110,
			"foodcategory": "vegetable"
		},
		"tea-hibiscus": {
			"satiety": 120,
			"foodcategory": "vegetable"
		},
		"tea-lavender": {
			"satiety": 120,
			"foodcategory": "vegetable"
		},
		"tea-calendula": {
			"satiety": 125,
			"foodcategory": "vegetable"
		},
		"tea-mint": {
			"satiety": 115,
			"foodcategory": "vegetable"
		}
	},
	"perishableProps": {
        "type": "None",
        "freshHours": { "avg": 504 },
        "transitionHours": { "avg": 36 },
        "transitionRatio": 0.5,
        "transitionedStack": {
            "type": "item",
            "code": "game:rot"
        }
    },
	"maxstacksize": 5000,
	"materialDensity": 200,
	"guiTransform": {
		"translation": { "x": 0, "y": 1, "z": 0 },
		"rotation": { "x": 123, "y": -33, "z": -13 },
		"origin": { "x": 0.5, "y": 0, "z": 0.5 },
		"scale": 1.4
	},
	"fpHandTransform": {
		"translation": { "x": 0, "y": 0, "z": 0 },
		"rotation": { "x": 25, "y": 157, "z": -5 }
	},
	"tpHandTransform": {
		"translation": { "x": -1.5, "y": -1, "z": -1.4 }
	}
}