{
	"editor": {
		"allAngles": false,
		"entityTextureMode": false
	},
	"textureWidth": 16,
	"textureHeight": 16,
	"textureSizes": {
	},
	"textures": {
	},
	"elements": [
		{
			"name": "_origin10",
			"from": [ 8.0, 0.0, 8.0 ],
			"to": [ 8.0, 0.0, 8.0 ],
			"rotationOrigin": [ 8.0, 0.0, 8.0 ],
			"faces": {
				"north": { "texture": "#default", "uv": [ 0.0, 0.0, 0.5, 0.5 ] },
				"east": { "texture": "#default", "uv": [ 0.0, 0.0, 0.5, 0.5 ] },
				"south": { "texture": "#default", "uv": [ 0.0, 0.0, 0.5, 0.5 ] },
				"west": { "texture": "#default", "uv": [ 0.0, 0.0, 0.5, 0.5 ] },
				"up": { "texture": "#default", "uv": [ 0.0, 0.0, 0.5, 0.5 ] },
				"down": { "texture": "#default", "uv": [ 0.0, 0.0, 0.5, 0.5 ] }
			},
			"children": [
				{
					"name": "base1",
					"from": [ -8.0, 0.0, -8.0 ],
					"to": [ 8.0, 2.0, 4.0 ],
					"rotationOrigin": [ -7.5, 0.0, -7.5 ],
					"faces": {
						"north": { "texture": "#material6", "uv": [ 0.0, 0.0, 16.0, 2.0 ] },
						"east": { "texture": "#material6", "uv": [ 2.0, 0.0, 14.0, 2.0 ] },
						"south": { "texture": "#material6", "uv": [ 0.0, 0.0, 16.0, 2.0 ] },
						"west": { "texture": "#material6", "uv": [ 2.0, 0.0, 14.0, 2.0 ] },
						"up": { "texture": "#material6", "uv": [ 0.0, 0.0, 16.0, 12.0 ] },
						"down": { "texture": "#material6", "uv": [ 0.0, 0.0, 16.0, 12.0 ] }
					},
					"children": [
						{
							"name": "base2",
							"from": [ 4.0, 0.0, 12.0 ],
							"to": [ 12.0, 2.0, 16.0 ],
							"rotationOrigin": [ 4.5, 0.0, 12.5 ],
							"faces": {
								"north": { "texture": "#material1", "uv": [ 0.0, 0.0, 8.0, 2.0 ] },
								"east": { "texture": "#material1", "uv": [ 0.0, 0.0, 4.0, 2.0 ] },
								"south": { "texture": "#material1", "uv": [ 0.0, 0.0, 8.0, 2.0 ] },
								"west": { "texture": "#material1", "uv": [ 0.0, 0.0, 4.0, 2.0 ] },
								"up": { "texture": "#material1", "uv": [ 0.0, 0.0, 8.0, 4.0 ] },
								"down": { "texture": "#material1", "uv": [ 0.0, 0.0, 8.0, 4.0 ] }
							},
							"children": [
								{
									"name": "baseanchor-1",
									"from": [ -4.2, -0.1, -12.2 ],
									"to": [ 0.8, 1.5, -7.2 ],
									"rotationOrigin": [ -4.2, -0.1, -12.2 ],
									"faces": {
										"north": { "texture": "#material2", "uv": [ 10.5, 1.0, 15.5, 2.5 ] },
										"east": { "texture": "#material2", "uv": [ 6.0, 5.5, 11.0, 7.0 ] },
										"south": { "texture": "#material2", "uv": [ 0.5, 5.5, 5.5, 7.0 ] },
										"west": { "texture": "#material2", "uv": [ 4.5, 10.0, 9.5, 11.5 ] },
										"up": { "texture": "#material2", "uv": [ 6.5, 9.0, 11.5, 14.0 ] },
										"down": { "texture": "#material2", "uv": [ 5.0, 5.0, 10.0, 10.0 ] }
									}
								},
								{
									"name": "baseanchor-2",
									"from": [ -4.2, -0.09, -0.7 ],
									"to": [ 0.8, 1.51, 4.3 ],
									"rotationOrigin": [ -4.2, -0.1, -0.7 ],
									"faces": {
										"north": { "texture": "#material2", "uv": [ 1.5, 2.5, 6.5, 4.0 ] },
										"east": { "texture": "#material2", "uv": [ 6.5, 1.5, 11.5, 3.0 ] },
										"south": { "texture": "#material2", "uv": [ 3.5, 8.0, 8.5, 9.5 ] },
										"west": { "texture": "#material2", "uv": [ 2.5, 3.5, 7.5, 5.0 ] },
										"up": { "texture": "#material2", "uv": [ 3.5, 4.5, 8.5, 9.5 ] },
										"down": { "texture": "#material2", "uv": [ 3.0, 2.5, 8.0, 7.5 ] }
									}
								},
								{
									"name": "baseanchor-4",
									"from": [ 7.3, -0.09, -0.7 ],
									"to": [ 12.3, 1.51, 4.3 ],
									"rotationOrigin": [ 7.3, -2.09, -0.7 ],
									"faces": {
										"north": { "texture": "#material2", "uv": [ 9.0, 0.5, 14.0, 2.0 ] },
										"east": { "texture": "#material2", "uv": [ 4.0, 9.0, 9.0, 10.5 ] },
										"south": { "texture": "#material2", "uv": [ 0.5, 8.5, 5.5, 10.0 ] },
										"west": { "texture": "#material2", "uv": [ 1.0, 7.5, 6.0, 9.0 ] },
										"up": { "texture": "#material2", "uv": [ 10.0, 7.5, 15.0, 12.5 ] },
										"down": { "texture": "#material2", "uv": [ 8.0, 3.5, 13.0, 8.5 ] }
									}
								},
								{
									"name": "baseanchor-3",
									"from": [ 7.3, -0.09, -12.2 ],
									"to": [ 12.3, 1.51, -7.2 ],
									"rotationOrigin": [ 7.3, -0.1, -12.2 ],
									"faces": {
										"north": { "texture": "#material2", "uv": [ 10.5, 4.5, 15.5, 6.0 ] },
										"east": { "texture": "#material2", "uv": [ 6.0, 10.5, 11.0, 12.0 ] },
										"south": { "texture": "#material2", "uv": [ 2.0, 10.5, 7.0, 12.0 ] },
										"west": { "texture": "#material2", "uv": [ 2.0, 10.0, 7.0, 11.5 ] },
										"up": { "texture": "#material2", "uv": [ 0.0, 4.5, 5.0, 9.5 ] },
										"down": { "texture": "#material2", "uv": [ 7.0, 8.5, 12.0, 13.5 ] }
									}
								}
							]
						},
						{
							"name": "base3",
							"from": [ 1.0, 2.0, 1.0 ],
							"to": [ 15.0, 7.0, 11.0 ],
							"rotationOrigin": [ 1.0, 2.0, 1.0 ],
							"faces": {
								"north": { "texture": "#material3", "uv": [ 1.0, 11.0, 15.0, 16.0 ], "rotation": 180 },
								"east": { "texture": "#material3", "uv": [ 3.0, 11.0, 13.0, 16.0 ], "rotation": 180 },
								"south": { "texture": "#material3", "uv": [ 1.0, 11.0, 15.0, 16.0 ], "rotation": 180 },
								"west": { "texture": "#material3", "uv": [ 3.0, 11.0, 13.0, 16.0 ], "rotation": 180 },
								"up": { "texture": "#default", "uv": [ 0.0, 0.0, 14.0, 10.0 ] },
								"down": { "texture": "#default", "uv": [ 0.0, 0.0, 14.0, 10.0 ] }
							}
						}
					]
				},
				{
					"name": "tabletbase-1",
					"from": [ -3.3, 1.02, 6.08 ],
					"to": [ 3.3, 3.02, 7.28 ],
					"rotationOrigin": [ -3.8, 1.0173, 6.0761 ],
					"faces": {
						"north": { "texture": "#material2", "uv": [ 0.0, 0.0, 6.5, 2.0 ] },
						"east": { "texture": "#material2", "uv": [ 0.0, 0.0, 1.0, 2.0 ] },
						"south": { "texture": "#material2", "uv": [ 0.0, 0.0, 6.5, 2.0 ] },
						"west": { "texture": "#material2", "uv": [ 0.0, 0.0, 1.0, 2.0 ] },
						"up": { "texture": "#material2", "uv": [ 0.0, 0.0, 6.5, 1.0 ] },
						"down": { "texture": "#material2", "uv": [ 0.0, 0.0, 6.5, 1.0 ] }
					}
				},
				{
					"name": "_basetop",
					"from": [ -8.0, 5.0, -8.0 ],
					"to": [ -8.0, 5.0, -8.0 ],
					"rotationOrigin": [ -8.0, 5.0, -8.0 ],
					"faces": {
						"north": { "texture": "#default", "uv": [ 0.0, 0.0, 0.5, 0.5 ] },
						"east": { "texture": "#default", "uv": [ 0.0, 0.0, 0.5, 0.5 ] },
						"south": { "texture": "#default", "uv": [ 0.0, 0.0, 0.5, 0.5 ] },
						"west": { "texture": "#default", "uv": [ 0.0, 0.0, 0.5, 0.5 ] },
						"up": { "texture": "#default", "uv": [ 0.0, 0.0, 0.5, 0.5 ] },
						"down": { "texture": "#default", "uv": [ 0.0, 0.0, 0.5, 0.5 ] }
					},
					"children": [
						{
							"name": "basetop-1",
							"from": [ 0.0, 2.0, 0.0 ],
							"to": [ 16.0, 6.0, 13.0 ],
							"rotationOrigin": [ 0.0, 2.0, 0.0 ],
							"faces": {
								"north": { "texture": "#material3", "uv": [ 0.0, 12.0, 16.0, 16.0 ] },
								"east": { "texture": "#material3", "uv": [ 1.5, 12.0, 14.5, 16.0 ] },
								"south": { "texture": "#material3", "uv": [ 0.0, 12.0, 16.0, 16.0 ] },
								"west": { "texture": "#material3", "uv": [ 1.5, 12.0, 14.5, 16.0 ] },
								"up": { "texture": "#material2", "uv": [ 0.0, 1.5, 16.0, 14.5 ] },
								"down": { "texture": "#material5", "uv": [ 0.0, 0.0, 16.0, 13.0 ] }
							},
							"children": [
								{
									"name": "basetop-tab-1",
									"from": [ 3.0, 7.0, 0.0 ],
									"to": [ 13.0, 8.5, 3.0 ],
									"rotationOrigin": [ 3.0, 7.0, 0.0 ],
									"faces": {
										"north": { "texture": "#material1", "uv": [ 0.0, 0.0, 10.0, 1.5 ] },
										"east": { "texture": "#material1", "uv": [ 0.0, 0.0, 3.0, 1.5 ] },
										"south": { "texture": "#material1", "uv": [ 0.0, 0.0, 10.0, 1.5 ] },
										"west": { "texture": "#material1", "uv": [ 0.0, 0.0, 3.0, 1.5 ] },
										"up": { "texture": "#material1", "uv": [ 0.0, 0.0, 10.0, 3.0 ] },
										"down": { "texture": "#material1", "uv": [ 0.0, 0.0, 10.0, 3.0 ] }
									}
								},
								{
									"name": "basetop-tab-3",
									"from": [ 0.0, 4.0, 12.0 ],
									"to": [ 16.0, 4.5, 13.0 ],
									"rotationOrigin": [ 0.0, 4.0, 12.0 ],
									"faces": {
										"north": { "texture": "#material1", "uv": [ 0.0, 0.0, 16.0, 0.5 ] },
										"east": { "texture": "#material1", "uv": [ 0.0, 0.0, 1.0, 0.5 ] },
										"south": { "texture": "#material1", "uv": [ 0.0, 0.0, 16.0, 0.5 ] },
										"west": { "texture": "#material1", "uv": [ 0.0, 0.0, 1.0, 0.5 ] },
										"up": { "texture": "#material1", "uv": [ 0.0, 0.0, 16.0, 1.0 ] },
										"down": { "texture": "#material1", "uv": [ 0.0, 0.0, 16.0, 1.0 ] }
									}
								},
								{
									"name": "basetop-tab-2",
									"from": [ 0.0, 4.0, 4.0 ],
									"to": [ 1.0, 4.5, 12.0 ],
									"rotationOrigin": [ 0.0, 4.0, 4.0 ],
									"faces": {
										"north": { "texture": "#material1", "uv": [ 0.0, 0.0, 1.0, 0.5 ] },
										"east": { "texture": "#material1", "uv": [ 0.0, 0.0, 8.0, 0.5 ] },
										"south": { "texture": "#material1", "uv": [ 0.0, 0.0, 1.0, 0.5 ] },
										"west": { "texture": "#material1", "uv": [ 0.0, 0.0, 8.0, 0.5 ] },
										"up": { "texture": "#material1", "uv": [ 0.0, 0.0, 1.0, 8.0 ] },
										"down": { "texture": "#material1", "uv": [ 0.0, 0.0, 1.0, 8.0 ] }
									}
								},
								{
									"name": "basetop-tab-4",
									"from": [ 15.0, 4.0, 4.0 ],
									"to": [ 16.0, 4.5, 12.0 ],
									"rotationOrigin": [ 15.0, 4.0, 4.0 ],
									"faces": {
										"north": { "texture": "#material1", "uv": [ 0.0, 0.0, 1.0, 0.5 ] },
										"east": { "texture": "#material1", "uv": [ 0.0, 0.0, 8.0, 0.5 ] },
										"south": { "texture": "#material1", "uv": [ 0.0, 0.0, 1.0, 0.5 ] },
										"west": { "texture": "#material1", "uv": [ 0.0, 0.0, 8.0, 0.5 ] },
										"up": { "texture": "#material1", "uv": [ 0.0, 0.0, 1.0, 8.0 ] },
										"down": { "texture": "#material1", "uv": [ 0.0, 0.0, 1.0, 8.0 ] }
									}
								},
								{
									"name": "basetop-tab-5",
									"from": [ 0.0, 4.0, 3.0 ],
									"to": [ 16.0, 4.5, 4.0 ],
									"rotationOrigin": [ 0.0, 4.0, 3.0 ],
									"faces": {
										"north": { "texture": "#material1", "uv": [ 0.0, 0.0, 16.0, 0.5 ] },
										"east": { "texture": "#material1", "uv": [ 0.0, 0.0, 1.0, 0.5 ] },
										"south": { "texture": "#material1", "uv": [ 0.0, 0.0, 16.0, 0.5 ] },
										"west": { "texture": "#material1", "uv": [ 0.0, 0.0, 1.0, 0.5 ] },
										"up": { "texture": "#material1", "uv": [ 0.0, 0.0, 16.0, 1.0 ] },
										"down": { "texture": "#material1", "uv": [ 0.0, 0.0, 16.0, 1.0 ] }
									}
								},
								{
									"name": "basetop-tab-6",
									"from": [ 0.5, 8.0, 0.5 ],
									"to": [ 15.5, 9.0, 2.5 ],
									"rotationOrigin": [ 0.5, 8.0, 0.5 ],
									"faces": {
										"north": { "texture": "#material2", "uv": [ 0.0, 0.0, 15.0, 1.0 ] },
										"east": { "texture": "#material2", "uv": [ 0.0, 0.0, 2.0, 1.0 ] },
										"south": { "texture": "#material2", "uv": [ 0.0, 0.0, 15.0, 1.0 ] },
										"west": { "texture": "#material2", "uv": [ 0.0, 0.0, 2.0, 1.0 ] },
										"up": { "texture": "#material2", "uv": [ 0.0, 0.0, 15.0, 2.0 ] },
										"down": { "texture": "#material2", "uv": [ 0.0, 0.0, 15.0, 2.0 ] }
									}
								},
								{
									"name": "basetop-tab-7",
									"from": [ 0.0, 4.0, 0.0 ],
									"to": [ 3.0, 8.5, 3.0 ],
									"rotationOrigin": [ 0.0, 4.0, 0.0 ],
									"faces": {
										"north": { "texture": "#material1", "uv": [ 0.0, 0.0, 3.0, 4.5 ] },
										"east": { "texture": "#material1", "uv": [ 0.0, 0.0, 3.0, 4.5 ] },
										"south": { "texture": "#material1", "uv": [ 0.0, 0.0, 3.0, 4.5 ] },
										"west": { "texture": "#material1", "uv": [ 0.0, 0.0, 3.0, 4.5 ] },
										"up": { "texture": "#material1", "uv": [ 0.0, 0.0, 3.0, 3.0 ] },
										"down": { "texture": "#material1", "uv": [ 0.0, 0.0, 3.0, 3.0 ] }
									}
								},
								{
									"name": "basetop-tab-8",
									"from": [ 13.0, 4.0, 0.0 ],
									"to": [ 16.0, 8.5, 3.0 ],
									"rotationOrigin": [ 13.0, 4.0, 0.0 ],
									"faces": {
										"north": { "texture": "#material1", "uv": [ 0.0, 0.0, 3.0, 4.5 ] },
										"east": { "texture": "#material1", "uv": [ 0.0, 0.0, 3.0, 4.5 ] },
										"south": { "texture": "#material1", "uv": [ 0.0, 0.0, 3.0, 4.5 ] },
										"west": { "texture": "#material1", "uv": [ 0.0, 0.0, 3.0, 4.5 ] },
										"up": { "texture": "#material1", "uv": [ 0.0, 0.0, 3.0, 3.0 ] },
										"down": { "texture": "#material1", "uv": [ 0.0, 0.0, 3.0, 3.0 ] }
									}
								}
							]
						}
					]
				},
				{
					"name": "tabletbase-2",
					"from": [ -3.9, 0.52, 2.2797 ],
					"to": [ -3.0, 9.52, 6.4797 ],
					"rotationOrigin": [ -4.6, 0.52, 2.28 ],
					"faces": {
						"north": { "texture": "#material1", "uv": [ 0.0, 0.0, 0.5, 9.0 ] },
						"east": { "texture": "#material1", "uv": [ 0.0, 0.0, 4.0, 9.0 ] },
						"south": { "texture": "#material1", "uv": [ 0.0, 0.0, 0.5, 9.0 ] },
						"west": { "texture": "#material1", "uv": [ 0.0, 12.0, 9.0, 16.0 ] },
						"up": { "texture": "#material1", "uv": [ 0.0, 0.0, 0.5, 4.0 ] },
						"down": { "texture": "#material1", "uv": [ 0.0, 0.0, 0.5, 4.0 ] }
					},
					"children": [
						{
							"name": "tabletbase-4",
							"from": [ 0.6, 0.88, -8.2797 ],
							"to": [ 7.2, 11.38, 3.7203 ],
							"rotationOrigin": [ 0.1, 0.8827, -6.2797 ],
							"faces": {
								"north": { "texture": "#material2", "uv": [ 5.0, 0.0, 11.5, 10.5 ] },
								"east": { "texture": "#material2", "uv": [ 3.0, 0.0, 15.0, 10.5 ] },
								"south": { "texture": "#material2", "uv": [ 4.5, 0.0, 11.0, 10.5 ] },
								"west": { "texture": "#material2", "uv": [ 3.0, 0.0, 15.0, 10.5 ] },
								"up": { "texture": "#material2", "uv": [ 5.0, 0.0, 11.5, 12.0 ] },
								"down": { "texture": "#material2", "uv": [ 5.0, 0.0, 11.5, 12.0 ] }
							}
						},
						{
							"name": "tabletbase-3",
							"from": [ 6.9, 0.0, 0.0 ],
							"to": [ 7.8, 9.0, 4.2 ],
							"rotationOrigin": [ 6.4, 0.0, 0.0 ],
							"faces": {
								"north": { "texture": "#material1", "uv": [ 0.0, 0.0, 0.5, 9.0 ] },
								"east": { "texture": "#material1", "uv": [ 0.0, 0.0, 4.0, 9.0 ] },
								"south": { "texture": "#material1", "uv": [ 0.0, 0.0, 0.5, 9.0 ] },
								"west": { "texture": "#material1", "uv": [ 0.0, 0.0, 4.0, 9.0 ] },
								"up": { "texture": "#material1", "uv": [ 0.0, 0.0, 0.5, 4.0 ] },
								"down": { "texture": "#material1", "uv": [ 0.0, 0.0, 0.5, 4.0 ] }
							}
						},
						{
							"name": "tabletbase-5",
							"from": [ 1.6, 2.0, 4.6003 ],
							"to": [ 6.2, 3.0, 4.8503 ],
							"rotationOrigin": [ 1.1, 1.9973, 4.5964 ],
							"faces": {
								"north": { "texture": "#material1", "uv": [ 0.0, 0.0, 4.5, 1.0 ] },
								"east": { "texture": "#material1", "uv": [ 0.0, 0.0, 0.5, 1.0 ] },
								"south": { "texture": "#material1", "uv": [ 0.0, 0.0, 4.5, 1.0 ] },
								"west": { "texture": "#material1", "uv": [ 0.0, 0.0, 0.5, 1.0 ] },
								"up": { "texture": "#material1", "uv": [ 0.0, 0.0, 4.5, 0.5 ] },
								"down": { "texture": "#material1", "uv": [ 0.0, 0.0, 4.5, 0.5 ] }
							}
						},
						{
							"name": "basetop-center",
							"from": [ 0.4, 9.58, -5.7797 ],
							"to": [ 7.4, 11.58, 1.2203 ],
							"rotationOrigin": [ 0.4, 9.2773, -5.7797 ],
							"faces": {
								"north": { "texture": "#material1", "uv": [ 4.5, 3.0, 11.5, 5.0 ], "rotation": 180 },
								"east": { "texture": "#material1", "uv": [ 12.0, 4.5, 14.0, 11.5 ], "rotation": 90 },
								"south": { "texture": "#material1", "uv": [ 4.5, 12.0, 11.5, 14.0 ] },
								"west": { "texture": "#material1", "uv": [ 3.0, 4.5, 5.0, 11.5 ], "rotation": 90 },
								"up": { "texture": "#material1", "uv": [ 4.5, 4.5, 11.5, 11.5 ] },
								"down": { "texture": "#material1", "uv": [ 4.5, 4.5, 11.5, 11.5 ] }
							},
							"children": [
								{
									"name": "basetop-center2",
									"from": [ 0.5, 0.5, 0.5 ],
									"to": [ 6.5, 2.5, 6.5 ],
									"rotationOrigin": [ 0.5, 0.1973, 0.5 ],
									"faces": {
										"north": { "texture": "#material4", "uv": [ 4.5, 3.0, 10.5, 5.0 ], "rotation": 180 },
										"east": { "texture": "#material4", "uv": [ 12.0, 4.5, 14.0, 10.5 ], "rotation": 90 },
										"south": { "texture": "#material4", "uv": [ 4.5, 12.0, 10.5, 14.0 ] },
										"west": { "texture": "#material4", "uv": [ 3.0, 4.5, 5.0, 10.5 ], "rotation": 90 },
										"up": { "texture": "#material4", "uv": [ 4.5, 4.5, 10.5, 10.5 ] },
										"down": { "texture": "#material4", "uv": [ 4.5, 4.5, 10.5, 10.5 ] }
									}
								}
							]
						}
					]
				}
			]
		}
	]}