[
    {
        "op": "add",
        "path": "/animations/-",
        "value":{
			"name": "Tippytaps",
			"code": "tippytaps",
			"quantityframes": 20,
			"onActivityStopped": "Rewind",
			"onAnimationEnd": "Repeat",
			"keyframes": [
				{
					"frame": 0,
					"elements": {
						"body": { "offsetX": 0.0, "offsetY": 0.0, "offsetZ": 0.3, "rotationX": -3.0, "rotationY": 3.0, "rotationZ": 0.0 },
						"neck": { "rotationX": 3.0, "rotationY": -6.0, "rotationZ": 0.0 },
						"head": { "rotationX": -6.0, "rotationY": 0.0, "rotationZ": -36.0 },
						"abdomen": { "rotationX": 5.0, "rotationY": 0.0, "rotationZ": 0.0 },
						"L back leg": { "rotationX": 0.0, "rotationY": 0.0, "rotationZ": 0.0 },
						"L back feet": { "rotationX": 0.0, "rotationY": 0.0, "rotationZ": 0.0 },
						"R back leg": { "rotationX": -3.0, "rotationY": 0.0, "rotationZ": 14.0 },
						"R back feet": { "rotationX": 0.0, "rotationY": 0.0, "rotationZ": -11.0 },
						"tail end": { "rotationX": 0.0, "rotationY": 19.0, "rotationZ": 0.0 },
						"L front leg": { "rotationX": 0.0, "rotationY": 0.0, "rotationZ": 14.0 },
						"L front feet": { "rotationX": 0.0, "rotationY": 0.0, "rotationZ": -39.0 },
						"R front leg": { "rotationX": 3.0, "rotationY": 0.0, "rotationZ": 0.0 },
						"R front feet": { "rotationX": 0.0, "rotationY": 0.0, "rotationZ": 0.0 }
					}
				},
				{
					"frame": 5,
					"elements": {
						"body": { "offsetX": 0.0, "offsetY": 0.2, "offsetZ": 0.0, "rotationX": 0.0, "rotationY": 0.0, "rotationZ": -3.0 },
						"jaw": { "offsetX": 0.0, "offsetY": 0.3, "offsetZ": 0.0, "rotationX": 0.0, "rotationY": 0.0, "rotationZ": 17.0 },
						"abdomen": { "rotationX": 0.0, "rotationY": 0.0, "rotationZ": 3.0 },
						"tail": { "rotationX": 0.0, "rotationY": -45.0, "rotationZ": 50.0 },
						"tail end": { "rotationX": 0.0, "rotationY": 19.0, "rotationZ": 0.0 }
					}
				},
				{
					"frame": 10,
					"elements": {
						"body": { "offsetX": 0.0, "offsetY": 0.0, "offsetZ": 0.0, "rotationX": 3.0, "rotationY": -3.0, "rotationZ": 0.0 },
						"neck": { "rotationX": -3.0, "rotationY": 6.0, "rotationZ": 0.0 },
						"abdomen": { "rotationX": -5.0, "rotationY": 0.0, "rotationZ": 0.0 },
						"L back leg": { "rotationX": 3.0, "rotationY": 0.0, "rotationZ": 14.0 },
						"L back feet": { "rotationX": 0.0, "rotationY": 0.0, "rotationZ": -14.0 },
						"R back leg": { "rotationX": 0.0, "rotationY": 0.0, "rotationZ": 0.0 },
						"R back feet": { "rotationX": 0.0, "rotationY": 0.0, "rotationZ": 0.0 },
						"tail end": { "rotationX": 0.0, "rotationY": -19.0, "rotationZ": 0.0 },
						"L front leg": { "rotationX": -3.0, "rotationY": 0.0, "rotationZ": 0.0 },
						"L front feet": { "rotationX": 0.0, "rotationY": 0.0, "rotationZ": 0.0 },
						"R front leg": { "rotationX": 0.0, "rotationY": 0.0, "rotationZ": 14.0 },
						"R front feet": { "rotationX": 0.0, "rotationY": 0.0, "rotationZ": -36.0 }
					}
				},
				{
					"frame": 15,
					"elements": {
						"body": { "offsetX": 0.0, "offsetY": 0.2, "offsetZ": 0.0, "rotationX": 0.0, "rotationY": 0.0, "rotationZ": -3.0 },
						"jaw": { "rotationX": 0.0, "rotationY": 0.0, "rotationZ": 22.0 },
						"abdomen": { "rotationX": 0.0, "rotationY": 0.0, "rotationZ": 3.0 },
						"tail": { "rotationX": 0.0, "rotationY": 39.0, "rotationZ": 50.0 },
						"tail end": { "rotationX": 0.0, "rotationY": -14.0, "rotationZ": 0.0 }
					}
				}
			]
		},
        "file": "game:shapes/entity/land/wolf-pup.json"
    },
    {
        "op": "add",
        "path": "/elements/0/children/0/children/0/children/0/attachmentpoints",
        "value": [
            {
                "code": "LeftHand",
                "posX": "0.51",
                "posY": "0.01",
                "posZ": "2.51",
                "rotationX": "0.0",
                "rotationY": "90.0",
                "rotationZ": "0.0"
            }
        ],
        "file": "game:shapes/entity/animal/mammal/wolf/eurasian-baby.json"
    }
]