﻿[
	{
		"op": "add",
		"path": "/enabled",
		"value": "false",
		"file": "meteoricexpansion:entities/air/meteor",
		"condition": { "when": "DisableFallingMeteors", "isValue": "true" },
		"side": "Server"
	},
	{
		"op": "replace",
		"path": "/server/behaviors/1/horizontalSpeed/min",
		"value": 20,
		"file": "meteoricexpansion:entities/air/meteor",
		"condition": { "when": "MinimumMeteorHorizontalSpeed", "useValue": "true" },
		"side": "Server"
	},
	{
		"op": "replace",
		"path": "/server/behaviors/1/horizontalSpeed/max",
		"value": 50,
		"file": "meteoricexpansion:entities/air/meteor",
		"condition": { "when": "MaximumMeteorHorizontalSpeed", "useValue": "true" },
		"side": "Server"
	},
	{
		"op": "replace",
		"path": "/server/behaviors/1/verticalSpeed/min",
		"value": 2,
		"file": "meteoricexpansion:entities/air/meteor",
		"condition": { "when": "MinimumMeteorVerticalSpeed", "useValue": "true" },
		"side": "Server"
	},
	{
		"op": "replace",
		"path": "/server/behaviors/1/verticalSpeed/max",
		"value": 20,
		"file": "meteoricexpansion:entities/air/meteor",
		"condition": { "when": "MinimumMeteorVerticalSpeed", "useValue": "true" },
		"side": "Server"
	},
	{
		"op": "replace",
		"path": "/client/behaviors/1/horizontalSpeed/min",
		"value": 20,
		"file": "meteoricexpansion:entities/air/meteor",
		"condition": { "when": "MinimumMeteorHorizontalSpeed", "useValue": "true" },
		"side": "Server"
	},
	{
		"op": "replace",
		"path": "/client/behaviors/1/horizontalSpeed/max",
		"value": 50,
		"file": "meteoricexpansion:entities/air/meteor",
		"condition": { "when": "MaximumMeteorHorizontalSpeed", "useValue": "true" },
		"side": "Server"
	},
	{
		"op": "replace",
		"path": "/client/behaviors/1/verticalSpeed/min",
		"value": 2,
		"file": "meteoricexpansion:entities/air/meteor",
		"condition": { "when": "MinimumMeteorVerticalSpeed", "useValue": "true" },
		"side": "Server"
	},
	{
		"op": "replace",
		"path": "/client/behaviors/1/verticalSpeed/max",
		"value": 20,
		"file": "meteoricexpansion:entities/air/meteor",
		"condition": { "when": "MinimumMeteorVerticalSpeed", "useValue": "true" },
		"side": "Server"
	},
	{
		"op": "replace",
		"path": "/client/size",
		"value": 1,
		"file": "meteoricexpansion:entities/air/meteor",
		"condition": { "when": "FallingMeteorSize", "useValue": "true" },
		"side": "Server"
	},
	{
		"op": "replace",
		"path": "/attributes/sizeVariance",
		"value": 1,
		"file": "meteoricexpansion:entities/air/meteor",
		"condition": { "when": "FallingMeteorSizeVariance", "useValue": "true" },
		"side": "Server"
	},
	{
		"op": "add",
		"path": "/enabled",
		"value": false,
		"file": "meteoricexpansion:entities/air/meteor",
		"condition": { "when": "RockMeteorsOnly", "isValue": "true" },
		"side": "Server"
	},
	{
		"op": "add",
		"path": "/enabled",
		"value": false,
		"file": "meteoricexpansion:entities/air/meteor",
		"condition": { "when": "MeteoricIronMeteorsOnly", "isValue": "true" },
		"side": "Server"
	},
]