[
    {
        "op": "addeach",
        "path": "/selling/list/-",
        "value": [ 
            { "code": "soaplyeandbloom:woodash", "type": "item", "stacksize": 16, "stock": { "avg": 3, "var": 0.5 }, "price": { "avg": 2, "var": 0 } }
        ],
        "file": "game:config/tradelists/trader-commodities.json",
        "side": "Server"
    },
    {
        "op": "addeach",
        "path": "/selling/list/-",
        "value": [ 
            { "code": "game:jug-blue-fired", "type": "block", "stacksize": 1, "stock": { "avg": 3, "var": 1.5 }, "price": { "avg": 4, "var": 0.5 },
              "attributes": {
                    "ucontents": [
                        {
                            "type": "item",
                            "code": "soaplyeandbloom:soapportion-hibiscus",
                            "makefull": true
                        }
                    ]
              }},
            { "code": "game:jug-blue-fired", "type": "block", "stacksize": 1, "stock": { "avg": 3, "var": 1.5 }, "price": { "avg": 4, "var": 0.5 },
              "attributes": {
                    "ucontents": [
                        {
                            "type": "item",
                            "code": "soaplyeandbloom:soapportion-lavender",
                            "makefull": true
                        }
                    ]
              }},
            { "code": "game:jug-blue-fired", "type": "block", "stacksize": 1, "stock": { "avg": 3, "var": 1.5 }, "price": { "avg": 4, "var": 0.5 },
              "attributes": {
                    "ucontents": [
                        {
                            "type": "item",
                            "code": "soaplyeandbloom:soapportion-calendula",
                            "makefull": true
                        }
                    ]
              }}
        ],
        "file": "game:config/tradelists/trader-commodities.json",
        "side": "Server",
        "dependsOn": [ { "modid": "aculinaryartillery", "invert": true } ]
    },
    {
        "op": "addeach",
        "path": "/buying/list/-",
        "value": [ 
            { "code": "soaplyeandbloom:soapbar-hibiscus", "type": "item", "stacksize": 1, "stock": { "avg": 3, "var": 0.5 }, "price": { "avg": 1, "var": 0.25 } },
            { "code": "soaplyeandbloom:soapbar-lavender", "type": "item", "stacksize": 1, "stock": { "avg": 3, "var": 0.5 }, "price": { "avg": 1, "var": 0.25 } },
            { "code": "soaplyeandbloom:soapbar-calendula", "type": "item", "stacksize": 1, "stock": { "avg": 3, "var": 0.5 }, "price": { "avg": 1, "var": 0.25 } }
        ],
        "file": "game:config/tradelists/trader-commodities.json",
        "side": "Server"
    }
]