{
	"enabled": false,
	code: "bed",
	class: "BlockBed",
	entityClassByType: {
		"*-head-*": "Bed",
	},
	variantgroups: [
		{ code: "material", states: ["leather", "linen"] },
		{ code: "part", states: ["head", "feet"] },
		{ code: "side", loadFromProperties: "game:abstract/horizontalorientation" }
	],
	attributes: {
		sleepEfficiencyByType: {
			"*leather-*": 0.5,
			"*linen-*": 1,
			"*lea-*": 0.70833333,
			"*lin-*": 0.79166666
		},
		handbook: {
			groupBy: ["bed-{material}-*"]
		},
	},
	attributesByType: {
		"*": {
			attachableToEntity: {
				categoryCode: "bedroll",
				attachedShapeBySlotCode:{
				"lowerback":{ base: "block/tackbed/tackbed-elk" },
				"@*-(ferus|monoceros)":{ base: "block/tackbed/tackbed-ferus" },
				"cartbedroll":{ base: "block/tackbed/tackbed-cart" },
				"hindstorage-autumnus":{ base: "block/tackbed/tackbed-wyvern" },
				"lowerback-caelestis":{ base: "block/tackbed/tackbed-wyvern" }
				}
			}
		}
	},
	shapeinventoryByType: {
		"*": { base: "block/tackbed/tackbed-inventory" }
	},
	shapebytype: {
		"*-head-north": { base: "block/tackbed/bed-head", rotateY: 90 },
		"*-head-east": { base: "block/tackbed/bed-head", rotateY: 0 },
		"*-head-south": { base: "block/tackbed/bed-head", rotateY: 270 },
		"*-head-west": { base: "block/tackbed/bed-head", rotateY: 180 },
		"*-feet-north": { base: "block/tackbed/bed-feet", rotateY: 90 },
		"*-feet-east": { base: "block/tackbed/bed-feet", rotateY: 0 },
		"*-feet-south": { base: "block/tackbed/bed-feet", rotateY: 270 },
		"*-feet-west": { base: "block/tackbed/bed-feet", rotateY: 180 },
	},
	"texturesByType":{
	"*leather-*": {
		"bottom": { base: "block/leather/plain"},
		"top1": { base: "block/leather/plain"},
		"top2": { base: "block/leather/plain"},
		"side2": { base: "block/leather/poor"},
		"side1": { base: "bblock/leather/poor"},
		"hay": { base: "block/leather/plain"},				
		"mordant": { "base": "block/cloth/linen/mordant" },
		"mordant2": { "base": "block/cloth/pelt" }
	},	
	"*linen-*": {
		"bottom": { base: "block/cloth/linen/normal1"},
		"top1": { base: "block/cloth/linen/white"},
		"top2": { base: "block/cloth/linen/white"},
		"side2": { base: "block/cloth/linen/normal1"},
		"side1": { base: "block/cloth/linen/normal1"},
		"hay": { base: "block/cloth/linen/normal1"},				
		"mordant": { "base": "block/cloth/linen/mordant" },
		"mordant2": { "base": "block/cloth/pelt" }
	}

},
	sidesolid: {
		all: false
	},
	sideopaque: {
		all: false
	},
	heldTpIdleAnimation: "holdunderarm",
	creativeinventory: { "general": ["*-head-north"], "decorative": ["*-head-north"], "tack": ["*-head-north"] },
	blockmaterial: "Wood",
	replaceable: 550,
	resistance: 2,
	lightAbsorption: 0,
	maxStackSize: 2,
	guitransform: {
		scale: 0.75,
	},
	combustibleProps: {
		burnTemperature: 600,
		burnDuration: 40,
	},
	selectionbox: { x1: 0, y1: 0, z1: 0, x2: 1, y2ByType: { "*": 0.25 }, z2: 1},
	collisionbox: { x1: 0, y1: 0, z1: 0, x2: 1, y2ByType: { "*": 0.25 }, z2: 1},
	sounds: {
		"place": "block/planks",
		"hit": "block/planks",
		"break": "block/planks",
		"walk": "walk/wood"
	},
	materialDensity: 600,
	fpHandTransform: {
		translation: { x: 0.31, y: -0.2, z: 0 },
		rotation: { x: -67, y: -33, z: 77 },
		origin: { x: 0.5, y: 0.2, z: 0.5 },
		scale: 1.35
	},
	groundTransform: {
		origin: { x: 0.5, y: 0, z: 0.5 },
		scale: 2
	},
	tpHandTransformByType: {
		"*": {
			translation: { x: -0.55, y: 0.1, z: -0.4 },
			rotation: { x: 0, y: 80, z: 2 },
			scale: 0.9
		}
	},
	guiTransformByType: {
		"*": {
			translation: { x: 0, y: 2, z: 0 },
			origin: { x: 0.5, y: 0.125, z: 0.5 },
			scale: 1.58
		}
	}
}