{"editor": {"collapsedPaths": "Root/main/middle/slanted down,Root/origin/slanted down/Grass1,Root/origin/middle/slanted down/Grass1,Root/main/middle/slanted down/Grass1,Root/main/middle/slanted down/Grass3", "allAngles": false, "entityTextureMode": false}, "textureWidth": 16, "textureHeight": 16, "textureSizes": {"normal": [32, 16], "short-south": [24, 24], "short-north": [24, 24], "material": [16, 16]}, "textures": {"normal": "block/plant/grasscoverage/normal", "short-south": "block/plant/tallgrass/free/short-south", "material": "block/wood/planks/aged/generic1", "aged-side": "block/wood/roof/aged-side", "aged-top": "block/wood/roof/aged-top"}, "elements": [{"name": "main", "from": [0.0, 0.0, 0.0], "to": [0.0, 0.0, 0.0], "rotationOrigin": [8.0, 0.0, 8.0], "faces": {}, "children": [{"name": "middle", "from": [0.0, 0.0, 0.0], "to": [0.0, 0.0, 0.0], "faces": {"north": {"texture": "#normal", "uv": [0.0, 0.0, 0.5, 0.5]}, "east": {"texture": "#normal", "uv": [0.0, 0.0, 0.5, 0.5]}, "south": {"texture": "#normal", "uv": [0.0, 0.0, 0.5, 0.5]}, "west": {"texture": "#normal", "uv": [0.0, 0.0, 0.5, 0.5]}, "up": {"texture": "#normal", "uv": [0.0, 0.0, 0.5, 0.5]}, "down": {"texture": "#normal", "uv": [0.0, 0.0, 0.5, 0.5]}}, "children": [{"name": "0", "from": [16.365, 7.0, -0.05], "to": [20.138, 10.5, 16.05], "rotationOrigin": [8.0, 7.0, 7.95], "rotationZ": 45.0, "faces": {"north": {"texture": "#aged-side", "uv": [0.0, 1.0, 3.5, 4.5]}, "east": {"texture": "#aged-side", "uv": [0.0, 1.0, 16.0, 4.5], "windMode": [-1, -1, -1, -1], "windData": [0, 1, 1, 0]}, "south": {"texture": "#aged-side", "uv": [12.5, 1.0, 16.0, 4.5]}, "west": {"texture": "#aged-side", "uv": [0.0, 1.0, 16.0, 4.5], "windMode": [-1, -1, -1, -1]}, "up": {"texture": "#material", "uv": [0.0, 0.0, 16.0, 3.5], "rotation": 90, "windMode": [-1, -1, -1, -1], "windData": [0, 0, 1, 1]}, "down": {"texture": "#material", "uv": [0.0, 0.0, 16.0, 3.5], "rotation": 270}}, "children": [{"name": "Grass7", "from": [0.0, 3.5, 0.0], "to": [3.773, 5.5, 16.1], "climateColorMap": "climatePlantTint", "seasonColorMap": "seasonalGrass", "rotationOrigin": [0.0, 3.5, 0.0], "faces": {"north": {"texture": "#normal", "uv": [0.0, 0.0, 3.773, 2.0], "snapUv": false}, "east": {"texture": "#normal", "uv": [0.0, 0.0, 16.0, 2.0], "windMode": [-1, -1, -1, -1], "windData": [0, 1, 1, 0]}, "south": {"texture": "#normal", "uv": [0.0, 0.0, 3.5, 2.0], "windMode": [-1, -1, -1, -1], "windData": [0, 0, 1, 0]}, "west": {"texture": "#normal", "uv": [0.0, 0.0, 16.0, 2.0], "windMode": [-1, -1, -1, -1]}, "up": {"texture": "#normal", "uv": [16.0, 0.0, 32.0, 3.5], "rotation": 90, "windMode": [-1, -1, -1, -1], "windData": [0, 0, 1, 1]}, "down": {"texture": "#normal", "uv": [16.0, 0.0, 32.0, 3.5], "rotation": 90, "windMode": [-1, -1, -1, -1]}}}, {"name": "GrassE6", "from": [2.0, 5.5, 0.0], "to": [2.0, 10.5, 16.1], "shade": false, "climateColorMap": "climatePlantTint", "seasonColorMap": "seasonalGrass", "rotationOrigin": [2.0, 5.5, 8.0], "rotationZ": -45.0, "faces": {"east": {"texture": "#short-south", "uv": [5.5, 15.5, 21.5, 20.5], "autoUv": false, "windMode": [-1, 7, 7, -1], "windData": [0, 0, 0, 0]}}}, {"name": "GrassN0", "from": [0.0, 5.5, 1.5], "to": [3.773, 10.5, 1.5], "shade": false, "climateColorMap": "climatePlantTint", "seasonColorMap": "seasonalGrass", "faces": {"north": {"texture": "#short-south", "uv": [5.0, 16.0, 8.773, 21.0], "windMode": [-1, 7, 7, -1], "windData": [0, 0, 1, 1]}}}, {"name": "GrassN1", "from": [0.0, 5.5, 4.5], "to": [3.773, 10.5, 4.5], "shade": false, "climateColorMap": "climatePlantTint", "seasonColorMap": "seasonalGrass", "faces": {"north": {"texture": "#short-south", "uv": [0.0, 16.0, 3.773, 21.0], "windMode": [-1, 7, 7, -1], "windData": [0, 0, 1, 1]}}}, {"name": "GrassN2", "from": [0.0, 5.5, 8], "to": [3.773, 10.5, 8], "shade": false, "climateColorMap": "climatePlantTint", "seasonColorMap": "seasonalGrass", "faces": {"north": {"texture": "#short-south", "uv": [2.0, 16.0, 5.773, 21.0], "windMode": [-1, 7, 7, -1], "windData": [0, 0, 1, 1]}}}, {"name": "GrassN3", "from": [0.0, 5.5, 11.5], "to": [3.773, 10.5, 11.5], "shade": false, "climateColorMap": "climatePlantTint", "seasonColorMap": "seasonalGrass", "faces": {"north": {"texture": "#short-south", "uv": [3.0, 16.0, 6.773, 21.0], "windMode": [-1, 7, 7, -1], "windData": [0, 0, 1, 1]}}}, {"name": "GrassN4", "from": [0.0, 5.5, 14.5], "to": [3.773, 10.5, 14.5], "shade": false, "climateColorMap": "climatePlantTint", "seasonColorMap": "seasonalGrass", "faces": {"north": {"texture": "#short-south", "uv": [5.0, 16.0, 8.773, 21.0], "windMode": [-1, 7, 7, -1], "windData": [0, 0, 1, 1]}}}]}, {"name": "1", "from": [12.592, 7.0, -0.05], "to": [16.365, 10.5, 16.05], "rotationOrigin": [8.0, 7.0, 7.95], "rotationZ": 45.0, "faces": {"north": {"texture": "#aged-side", "uv": [3.5, 1.0, 7.0, 4.5]}, "east": {"texture": "#aged-side", "uv": [0.0, 1.0, 16.0, 4.5], "windMode": [-1, -1, -1, -1], "windData": [0, 1, 1, 0]}, "south": {"texture": "#aged-side", "uv": [9.5, 1.0, 13.0, 4.5]}, "west": {"texture": "#aged-side", "uv": [0.0, 1.0, 16.0, 4.5], "windMode": [-1, -1, -1, -1]}, "up": {"texture": "#material", "uv": [0.0, 3.5, 16.0, 7.0], "rotation": 90, "windMode": [-1, -1, -1, -1], "windData": [0, 0, 1, 1]}, "down": {"texture": "#material", "uv": [0.0, 3.5, 16.0, 7.0], "rotation": 270}}, "children": [{"name": "Grass6", "from": [0.0, 3.5, 0.0], "to": [3.773, 5.5, 16.1], "climateColorMap": "climatePlantTint", "seasonColorMap": "seasonalGrass", "rotationOrigin": [0.0, 3.5, 0.0], "faces": {"north": {"texture": "#normal", "uv": [3.773, 0.0, 7.546, 2.0], "snapUv": false}, "east": {"texture": "#normal", "uv": [0.0, 0.0, 16.0, 2.0], "windMode": [-1, -1, -1, -1], "windData": [0, 1, 1, 0]}, "south": {"texture": "#normal", "uv": [0.0, 0.0, 3.5, 2.0], "windMode": [-1, -1, -1, -1], "windData": [0, 0, 1, 0]}, "west": {"texture": "#normal", "uv": [0.0, 0.0, 16.0, 2.0], "windMode": [-1, -1, -1, -1]}, "up": {"texture": "#normal", "uv": [16.0, 4.0, 32.0, 7.5], "rotation": 90, "windMode": [-1, -1, -1, -1], "windData": [0, 0, 1, 1]}, "down": {"texture": "#normal", "uv": [16.0, 4.0, 32.0, 7.5], "rotation": 90, "windMode": [-1, -1, -1, -1]}}}, {"name": "GrassE5", "from": [2.0, 5.5, 0.0], "to": [2.0, 10.5, 16.1], "shade": false, "climateColorMap": "climatePlantTint", "seasonColorMap": "seasonalGrass", "rotationOrigin": [2.0, 5.5, 8.0], "rotationZ": -45.0, "faces": {"east": {"texture": "#short-south", "uv": [0.5, 16.0, 16.5, 21.0], "autoUv": false, "windMode": [-1, 7, 7, -1], "windData": [0, 0, 0, 0]}}}, {"name": "GrassN0", "from": [0.0, 5.5, 1.5], "to": [3.773, 10.5, 1.5], "shade": false, "climateColorMap": "climatePlantTint", "seasonColorMap": "seasonalGrass", "faces": {"north": {"texture": "#short-south", "uv": [8.773, 16.0, 12.546, 21.0], "windMode": [-1, 7, 7, -1], "windData": [0, 0, 1, 1]}}}, {"name": "GrassN1", "from": [0.0, 5.5, 4.5], "to": [3.773, 10.5, 4.5], "shade": false, "climateColorMap": "climatePlantTint", "seasonColorMap": "seasonalGrass", "faces": {"north": {"texture": "#short-south", "uv": [3.773, 16.0, 7.546, 21.0], "windMode": [-1, 7, 7, -1], "windData": [0, 0, 1, 1]}}}, {"name": "GrassN2", "from": [0.0, 5.5, 8], "to": [3.773, 10.5, 8], "shade": false, "climateColorMap": "climatePlantTint", "seasonColorMap": "seasonalGrass", "faces": {"north": {"texture": "#short-south", "uv": [5.773, 16.0, 9.546, 21.0], "windMode": [-1, 7, 7, -1], "windData": [0, 0, 1, 1]}}}, {"name": "GrassN3", "from": [0.0, 5.5, 11.5], "to": [3.773, 10.5, 11.5], "shade": false, "climateColorMap": "climatePlantTint", "seasonColorMap": "seasonalGrass", "faces": {"north": {"texture": "#short-south", "uv": [6.773, 16.0, 10.546, 21.0], "windMode": [-1, 7, 7, -1], "windData": [0, 0, 1, 1]}}}, {"name": "GrassN4", "from": [0.0, 5.5, 14.5], "to": [3.773, 10.5, 14.5], "shade": false, "climateColorMap": "climatePlantTint", "seasonColorMap": "seasonalGrass", "faces": {"north": {"texture": "#short-south", "uv": [8.773, 16.0, 12.546, 21.0], "windMode": [-1, 7, 7, -1], "windData": [0, 0, 1, 1]}}}]}, {"name": "2", "from": [8.819, 7.0, -0.05], "to": [12.592, 10.5, 16.05], "rotationOrigin": [8.0, 7.0, 7.95], "rotationZ": 45.0, "faces": {"north": {"texture": "#aged-side", "uv": [7.0, 1.0, 10.5, 4.5]}, "east": {"texture": "#aged-side", "uv": [0.0, 1.0, 16.0, 4.5], "windMode": [-1, -1, -1, -1], "windData": [0, 1, 1, 0]}, "south": {"texture": "#aged-side", "uv": [5.5, 1.0, 9.0, 4.5]}, "west": {"texture": "#aged-side", "uv": [0.0, 1.0, 16.0, 4.5], "windMode": [-1, -1, -1, -1]}, "up": {"texture": "#material", "uv": [0.0, 7.0, 16.0, 10.5], "rotation": 90, "windMode": [-1, -1, -1, -1], "windData": [0, 0, 1, 1]}, "down": {"texture": "#material", "uv": [0.0, 7.0, 16.0, 10.5], "rotation": 270}}, "children": [{"name": "Grass5", "from": [0.0, 3.5, 0.0], "to": [3.773, 5.5, 16.1], "climateColorMap": "climatePlantTint", "seasonColorMap": "seasonalGrass", "rotationOrigin": [0.0, 3.5, 0.0], "faces": {"north": {"texture": "#normal", "uv": [0.0, 0.0, 3.5, 2.0]}, "east": {"texture": "#normal", "uv": [0.0, 0.0, 16.0, 2.0], "windMode": [-1, -1, -1, -1], "windData": [0, 1, 1, 0]}, "south": {"texture": "#normal", "uv": [0.0, 0.0, 3.5, 2.0], "windMode": [-1, -1, -1, -1], "windData": [0, 0, 1, 0]}, "west": {"texture": "#normal", "uv": [0.0, 0.0, 16.0, 2.0], "windMode": [-1, -1, -1, -1]}, "up": {"texture": "#normal", "uv": [16.0, 7.5, 32.0, 11.0], "rotation": 90, "windMode": [-1, -1, -1, -1], "windData": [0, 0, 1, 1]}, "down": {"texture": "#normal", "uv": [16.0, 7.5, 32.0, 11.0], "rotation": 90, "windMode": [-1, -1, -1, -1]}}}, {"name": "GrassE4", "from": [1.0, 5.5, 0.0], "to": [1.0, 10.5, 16.1], "shade": false, "climateColorMap": "climatePlantTint", "seasonColorMap": "seasonalGrass", "rotationOrigin": [1.0, 5.5, 8.0], "rotationZ": -45.0, "faces": {"east": {"texture": "#short-south", "uv": [6.5, 16.0, 22.5, 21.0], "autoUv": false, "windMode": [-1, 7, 7, -1], "windData": [0, 0, 0, 0]}}}, {"name": "GrassN0", "from": [0.0, 5.5, 1.5], "to": [3.773, 10.5, 1.5], "shade": false, "climateColorMap": "climatePlantTint", "seasonColorMap": "seasonalGrass", "faces": {"north": {"texture": "#short-south", "uv": [12.546, 16.0, 16.319000000000003, 21.0], "windMode": [-1, 7, 7, -1], "windData": [0, 0, 1, 1]}}}, {"name": "GrassN1", "from": [0.0, 5.5, 4.5], "to": [3.773, 10.5, 4.5], "shade": false, "climateColorMap": "climatePlantTint", "seasonColorMap": "seasonalGrass", "faces": {"north": {"texture": "#short-south", "uv": [7.546, 16.0, 11.319, 21.0], "windMode": [-1, 7, 7, -1], "windData": [0, 0, 1, 1]}}}, {"name": "GrassN2", "from": [0.0, 5.5, 8], "to": [3.773, 10.5, 8], "shade": false, "climateColorMap": "climatePlantTint", "seasonColorMap": "seasonalGrass", "faces": {"north": {"texture": "#short-south", "uv": [9.546, 16.0, 13.319, 21.0], "windMode": [-1, 7, 7, -1], "windData": [0, 0, 1, 1]}}}, {"name": "GrassN3", "from": [0.0, 5.5, 11.5], "to": [3.773, 10.5, 11.5], "shade": false, "climateColorMap": "climatePlantTint", "seasonColorMap": "seasonalGrass", "faces": {"north": {"texture": "#short-south", "uv": [10.546, 16.0, 14.319, 21.0], "windMode": [-1, 7, 7, -1], "windData": [0, 0, 1, 1]}}}, {"name": "GrassN4", "from": [0.0, 5.5, 14.5], "to": [3.773, 10.5, 14.5], "shade": false, "climateColorMap": "climatePlantTint", "seasonColorMap": "seasonalGrass", "faces": {"north": {"texture": "#short-south", "uv": [12.546, 16.0, 16.319000000000003, 21.0], "windMode": [-1, 7, 7, -1], "windData": [0, 0, 1, 1]}}}]}, {"name": "3", "from": [5.046, 7.0, -0.05], "to": [8.819, 10.5, 16.05], "rotationOrigin": [8.0, 7.0, 7.95], "rotationZ": 45.0, "faces": {"north": {"texture": "#aged-side", "uv": [10.5, 1.0, 14.0, 4.5]}, "east": {"texture": "#aged-side", "uv": [0.0, 1.0, 16.0, 4.5], "windMode": [-1, -1, -1, -1], "windData": [0, 1, 1, 0]}, "south": {"texture": "#aged-side", "uv": [2.0, 1.0, 5.5, 4.5]}, "west": {"texture": "#aged-side", "uv": [0.0, 1.0, 16.0, 4.5], "windMode": [-1, -1, -1, -1]}, "up": {"texture": "#material", "uv": [0.0, 10.5, 16.0, 14.0], "rotation": 90, "windMode": [-1, -1, -1, -1], "windData": [0, 0, 1, 1]}, "down": {"texture": "#material", "uv": [0.0, 10.5, 16.0, 14.0], "rotation": 270}}, "children": [{"name": "Grass5", "from": [0.0, 3.5, 0.0], "to": [3.773, 5.5, 16.1], "climateColorMap": "climatePlantTint", "seasonColorMap": "seasonalGrass", "rotationOrigin": [0.0, 3.5, 0.0], "faces": {"north": {"texture": "#normal", "uv": [0.0, 0.0, 3.5, 2.0]}, "east": {"texture": "#normal", "uv": [0.0, 0.0, 16.0, 2.0], "windMode": [-1, -1, -1, -1], "windData": [0, 1, 1, 0]}, "south": {"texture": "#normal", "uv": [0.0, 0.0, 3.5, 2.0], "windMode": [-1, -1, -1, -1], "windData": [0, 0, 1, 0]}, "west": {"texture": "#normal", "uv": [0.0, 0.0, 16.0, 2.0], "windMode": [-1, -1, -1, -1]}, "up": {"texture": "#normal", "uv": [16.0, 11.5, 32.0, 15.0], "rotation": 90, "windMode": [-1, -1, -1, -1], "windData": [0, 0, 1, 1]}, "down": {"texture": "#normal", "uv": [16.0, 11.5, 32.0, 15.0], "rotation": 90, "windMode": [-1, -1, -1, -1]}}}, {"name": "GrassN0", "from": [0.0, 5.5, 1.5], "to": [3.773, 10.5, 1.5], "shade": false, "climateColorMap": "climatePlantTint", "seasonColorMap": "seasonalGrass", "faces": {"north": {"texture": "#short-south", "uv": [16.319000000000003, 16.0, 20.092, 21.0], "windMode": [-1, 7, 7, -1], "windData": [0, 0, 1, 1]}}}, {"name": "GrassN1", "from": [0.0, 5.5, 4.5], "to": [3.773, 10.5, 4.5], "shade": false, "climateColorMap": "climatePlantTint", "seasonColorMap": "seasonalGrass", "faces": {"north": {"texture": "#short-south", "uv": [11.319, 16.0, 15.092, 21.0], "windMode": [-1, 7, 7, -1], "windData": [0, 0, 1, 1]}}}, {"name": "GrassN2", "from": [0.0, 5.5, 8], "to": [3.773, 10.5, 8], "shade": false, "climateColorMap": "climatePlantTint", "seasonColorMap": "seasonalGrass", "faces": {"north": {"texture": "#short-south", "uv": [13.319, 16.0, 17.092, 21.0], "windMode": [-1, 7, 7, -1], "windData": [0, 0, 1, 1]}}}, {"name": "GrassN3", "from": [0.0, 5.5, 11.5], "to": [3.773, 10.5, 11.5], "shade": false, "climateColorMap": "climatePlantTint", "seasonColorMap": "seasonalGrass", "faces": {"north": {"texture": "#short-south", "uv": [14.319, 16.0, 18.092, 21.0], "windMode": [-1, 7, 7, -1], "windData": [0, 0, 1, 1]}}}, {"name": "GrassN4", "from": [0.0, 5.5, 14.5], "to": [3.773, 10.5, 14.5], "shade": false, "climateColorMap": "climatePlantTint", "seasonColorMap": "seasonalGrass", "faces": {"north": {"texture": "#short-south", "uv": [16.319000000000003, 16.0, 20.092, 21.0], "windMode": [-1, 7, 7, -1], "windData": [0, 0, 1, 1]}}}]}, {"name": "4", "from": [1.273, 7.0, -0.05], "to": [5.046, 10.5, 16.05], "rotationOrigin": [8.0, 7.0, 7.95], "rotationZ": 45.0, "faces": {"north": {"texture": "#aged-side", "uv": [12.5, 1.0, 16.0, 4.5]}, "east": {"texture": "#aged-side", "uv": [0.0, 1.0, 16.0, 4.5], "windMode": [-1, -1, -1, -1], "windData": [0, 1, 1, 0]}, "south": {"texture": "#aged-side", "uv": [0.0, 1.0, 3.5, 4.5]}, "west": {"texture": "#aged-side", "uv": [0.0, 1.0, 16.0, 4.5], "windMode": [-1, -1, -1, -1]}, "up": {"texture": "#material", "uv": [0.0, 9.0, 16.0, 12.5], "rotation": 90, "windMode": [-1, -1, -1, -1], "windData": [0, 0, 1, 1]}, "down": {"texture": "#material", "uv": [0.0, 9.0, 16.0, 12.5], "rotation": 270}}, "children": [{"name": "Grass4", "from": [0.0, 3.5, 0.0], "to": [3.773, 5.5, 16.1], "climateColorMap": "climatePlantTint", "seasonColorMap": "seasonalGrass", "rotationOrigin": [0.0, 3.5, 0.0], "faces": {"north": {"texture": "#normal", "uv": [0.0, 0.0, 3.5, 2.0]}, "east": {"texture": "#normal", "uv": [0.0, 0.0, 16.0, 2.0], "windMode": [-1, -1, -1, -1], "windData": [0, 1, 1, 0]}, "south": {"texture": "#normal", "uv": [0.0, 0.0, 3.5, 2.0], "windMode": [-1, -1, -1, -1], "windData": [0, 0, 1, 0]}, "west": {"texture": "#normal", "uv": [0.0, 0.0, 16.0, 2.0], "windMode": [-1, -1, -1, -1]}, "up": {"texture": "#normal", "uv": [16.0, 0.0, 32.0, 3.5], "rotation": 90, "windMode": [-1, -1, -1, -1], "windData": [0, 0, 1, 1]}, "down": {"texture": "#normal", "uv": [16.0, 0.0, 32.0, 3.5], "rotation": 90, "windMode": [-1, -1, -1, -1]}}}, {"name": "GrassE3", "from": [3.0, 5.5, 0.0], "to": [3.0, 10.5, 16.1], "shade": false, "climateColorMap": "climatePlantTint", "seasonColorMap": "seasonalGrass", "rotationOrigin": [3.0, 5.5, 8.0], "rotationZ": -45.0, "faces": {"east": {"texture": "#short-south", "uv": [4.0, 16.0, 20.0, 21.0], "autoUv": false, "windMode": [-1, 7, 7, -1], "windData": [0, 0, 0, 0]}}}, {"name": "GrassN0", "from": [0.0, 5.5, 1.5], "to": [3.773, 10.5, 1.5], "shade": false, "climateColorMap": "climatePlantTint", "seasonColorMap": "seasonalGrass", "faces": {"north": {"texture": "#short-south", "uv": [20.092, 16.0, 23.865000000000002, 21.0], "windMode": [-1, 7, 7, -1], "windData": [0, 0, 1, 1]}}}, {"name": "GrassN1", "from": [0.0, 5.5, 4.5], "to": [3.773, 10.5, 4.5], "shade": false, "climateColorMap": "climatePlantTint", "seasonColorMap": "seasonalGrass", "faces": {"north": {"texture": "#short-south", "uv": [15.092, 16.0, 18.865000000000002, 21.0], "windMode": [-1, 7, 7, -1], "windData": [0, 0, 1, 1]}}}, {"name": "GrassN2", "from": [0.0, 5.5, 8], "to": [3.773, 10.5, 8], "shade": false, "climateColorMap": "climatePlantTint", "seasonColorMap": "seasonalGrass", "faces": {"north": {"texture": "#short-south", "uv": [17.092, 16.0, 20.865000000000002, 21.0], "windMode": [-1, 7, 7, -1], "windData": [0, 0, 1, 1]}}}, {"name": "GrassN3", "from": [0.0, 5.5, 11.5], "to": [3.773, 10.5, 11.5], "shade": false, "climateColorMap": "climatePlantTint", "seasonColorMap": "seasonalGrass", "faces": {"north": {"texture": "#short-south", "uv": [18.092, 16.0, 21.865000000000002, 21.0], "windMode": [-1, 7, 7, -1], "windData": [0, 0, 1, 1]}}}, {"name": "GrassN4", "from": [0.0, 5.5, 14.5], "to": [3.773, 10.5, 14.5], "shade": false, "climateColorMap": "climatePlantTint", "seasonColorMap": "seasonalGrass", "faces": {"north": {"texture": "#short-south", "uv": [20.092, 16.0, 23.865000000000002, 21.0], "windMode": [-1, 7, 7, -1], "windData": [0, 0, 1, 1]}}}]}, {"name": "5", "from": [-2.48, 7.0, -0.05], "to": [1.293, 10.5, 16.05], "rotationOrigin": [8.0, 7.0, 7.95], "rotationZ": 45.0, "faces": {"north": {"texture": "#aged-side", "uv": [6.5, 1.0, 10.0, 4.5]}, "east": {"texture": "#aged-side", "uv": [0.0, 1.0, 16.0, 4.5], "windMode": [-1, -1, -1, -1], "windData": [0, 1, 1, 0]}, "south": {"texture": "#aged-side", "uv": [5.0, 1.0, 8.5, 4.5]}, "west": {"texture": "#aged-side", "uv": [0.0, 1.0, 16.0, 4.5], "windMode": [-1, -1, -1, -1]}, "up": {"texture": "#material", "uv": [0.0, 12.5, 16.0, 16.0], "rotation": 90, "windMode": [-1, -1, -1, -1], "windData": [0, 0, 1, 1]}, "down": {"texture": "#material", "uv": [0.0, 12.5, 16.0, 16.0], "rotation": 270}}, "children": [{"name": "Grass3", "from": [2.0, 3.5, 0.0], "to": [3.77, 5.5, 16.1], "climateColorMap": "climatePlantTint", "seasonColorMap": "seasonalGrass", "rotationOrigin": [2.0, 3.5, 0.0], "faces": {"north": {"texture": "#normal", "uv": [0.0, 0.0, 1.5, 2.0], "autoUv": false}, "east": {"texture": "#normal", "uv": [0.0, 0.0, 16.0, 2.0], "windMode": [-1, -1, -1, -1], "windData": [0, 1, 1, 0]}, "south": {"texture": "#normal", "uv": [0.0, 0.0, 1.5, 2.0], "windMode": [-1, -1, -1, -1], "windData": [0, 0, 1, 0]}, "west": {"texture": "#normal", "uv": [0.0, 0.0, 16.0, 2.0], "windMode": [-1, -1, -1, -1]}, "up": {"texture": "#normal", "uv": [16.0, 4.0, 32.0, 5.5], "rotation": 90, "windMode": [-1, -1, -1, -1], "windData": [0, 0, 0, 0]}, "down": {"texture": "#normal", "uv": [16.0, 4.0, 32.0, 5.5], "rotation": 90, "windMode": [-1, -1, -1, -1]}}}, {"name": "GrassE2", "from": [3.0, 5.5, 0.0], "to": [3.0, 10.5, 16.1], "shade": false, "climateColorMap": "climatePlantTint", "seasonColorMap": "seasonalGrass", "rotationOrigin": [3.0, 5.5, 8.0], "rotationZ": -45.0, "faces": {"east": {"texture": "#short-south", "uv": [2.0, 16.0, 18.0, 21.0], "autoUv": false, "windMode": [-1, 7, 7, -1], "windData": [0, 0, 0, 0]}}}, {"name": "Edge", "from": [0.0, 3.5, 0.0], "to": [2.0, 6.5, 16.1], "rotationOrigin": [0.0, 3.5, 0.0], "faces": {"north": {"texture": "#aged-top", "uv": [0.0, 0.0, 2.0, 3.0]}, "east": {"texture": "#aged-top", "uv": [0.0, 0.0, 16.0, 3.0], "rotation": 180}, "south": {"texture": "#aged-top", "uv": [14.0, 0.0, 16.0, 3.0]}, "west": {"texture": "#aged-top", "uv": [0.0, 0.0, 16.0, 3.0]}, "up": {"texture": "#aged-top", "uv": [0.0, 0.0, 16.0, 2.0], "rotation": 90}, "down": {"texture": "#aged-top", "uv": [0.0, 0.0, 16.0, 2.0], "rotation": 90, "windMode": [-1, -1, -1, -1]}}}, {"name": "GrassN0", "from": [2.003, 5.5, 1.5], "to": [3.773, 10.5, 1.5], "shade": false, "climateColorMap": "climatePlantTint", "seasonColorMap": "seasonalGrass", "faces": {"north": {"texture": "#short-south", "uv": [23.865000000000002, 16.0, 25.635, 21.0], "windMode": [-1, 7, 7, -1], "windData": [0, 0, 1, 1]}}}, {"name": "GrassN1", "from": [2.003, 5.5, 4.5], "to": [3.773, 10.5, 4.5], "shade": false, "climateColorMap": "climatePlantTint", "seasonColorMap": "seasonalGrass", "faces": {"north": {"texture": "#short-south", "uv": [18.865000000000002, 16.0, 20.635, 21.0], "windMode": [-1, 7, 7, -1], "windData": [0, 0, 1, 1]}}}, {"name": "GrassN2", "from": [2.003, 5.5, 8], "to": [3.773, 10.5, 8], "shade": false, "climateColorMap": "climatePlantTint", "seasonColorMap": "seasonalGrass", "faces": {"north": {"texture": "#short-south", "uv": [20.865000000000002, 16.0, 22.635, 21.0], "windMode": [-1, 7, 7, -1], "windData": [0, 0, 1, 1]}}}, {"name": "GrassN3", "from": [2.003, 5.5, 11.5], "to": [3.773, 10.5, 11.5], "shade": false, "climateColorMap": "climatePlantTint", "seasonColorMap": "seasonalGrass", "faces": {"north": {"texture": "#short-south", "uv": [21.865000000000002, 16.0, 23.635, 21.0], "windMode": [-1, 7, 7, -1], "windData": [0, 0, 1, 1]}}}, {"name": "GrassN4", "from": [2.003, 5.5, 14.5], "to": [3.773, 10.5, 14.5], "shade": false, "climateColorMap": "climatePlantTint", "seasonColorMap": "seasonalGrass", "faces": {"north": {"texture": "#short-south", "uv": [23.865000000000002, 16.0, 25.635, 21.0], "windMode": [-1, 7, 7, -1], "windData": [0, 0, 1, 1]}}}]}]}]}]}