{"editor": {"collapsedPaths": "Root/main/middle/slanted down8,Root/main/middle/slanted down11,Root/main/middle/slanted down9,Root/main/middle/slanted down,Root/main/middle/slanted down7,Root/origin/slanted down/Grass1,Root/main/middle/slanted down10,Root/main/lower2,Root/origin/middle/slanted down/Grass1,Root/main/middle/slanted down/Grass1,Root/main/middle/slanted down/Grass3", "allAngles": false, "entityTextureMode": false}, "textureWidth": 16, "textureHeight": 16, "textureSizes": {"normal": [32, 16], "short-south": [24, 24], "short-north": [24, 24], "material": [16, 16]}, "textures": {"normal": "block/plant/grasscoverage/normal", "short-south": "block/plant/tallgrass/free/short-south", "material": "block/wood/planks/aged/generic1", "aged-side": "block/wood/roof/aged-side", "aged-top": "block/wood/roof/aged-top"}, "elements": [{"name": "main", "from": [0.0, 0.0, 0.0], "to": [0.0, 0.0, 0.0], "rotationOrigin": [8.0, 0.0, 8.0], "faces": {}, "children": [{"name": "lower", "from": [0.0, -4.0, 0.0], "to": [0.0, -4.0, 0.0], "rotationOrigin": [0.0, -4.0, 0.0], "faces": {"north": {"texture": "#normal", "uv": [0.0, 0.0, 0.5, 0.5]}, "east": {"texture": "#normal", "uv": [0.0, 0.0, 0.5, 0.5]}, "south": {"texture": "#normal", "uv": [0.0, 0.0, 0.5, 0.5]}, "west": {"texture": "#normal", "uv": [0.0, 0.0, 0.5, 0.5]}, "up": {"texture": "#normal", "uv": [0.0, 0.0, 0.5, 0.5]}, "down": {"texture": "#normal", "uv": [0.0, 0.0, 0.5, 0.5]}}, "children": [{"name": "0", "from": [14.889, 7.0, -0.05], "to": [17.87, 10.5, 16.05], "rotationOrigin": [8.0, 7.0, 7.95], "rotationZ": 26.6, "faces": {"north": {"texture": "#aged-side", "uv": [0.0, 1.0, 2.5, 4.5]}, "east": {"texture": "#aged-side", "uv": [0.0, 1.0, 16.0, 4.5], "windMode": [-1, -1, -1, -1], "windData": [0, 1, 1, 0]}, "south": {"texture": "#aged-side", "uv": [13.5, 1.0, 16.0, 4.5]}, "west": {"texture": "#aged-side", "uv": [0.0, 1.0, 16.0, 4.5], "windMode": [-1, -1, -1, -1]}, "up": {"texture": "#material", "uv": [0.0, 0.0, 16.0, 2.5], "rotation": 90, "windMode": [-1, -1, -1, -1], "windData": [0, 0, 1, 1]}, "down": {"texture": "#material", "uv": [0.0, 0.0, 16.0, 2.5], "rotation": 270}}, "children": [{"name": "Grass7", "from": [0.0, 3.5, 0.0], "to": [2.9816, 5.5, 16.1], "climateColorMap": "climatePlantTint", "seasonColorMap": "seasonalGrass", "rotationOrigin": [0.0, 3.5, 0.0], "faces": {"north": {"texture": "#normal", "uv": [0.0, 0.0, 2.5, 2.0]}, "east": {"texture": "#normal", "uv": [0.0, 0.0, 16.0, 2.0], "windMode": [-1, -1, -1, -1], "windData": [0, 1, 1, 0]}, "south": {"texture": "#normal", "uv": [13.02, 0.0, 16.0, 2.0], "autoUv": false, "windMode": [-1, -1, -1, -1], "windData": [0, 0, 1, 0]}, "west": {"texture": "#normal", "uv": [0.0, 0.0, 16.0, 2.0], "windMode": [-1, -1, -1, -1]}, "up": {"texture": "#normal", "uv": [16.0, 0.0, 32.0, 2.5], "rotation": 90, "windMode": [-1, -1, -1, -1], "windData": [0, 0, 1, 1]}, "down": {"texture": "#normal", "uv": [16.0, 0.0, 32.0, 2.5], "rotation": 90, "windMode": [-1, -1, -1, -1]}}}, {"name": "GrassE6", "from": [2.0, 5.5, 0.0], "to": [2.0, 10.5, 16.1], "shade": false, "climateColorMap": "climatePlantTint", "seasonColorMap": "seasonalGrass", "rotationOrigin": [2.0, 5.5, 8.0], "rotationZ": -26.6, "faces": {"east": {"texture": "#short-south", "uv": [5.5, 15.5, 21.5, 20.5], "autoUv": false, "windMode": [-1, 7, 7, -1], "windData": [0, 0, 0, 0]}}}, {"name": "GrassN0", "from": [0.7914000000000003, 5.5, 1.5], "to": [3.773, 10.5, 1.5], "shade": false, "climateColorMap": "climatePlantTint", "seasonColorMap": "seasonalGrass", "faces": {"north": {"texture": "#short-south", "uv": [0.0, 16.0, 2.9816, 21.0], "windMode": [-1, 7, 7, -1], "windData": [0, 0, 1, 1]}}}, {"name": "GrassN1", "from": [0.7914000000000003, 5.5, 4.5], "to": [3.773, 10.5, 4.5], "shade": false, "climateColorMap": "climatePlantTint", "seasonColorMap": "seasonalGrass", "faces": {"north": {"texture": "#short-south", "uv": [2.0, 16.0, 4.9816, 21.0], "windMode": [-1, 7, 7, -1], "windData": [0, 0, 1, 1]}}}, {"name": "GrassN2", "from": [0.7914000000000003, 5.5, 8], "to": [3.773, 10.5, 8], "shade": false, "climateColorMap": "climatePlantTint", "seasonColorMap": "seasonalGrass", "faces": {"north": {"texture": "#short-south", "uv": [3.0, 16.0, 5.9816, 21.0], "windMode": [-1, 7, 7, -1], "windData": [0, 0, 1, 1]}}}, {"name": "GrassN3", "from": [0.7914000000000003, 5.5, 11.5], "to": [3.773, 10.5, 11.5], "shade": false, "climateColorMap": "climatePlantTint", "seasonColorMap": "seasonalGrass", "faces": {"north": {"texture": "#short-south", "uv": [1.0, 16.0, 3.9816, 21.0], "windMode": [-1, 7, 7, -1], "windData": [0, 0, 1, 1]}}}, {"name": "GrassN4", "from": [0.7914000000000003, 5.5, 14.5], "to": [3.773, 10.5, 14.5], "shade": false, "climateColorMap": "climatePlantTint", "seasonColorMap": "seasonalGrass", "faces": {"north": {"texture": "#short-south", "uv": [2.0, 16.0, 4.9816, 21.0], "windMode": [-1, 7, 7, -1], "windData": [0, 0, 1, 1]}}}]}, {"name": "1", "from": [11.908, 7.0, -0.05], "to": [14.889, 10.5, 16.05], "rotationOrigin": [8.0, 7.0, 7.95], "rotationZ": 26.6, "faces": {"north": {"texture": "#aged-side", "uv": [2.5, 1.0, 5.0, 4.5]}, "east": {"texture": "#aged-side", "uv": [0.0, 1.0, 16.0, 4.5], "windMode": [-1, -1, -1, -1], "windData": [0, 1, 1, 0]}, "south": {"texture": "#aged-side", "uv": [11.0, 1.0, 13.5, 4.5]}, "west": {"texture": "#aged-side", "uv": [0.0, 1.0, 16.0, 4.5], "windMode": [-1, -1, -1, -1]}, "up": {"texture": "#material", "uv": [0.0, 2.5, 16.0, 5.0], "rotation": 90, "windMode": [-1, -1, -1, -1], "windData": [0, 0, 1, 1]}, "down": {"texture": "#material", "uv": [0.0, 2.5, 16.0, 5.0], "rotation": 270}}, "children": [{"name": "Grass6", "from": [0.0, 3.5, 0.0], "to": [2.9816, 5.5, 16.1], "climateColorMap": "climatePlantTint", "seasonColorMap": "seasonalGrass", "rotationOrigin": [0.0, 3.5, 0.0], "faces": {"north": {"texture": "#normal", "uv": [2.98, 0.0, 5.9616, 2.0], "snapUv": false}, "east": {"texture": "#normal", "uv": [0.0, 0.0, 16.0, 2.0], "windMode": [-1, -1, -1, -1], "windData": [0, 1, 1, 0]}, "south": {"texture": "#normal", "uv": [10.04, 0.0, 13.0216, 2.0], "snapUv": false, "windMode": [-1, -1, -1, -1], "windData": [0, 0, 1, 0]}, "west": {"texture": "#normal", "uv": [0.0, 0.0, 16.0, 2.0], "windMode": [-1, -1, -1, -1]}, "up": {"texture": "#normal", "uv": [16.0, 3.0, 32.0, 5.5], "rotation": 90, "windMode": [-1, -1, -1, -1], "windData": [0, 0, 1, 1]}, "down": {"texture": "#normal", "uv": [16.0, 3.0, 32.0, 5.5], "rotation": 90, "windMode": [-1, -1, -1, -1]}}}, {"name": "GrassE5", "from": [2.0, 5.5, 0.0], "to": [2.0, 10.5, 16.1], "shade": false, "climateColorMap": "climatePlantTint", "seasonColorMap": "seasonalGrass", "rotationOrigin": [2.0, 5.5, 8.0], "rotationZ": -26.6, "faces": {"east": {"texture": "#short-south", "uv": [0.5, 16.0, 16.5, 21.0], "autoUv": false, "windMode": [-1, 7, 7, -1], "windData": [0, 0, 0, 0]}}}, {"name": "GrassN0", "from": [0.7914000000000003, 5.5, 1.5], "to": [3.773, 10.5, 1.5], "shade": false, "climateColorMap": "climatePlantTint", "seasonColorMap": "seasonalGrass", "faces": {"north": {"texture": "#short-south", "uv": [3.773, 16.0, 6.7546, 21.0], "windMode": [-1, 7, 7, -1], "windData": [0, 0, 1, 1]}}}, {"name": "GrassN1", "from": [0.7914000000000003, 5.5, 4.5], "to": [3.773, 10.5, 4.5], "shade": false, "climateColorMap": "climatePlantTint", "seasonColorMap": "seasonalGrass", "faces": {"north": {"texture": "#short-south", "uv": [5.773, 16.0, 8.7546, 21.0], "windMode": [-1, 7, 7, -1], "windData": [0, 0, 1, 1]}}}, {"name": "GrassN2", "from": [0.7914000000000003, 5.5, 8], "to": [3.773, 10.5, 8], "shade": false, "climateColorMap": "climatePlantTint", "seasonColorMap": "seasonalGrass", "faces": {"north": {"texture": "#short-south", "uv": [6.773, 16.0, 9.7546, 21.0], "windMode": [-1, 7, 7, -1], "windData": [0, 0, 1, 1]}}}, {"name": "GrassN3", "from": [0.7914000000000003, 5.5, 11.5], "to": [3.773, 10.5, 11.5], "shade": false, "climateColorMap": "climatePlantTint", "seasonColorMap": "seasonalGrass", "faces": {"north": {"texture": "#short-south", "uv": [4.773, 16.0, 7.7546, 21.0], "windMode": [-1, 7, 7, -1], "windData": [0, 0, 1, 1]}}}, {"name": "GrassN4", "from": [0.7914000000000003, 5.5, 14.5], "to": [3.773, 10.5, 14.5], "shade": false, "climateColorMap": "climatePlantTint", "seasonColorMap": "seasonalGrass", "faces": {"north": {"texture": "#short-south", "uv": [5.773, 16.0, 8.7546, 21.0], "windMode": [-1, 7, 7, -1], "windData": [0, 0, 1, 1]}}}]}, {"name": "2", "from": [8.926, 7.0, -0.05], "to": [11.907, 10.5, 16.05], "rotationOrigin": [8.0, 7.0, 7.95], "rotationZ": 26.6, "faces": {"north": {"texture": "#aged-side", "uv": [5.0, 1.0, 7.5, 4.5]}, "east": {"texture": "#aged-side", "uv": [0.0, 1.0, 16.0, 4.5], "windMode": [-1, -1, -1, -1], "windData": [0, 1, 1, 0]}, "south": {"texture": "#aged-side", "uv": [8.5, 1.0, 11.0, 4.5]}, "west": {"texture": "#aged-side", "uv": [0.0, 1.0, 16.0, 4.5], "windMode": [-1, -1, -1, -1]}, "up": {"texture": "#material", "uv": [0.0, 5.0, 16.0, 7.5], "rotation": 90, "windMode": [-1, -1, -1, -1], "windData": [0, 0, 1, 1]}, "down": {"texture": "#material", "uv": [0.0, 5.0, 16.0, 7.5], "rotation": 270}}, "children": [{"name": "Grass5", "from": [0.0, 3.5, 0.0], "to": [2.9816, 5.5, 16.1], "climateColorMap": "climatePlantTint", "seasonColorMap": "seasonalGrass", "rotationOrigin": [0.0, 3.5, 0.0], "faces": {"north": {"texture": "#normal", "uv": [5.96, 0.0, 8.9416, 2.0], "snapUv": false}, "east": {"texture": "#normal", "uv": [0.0, 0.0, 16.0, 2.0], "windMode": [-1, -1, -1, -1], "windData": [0, 1, 1, 0]}, "south": {"texture": "#normal", "uv": [7.06, 0.0, 10.0416, 2.0], "snapUv": false, "windMode": [-1, -1, -1, -1], "windData": [0, 0, 1, 0]}, "west": {"texture": "#normal", "uv": [0.0, 0.0, 16.0, 2.0], "windMode": [-1, -1, -1, -1]}, "up": {"texture": "#normal", "uv": [16.0, 6.0, 32.0, 8.5], "rotation": 90, "windMode": [-1, -1, -1, -1], "windData": [0, 0, 1, 1]}, "down": {"texture": "#normal", "uv": [16.0, 6.0, 32.0, 8.5], "rotation": 90, "windMode": [-1, -1, -1, -1]}}}, {"name": "GrassE4", "from": [1.0, 5.5, 0.0], "to": [1.0, 10.5, 16.1], "shade": false, "climateColorMap": "climatePlantTint", "seasonColorMap": "seasonalGrass", "rotationOrigin": [1.0, 5.5, 8.0], "rotationZ": -26.6, "faces": {"east": {"texture": "#short-south", "uv": [6.5, 16.0, 22.5, 21.0], "autoUv": false, "windMode": [-1, 7, 7, -1], "windData": [0, 0, 0, 0]}}}, {"name": "GrassN0", "from": [0.7914000000000003, 5.5, 1.5], "to": [3.773, 10.5, 1.5], "shade": false, "climateColorMap": "climatePlantTint", "seasonColorMap": "seasonalGrass", "faces": {"north": {"texture": "#short-south", "uv": [7.546, 16.0, 10.5276, 21.0], "windMode": [-1, 7, 7, -1], "windData": [0, 0, 1, 1]}}}, {"name": "GrassN1", "from": [0.7914000000000003, 5.5, 4.5], "to": [3.773, 10.5, 4.5], "shade": false, "climateColorMap": "climatePlantTint", "seasonColorMap": "seasonalGrass", "faces": {"north": {"texture": "#short-south", "uv": [9.546, 16.0, 12.5276, 21.0], "windMode": [-1, 7, 7, -1], "windData": [0, 0, 1, 1]}}}, {"name": "GrassN2", "from": [0.7914000000000003, 5.5, 8], "to": [3.773, 10.5, 8], "shade": false, "climateColorMap": "climatePlantTint", "seasonColorMap": "seasonalGrass", "faces": {"north": {"texture": "#short-south", "uv": [10.546, 16.0, 13.5276, 21.0], "windMode": [-1, 7, 7, -1], "windData": [0, 0, 1, 1]}}}, {"name": "GrassN3", "from": [0.7914000000000003, 5.5, 11.5], "to": [3.773, 10.5, 11.5], "shade": false, "climateColorMap": "climatePlantTint", "seasonColorMap": "seasonalGrass", "faces": {"north": {"texture": "#short-south", "uv": [8.546, 16.0, 11.5276, 21.0], "windMode": [-1, 7, 7, -1], "windData": [0, 0, 1, 1]}}}, {"name": "GrassN4", "from": [0.7914000000000003, 5.5, 14.5], "to": [3.773, 10.5, 14.5], "shade": false, "climateColorMap": "climatePlantTint", "seasonColorMap": "seasonalGrass", "faces": {"north": {"texture": "#short-south", "uv": [9.546, 16.0, 12.5276, 21.0], "windMode": [-1, 7, 7, -1], "windData": [0, 0, 1, 1]}}}]}, {"name": "3", "from": [5.945, 7.0, -0.05], "to": [8.926, 10.5, 16.05], "rotationOrigin": [8.0, 7.0, 7.95], "rotationZ": 26.6, "faces": {"north": {"texture": "#aged-side", "uv": [7.5, 1.0, 10.0, 4.5]}, "east": {"texture": "#aged-side", "uv": [0.0, 1.0, 16.0, 4.5], "windMode": [-1, -1, -1, -1], "windData": [0, 1, 1, 0]}, "south": {"texture": "#aged-side", "uv": [6.0, 1.0, 8.5, 4.5]}, "west": {"texture": "#aged-side", "uv": [0.0, 1.0, 16.0, 4.5], "windMode": [-1, -1, -1, -1]}, "up": {"texture": "#material", "uv": [0.0, 7.5, 16.0, 10.0], "rotation": 90, "windMode": [-1, -1, -1, -1], "windData": [0, 0, 1, 1]}, "down": {"texture": "#material", "uv": [0.0, 7.5, 16.0, 10.0], "rotation": 270}}, "children": [{"name": "Grass5", "from": [0.0, 3.5, 0.0], "to": [2.9816, 5.5, 16.1], "climateColorMap": "climatePlantTint", "seasonColorMap": "seasonalGrass", "rotationOrigin": [0.0, 3.5, 0.0], "faces": {"north": {"texture": "#normal", "uv": [8.94, 0.0, 11.9216, 2.0], "snapUv": false}, "east": {"texture": "#normal", "uv": [0.0, 0.0, 16.0, 2.0], "windMode": [-1, -1, -1, -1], "windData": [0, 1, 1, 0]}, "south": {"texture": "#normal", "uv": [4.08, 0.0, 7.0616, 2.0], "snapUv": false, "windMode": [-1, -1, -1, -1], "windData": [0, 0, 1, 0]}, "west": {"texture": "#normal", "uv": [0.0, 0.0, 16.0, 2.0], "windMode": [-1, -1, -1, -1]}, "up": {"texture": "#normal", "uv": [16.0, 10.0, 32.0, 12.5], "rotation": 90, "windMode": [-1, -1, -1, -1], "windData": [0, 0, 1, 1]}, "down": {"texture": "#normal", "uv": [16.0, 10.0, 32.0, 12.5], "rotation": 90, "windMode": [-1, -1, -1, -1]}}}, {"name": "GrassN0", "from": [0.7914000000000003, 5.5, 1.5], "to": [3.773, 10.5, 1.5], "shade": false, "climateColorMap": "climatePlantTint", "seasonColorMap": "seasonalGrass", "faces": {"north": {"texture": "#short-south", "uv": [11.319, 16.0, 14.300600000000001, 21.0], "windMode": [-1, 7, 7, -1], "windData": [0, 0, 1, 1]}}}, {"name": "GrassN1", "from": [0.7914000000000003, 5.5, 4.5], "to": [3.773, 10.5, 4.5], "shade": false, "climateColorMap": "climatePlantTint", "seasonColorMap": "seasonalGrass", "faces": {"north": {"texture": "#short-south", "uv": [13.319, 16.0, 16.300600000000003, 21.0], "windMode": [-1, 7, 7, -1], "windData": [0, 0, 1, 1]}}}, {"name": "GrassN2", "from": [0.7914000000000003, 5.5, 8], "to": [3.773, 10.5, 8], "shade": false, "climateColorMap": "climatePlantTint", "seasonColorMap": "seasonalGrass", "faces": {"north": {"texture": "#short-south", "uv": [14.319, 16.0, 17.300600000000003, 21.0], "windMode": [-1, 7, 7, -1], "windData": [0, 0, 1, 1]}}}, {"name": "GrassN3", "from": [0.7914000000000003, 5.5, 11.5], "to": [3.773, 10.5, 11.5], "shade": false, "climateColorMap": "climatePlantTint", "seasonColorMap": "seasonalGrass", "faces": {"north": {"texture": "#short-south", "uv": [12.319, 16.0, 15.300600000000001, 21.0], "windMode": [-1, 7, 7, -1], "windData": [0, 0, 1, 1]}}}, {"name": "GrassN4", "from": [0.7914000000000003, 5.5, 14.5], "to": [3.773, 10.5, 14.5], "shade": false, "climateColorMap": "climatePlantTint", "seasonColorMap": "seasonalGrass", "faces": {"north": {"texture": "#short-south", "uv": [13.319, 16.0, 16.300600000000003, 21.0], "windMode": [-1, 7, 7, -1], "windData": [0, 0, 1, 1]}}}]}, {"name": "4", "from": [2.963, 7.0, -0.05], "to": [5.944, 10.5, 16.05], "rotationOrigin": [8.0, 7.0, 7.95], "rotationZ": 26.6, "faces": {"north": {"texture": "#aged-side", "uv": [10.0, 1.0, 12.5, 4.5]}, "east": {"texture": "#aged-side", "uv": [0.0, 1.0, 16.0, 4.5], "windMode": [-1, -1, -1, -1], "windData": [0, 1, 1, 0]}, "south": {"texture": "#aged-side", "uv": [3.5, 1.0, 6.0, 4.5]}, "west": {"texture": "#aged-side", "uv": [0.0, 1.0, 16.0, 4.5], "windMode": [-1, -1, -1, -1]}, "up": {"texture": "#material", "uv": [0.0, 10.0, 16.0, 12.5], "rotation": 90, "windMode": [-1, -1, -1, -1], "windData": [0, 0, 1, 1]}, "down": {"texture": "#material", "uv": [0.0, 10.0, 16.0, 12.5], "rotation": 270}}, "children": [{"name": "Grass4", "from": [0.0, 3.5, 0.0], "to": [2.9816, 5.5, 16.1], "climateColorMap": "climatePlantTint", "seasonColorMap": "seasonalGrass", "rotationOrigin": [0.0, 3.5, 0.0], "faces": {"north": {"texture": "#normal", "uv": [0.0, 0.0, 2.9816, 2.0], "snapUv": false}, "east": {"texture": "#normal", "uv": [0.0, 0.0, 16.0, 2.0], "windMode": [-1, -1, -1, -1], "windData": [0, 1, 1, 0]}, "south": {"texture": "#normal", "uv": [0.0, 0.0, 2.5, 2.0], "windMode": [-1, -1, -1, -1], "windData": [0, 0, 1, 0]}, "west": {"texture": "#normal", "uv": [0.0, 0.0, 16.0, 2.0], "windMode": [-1, -1, -1, -1]}, "up": {"texture": "#normal", "uv": [16.0, 0.0, 32.0, 2.5], "rotation": 90, "windMode": [-1, -1, -1, -1], "windData": [0, 0, 1, 1]}, "down": {"texture": "#normal", "uv": [16.0, 0.0, 32.0, 2.5], "rotation": 90, "windMode": [-1, -1, -1, -1]}}}, {"name": "GrassE3", "from": [3.0, 5.5, 0.0], "to": [3.0, 10.5, 16.1], "shade": false, "climateColorMap": "climatePlantTint", "seasonColorMap": "seasonalGrass", "rotationOrigin": [3.0, 5.5, 8.0], "rotationZ": -26.6, "faces": {"east": {"texture": "#short-south", "uv": [4.0, 16.0, 20.0, 21.0], "autoUv": false, "windMode": [-1, 7, 7, -1], "windData": [0, 0, 0, 0]}}}, {"name": "GrassN0", "from": [0.7914000000000003, 5.5, 1.5], "to": [3.773, 10.5, 1.5], "shade": false, "climateColorMap": "climatePlantTint", "seasonColorMap": "seasonalGrass", "faces": {"north": {"texture": "#short-south", "uv": [15.092, 16.0, 18.0736, 21.0], "windMode": [-1, 7, 7, -1], "windData": [0, 0, 1, 1]}}}, {"name": "GrassN1", "from": [0.7914000000000003, 5.5, 4.5], "to": [3.773, 10.5, 4.5], "shade": false, "climateColorMap": "climatePlantTint", "seasonColorMap": "seasonalGrass", "faces": {"north": {"texture": "#short-south", "uv": [17.092, 16.0, 20.0736, 21.0], "windMode": [-1, 7, 7, -1], "windData": [0, 0, 1, 1]}}}, {"name": "GrassN2", "from": [0.7914000000000003, 5.5, 8], "to": [3.773, 10.5, 8], "shade": false, "climateColorMap": "climatePlantTint", "seasonColorMap": "seasonalGrass", "faces": {"north": {"texture": "#short-south", "uv": [18.092, 16.0, 21.0736, 21.0], "windMode": [-1, 7, 7, -1], "windData": [0, 0, 1, 1]}}}, {"name": "GrassN3", "from": [0.7914000000000003, 5.5, 11.5], "to": [3.773, 10.5, 11.5], "shade": false, "climateColorMap": "climatePlantTint", "seasonColorMap": "seasonalGrass", "faces": {"north": {"texture": "#short-south", "uv": [16.092, 16.0, 19.0736, 21.0], "windMode": [-1, 7, 7, -1], "windData": [0, 0, 1, 1]}}}, {"name": "GrassN4", "from": [0.7914000000000003, 5.5, 14.5], "to": [3.773, 10.5, 14.5], "shade": false, "climateColorMap": "climatePlantTint", "seasonColorMap": "seasonalGrass", "faces": {"north": {"texture": "#short-south", "uv": [17.092, 16.0, 20.0736, 21.0], "windMode": [-1, 7, 7, -1], "windData": [0, 0, 1, 1]}}}]}, {"name": "5", "from": [-0.0183, 7.0, -0.05], "to": [2.9627, 10.5, 16.05], "rotationOrigin": [8.0, 7.0, 7.95], "rotationZ": 26.6, "faces": {"north": {"texture": "#aged-side", "uv": [12.5, 1.0, 15.0, 4.5]}, "east": {"texture": "#aged-side", "uv": [0.0, 1.0, 16.0, 4.5], "windMode": [-1, -1, -1, -1], "windData": [0, 1, 1, 0]}, "south": {"texture": "#aged-side", "uv": [1.0, 1.0, 3.5, 4.5]}, "west": {"texture": "#aged-side", "uv": [0.0, 1.0, 16.0, 4.5], "windMode": [-1, -1, -1, -1]}, "up": {"texture": "#material", "uv": [0.0, 13.5, 16.0, 16.0], "rotation": 90, "windMode": [-1, -1, -1, -1], "windData": [0, 0, 1, 1]}, "down": {"texture": "#material", "uv": [0.0, 13.5, 16.0, 16.0], "rotation": 270}}, "children": [{"name": "Grass3", "from": [2.0, 3.5, 0.0], "to": [2.9786, 5.5, 16.1], "climateColorMap": "climatePlantTint", "seasonColorMap": "seasonalGrass", "rotationOrigin": [2.0, 3.5, 0.0], "faces": {"north": {"texture": "#normal", "uv": [0.0, 0.0, 1.5, 2.0], "autoUv": false}, "east": {"texture": "#normal", "uv": [0.0, 0.0, 16.0, 2.0], "windMode": [-1, -1, -1, -1], "windData": [0, 1, 1, 0]}, "south": {"texture": "#normal", "uv": [0.0, 0.0, 0.5, 2.0], "windMode": [-1, -1, -1, -1], "windData": [0, 0, 1, 0]}, "west": {"texture": "#normal", "uv": [0.0, 0.0, 16.0, 2.0], "windMode": [-1, -1, -1, -1]}, "up": {"texture": "#normal", "uv": [16.0, 0.0, 32.0, 0.5], "rotation": 90, "windMode": [-1, -1, -1, -1], "windData": [0, 0, 0, 0]}, "down": {"texture": "#normal", "uv": [16.0, 0.0, 32.0, 0.5], "rotation": 90, "windMode": [-1, -1, -1, -1]}}}, {"name": "GrassE2", "from": [3.0, 5.5, 0.0], "to": [3.0, 10.5, 16.1], "shade": false, "climateColorMap": "climatePlantTint", "seasonColorMap": "seasonalGrass", "rotationOrigin": [3.0, 5.5, 8.0], "rotationZ": -26.6, "faces": {"east": {"texture": "#short-south", "uv": [2.0, 16.0, 18.0, 21.0], "autoUv": false, "windMode": [-1, 7, 7, -1], "windData": [0, 0, 0, 0]}}}, {"name": "Edge", "from": [0.0, 3.5, 0.0], "to": [2.0, 6.5, 16.1], "rotationOrigin": [0.0, 3.5, 0.0], "faces": {"north": {"texture": "#aged-top", "uv": [0.0, 0.0, 2.0, 3.0]}, "east": {"texture": "#aged-top", "uv": [0.0, 0.0, 16.0, 3.0], "rotation": 180}, "south": {"texture": "#aged-top", "uv": [14.0, 0.0, 16.0, 3.0]}, "west": {"texture": "#aged-top", "uv": [0.0, 0.0, 16.0, 3.0]}, "up": {"texture": "#aged-top", "uv": [0.0, 0.0, 16.0, 2.0], "rotation": 90}, "down": {"texture": "#aged-top", "uv": [0.0, 0.0, 16.0, 2.0], "rotation": 90, "windMode": [-1, -1, -1, -1]}}}, {"name": "GrassN0", "from": [2.7944, 5.5, 1.5], "to": [3.773, 10.5, 1.5], "shade": false, "climateColorMap": "climatePlantTint", "seasonColorMap": "seasonalGrass", "faces": {"north": {"texture": "#short-south", "uv": [18.865000000000002, 16.0, 19.843600000000002, 21.0], "windMode": [-1, 7, 7, -1], "windData": [0, 0, 1, 1]}}}, {"name": "GrassN1", "from": [2.7944, 5.5, 4.5], "to": [3.773, 10.5, 4.5], "shade": false, "climateColorMap": "climatePlantTint", "seasonColorMap": "seasonalGrass", "faces": {"north": {"texture": "#short-south", "uv": [20.865000000000002, 16.0, 21.843600000000002, 21.0], "windMode": [-1, 7, 7, -1], "windData": [0, 0, 1, 1]}}}, {"name": "GrassN2", "from": [2.7944, 5.5, 8], "to": [3.773, 10.5, 8], "shade": false, "climateColorMap": "climatePlantTint", "seasonColorMap": "seasonalGrass", "faces": {"north": {"texture": "#short-south", "uv": [21.865000000000002, 16.0, 22.843600000000002, 21.0], "windMode": [-1, 7, 7, -1], "windData": [0, 0, 1, 1]}}}, {"name": "GrassN3", "from": [2.7944, 5.5, 11.5], "to": [3.773, 10.5, 11.5], "shade": false, "climateColorMap": "climatePlantTint", "seasonColorMap": "seasonalGrass", "faces": {"north": {"texture": "#short-south", "uv": [19.865000000000002, 16.0, 20.843600000000002, 21.0], "windMode": [-1, 7, 7, -1], "windData": [0, 0, 1, 1]}}}, {"name": "GrassN4", "from": [2.7944, 5.5, 14.5], "to": [3.773, 10.5, 14.5], "shade": false, "climateColorMap": "climatePlantTint", "seasonColorMap": "seasonalGrass", "faces": {"north": {"texture": "#short-south", "uv": [20.865000000000002, 16.0, 21.843600000000002, 21.0], "windMode": [-1, 7, 7, -1], "windData": [0, 0, 1, 1]}}}]}]}, {"name": "upper", "from": [0.0, 4.0, 0.0], "to": [0.0, 4.0, 0.0], "rotationOrigin": [0.0, 4.0, 0.0], "faces": {"north": {"texture": "#normal", "uv": [0.0, 0.0, 0.5, 0.5]}, "east": {"texture": "#normal", "uv": [0.0, 0.0, 0.5, 0.5]}, "south": {"texture": "#normal", "uv": [0.0, 0.0, 0.5, 0.5]}, "west": {"texture": "#normal", "uv": [0.0, 0.0, 0.5, 0.5]}, "up": {"texture": "#normal", "uv": [0.0, 0.0, 0.5, 0.5]}, "down": {"texture": "#normal", "uv": [0.0, 0.0, 0.5, 0.5]}}, "children": [{"name": "0", "from": [14.889, 7.0, -0.05], "to": [17.87, 10.5, 16.05], "rotationOrigin": [8.0, 7.0, 7.95], "rotationZ": 26.6, "faces": {"north": {"texture": "#aged-side", "uv": [0.0, 1.0, 2.5, 4.5]}, "east": {"texture": "#aged-side", "uv": [0.0, 1.0, 16.0, 4.5], "windMode": [-1, -1, -1, -1], "windData": [0, 1, 1, 0]}, "south": {"texture": "#aged-side", "uv": [13.5, 1.0, 16.0, 4.5]}, "west": {"texture": "#aged-side", "uv": [0.0, 1.0, 16.0, 4.5], "windMode": [-1, -1, -1, -1]}, "up": {"texture": "#material", "uv": [0.0, 0.0, 16.0, 2.5], "rotation": 90, "windMode": [-1, -1, -1, -1], "windData": [0, 0, 1, 1]}, "down": {"texture": "#material", "uv": [0.0, 0.0, 16.0, 2.5], "rotation": 270}}, "children": [{"name": "Grass7", "from": [0.0, 3.5, 0.0], "to": [2.9816, 5.5, 16.1], "climateColorMap": "climatePlantTint", "seasonColorMap": "seasonalGrass", "rotationOrigin": [0.0, 3.5, 0.0], "faces": {"north": {"texture": "#normal", "uv": [0.0, 0.0, 2.5, 2.0]}, "east": {"texture": "#normal", "uv": [0.0, 0.0, 16.0, 2.0], "windMode": [-1, -1, -1, -1], "windData": [0, 1, 1, 0]}, "south": {"texture": "#normal", "uv": [13.02, 0.0, 16.0, 2.0], "autoUv": false, "windMode": [-1, -1, -1, -1], "windData": [0, 0, 1, 0]}, "west": {"texture": "#normal", "uv": [0.0, 0.0, 16.0, 2.0], "windMode": [-1, -1, -1, -1]}, "up": {"texture": "#normal", "uv": [16.0, 0.0, 32.0, 2.5], "rotation": 90, "windMode": [-1, -1, -1, -1], "windData": [0, 0, 1, 1]}, "down": {"texture": "#normal", "uv": [16.0, 0.0, 32.0, 2.5], "rotation": 90, "windMode": [-1, -1, -1, -1]}}}, {"name": "GrassE6", "from": [2.0, 5.5, 0.0], "to": [2.0, 10.5, 16.1], "shade": false, "climateColorMap": "climatePlantTint", "seasonColorMap": "seasonalGrass", "rotationOrigin": [2.0, 5.5, 8.0], "rotationZ": -26.6, "faces": {"east": {"texture": "#short-south", "uv": [5.5, 15.5, 21.5, 20.5], "autoUv": false, "windMode": [-1, 7, 7, -1], "windData": [0, 0, 0, 0]}}}, {"name": "GrassN0", "from": [0.7914000000000003, 5.5, 1.5], "to": [3.773, 10.5, 1.5], "shade": false, "climateColorMap": "climatePlantTint", "seasonColorMap": "seasonalGrass", "faces": {"north": {"texture": "#short-south", "uv": [0.0, 16.0, 2.9816, 21.0], "windMode": [-1, 7, 7, -1], "windData": [0, 0, 1, 1]}}}, {"name": "GrassN1", "from": [0.7914000000000003, 5.5, 4.5], "to": [3.773, 10.5, 4.5], "shade": false, "climateColorMap": "climatePlantTint", "seasonColorMap": "seasonalGrass", "faces": {"north": {"texture": "#short-south", "uv": [2.0, 16.0, 4.9816, 21.0], "windMode": [-1, 7, 7, -1], "windData": [0, 0, 1, 1]}}}, {"name": "GrassN2", "from": [0.7914000000000003, 5.5, 8], "to": [3.773, 10.5, 8], "shade": false, "climateColorMap": "climatePlantTint", "seasonColorMap": "seasonalGrass", "faces": {"north": {"texture": "#short-south", "uv": [3.0, 16.0, 5.9816, 21.0], "windMode": [-1, 7, 7, -1], "windData": [0, 0, 1, 1]}}}, {"name": "GrassN3", "from": [0.7914000000000003, 5.5, 11.5], "to": [3.773, 10.5, 11.5], "shade": false, "climateColorMap": "climatePlantTint", "seasonColorMap": "seasonalGrass", "faces": {"north": {"texture": "#short-south", "uv": [1.0, 16.0, 3.9816, 21.0], "windMode": [-1, 7, 7, -1], "windData": [0, 0, 1, 1]}}}, {"name": "GrassN4", "from": [0.7914000000000003, 5.5, 14.5], "to": [3.773, 10.5, 14.5], "shade": false, "climateColorMap": "climatePlantTint", "seasonColorMap": "seasonalGrass", "faces": {"north": {"texture": "#short-south", "uv": [2.0, 16.0, 4.9816, 21.0], "windMode": [-1, 7, 7, -1], "windData": [0, 0, 1, 1]}}}]}, {"name": "1", "from": [11.908, 7.0, -0.05], "to": [14.889, 10.5, 16.05], "rotationOrigin": [8.0, 7.0, 7.95], "rotationZ": 26.6, "faces": {"north": {"texture": "#aged-side", "uv": [2.5, 1.0, 5.0, 4.5]}, "east": {"texture": "#aged-side", "uv": [0.0, 1.0, 16.0, 4.5], "windMode": [-1, -1, -1, -1], "windData": [0, 1, 1, 0]}, "south": {"texture": "#aged-side", "uv": [11.0, 1.0, 13.5, 4.5]}, "west": {"texture": "#aged-side", "uv": [0.0, 1.0, 16.0, 4.5], "windMode": [-1, -1, -1, -1]}, "up": {"texture": "#material", "uv": [0.0, 2.5, 16.0, 5.0], "rotation": 90, "windMode": [-1, -1, -1, -1], "windData": [0, 0, 1, 1]}, "down": {"texture": "#material", "uv": [0.0, 2.5, 16.0, 5.0], "rotation": 270}}, "children": [{"name": "Grass6", "from": [0.0, 3.5, 0.0], "to": [2.9816, 5.5, 16.1], "climateColorMap": "climatePlantTint", "seasonColorMap": "seasonalGrass", "rotationOrigin": [0.0, 3.5, 0.0], "faces": {"north": {"texture": "#normal", "uv": [2.98, 0.0, 5.9616, 2.0], "snapUv": false}, "east": {"texture": "#normal", "uv": [0.0, 0.0, 16.0, 2.0], "windMode": [-1, -1, -1, -1], "windData": [0, 1, 1, 0]}, "south": {"texture": "#normal", "uv": [10.04, 0.0, 13.0216, 2.0], "snapUv": false, "windMode": [-1, -1, -1, -1], "windData": [0, 0, 1, 0]}, "west": {"texture": "#normal", "uv": [0.0, 0.0, 16.0, 2.0], "windMode": [-1, -1, -1, -1]}, "up": {"texture": "#normal", "uv": [16.0, 3.0, 32.0, 5.5], "rotation": 90, "windMode": [-1, -1, -1, -1], "windData": [0, 0, 1, 1]}, "down": {"texture": "#normal", "uv": [16.0, 3.0, 32.0, 5.5], "rotation": 90, "windMode": [-1, -1, -1, -1]}}}, {"name": "GrassE5", "from": [2.0, 5.5, 0.0], "to": [2.0, 10.5, 16.1], "shade": false, "climateColorMap": "climatePlantTint", "seasonColorMap": "seasonalGrass", "rotationOrigin": [2.0, 5.5, 8.0], "rotationZ": -26.6, "faces": {"east": {"texture": "#short-south", "uv": [0.5, 16.0, 16.5, 21.0], "autoUv": false, "windMode": [-1, 7, 7, -1], "windData": [0, 0, 0, 0]}}}, {"name": "GrassN0", "from": [0.7914000000000003, 5.5, 1.5], "to": [3.773, 10.5, 1.5], "shade": false, "climateColorMap": "climatePlantTint", "seasonColorMap": "seasonalGrass", "faces": {"north": {"texture": "#short-south", "uv": [3.773, 16.0, 6.7546, 21.0], "windMode": [-1, 7, 7, -1], "windData": [0, 0, 1, 1]}}}, {"name": "GrassN1", "from": [0.7914000000000003, 5.5, 4.5], "to": [3.773, 10.5, 4.5], "shade": false, "climateColorMap": "climatePlantTint", "seasonColorMap": "seasonalGrass", "faces": {"north": {"texture": "#short-south", "uv": [5.773, 16.0, 8.7546, 21.0], "windMode": [-1, 7, 7, -1], "windData": [0, 0, 1, 1]}}}, {"name": "GrassN2", "from": [0.7914000000000003, 5.5, 8], "to": [3.773, 10.5, 8], "shade": false, "climateColorMap": "climatePlantTint", "seasonColorMap": "seasonalGrass", "faces": {"north": {"texture": "#short-south", "uv": [6.773, 16.0, 9.7546, 21.0], "windMode": [-1, 7, 7, -1], "windData": [0, 0, 1, 1]}}}, {"name": "GrassN3", "from": [0.7914000000000003, 5.5, 11.5], "to": [3.773, 10.5, 11.5], "shade": false, "climateColorMap": "climatePlantTint", "seasonColorMap": "seasonalGrass", "faces": {"north": {"texture": "#short-south", "uv": [4.773, 16.0, 7.7546, 21.0], "windMode": [-1, 7, 7, -1], "windData": [0, 0, 1, 1]}}}, {"name": "GrassN4", "from": [0.7914000000000003, 5.5, 14.5], "to": [3.773, 10.5, 14.5], "shade": false, "climateColorMap": "climatePlantTint", "seasonColorMap": "seasonalGrass", "faces": {"north": {"texture": "#short-south", "uv": [5.773, 16.0, 8.7546, 21.0], "windMode": [-1, 7, 7, -1], "windData": [0, 0, 1, 1]}}}]}, {"name": "2", "from": [8.926, 7.0, -0.05], "to": [11.907, 10.5, 16.05], "rotationOrigin": [8.0, 7.0, 7.95], "rotationZ": 26.6, "faces": {"north": {"texture": "#aged-side", "uv": [5.0, 1.0, 7.5, 4.5]}, "east": {"texture": "#aged-side", "uv": [0.0, 1.0, 16.0, 4.5], "windMode": [-1, -1, -1, -1], "windData": [0, 1, 1, 0]}, "south": {"texture": "#aged-side", "uv": [8.5, 1.0, 11.0, 4.5]}, "west": {"texture": "#aged-side", "uv": [0.0, 1.0, 16.0, 4.5], "windMode": [-1, -1, -1, -1]}, "up": {"texture": "#material", "uv": [0.0, 5.0, 16.0, 7.5], "rotation": 90, "windMode": [-1, -1, -1, -1], "windData": [0, 0, 1, 1]}, "down": {"texture": "#material", "uv": [0.0, 5.0, 16.0, 7.5], "rotation": 270}}, "children": [{"name": "Grass5", "from": [0.0, 3.5, 0.0], "to": [2.9816, 5.5, 16.1], "climateColorMap": "climatePlantTint", "seasonColorMap": "seasonalGrass", "rotationOrigin": [0.0, 3.5, 0.0], "faces": {"north": {"texture": "#normal", "uv": [5.96, 0.0, 8.9416, 2.0], "snapUv": false}, "east": {"texture": "#normal", "uv": [0.0, 0.0, 16.0, 2.0], "windMode": [-1, -1, -1, -1], "windData": [0, 1, 1, 0]}, "south": {"texture": "#normal", "uv": [7.06, 0.0, 10.0416, 2.0], "snapUv": false, "windMode": [-1, -1, -1, -1], "windData": [0, 0, 1, 0]}, "west": {"texture": "#normal", "uv": [0.0, 0.0, 16.0, 2.0], "windMode": [-1, -1, -1, -1]}, "up": {"texture": "#normal", "uv": [16.0, 6.0, 32.0, 8.5], "rotation": 90, "windMode": [-1, -1, -1, -1], "windData": [0, 0, 1, 1]}, "down": {"texture": "#normal", "uv": [16.0, 6.0, 32.0, 8.5], "rotation": 90, "windMode": [-1, -1, -1, -1]}}}, {"name": "GrassE4", "from": [1.0, 5.5, 0.0], "to": [1.0, 10.5, 16.1], "shade": false, "climateColorMap": "climatePlantTint", "seasonColorMap": "seasonalGrass", "rotationOrigin": [1.0, 5.5, 8.0], "rotationZ": -26.6, "faces": {"east": {"texture": "#short-south", "uv": [6.5, 16.0, 22.5, 21.0], "autoUv": false, "windMode": [-1, 7, 7, -1], "windData": [0, 0, 0, 0]}}}, {"name": "GrassN0", "from": [0.7914000000000003, 5.5, 1.5], "to": [3.773, 10.5, 1.5], "shade": false, "climateColorMap": "climatePlantTint", "seasonColorMap": "seasonalGrass", "faces": {"north": {"texture": "#short-south", "uv": [7.546, 16.0, 10.5276, 21.0], "windMode": [-1, 7, 7, -1], "windData": [0, 0, 1, 1]}}}, {"name": "GrassN1", "from": [0.7914000000000003, 5.5, 4.5], "to": [3.773, 10.5, 4.5], "shade": false, "climateColorMap": "climatePlantTint", "seasonColorMap": "seasonalGrass", "faces": {"north": {"texture": "#short-south", "uv": [9.546, 16.0, 12.5276, 21.0], "windMode": [-1, 7, 7, -1], "windData": [0, 0, 1, 1]}}}, {"name": "GrassN2", "from": [0.7914000000000003, 5.5, 8], "to": [3.773, 10.5, 8], "shade": false, "climateColorMap": "climatePlantTint", "seasonColorMap": "seasonalGrass", "faces": {"north": {"texture": "#short-south", "uv": [10.546, 16.0, 13.5276, 21.0], "windMode": [-1, 7, 7, -1], "windData": [0, 0, 1, 1]}}}, {"name": "GrassN3", "from": [0.7914000000000003, 5.5, 11.5], "to": [3.773, 10.5, 11.5], "shade": false, "climateColorMap": "climatePlantTint", "seasonColorMap": "seasonalGrass", "faces": {"north": {"texture": "#short-south", "uv": [8.546, 16.0, 11.5276, 21.0], "windMode": [-1, 7, 7, -1], "windData": [0, 0, 1, 1]}}}, {"name": "GrassN4", "from": [0.7914000000000003, 5.5, 14.5], "to": [3.773, 10.5, 14.5], "shade": false, "climateColorMap": "climatePlantTint", "seasonColorMap": "seasonalGrass", "faces": {"north": {"texture": "#short-south", "uv": [9.546, 16.0, 12.5276, 21.0], "windMode": [-1, 7, 7, -1], "windData": [0, 0, 1, 1]}}}]}, {"name": "3", "from": [5.945, 7.0, -0.05], "to": [8.926, 10.5, 16.05], "rotationOrigin": [8.0, 7.0, 7.95], "rotationZ": 26.6, "faces": {"north": {"texture": "#aged-side", "uv": [7.5, 1.0, 10.0, 4.5]}, "east": {"texture": "#aged-side", "uv": [0.0, 1.0, 16.0, 4.5], "windMode": [-1, -1, -1, -1], "windData": [0, 1, 1, 0]}, "south": {"texture": "#aged-side", "uv": [6.0, 1.0, 8.5, 4.5]}, "west": {"texture": "#aged-side", "uv": [0.0, 1.0, 16.0, 4.5], "windMode": [-1, -1, -1, -1]}, "up": {"texture": "#material", "uv": [0.0, 7.5, 16.0, 10.0], "rotation": 90, "windMode": [-1, -1, -1, -1], "windData": [0, 0, 1, 1]}, "down": {"texture": "#material", "uv": [0.0, 7.5, 16.0, 10.0], "rotation": 270}}, "children": [{"name": "Grass5", "from": [0.0, 3.5, 0.0], "to": [2.9816, 5.5, 16.1], "climateColorMap": "climatePlantTint", "seasonColorMap": "seasonalGrass", "rotationOrigin": [0.0, 3.5, 0.0], "faces": {"north": {"texture": "#normal", "uv": [8.94, 0.0, 11.9216, 2.0], "snapUv": false}, "east": {"texture": "#normal", "uv": [0.0, 0.0, 16.0, 2.0], "windMode": [-1, -1, -1, -1], "windData": [0, 1, 1, 0]}, "south": {"texture": "#normal", "uv": [4.08, 0.0, 7.0616, 2.0], "snapUv": false, "windMode": [-1, -1, -1, -1], "windData": [0, 0, 1, 0]}, "west": {"texture": "#normal", "uv": [0.0, 0.0, 16.0, 2.0], "windMode": [-1, -1, -1, -1]}, "up": {"texture": "#normal", "uv": [16.0, 10.0, 32.0, 12.5], "rotation": 90, "windMode": [-1, -1, -1, -1], "windData": [0, 0, 1, 1]}, "down": {"texture": "#normal", "uv": [16.0, 10.0, 32.0, 12.5], "rotation": 90, "windMode": [-1, -1, -1, -1]}}}, {"name": "GrassN0", "from": [0.7914000000000003, 5.5, 1.5], "to": [3.773, 10.5, 1.5], "shade": false, "climateColorMap": "climatePlantTint", "seasonColorMap": "seasonalGrass", "faces": {"north": {"texture": "#short-south", "uv": [11.319, 16.0, 14.300600000000001, 21.0], "windMode": [-1, 7, 7, -1], "windData": [0, 0, 1, 1]}}}, {"name": "GrassN1", "from": [0.7914000000000003, 5.5, 4.5], "to": [3.773, 10.5, 4.5], "shade": false, "climateColorMap": "climatePlantTint", "seasonColorMap": "seasonalGrass", "faces": {"north": {"texture": "#short-south", "uv": [13.319, 16.0, 16.300600000000003, 21.0], "windMode": [-1, 7, 7, -1], "windData": [0, 0, 1, 1]}}}, {"name": "GrassN2", "from": [0.7914000000000003, 5.5, 8], "to": [3.773, 10.5, 8], "shade": false, "climateColorMap": "climatePlantTint", "seasonColorMap": "seasonalGrass", "faces": {"north": {"texture": "#short-south", "uv": [14.319, 16.0, 17.300600000000003, 21.0], "windMode": [-1, 7, 7, -1], "windData": [0, 0, 1, 1]}}}, {"name": "GrassN3", "from": [0.7914000000000003, 5.5, 11.5], "to": [3.773, 10.5, 11.5], "shade": false, "climateColorMap": "climatePlantTint", "seasonColorMap": "seasonalGrass", "faces": {"north": {"texture": "#short-south", "uv": [12.319, 16.0, 15.300600000000001, 21.0], "windMode": [-1, 7, 7, -1], "windData": [0, 0, 1, 1]}}}, {"name": "GrassN4", "from": [0.7914000000000003, 5.5, 14.5], "to": [3.773, 10.5, 14.5], "shade": false, "climateColorMap": "climatePlantTint", "seasonColorMap": "seasonalGrass", "faces": {"north": {"texture": "#short-south", "uv": [13.319, 16.0, 16.300600000000003, 21.0], "windMode": [-1, 7, 7, -1], "windData": [0, 0, 1, 1]}}}]}, {"name": "4", "from": [2.963, 7.0, -0.05], "to": [5.944, 10.5, 16.05], "rotationOrigin": [8.0, 7.0, 7.95], "rotationZ": 26.6, "faces": {"north": {"texture": "#aged-side", "uv": [10.0, 1.0, 12.5, 4.5]}, "east": {"texture": "#aged-side", "uv": [0.0, 1.0, 16.0, 4.5], "windMode": [-1, -1, -1, -1], "windData": [0, 1, 1, 0]}, "south": {"texture": "#aged-side", "uv": [3.5, 1.0, 6.0, 4.5]}, "west": {"texture": "#aged-side", "uv": [0.0, 1.0, 16.0, 4.5], "windMode": [-1, -1, -1, -1]}, "up": {"texture": "#material", "uv": [0.0, 10.0, 16.0, 12.5], "rotation": 90, "windMode": [-1, -1, -1, -1], "windData": [0, 0, 1, 1]}, "down": {"texture": "#material", "uv": [0.0, 10.0, 16.0, 12.5], "rotation": 270}}, "children": [{"name": "Grass4", "from": [0.0, 3.5, 0.0], "to": [2.9816, 5.5, 16.1], "climateColorMap": "climatePlantTint", "seasonColorMap": "seasonalGrass", "rotationOrigin": [0.0, 3.5, 0.0], "faces": {"north": {"texture": "#normal", "uv": [0.0, 0.0, 2.9816, 2.0], "snapUv": false}, "east": {"texture": "#normal", "uv": [0.0, 0.0, 16.0, 2.0], "windMode": [-1, -1, -1, -1], "windData": [0, 1, 1, 0]}, "south": {"texture": "#normal", "uv": [0.0, 0.0, 2.5, 2.0], "windMode": [-1, -1, -1, -1], "windData": [0, 0, 1, 0]}, "west": {"texture": "#normal", "uv": [0.0, 0.0, 16.0, 2.0], "windMode": [-1, -1, -1, -1]}, "up": {"texture": "#normal", "uv": [16.0, 0.0, 32.0, 2.5], "rotation": 90, "windMode": [-1, -1, -1, -1], "windData": [0, 0, 1, 1]}, "down": {"texture": "#normal", "uv": [16.0, 0.0, 32.0, 2.5], "rotation": 90, "windMode": [-1, -1, -1, -1]}}}, {"name": "GrassE3", "from": [3.0, 5.5, 0.0], "to": [3.0, 10.5, 16.1], "shade": false, "climateColorMap": "climatePlantTint", "seasonColorMap": "seasonalGrass", "rotationOrigin": [3.0, 5.5, 8.0], "rotationZ": -26.6, "faces": {"east": {"texture": "#short-south", "uv": [4.0, 16.0, 20.0, 21.0], "autoUv": false, "windMode": [-1, 7, 7, -1], "windData": [0, 0, 0, 0]}}}, {"name": "GrassN0", "from": [0.7914000000000003, 5.5, 1.5], "to": [3.773, 10.5, 1.5], "shade": false, "climateColorMap": "climatePlantTint", "seasonColorMap": "seasonalGrass", "faces": {"north": {"texture": "#short-south", "uv": [15.092, 16.0, 18.0736, 21.0], "windMode": [-1, 7, 7, -1], "windData": [0, 0, 1, 1]}}}, {"name": "GrassN1", "from": [0.7914000000000003, 5.5, 4.5], "to": [3.773, 10.5, 4.5], "shade": false, "climateColorMap": "climatePlantTint", "seasonColorMap": "seasonalGrass", "faces": {"north": {"texture": "#short-south", "uv": [17.092, 16.0, 20.0736, 21.0], "windMode": [-1, 7, 7, -1], "windData": [0, 0, 1, 1]}}}, {"name": "GrassN2", "from": [0.7914000000000003, 5.5, 8], "to": [3.773, 10.5, 8], "shade": false, "climateColorMap": "climatePlantTint", "seasonColorMap": "seasonalGrass", "faces": {"north": {"texture": "#short-south", "uv": [18.092, 16.0, 21.0736, 21.0], "windMode": [-1, 7, 7, -1], "windData": [0, 0, 1, 1]}}}, {"name": "GrassN3", "from": [0.7914000000000003, 5.5, 11.5], "to": [3.773, 10.5, 11.5], "shade": false, "climateColorMap": "climatePlantTint", "seasonColorMap": "seasonalGrass", "faces": {"north": {"texture": "#short-south", "uv": [16.092, 16.0, 19.0736, 21.0], "windMode": [-1, 7, 7, -1], "windData": [0, 0, 1, 1]}}}, {"name": "GrassN4", "from": [0.7914000000000003, 5.5, 14.5], "to": [3.773, 10.5, 14.5], "shade": false, "climateColorMap": "climatePlantTint", "seasonColorMap": "seasonalGrass", "faces": {"north": {"texture": "#short-south", "uv": [17.092, 16.0, 20.0736, 21.0], "windMode": [-1, 7, 7, -1], "windData": [0, 0, 1, 1]}}}]}, {"name": "5", "from": [-0.0183, 7.0, -0.05], "to": [2.9627, 10.5, 16.05], "rotationOrigin": [8.0, 7.0, 7.95], "rotationZ": 26.6, "faces": {"north": {"texture": "#aged-side", "uv": [12.5, 1.0, 15.0, 4.5]}, "east": {"texture": "#aged-side", "uv": [0.0, 1.0, 16.0, 4.5], "windMode": [-1, -1, -1, -1], "windData": [0, 1, 1, 0]}, "south": {"texture": "#aged-side", "uv": [1.0, 1.0, 3.5, 4.5]}, "west": {"texture": "#aged-side", "uv": [0.0, 1.0, 16.0, 4.5], "windMode": [-1, -1, -1, -1]}, "up": {"texture": "#material", "uv": [0.0, 13.5, 16.0, 16.0], "rotation": 90, "windMode": [-1, -1, -1, -1], "windData": [0, 0, 1, 1]}, "down": {"texture": "#material", "uv": [0.0, 13.5, 16.0, 16.0], "rotation": 270}}, "children": [{"name": "Grass3", "from": [2.0, 3.5, 0.0], "to": [2.9786, 5.5, 16.1], "climateColorMap": "climatePlantTint", "seasonColorMap": "seasonalGrass", "rotationOrigin": [2.0, 3.5, 0.0], "faces": {"north": {"texture": "#normal", "uv": [0.0, 0.0, 1.5, 2.0], "autoUv": false}, "east": {"texture": "#normal", "uv": [0.0, 0.0, 16.0, 2.0], "windMode": [-1, -1, -1, -1], "windData": [0, 1, 1, 0]}, "south": {"texture": "#normal", "uv": [0.0, 0.0, 0.5, 2.0], "windMode": [-1, -1, -1, -1], "windData": [0, 0, 1, 0]}, "west": {"texture": "#normal", "uv": [0.0, 0.0, 16.0, 2.0], "windMode": [-1, -1, -1, -1]}, "up": {"texture": "#normal", "uv": [16.0, 0.0, 32.0, 0.5], "rotation": 90, "windMode": [-1, -1, -1, -1], "windData": [0, 0, 0, 0]}, "down": {"texture": "#normal", "uv": [16.0, 0.0, 32.0, 0.5], "rotation": 90, "windMode": [-1, -1, -1, -1]}}}, {"name": "GrassE2", "from": [3.0, 5.5, 0.0], "to": [3.0, 10.5, 16.1], "shade": false, "climateColorMap": "climatePlantTint", "seasonColorMap": "seasonalGrass", "rotationOrigin": [3.0, 5.5, 8.0], "rotationZ": -26.6, "faces": {"east": {"texture": "#short-south", "uv": [2.0, 16.0, 18.0, 21.0], "autoUv": false, "windMode": [-1, 7, 7, -1], "windData": [0, 0, 0, 0]}}}, {"name": "Edge", "from": [0.0, 3.5, 0.0], "to": [2.0, 6.5, 16.1], "rotationOrigin": [0.0, 3.5, 0.0], "faces": {"north": {"texture": "#aged-top", "uv": [0.0, 0.0, 2.0, 3.0]}, "east": {"texture": "#aged-top", "uv": [0.0, 0.0, 16.0, 3.0], "rotation": 180}, "south": {"texture": "#aged-top", "uv": [14.0, 0.0, 16.0, 3.0]}, "west": {"texture": "#aged-top", "uv": [0.0, 0.0, 16.0, 3.0]}, "up": {"texture": "#aged-top", "uv": [0.0, 0.0, 16.0, 2.0], "rotation": 90}, "down": {"texture": "#aged-top", "uv": [0.0, 0.0, 16.0, 2.0], "rotation": 90, "windMode": [-1, -1, -1, -1]}}}, {"name": "GrassN0", "from": [2.7944, 5.5, 1.5], "to": [3.773, 10.5, 1.5], "shade": false, "climateColorMap": "climatePlantTint", "seasonColorMap": "seasonalGrass", "faces": {"north": {"texture": "#short-south", "uv": [18.865000000000002, 16.0, 19.843600000000002, 21.0], "windMode": [-1, 7, 7, -1], "windData": [0, 0, 1, 1]}}}, {"name": "GrassN1", "from": [2.7944, 5.5, 4.5], "to": [3.773, 10.5, 4.5], "shade": false, "climateColorMap": "climatePlantTint", "seasonColorMap": "seasonalGrass", "faces": {"north": {"texture": "#short-south", "uv": [20.865000000000002, 16.0, 21.843600000000002, 21.0], "windMode": [-1, 7, 7, -1], "windData": [0, 0, 1, 1]}}}, {"name": "GrassN2", "from": [2.7944, 5.5, 8], "to": [3.773, 10.5, 8], "shade": false, "climateColorMap": "climatePlantTint", "seasonColorMap": "seasonalGrass", "faces": {"north": {"texture": "#short-south", "uv": [21.865000000000002, 16.0, 22.843600000000002, 21.0], "windMode": [-1, 7, 7, -1], "windData": [0, 0, 1, 1]}}}, {"name": "GrassN3", "from": [2.7944, 5.5, 11.5], "to": [3.773, 10.5, 11.5], "shade": false, "climateColorMap": "climatePlantTint", "seasonColorMap": "seasonalGrass", "faces": {"north": {"texture": "#short-south", "uv": [19.865000000000002, 16.0, 20.843600000000002, 21.0], "windMode": [-1, 7, 7, -1], "windData": [0, 0, 1, 1]}}}, {"name": "GrassN4", "from": [2.7944, 5.5, 14.5], "to": [3.773, 10.5, 14.5], "shade": false, "climateColorMap": "climatePlantTint", "seasonColorMap": "seasonalGrass", "faces": {"north": {"texture": "#short-south", "uv": [20.865000000000002, 16.0, 21.843600000000002, 21.0], "windMode": [-1, 7, 7, -1], "windData": [0, 0, 1, 1]}}}]}]}]}]}