{"editor": {"collapsedPaths": "Root/main/middle/slanted down8,Root/main/middle/slanted down11,Root/main/middle/slanted down9,Root/main/middle/slanted down,Root/main/middle2,Root/main/middle/slanted down7,Root/origin/slanted down/Grass1,Root/main/middle/slanted down10,Root/main/lower2,Root/origin/middle/slanted down/Grass1,Root/main/middle/slanted down/Grass1,Root/main/middle/slanted down/Grass3", "allAngles": false, "entityTextureMode": false}, "textureWidth": 16, "textureHeight": 16, "textureSizes": {"normal": [32, 16], "short-south": [24, 24], "short-north": [24, 24], "material": [16, 16]}, "textures": {"normal": "block/plant/grasscoverage/normal", "short-south": "block/plant/tallgrass/free/short-south", "material": "block/wood/planks/aged/generic1", "aged-side": "block/wood/roof/aged-side", "aged-top": "block/wood/roof/aged-top"}, "elements": [{"name": "main", "from": [0.0, 0.0, 0.0], "to": [0.0, 0.0, 0.0], "rotationOrigin": [8.0, 0.0, 8.0], "faces": {}, "children": [{"name": "lower", "from": [0.0, -5.33, 0.0], "to": [0.0, -5.33, 0.0], "rotationOrigin": [0.0, -4.0, 0.0], "faces": {"north": {"texture": "#normal", "uv": [0.0, 0.0, 0.5, 0.5]}, "east": {"texture": "#normal", "uv": [0.0, 0.0, 0.5, 0.5]}, "south": {"texture": "#normal", "uv": [0.0, 0.0, 0.5, 0.5]}, "west": {"texture": "#normal", "uv": [0.0, 0.0, 0.5, 0.5]}, "up": {"texture": "#normal", "uv": [0.0, 0.0, 0.5, 0.5]}, "down": {"texture": "#normal", "uv": [0.0, 0.0, 0.5, 0.5]}}, "children": [{"name": "0", "from": [14.263, 7.0, -0.05], "to": [17.079, 10.5, 16.05], "rotationOrigin": [8.0, 7.0, 7.95], "rotationZ": 18.4, "faces": {"north": {"texture": "#aged-side", "uv": [0.0, 1.0, 2.5, 4.5]}, "east": {"texture": "#aged-side", "uv": [0.0, 1.0, 16.0, 4.5], "windMode": [-1, -1, -1, -1], "windData": [0, 1, 1, 0]}, "south": {"texture": "#aged-side", "uv": [13.5, 1.0, 16.0, 4.5]}, "west": {"texture": "#aged-side", "uv": [0.0, 1.0, 16.0, 4.5], "windMode": [-1, -1, -1, -1]}, "up": {"texture": "#material", "uv": [0.0, 0.0, 16.0, 3.0], "rotation": 90, "autoUv": false, "windMode": [-1, -1, -1, -1], "windData": [0, 0, 1, 1]}, "down": {"texture": "#material", "uv": [0.0, 0.0, 16.0, 3.0], "rotation": 270, "autoUv": false}}, "children": [{"name": "Grass7", "from": [0.0, 3.5, 0.0], "to": [2.8166, 5.5, 16.1], "climateColorMap": "climatePlantTint", "seasonColorMap": "seasonalGrass", "rotationOrigin": [0.0, 3.5, 0.0], "faces": {"north": {"texture": "#normal", "uv": [0.0, 0.0, 2.5, 2.0]}, "east": {"texture": "#normal", "uv": [0.0, 0.0, 16.0, 2.0], "windMode": [-1, -1, -1, -1], "windData": [0, 1, 1, 0]}, "south": {"texture": "#normal", "uv": [0.0, 0.0, 2.5, 2.0], "windMode": [-1, -1, -1, -1], "windData": [0, 0, 1, 0]}, "west": {"texture": "#normal", "uv": [0.0, 0.0, 16.0, 2.0], "windMode": [-1, -1, -1, -1]}, "up": {"texture": "#normal", "uv": [16.0, 0.0, 32.0, 2.5], "rotation": 90, "windMode": [-1, -1, -1, -1], "windData": [0, 0, 1, 1]}, "down": {"texture": "#normal", "uv": [16.0, 0.0, 32.0, 2.5], "rotation": 90, "windMode": [-1, -1, -1, -1]}}}, {"name": "GrassE6", "from": [2.0, 5.5, 0.0], "to": [2.0, 10.5, 16.1], "shade": false, "climateColorMap": "climatePlantTint", "seasonColorMap": "seasonalGrass", "rotationOrigin": [2.0, 5.5, 8.0], "rotationZ": -18.4, "faces": {"east": {"texture": "#short-south", "uv": [5.5, 15.5, 21.5, 20.5], "autoUv": false, "windMode": [-1, 7, 7, -1], "windData": [0, 0, 0, 0]}}}, {"name": "GrassN0", "from": [0.9563999999999999, 5.5, 1.5], "to": [3.773, 10.5, 1.5], "shade": false, "climateColorMap": "climatePlantTint", "seasonColorMap": "seasonalGrass", "faces": {"north": {"texture": "#short-south", "uv": [4.0, 16.0, 6.8166, 21.0], "windMode": [-1, 7, 7, -1], "windData": [0, 0, 1, 1]}}}, {"name": "GrassN1", "from": [0.9563999999999999, 5.5, 4.5], "to": [3.773, 10.5, 4.5], "shade": false, "climateColorMap": "climatePlantTint", "seasonColorMap": "seasonalGrass", "faces": {"north": {"texture": "#short-south", "uv": [3.0, 16.0, 5.8166, 21.0], "windMode": [-1, 7, 7, -1], "windData": [0, 0, 1, 1]}}}, {"name": "GrassN2", "from": [0.9563999999999999, 5.5, 8], "to": [3.773, 10.5, 8], "shade": false, "climateColorMap": "climatePlantTint", "seasonColorMap": "seasonalGrass", "faces": {"north": {"texture": "#short-south", "uv": [5.0, 16.0, 7.8166, 21.0], "windMode": [-1, 7, 7, -1], "windData": [0, 0, 1, 1]}}}, {"name": "GrassN3", "from": [0.9563999999999999, 5.5, 11.5], "to": [3.773, 10.5, 11.5], "shade": false, "climateColorMap": "climatePlantTint", "seasonColorMap": "seasonalGrass", "faces": {"north": {"texture": "#short-south", "uv": [2.0, 16.0, 4.8166, 21.0], "windMode": [-1, 7, 7, -1], "windData": [0, 0, 1, 1]}}}, {"name": "GrassN4", "from": [0.9563999999999999, 5.5, 14.5], "to": [3.773, 10.5, 14.5], "shade": false, "climateColorMap": "climatePlantTint", "seasonColorMap": "seasonalGrass", "faces": {"north": {"texture": "#short-south", "uv": [4.0, 16.0, 6.8166, 21.0], "windMode": [-1, 7, 7, -1], "windData": [0, 0, 1, 1]}}}]}, {"name": "1", "from": [11.4464, 7.0, -0.05], "to": [14.2624, 10.5, 16.05], "rotationOrigin": [8.0, 7.0, 7.95], "rotationZ": 18.4, "faces": {"north": {"texture": "#aged-side", "uv": [2.5, 1.0, 5.0, 4.5]}, "east": {"texture": "#aged-side", "uv": [0.0, 1.0, 16.0, 4.5], "windMode": [-1, -1, -1, -1], "windData": [0, 1, 1, 0]}, "south": {"texture": "#aged-side", "uv": [11.0, 1.0, 13.5, 4.5]}, "west": {"texture": "#aged-side", "uv": [0.0, 1.0, 16.0, 4.5], "windMode": [-1, -1, -1, -1]}, "up": {"texture": "#material", "uv": [0.0, 3.0, 16.0, 5.5], "rotation": 90, "windMode": [-1, -1, -1, -1], "windData": [0, 0, 1, 1]}, "down": {"texture": "#material", "uv": [0.0, 3.0, 16.0, 5.5], "rotation": 270}}, "children": [{"name": "Grass6", "from": [0.0, 3.5, 0.0], "to": [2.8166, 5.5, 16.1], "climateColorMap": "climatePlantTint", "seasonColorMap": "seasonalGrass", "rotationOrigin": [0.0, 3.5, 0.0], "faces": {"north": {"texture": "#normal", "uv": [0.0, 0.0, 2.5, 2.0]}, "east": {"texture": "#normal", "uv": [0.0, 0.0, 16.0, 2.0], "windMode": [-1, -1, -1, -1], "windData": [0, 1, 1, 0]}, "south": {"texture": "#normal", "uv": [0.0, 0.0, 2.5, 2.0], "windMode": [-1, -1, -1, -1], "windData": [0, 0, 1, 0]}, "west": {"texture": "#normal", "uv": [0.0, 0.0, 16.0, 2.0], "windMode": [-1, -1, -1, -1]}, "up": {"texture": "#normal", "uv": [16.0, 2.5, 32.0, 5.0], "rotation": 90, "windMode": [-1, -1, -1, -1], "windData": [0, 0, 1, 1]}, "down": {"texture": "#normal", "uv": [16.0, 2.5, 32.0, 5.0], "rotation": 90, "windMode": [-1, -1, -1, -1]}}}, {"name": "GrassE5", "from": [2.0, 5.5, 0.0], "to": [2.0, 10.5, 16.1], "shade": false, "climateColorMap": "climatePlantTint", "seasonColorMap": "seasonalGrass", "rotationOrigin": [2.0, 5.5, 8.0], "rotationZ": -18.4, "faces": {"east": {"texture": "#short-south", "uv": [0.5, 16.0, 16.5, 21.0], "autoUv": false, "windMode": [-1, 7, 7, -1], "windData": [0, 0, 0, 0]}}}, {"name": "GrassN0", "from": [0.9563999999999999, 5.5, 1.5], "to": [3.773, 10.5, 1.5], "shade": false, "climateColorMap": "climatePlantTint", "seasonColorMap": "seasonalGrass", "faces": {"north": {"texture": "#short-south", "uv": [7.773, 16.0, 10.5896, 21.0], "windMode": [-1, 7, 7, -1], "windData": [0, 0, 1, 1]}}}, {"name": "GrassN1", "from": [0.9563999999999999, 5.5, 4.5], "to": [3.773, 10.5, 4.5], "shade": false, "climateColorMap": "climatePlantTint", "seasonColorMap": "seasonalGrass", "faces": {"north": {"texture": "#short-south", "uv": [6.773, 16.0, 9.5896, 21.0], "windMode": [-1, 7, 7, -1], "windData": [0, 0, 1, 1]}}}, {"name": "GrassN2", "from": [0.9563999999999999, 5.5, 8], "to": [3.773, 10.5, 8], "shade": false, "climateColorMap": "climatePlantTint", "seasonColorMap": "seasonalGrass", "faces": {"north": {"texture": "#short-south", "uv": [8.773, 16.0, 11.5896, 21.0], "windMode": [-1, 7, 7, -1], "windData": [0, 0, 1, 1]}}}, {"name": "GrassN3", "from": [0.9563999999999999, 5.5, 11.5], "to": [3.773, 10.5, 11.5], "shade": false, "climateColorMap": "climatePlantTint", "seasonColorMap": "seasonalGrass", "faces": {"north": {"texture": "#short-south", "uv": [5.773, 16.0, 8.5896, 21.0], "windMode": [-1, 7, 7, -1], "windData": [0, 0, 1, 1]}}}, {"name": "GrassN4", "from": [0.9563999999999999, 5.5, 14.5], "to": [3.773, 10.5, 14.5], "shade": false, "climateColorMap": "climatePlantTint", "seasonColorMap": "seasonalGrass", "faces": {"north": {"texture": "#short-south", "uv": [7.773, 16.0, 10.5896, 21.0], "windMode": [-1, 7, 7, -1], "windData": [0, 0, 1, 1]}}}]}, {"name": "2", "from": [8.6298, 7.0, -0.05], "to": [11.4458, 10.5, 16.05], "rotationOrigin": [8.0, 7.0, 7.95], "rotationZ": 18.4, "faces": {"north": {"texture": "#aged-side", "uv": [5.0, 1.0, 7.5, 4.5]}, "east": {"texture": "#aged-side", "uv": [0.0, 1.0, 16.0, 4.5], "windMode": [-1, -1, -1, -1], "windData": [0, 1, 1, 0]}, "south": {"texture": "#aged-side", "uv": [8.5, 1.0, 11.0, 4.5]}, "west": {"texture": "#aged-side", "uv": [0.0, 1.0, 16.0, 4.5], "windMode": [-1, -1, -1, -1]}, "up": {"texture": "#material", "uv": [0.0, 6.0, 16.0, 9.0], "rotation": 90, "autoUv": false, "windMode": [-1, -1, -1, -1], "windData": [0, 0, 1, 1]}, "down": {"texture": "#material", "uv": [0.0, 6.0, 16.0, 9.0], "rotation": 270, "autoUv": false}}, "children": [{"name": "Grass5", "from": [0.0, 3.5, 0.0], "to": [2.8166, 5.5, 16.1], "climateColorMap": "climatePlantTint", "seasonColorMap": "seasonalGrass", "rotationOrigin": [0.0, 3.5, 0.0], "faces": {"north": {"texture": "#normal", "uv": [0.0, 0.0, 2.5, 2.0]}, "east": {"texture": "#normal", "uv": [0.0, 0.0, 16.0, 2.0], "windMode": [-1, -1, -1, -1], "windData": [0, 1, 1, 0]}, "south": {"texture": "#normal", "uv": [0.0, 0.0, 2.5, 2.0], "windMode": [-1, -1, -1, -1], "windData": [0, 0, 1, 0]}, "west": {"texture": "#normal", "uv": [0.0, 0.0, 16.0, 2.0], "windMode": [-1, -1, -1, -1]}, "up": {"texture": "#normal", "uv": [16.0, 5.0, 32.0, 7.5], "rotation": 90, "windMode": [-1, -1, -1, -1], "windData": [0, 0, 1, 1]}, "down": {"texture": "#normal", "uv": [16.0, 5.0, 32.0, 7.5], "rotation": 90, "windMode": [-1, -1, -1, -1]}}}, {"name": "GrassE4", "from": [1.0, 5.5, 0.0], "to": [1.0, 10.5, 16.1], "shade": false, "climateColorMap": "climatePlantTint", "seasonColorMap": "seasonalGrass", "rotationOrigin": [1.0, 5.5, 8.0], "rotationZ": -18.4, "faces": {"east": {"texture": "#short-south", "uv": [6.5, 16.0, 22.5, 21.0], "autoUv": false, "windMode": [-1, 7, 7, -1], "windData": [0, 0, 0, 0]}}}, {"name": "GrassN0", "from": [0.9563999999999999, 5.5, 1.5], "to": [3.773, 10.5, 1.5], "shade": false, "climateColorMap": "climatePlantTint", "seasonColorMap": "seasonalGrass", "faces": {"north": {"texture": "#short-south", "uv": [11.546, 16.0, 14.3626, 21.0], "windMode": [-1, 7, 7, -1], "windData": [0, 0, 1, 1]}}}, {"name": "GrassN1", "from": [0.9563999999999999, 5.5, 4.5], "to": [3.773, 10.5, 4.5], "shade": false, "climateColorMap": "climatePlantTint", "seasonColorMap": "seasonalGrass", "faces": {"north": {"texture": "#short-south", "uv": [10.546, 16.0, 13.3626, 21.0], "windMode": [-1, 7, 7, -1], "windData": [0, 0, 1, 1]}}}, {"name": "GrassN2", "from": [0.9563999999999999, 5.5, 8], "to": [3.773, 10.5, 8], "shade": false, "climateColorMap": "climatePlantTint", "seasonColorMap": "seasonalGrass", "faces": {"north": {"texture": "#short-south", "uv": [12.546, 16.0, 15.3626, 21.0], "windMode": [-1, 7, 7, -1], "windData": [0, 0, 1, 1]}}}, {"name": "GrassN3", "from": [0.9563999999999999, 5.5, 11.5], "to": [3.773, 10.5, 11.5], "shade": false, "climateColorMap": "climatePlantTint", "seasonColorMap": "seasonalGrass", "faces": {"north": {"texture": "#short-south", "uv": [9.546, 16.0, 12.3626, 21.0], "windMode": [-1, 7, 7, -1], "windData": [0, 0, 1, 1]}}}, {"name": "GrassN4", "from": [0.9563999999999999, 5.5, 14.5], "to": [3.773, 10.5, 14.5], "shade": false, "climateColorMap": "climatePlantTint", "seasonColorMap": "seasonalGrass", "faces": {"north": {"texture": "#short-south", "uv": [11.546, 16.0, 14.3626, 21.0], "windMode": [-1, 7, 7, -1], "windData": [0, 0, 1, 1]}}}]}, {"name": "3", "from": [5.8132, 7.0, -0.05], "to": [8.6292, 10.5, 16.05], "rotationOrigin": [8.0, 7.0, 7.95], "rotationZ": 18.4, "faces": {"north": {"texture": "#aged-side", "uv": [7.5, 1.0, 10.0, 4.5]}, "east": {"texture": "#aged-side", "uv": [0.0, 1.0, 16.0, 4.5], "windMode": [-1, -1, -1, -1], "windData": [0, 1, 1, 0]}, "south": {"texture": "#aged-side", "uv": [6.0, 1.0, 8.5, 4.5]}, "west": {"texture": "#aged-side", "uv": [0.0, 1.0, 16.0, 4.5], "windMode": [-1, -1, -1, -1]}, "up": {"texture": "#material", "uv": [0.0, 9.0, 16.0, 12.0], "rotation": 90, "autoUv": false, "windMode": [-1, -1, -1, -1], "windData": [0, 0, 1, 1]}, "down": {"texture": "#material", "uv": [0.0, 9.0, 16.0, 12.0], "rotation": 270, "autoUv": false}}, "children": [{"name": "Grass5", "from": [0.0, 3.5, 0.0], "to": [2.8166, 5.5, 16.1], "climateColorMap": "climatePlantTint", "seasonColorMap": "seasonalGrass", "rotationOrigin": [0.0, 3.5, 0.0], "faces": {"north": {"texture": "#normal", "uv": [0.0, 0.0, 2.5, 2.0]}, "east": {"texture": "#normal", "uv": [0.0, 0.0, 16.0, 2.0], "windMode": [-1, -1, -1, -1], "windData": [0, 1, 1, 0]}, "south": {"texture": "#normal", "uv": [0.0, 0.0, 2.5, 2.0], "windMode": [-1, -1, -1, -1], "windData": [0, 0, 1, 0]}, "west": {"texture": "#normal", "uv": [0.0, 0.0, 16.0, 2.0], "windMode": [-1, -1, -1, -1]}, "up": {"texture": "#normal", "uv": [16.0, 7.5, 32.0, 10.0], "rotation": 90, "windMode": [-1, -1, -1, -1], "windData": [0, 0, 1, 1]}, "down": {"texture": "#normal", "uv": [16.0, 7.5, 32.0, 10.0], "rotation": 90, "windMode": [-1, -1, -1, -1]}}}, {"name": "GrassN0", "from": [0.9563999999999999, 5.5, 1.5], "to": [3.773, 10.5, 1.5], "shade": false, "climateColorMap": "climatePlantTint", "seasonColorMap": "seasonalGrass", "faces": {"north": {"texture": "#short-south", "uv": [15.319, 16.0, 18.1356, 21.0], "windMode": [-1, 7, 7, -1], "windData": [0, 0, 1, 1]}}}, {"name": "GrassN1", "from": [0.9563999999999999, 5.5, 4.5], "to": [3.773, 10.5, 4.5], "shade": false, "climateColorMap": "climatePlantTint", "seasonColorMap": "seasonalGrass", "faces": {"north": {"texture": "#short-south", "uv": [14.319, 16.0, 17.1356, 21.0], "windMode": [-1, 7, 7, -1], "windData": [0, 0, 1, 1]}}}, {"name": "GrassN2", "from": [0.9563999999999999, 5.5, 8], "to": [3.773, 10.5, 8], "shade": false, "climateColorMap": "climatePlantTint", "seasonColorMap": "seasonalGrass", "faces": {"north": {"texture": "#short-south", "uv": [16.319000000000003, 16.0, 19.1356, 21.0], "windMode": [-1, 7, 7, -1], "windData": [0, 0, 1, 1]}}}, {"name": "GrassN3", "from": [0.9563999999999999, 5.5, 11.5], "to": [3.773, 10.5, 11.5], "shade": false, "climateColorMap": "climatePlantTint", "seasonColorMap": "seasonalGrass", "faces": {"north": {"texture": "#short-south", "uv": [13.319, 16.0, 16.1356, 21.0], "windMode": [-1, 7, 7, -1], "windData": [0, 0, 1, 1]}}}, {"name": "GrassN4", "from": [0.9563999999999999, 5.5, 14.5], "to": [3.773, 10.5, 14.5], "shade": false, "climateColorMap": "climatePlantTint", "seasonColorMap": "seasonalGrass", "faces": {"north": {"texture": "#short-south", "uv": [15.319, 16.0, 18.1356, 21.0], "windMode": [-1, 7, 7, -1], "windData": [0, 0, 1, 1]}}}]}, {"name": "4", "from": [2.996, 7.0, -0.05], "to": [5.812, 10.5, 16.05], "rotationOrigin": [8.0, 7.0, 7.95], "rotationZ": 18.4, "faces": {"north": {"texture": "#aged-side", "uv": [3.5, 1.0, 6.0, 4.5]}, "east": {"texture": "#aged-side", "uv": [0.0, 1.0, 16.0, 4.5], "windMode": [-1, -1, -1, -1], "windData": [0, 1, 1, 0]}, "south": {"texture": "#aged-side", "uv": [3.5, 1.0, 6.0, 4.5]}, "west": {"texture": "#aged-side", "uv": [0.0, 1.0, 16.0, 4.5], "windMode": [-1, -1, -1, -1]}, "up": {"texture": "#material", "uv": [0.0, 12.0, 16.0, 15.0], "rotation": 90, "autoUv": false, "windMode": [-1, -1, -1, -1], "windData": [0, 0, 1, 1]}, "down": {"texture": "#material", "uv": [0.0, 12.0, 16.0, 15.0], "rotation": 270, "autoUv": false}}, "children": [{"name": "Grass4", "from": [0.0, 3.5, 0.0], "to": [2.8166, 5.5, 16.1], "climateColorMap": "climatePlantTint", "seasonColorMap": "seasonalGrass", "rotationOrigin": [0.0, 3.5, 0.0], "faces": {"north": {"texture": "#normal", "uv": [0.0, 0.0, 2.5, 2.0]}, "east": {"texture": "#normal", "uv": [0.0, 0.0, 16.0, 2.0], "windMode": [-1, -1, -1, -1], "windData": [0, 1, 1, 0]}, "south": {"texture": "#normal", "uv": [0.0, 0.0, 2.5, 2.0], "windMode": [-1, -1, -1, -1], "windData": [0, 0, 1, 0]}, "west": {"texture": "#normal", "uv": [0.0, 0.0, 16.0, 2.0], "windMode": [-1, -1, -1, -1]}, "up": {"texture": "#normal", "uv": [16.0, 10.0, 32.0, 12.5], "rotation": 90, "windMode": [-1, -1, -1, -1], "windData": [0, 0, 1, 1]}, "down": {"texture": "#normal", "uv": [16.0, 10.0, 32.0, 12.5], "rotation": 90, "windMode": [-1, -1, -1, -1]}}}, {"name": "GrassE3", "from": [3.0, 5.5, 0.0], "to": [3.0, 10.5, 16.1], "shade": false, "climateColorMap": "climatePlantTint", "seasonColorMap": "seasonalGrass", "rotationOrigin": [3.0, 5.5, 8.0], "rotationZ": -18.4, "faces": {"east": {"texture": "#short-south", "uv": [4.0, 16.0, 20.0, 21.0], "autoUv": false, "windMode": [-1, 7, 7, -1], "windData": [0, 0, 0, 0]}}}, {"name": "GrassN0", "from": [0.9563999999999999, 5.5, 1.5], "to": [3.773, 10.5, 1.5], "shade": false, "climateColorMap": "climatePlantTint", "seasonColorMap": "seasonalGrass", "faces": {"north": {"texture": "#short-south", "uv": [19.092, 16.0, 21.9086, 21.0], "windMode": [-1, 7, 7, -1], "windData": [0, 0, 1, 1]}}}, {"name": "GrassN1", "from": [0.9563999999999999, 5.5, 4.5], "to": [3.773, 10.5, 4.5], "shade": false, "climateColorMap": "climatePlantTint", "seasonColorMap": "seasonalGrass", "faces": {"north": {"texture": "#short-south", "uv": [18.092, 16.0, 20.9086, 21.0], "windMode": [-1, 7, 7, -1], "windData": [0, 0, 1, 1]}}}, {"name": "GrassN2", "from": [0.9563999999999999, 5.5, 8], "to": [3.773, 10.5, 8], "shade": false, "climateColorMap": "climatePlantTint", "seasonColorMap": "seasonalGrass", "faces": {"north": {"texture": "#short-south", "uv": [20.092, 16.0, 22.9086, 21.0], "windMode": [-1, 7, 7, -1], "windData": [0, 0, 1, 1]}}}, {"name": "GrassN3", "from": [0.9563999999999999, 5.5, 11.5], "to": [3.773, 10.5, 11.5], "shade": false, "climateColorMap": "climatePlantTint", "seasonColorMap": "seasonalGrass", "faces": {"north": {"texture": "#short-south", "uv": [17.092, 16.0, 19.9086, 21.0], "windMode": [-1, 7, 7, -1], "windData": [0, 0, 1, 1]}}}, {"name": "GrassN4", "from": [0.9563999999999999, 5.5, 14.5], "to": [3.773, 10.5, 14.5], "shade": false, "climateColorMap": "climatePlantTint", "seasonColorMap": "seasonalGrass", "faces": {"north": {"texture": "#short-south", "uv": [19.092, 16.0, 21.9086, 21.0], "windMode": [-1, 7, 7, -1], "windData": [0, 0, 1, 1]}}}]}, {"name": "5", "from": [0.18, 7.0, -0.05], "to": [2.996, 10.5, 16.05], "rotationOrigin": [8.0, 7.0, 7.95], "rotationZ": 18.4, "faces": {"north": {"texture": "#aged-side", "uv": [1.0, 1.0, 3.5, 4.5]}, "east": {"texture": "#aged-side", "uv": [0.0, 1.0, 16.0, 4.5], "windMode": [-1, -1, -1, -1], "windData": [0, 1, 1, 0]}, "south": {"texture": "#aged-side", "uv": [1.0, 1.0, 3.5, 4.5]}, "west": {"texture": "#aged-side", "uv": [0.0, 1.0, 16.0, 4.5], "windMode": [-1, -1, -1, -1]}, "up": {"texture": "#material", "uv": [0.0, 0.0, 16.0, 3.0], "rotation": 90, "autoUv": false, "windMode": [-1, -1, -1, -1], "windData": [0, 0, 1, 1]}, "down": {"texture": "#material", "uv": [0.0, 0.0, 16.0, 3.0], "rotation": 270, "autoUv": false}}, "children": [{"name": "Grass3", "from": [2.0, 3.5, 0.0], "to": [2.8166, 5.5, 16.1], "climateColorMap": "climatePlantTint", "seasonColorMap": "seasonalGrass", "rotationOrigin": [2.0, 3.5, 0.0], "faces": {"north": {"texture": "#normal", "uv": [0.0, 0.0, 1.5, 2.0], "autoUv": false}, "east": {"texture": "#normal", "uv": [0.0, 0.0, 16.0, 2.0], "windMode": [-1, -1, -1, -1], "windData": [0, 1, 1, 0]}, "south": {"texture": "#normal", "uv": [0.0, 0.0, 0.5, 2.0], "windMode": [-1, -1, -1, -1], "windData": [0, 0, 1, 0]}, "west": {"texture": "#normal", "uv": [0.0, 0.0, 16.0, 2.0], "windMode": [-1, -1, -1, -1]}, "up": {"texture": "#normal", "uv": [16.0, 12.5, 32.0, 13.5], "rotation": 90, "autoUv": false, "windMode": [-1, -1, -1, -1], "windData": [0, 0, 0, 0]}, "down": {"texture": "#normal", "uv": [16.0, 12.5, 32.0, 13.5], "rotation": 90, "autoUv": false, "windMode": [-1, -1, -1, -1]}}}, {"name": "GrassE2", "from": [3.0, 5.5, 0.0], "to": [3.0, 10.5, 16.1], "shade": false, "climateColorMap": "climatePlantTint", "seasonColorMap": "seasonalGrass", "rotationOrigin": [3.0, 5.5, 8.0], "rotationZ": -18.4, "faces": {"east": {"texture": "#short-south", "uv": [2.0, 16.0, 18.0, 21.0], "autoUv": false, "windMode": [-1, 7, 7, -1], "windData": [0, 0, 0, 0]}}}, {"name": "Edge", "from": [0.0, 3.5, 0.0], "to": [2.0, 6.5, 16.1], "rotationOrigin": [0.0, 3.5, 0.0], "faces": {"north": {"texture": "#aged-top", "uv": [0.0, 0.0, 2.0, 3.0]}, "east": {"texture": "#aged-top", "uv": [0.0, 0.0, 16.0, 3.0], "rotation": 180}, "south": {"texture": "#aged-top", "uv": [14.0, 0.0, 16.0, 3.0]}, "west": {"texture": "#aged-top", "uv": [0.0, 0.0, 16.0, 3.0]}, "up": {"texture": "#aged-top", "uv": [0.0, 0.0, 16.0, 2.0], "rotation": 90}, "down": {"texture": "#aged-top", "uv": [0.0, 0.0, 16.0, 2.0], "rotation": 90, "windMode": [-1, -1, -1, -1]}}}, {"name": "GrassN0", "from": [2.9564, 5.5, 1.5], "to": [3.773, 10.5, 1.5], "shade": false, "climateColorMap": "climatePlantTint", "seasonColorMap": "seasonalGrass", "faces": {"north": {"texture": "#short-south", "uv": [22.865000000000002, 16.0, 23.681600000000003, 21.0], "windMode": [-1, 7, 7, -1], "windData": [0, 0, 1, 1]}}}, {"name": "GrassN1", "from": [2.9564, 5.5, 4.5], "to": [3.773, 10.5, 4.5], "shade": false, "climateColorMap": "climatePlantTint", "seasonColorMap": "seasonalGrass", "faces": {"north": {"texture": "#short-south", "uv": [21.865000000000002, 16.0, 22.681600000000003, 21.0], "windMode": [-1, 7, 7, -1], "windData": [0, 0, 1, 1]}}}, {"name": "GrassN2", "from": [2.9564, 5.5, 8], "to": [3.773, 10.5, 8], "shade": false, "climateColorMap": "climatePlantTint", "seasonColorMap": "seasonalGrass", "faces": {"north": {"texture": "#short-south", "uv": [23.865000000000002, 16.0, 24.681600000000003, 21.0], "windMode": [-1, 7, 7, -1], "windData": [0, 0, 1, 1]}}}, {"name": "GrassN3", "from": [2.9564, 5.5, 11.5], "to": [3.773, 10.5, 11.5], "shade": false, "climateColorMap": "climatePlantTint", "seasonColorMap": "seasonalGrass", "faces": {"north": {"texture": "#short-south", "uv": [20.865000000000002, 16.0, 21.681600000000003, 21.0], "windMode": [-1, 7, 7, -1], "windData": [0, 0, 1, 1]}}}, {"name": "GrassN4", "from": [2.9564, 5.5, 14.5], "to": [3.773, 10.5, 14.5], "shade": false, "climateColorMap": "climatePlantTint", "seasonColorMap": "seasonalGrass", "faces": {"north": {"texture": "#short-south", "uv": [22.865000000000002, 16.0, 23.681600000000003, 21.0], "windMode": [-1, 7, 7, -1], "windData": [0, 0, 1, 1]}}}]}]}, {"name": "middle", "from": [0.0, 0.0, 0.0], "to": [0.0, 0.0, 0.0], "rotationOrigin": [0.0, -4.0, 0.0], "faces": {"north": {"texture": "#normal", "uv": [0.0, 0.0, 0.5, 0.5]}, "east": {"texture": "#normal", "uv": [0.0, 0.0, 0.5, 0.5]}, "south": {"texture": "#normal", "uv": [0.0, 0.0, 0.5, 0.5]}, "west": {"texture": "#normal", "uv": [0.0, 0.0, 0.5, 0.5]}, "up": {"texture": "#normal", "uv": [0.0, 0.0, 0.5, 0.5]}, "down": {"texture": "#normal", "uv": [0.0, 0.0, 0.5, 0.5]}}, "children": [{"name": "0", "from": [14.263, 7.0, -0.05], "to": [17.079, 10.5, 16.05], "rotationOrigin": [8.0, 7.0, 7.95], "rotationZ": 18.4, "faces": {"north": {"texture": "#aged-side", "uv": [0.0, 1.0, 2.5, 4.5]}, "east": {"texture": "#aged-side", "uv": [0.0, 1.0, 16.0, 4.5], "windMode": [-1, -1, -1, -1], "windData": [0, 1, 1, 0]}, "south": {"texture": "#aged-side", "uv": [13.5, 1.0, 16.0, 4.5]}, "west": {"texture": "#aged-side", "uv": [0.0, 1.0, 16.0, 4.5], "windMode": [-1, -1, -1, -1]}, "up": {"texture": "#material", "uv": [0.0, 0.0, 16.0, 3.0], "rotation": 90, "autoUv": false, "windMode": [-1, -1, -1, -1], "windData": [0, 0, 1, 1]}, "down": {"texture": "#material", "uv": [0.0, 0.0, 16.0, 3.0], "rotation": 270, "autoUv": false}}, "children": [{"name": "Grass7", "from": [0.0, 3.5, 0.0], "to": [2.8166, 5.5, 16.1], "climateColorMap": "climatePlantTint", "seasonColorMap": "seasonalGrass", "rotationOrigin": [0.0, 3.5, 0.0], "faces": {"north": {"texture": "#normal", "uv": [0.0, 0.0, 2.5, 2.0]}, "east": {"texture": "#normal", "uv": [0.0, 0.0, 16.0, 2.0], "windMode": [-1, -1, -1, -1], "windData": [0, 1, 1, 0]}, "south": {"texture": "#normal", "uv": [0.0, 0.0, 2.5, 2.0], "windMode": [-1, -1, -1, -1], "windData": [0, 0, 1, 0]}, "west": {"texture": "#normal", "uv": [0.0, 0.0, 16.0, 2.0], "windMode": [-1, -1, -1, -1]}, "up": {"texture": "#normal", "uv": [16.0, 0.0, 32.0, 2.5], "rotation": 90, "windMode": [-1, -1, -1, -1], "windData": [0, 0, 1, 1]}, "down": {"texture": "#normal", "uv": [16.0, 0.0, 32.0, 2.5], "rotation": 90, "windMode": [-1, -1, -1, -1]}}}, {"name": "GrassE6", "from": [2.0, 5.5, 0.0], "to": [2.0, 10.5, 16.1], "shade": false, "climateColorMap": "climatePlantTint", "seasonColorMap": "seasonalGrass", "rotationOrigin": [2.0, 5.5, 8.0], "rotationZ": -18.4, "faces": {"east": {"texture": "#short-south", "uv": [5.5, 15.5, 21.5, 20.5], "autoUv": false, "windMode": [-1, 7, 7, -1], "windData": [0, 0, 0, 0]}}}, {"name": "GrassN0", "from": [0.9563999999999999, 5.5, 1.5], "to": [3.773, 10.5, 1.5], "shade": false, "climateColorMap": "climatePlantTint", "seasonColorMap": "seasonalGrass", "faces": {"north": {"texture": "#short-south", "uv": [4.0, 16.0, 6.8166, 21.0], "windMode": [-1, 7, 7, -1], "windData": [0, 0, 1, 1]}}}, {"name": "GrassN1", "from": [0.9563999999999999, 5.5, 4.5], "to": [3.773, 10.5, 4.5], "shade": false, "climateColorMap": "climatePlantTint", "seasonColorMap": "seasonalGrass", "faces": {"north": {"texture": "#short-south", "uv": [3.0, 16.0, 5.8166, 21.0], "windMode": [-1, 7, 7, -1], "windData": [0, 0, 1, 1]}}}, {"name": "GrassN2", "from": [0.9563999999999999, 5.5, 8], "to": [3.773, 10.5, 8], "shade": false, "climateColorMap": "climatePlantTint", "seasonColorMap": "seasonalGrass", "faces": {"north": {"texture": "#short-south", "uv": [5.0, 16.0, 7.8166, 21.0], "windMode": [-1, 7, 7, -1], "windData": [0, 0, 1, 1]}}}, {"name": "GrassN3", "from": [0.9563999999999999, 5.5, 11.5], "to": [3.773, 10.5, 11.5], "shade": false, "climateColorMap": "climatePlantTint", "seasonColorMap": "seasonalGrass", "faces": {"north": {"texture": "#short-south", "uv": [2.0, 16.0, 4.8166, 21.0], "windMode": [-1, 7, 7, -1], "windData": [0, 0, 1, 1]}}}, {"name": "GrassN4", "from": [0.9563999999999999, 5.5, 14.5], "to": [3.773, 10.5, 14.5], "shade": false, "climateColorMap": "climatePlantTint", "seasonColorMap": "seasonalGrass", "faces": {"north": {"texture": "#short-south", "uv": [4.0, 16.0, 6.8166, 21.0], "windMode": [-1, 7, 7, -1], "windData": [0, 0, 1, 1]}}}]}, {"name": "1", "from": [11.4464, 7.0, -0.05], "to": [14.2624, 10.5, 16.05], "rotationOrigin": [8.0, 7.0, 7.95], "rotationZ": 18.4, "faces": {"north": {"texture": "#aged-side", "uv": [2.5, 1.0, 5.0, 4.5]}, "east": {"texture": "#aged-side", "uv": [0.0, 1.0, 16.0, 4.5], "windMode": [-1, -1, -1, -1], "windData": [0, 1, 1, 0]}, "south": {"texture": "#aged-side", "uv": [11.0, 1.0, 13.5, 4.5]}, "west": {"texture": "#aged-side", "uv": [0.0, 1.0, 16.0, 4.5], "windMode": [-1, -1, -1, -1]}, "up": {"texture": "#material", "uv": [0.0, 3.0, 16.0, 5.5], "rotation": 90, "windMode": [-1, -1, -1, -1], "windData": [0, 0, 1, 1]}, "down": {"texture": "#material", "uv": [0.0, 3.0, 16.0, 5.5], "rotation": 270}}, "children": [{"name": "Grass6", "from": [0.0, 3.5, 0.0], "to": [2.8166, 5.5, 16.1], "climateColorMap": "climatePlantTint", "seasonColorMap": "seasonalGrass", "rotationOrigin": [0.0, 3.5, 0.0], "faces": {"north": {"texture": "#normal", "uv": [0.0, 0.0, 2.5, 2.0]}, "east": {"texture": "#normal", "uv": [0.0, 0.0, 16.0, 2.0], "windMode": [-1, -1, -1, -1], "windData": [0, 1, 1, 0]}, "south": {"texture": "#normal", "uv": [0.0, 0.0, 2.5, 2.0], "windMode": [-1, -1, -1, -1], "windData": [0, 0, 1, 0]}, "west": {"texture": "#normal", "uv": [0.0, 0.0, 16.0, 2.0], "windMode": [-1, -1, -1, -1]}, "up": {"texture": "#normal", "uv": [16.0, 2.5, 32.0, 5.0], "rotation": 90, "windMode": [-1, -1, -1, -1], "windData": [0, 0, 1, 1]}, "down": {"texture": "#normal", "uv": [16.0, 2.5, 32.0, 5.0], "rotation": 90, "windMode": [-1, -1, -1, -1]}}}, {"name": "GrassE5", "from": [2.0, 5.5, 0.0], "to": [2.0, 10.5, 16.1], "shade": false, "climateColorMap": "climatePlantTint", "seasonColorMap": "seasonalGrass", "rotationOrigin": [2.0, 5.5, 8.0], "rotationZ": -18.4, "faces": {"east": {"texture": "#short-south", "uv": [0.5, 16.0, 16.5, 21.0], "autoUv": false, "windMode": [-1, 7, 7, -1], "windData": [0, 0, 0, 0]}}}, {"name": "GrassN0", "from": [0.9563999999999999, 5.5, 1.5], "to": [3.773, 10.5, 1.5], "shade": false, "climateColorMap": "climatePlantTint", "seasonColorMap": "seasonalGrass", "faces": {"north": {"texture": "#short-south", "uv": [7.773, 16.0, 10.5896, 21.0], "windMode": [-1, 7, 7, -1], "windData": [0, 0, 1, 1]}}}, {"name": "GrassN1", "from": [0.9563999999999999, 5.5, 4.5], "to": [3.773, 10.5, 4.5], "shade": false, "climateColorMap": "climatePlantTint", "seasonColorMap": "seasonalGrass", "faces": {"north": {"texture": "#short-south", "uv": [6.773, 16.0, 9.5896, 21.0], "windMode": [-1, 7, 7, -1], "windData": [0, 0, 1, 1]}}}, {"name": "GrassN2", "from": [0.9563999999999999, 5.5, 8], "to": [3.773, 10.5, 8], "shade": false, "climateColorMap": "climatePlantTint", "seasonColorMap": "seasonalGrass", "faces": {"north": {"texture": "#short-south", "uv": [8.773, 16.0, 11.5896, 21.0], "windMode": [-1, 7, 7, -1], "windData": [0, 0, 1, 1]}}}, {"name": "GrassN3", "from": [0.9563999999999999, 5.5, 11.5], "to": [3.773, 10.5, 11.5], "shade": false, "climateColorMap": "climatePlantTint", "seasonColorMap": "seasonalGrass", "faces": {"north": {"texture": "#short-south", "uv": [5.773, 16.0, 8.5896, 21.0], "windMode": [-1, 7, 7, -1], "windData": [0, 0, 1, 1]}}}, {"name": "GrassN4", "from": [0.9563999999999999, 5.5, 14.5], "to": [3.773, 10.5, 14.5], "shade": false, "climateColorMap": "climatePlantTint", "seasonColorMap": "seasonalGrass", "faces": {"north": {"texture": "#short-south", "uv": [7.773, 16.0, 10.5896, 21.0], "windMode": [-1, 7, 7, -1], "windData": [0, 0, 1, 1]}}}]}, {"name": "2", "from": [8.6298, 7.0, -0.05], "to": [11.4458, 10.5, 16.05], "rotationOrigin": [8.0, 7.0, 7.95], "rotationZ": 18.4, "faces": {"north": {"texture": "#aged-side", "uv": [5.0, 1.0, 7.5, 4.5]}, "east": {"texture": "#aged-side", "uv": [0.0, 1.0, 16.0, 4.5], "windMode": [-1, -1, -1, -1], "windData": [0, 1, 1, 0]}, "south": {"texture": "#aged-side", "uv": [8.5, 1.0, 11.0, 4.5]}, "west": {"texture": "#aged-side", "uv": [0.0, 1.0, 16.0, 4.5], "windMode": [-1, -1, -1, -1]}, "up": {"texture": "#material", "uv": [0.0, 6.0, 16.0, 9.0], "rotation": 90, "autoUv": false, "windMode": [-1, -1, -1, -1], "windData": [0, 0, 1, 1]}, "down": {"texture": "#material", "uv": [0.0, 6.0, 16.0, 9.0], "rotation": 270, "autoUv": false}}, "children": [{"name": "Grass5", "from": [0.0, 3.5, 0.0], "to": [2.8166, 5.5, 16.1], "climateColorMap": "climatePlantTint", "seasonColorMap": "seasonalGrass", "rotationOrigin": [0.0, 3.5, 0.0], "faces": {"north": {"texture": "#normal", "uv": [0.0, 0.0, 2.5, 2.0]}, "east": {"texture": "#normal", "uv": [0.0, 0.0, 16.0, 2.0], "windMode": [-1, -1, -1, -1], "windData": [0, 1, 1, 0]}, "south": {"texture": "#normal", "uv": [0.0, 0.0, 2.5, 2.0], "windMode": [-1, -1, -1, -1], "windData": [0, 0, 1, 0]}, "west": {"texture": "#normal", "uv": [0.0, 0.0, 16.0, 2.0], "windMode": [-1, -1, -1, -1]}, "up": {"texture": "#normal", "uv": [16.0, 5.0, 32.0, 7.5], "rotation": 90, "windMode": [-1, -1, -1, -1], "windData": [0, 0, 1, 1]}, "down": {"texture": "#normal", "uv": [16.0, 5.0, 32.0, 7.5], "rotation": 90, "windMode": [-1, -1, -1, -1]}}}, {"name": "GrassE4", "from": [1.0, 5.5, 0.0], "to": [1.0, 10.5, 16.1], "shade": false, "climateColorMap": "climatePlantTint", "seasonColorMap": "seasonalGrass", "rotationOrigin": [1.0, 5.5, 8.0], "rotationZ": -18.4, "faces": {"east": {"texture": "#short-south", "uv": [6.5, 16.0, 22.5, 21.0], "autoUv": false, "windMode": [-1, 7, 7, -1], "windData": [0, 0, 0, 0]}}}, {"name": "GrassN0", "from": [0.9563999999999999, 5.5, 1.5], "to": [3.773, 10.5, 1.5], "shade": false, "climateColorMap": "climatePlantTint", "seasonColorMap": "seasonalGrass", "faces": {"north": {"texture": "#short-south", "uv": [11.546, 16.0, 14.3626, 21.0], "windMode": [-1, 7, 7, -1], "windData": [0, 0, 1, 1]}}}, {"name": "GrassN1", "from": [0.9563999999999999, 5.5, 4.5], "to": [3.773, 10.5, 4.5], "shade": false, "climateColorMap": "climatePlantTint", "seasonColorMap": "seasonalGrass", "faces": {"north": {"texture": "#short-south", "uv": [10.546, 16.0, 13.3626, 21.0], "windMode": [-1, 7, 7, -1], "windData": [0, 0, 1, 1]}}}, {"name": "GrassN2", "from": [0.9563999999999999, 5.5, 8], "to": [3.773, 10.5, 8], "shade": false, "climateColorMap": "climatePlantTint", "seasonColorMap": "seasonalGrass", "faces": {"north": {"texture": "#short-south", "uv": [12.546, 16.0, 15.3626, 21.0], "windMode": [-1, 7, 7, -1], "windData": [0, 0, 1, 1]}}}, {"name": "GrassN3", "from": [0.9563999999999999, 5.5, 11.5], "to": [3.773, 10.5, 11.5], "shade": false, "climateColorMap": "climatePlantTint", "seasonColorMap": "seasonalGrass", "faces": {"north": {"texture": "#short-south", "uv": [9.546, 16.0, 12.3626, 21.0], "windMode": [-1, 7, 7, -1], "windData": [0, 0, 1, 1]}}}, {"name": "GrassN4", "from": [0.9563999999999999, 5.5, 14.5], "to": [3.773, 10.5, 14.5], "shade": false, "climateColorMap": "climatePlantTint", "seasonColorMap": "seasonalGrass", "faces": {"north": {"texture": "#short-south", "uv": [11.546, 16.0, 14.3626, 21.0], "windMode": [-1, 7, 7, -1], "windData": [0, 0, 1, 1]}}}]}, {"name": "3", "from": [5.8132, 7.0, -0.05], "to": [8.6292, 10.5, 16.05], "rotationOrigin": [8.0, 7.0, 7.95], "rotationZ": 18.4, "faces": {"north": {"texture": "#aged-side", "uv": [7.5, 1.0, 10.0, 4.5]}, "east": {"texture": "#aged-side", "uv": [0.0, 1.0, 16.0, 4.5], "windMode": [-1, -1, -1, -1], "windData": [0, 1, 1, 0]}, "south": {"texture": "#aged-side", "uv": [6.0, 1.0, 8.5, 4.5]}, "west": {"texture": "#aged-side", "uv": [0.0, 1.0, 16.0, 4.5], "windMode": [-1, -1, -1, -1]}, "up": {"texture": "#material", "uv": [0.0, 9.0, 16.0, 12.0], "rotation": 90, "autoUv": false, "windMode": [-1, -1, -1, -1], "windData": [0, 0, 1, 1]}, "down": {"texture": "#material", "uv": [0.0, 9.0, 16.0, 12.0], "rotation": 270, "autoUv": false}}, "children": [{"name": "Grass5", "from": [0.0, 3.5, 0.0], "to": [2.8166, 5.5, 16.1], "climateColorMap": "climatePlantTint", "seasonColorMap": "seasonalGrass", "rotationOrigin": [0.0, 3.5, 0.0], "faces": {"north": {"texture": "#normal", "uv": [0.0, 0.0, 2.5, 2.0]}, "east": {"texture": "#normal", "uv": [0.0, 0.0, 16.0, 2.0], "windMode": [-1, -1, -1, -1], "windData": [0, 1, 1, 0]}, "south": {"texture": "#normal", "uv": [0.0, 0.0, 2.5, 2.0], "windMode": [-1, -1, -1, -1], "windData": [0, 0, 1, 0]}, "west": {"texture": "#normal", "uv": [0.0, 0.0, 16.0, 2.0], "windMode": [-1, -1, -1, -1]}, "up": {"texture": "#normal", "uv": [16.0, 7.5, 32.0, 10.0], "rotation": 90, "windMode": [-1, -1, -1, -1], "windData": [0, 0, 1, 1]}, "down": {"texture": "#normal", "uv": [16.0, 7.5, 32.0, 10.0], "rotation": 90, "windMode": [-1, -1, -1, -1]}}}, {"name": "GrassN0", "from": [0.9563999999999999, 5.5, 1.5], "to": [3.773, 10.5, 1.5], "shade": false, "climateColorMap": "climatePlantTint", "seasonColorMap": "seasonalGrass", "faces": {"north": {"texture": "#short-south", "uv": [15.319, 16.0, 18.1356, 21.0], "windMode": [-1, 7, 7, -1], "windData": [0, 0, 1, 1]}}}, {"name": "GrassN1", "from": [0.9563999999999999, 5.5, 4.5], "to": [3.773, 10.5, 4.5], "shade": false, "climateColorMap": "climatePlantTint", "seasonColorMap": "seasonalGrass", "faces": {"north": {"texture": "#short-south", "uv": [14.319, 16.0, 17.1356, 21.0], "windMode": [-1, 7, 7, -1], "windData": [0, 0, 1, 1]}}}, {"name": "GrassN2", "from": [0.9563999999999999, 5.5, 8], "to": [3.773, 10.5, 8], "shade": false, "climateColorMap": "climatePlantTint", "seasonColorMap": "seasonalGrass", "faces": {"north": {"texture": "#short-south", "uv": [16.319000000000003, 16.0, 19.1356, 21.0], "windMode": [-1, 7, 7, -1], "windData": [0, 0, 1, 1]}}}, {"name": "GrassN3", "from": [0.9563999999999999, 5.5, 11.5], "to": [3.773, 10.5, 11.5], "shade": false, "climateColorMap": "climatePlantTint", "seasonColorMap": "seasonalGrass", "faces": {"north": {"texture": "#short-south", "uv": [13.319, 16.0, 16.1356, 21.0], "windMode": [-1, 7, 7, -1], "windData": [0, 0, 1, 1]}}}, {"name": "GrassN4", "from": [0.9563999999999999, 5.5, 14.5], "to": [3.773, 10.5, 14.5], "shade": false, "climateColorMap": "climatePlantTint", "seasonColorMap": "seasonalGrass", "faces": {"north": {"texture": "#short-south", "uv": [15.319, 16.0, 18.1356, 21.0], "windMode": [-1, 7, 7, -1], "windData": [0, 0, 1, 1]}}}]}, {"name": "4", "from": [2.996, 7.0, -0.05], "to": [5.812, 10.5, 16.05], "rotationOrigin": [8.0, 7.0, 7.95], "rotationZ": 18.4, "faces": {"north": {"texture": "#aged-side", "uv": [3.5, 1.0, 6.0, 4.5]}, "east": {"texture": "#aged-side", "uv": [0.0, 1.0, 16.0, 4.5], "windMode": [-1, -1, -1, -1], "windData": [0, 1, 1, 0]}, "south": {"texture": "#aged-side", "uv": [3.5, 1.0, 6.0, 4.5]}, "west": {"texture": "#aged-side", "uv": [0.0, 1.0, 16.0, 4.5], "windMode": [-1, -1, -1, -1]}, "up": {"texture": "#material", "uv": [0.0, 12.0, 16.0, 15.0], "rotation": 90, "autoUv": false, "windMode": [-1, -1, -1, -1], "windData": [0, 0, 1, 1]}, "down": {"texture": "#material", "uv": [0.0, 12.0, 16.0, 15.0], "rotation": 270, "autoUv": false}}, "children": [{"name": "Grass4", "from": [0.0, 3.5, 0.0], "to": [2.8166, 5.5, 16.1], "climateColorMap": "climatePlantTint", "seasonColorMap": "seasonalGrass", "rotationOrigin": [0.0, 3.5, 0.0], "faces": {"north": {"texture": "#normal", "uv": [0.0, 0.0, 2.5, 2.0]}, "east": {"texture": "#normal", "uv": [0.0, 0.0, 16.0, 2.0], "windMode": [-1, -1, -1, -1], "windData": [0, 1, 1, 0]}, "south": {"texture": "#normal", "uv": [0.0, 0.0, 2.5, 2.0], "windMode": [-1, -1, -1, -1], "windData": [0, 0, 1, 0]}, "west": {"texture": "#normal", "uv": [0.0, 0.0, 16.0, 2.0], "windMode": [-1, -1, -1, -1]}, "up": {"texture": "#normal", "uv": [16.0, 10.0, 32.0, 12.5], "rotation": 90, "windMode": [-1, -1, -1, -1], "windData": [0, 0, 1, 1]}, "down": {"texture": "#normal", "uv": [16.0, 10.0, 32.0, 12.5], "rotation": 90, "windMode": [-1, -1, -1, -1]}}}, {"name": "GrassE3", "from": [3.0, 5.5, 0.0], "to": [3.0, 10.5, 16.1], "shade": false, "climateColorMap": "climatePlantTint", "seasonColorMap": "seasonalGrass", "rotationOrigin": [3.0, 5.5, 8.0], "rotationZ": -18.4, "faces": {"east": {"texture": "#short-south", "uv": [4.0, 16.0, 20.0, 21.0], "autoUv": false, "windMode": [-1, 7, 7, -1], "windData": [0, 0, 0, 0]}}}, {"name": "GrassN0", "from": [0.9563999999999999, 5.5, 1.5], "to": [3.773, 10.5, 1.5], "shade": false, "climateColorMap": "climatePlantTint", "seasonColorMap": "seasonalGrass", "faces": {"north": {"texture": "#short-south", "uv": [19.092, 16.0, 21.9086, 21.0], "windMode": [-1, 7, 7, -1], "windData": [0, 0, 1, 1]}}}, {"name": "GrassN1", "from": [0.9563999999999999, 5.5, 4.5], "to": [3.773, 10.5, 4.5], "shade": false, "climateColorMap": "climatePlantTint", "seasonColorMap": "seasonalGrass", "faces": {"north": {"texture": "#short-south", "uv": [18.092, 16.0, 20.9086, 21.0], "windMode": [-1, 7, 7, -1], "windData": [0, 0, 1, 1]}}}, {"name": "GrassN2", "from": [0.9563999999999999, 5.5, 8], "to": [3.773, 10.5, 8], "shade": false, "climateColorMap": "climatePlantTint", "seasonColorMap": "seasonalGrass", "faces": {"north": {"texture": "#short-south", "uv": [20.092, 16.0, 22.9086, 21.0], "windMode": [-1, 7, 7, -1], "windData": [0, 0, 1, 1]}}}, {"name": "GrassN3", "from": [0.9563999999999999, 5.5, 11.5], "to": [3.773, 10.5, 11.5], "shade": false, "climateColorMap": "climatePlantTint", "seasonColorMap": "seasonalGrass", "faces": {"north": {"texture": "#short-south", "uv": [17.092, 16.0, 19.9086, 21.0], "windMode": [-1, 7, 7, -1], "windData": [0, 0, 1, 1]}}}, {"name": "GrassN4", "from": [0.9563999999999999, 5.5, 14.5], "to": [3.773, 10.5, 14.5], "shade": false, "climateColorMap": "climatePlantTint", "seasonColorMap": "seasonalGrass", "faces": {"north": {"texture": "#short-south", "uv": [19.092, 16.0, 21.9086, 21.0], "windMode": [-1, 7, 7, -1], "windData": [0, 0, 1, 1]}}}]}, {"name": "5", "from": [0.18, 7.0, -0.05], "to": [2.996, 10.5, 16.05], "rotationOrigin": [8.0, 7.0, 7.95], "rotationZ": 18.4, "faces": {"north": {"texture": "#aged-side", "uv": [1.0, 1.0, 3.5, 4.5]}, "east": {"texture": "#aged-side", "uv": [0.0, 1.0, 16.0, 4.5], "windMode": [-1, -1, -1, -1], "windData": [0, 1, 1, 0]}, "south": {"texture": "#aged-side", "uv": [1.0, 1.0, 3.5, 4.5]}, "west": {"texture": "#aged-side", "uv": [0.0, 1.0, 16.0, 4.5], "windMode": [-1, -1, -1, -1]}, "up": {"texture": "#material", "uv": [0.0, 0.0, 16.0, 3.0], "rotation": 90, "autoUv": false, "windMode": [-1, -1, -1, -1], "windData": [0, 0, 1, 1]}, "down": {"texture": "#material", "uv": [0.0, 0.0, 16.0, 3.0], "rotation": 270, "autoUv": false}}, "children": [{"name": "Grass3", "from": [2.0, 3.5, 0.0], "to": [2.8166, 5.5, 16.1], "climateColorMap": "climatePlantTint", "seasonColorMap": "seasonalGrass", "rotationOrigin": [2.0, 3.5, 0.0], "faces": {"north": {"texture": "#normal", "uv": [0.0, 0.0, 1.5, 2.0], "autoUv": false}, "east": {"texture": "#normal", "uv": [0.0, 0.0, 16.0, 2.0], "windMode": [-1, -1, -1, -1], "windData": [0, 1, 1, 0]}, "south": {"texture": "#normal", "uv": [0.0, 0.0, 0.5, 2.0], "windMode": [-1, -1, -1, -1], "windData": [0, 0, 1, 0]}, "west": {"texture": "#normal", "uv": [0.0, 0.0, 16.0, 2.0], "windMode": [-1, -1, -1, -1]}, "up": {"texture": "#normal", "uv": [16.0, 12.5, 32.0, 13.5], "rotation": 90, "autoUv": false, "windMode": [-1, -1, -1, -1], "windData": [0, 0, 0, 0]}, "down": {"texture": "#normal", "uv": [16.0, 12.5, 32.0, 13.5], "rotation": 90, "autoUv": false, "windMode": [-1, -1, -1, -1]}}}, {"name": "GrassE2", "from": [3.0, 5.5, 0.0], "to": [3.0, 10.5, 16.1], "shade": false, "climateColorMap": "climatePlantTint", "seasonColorMap": "seasonalGrass", "rotationOrigin": [3.0, 5.5, 8.0], "rotationZ": -18.4, "faces": {"east": {"texture": "#short-south", "uv": [2.0, 16.0, 18.0, 21.0], "autoUv": false, "windMode": [-1, 7, 7, -1], "windData": [0, 0, 0, 0]}}}, {"name": "Edge", "from": [0.0, 3.5, 0.0], "to": [2.0, 6.5, 16.1], "rotationOrigin": [0.0, 3.5, 0.0], "faces": {"north": {"texture": "#aged-top", "uv": [0.0, 0.0, 2.0, 3.0]}, "east": {"texture": "#aged-top", "uv": [0.0, 0.0, 16.0, 3.0], "rotation": 180}, "south": {"texture": "#aged-top", "uv": [14.0, 0.0, 16.0, 3.0]}, "west": {"texture": "#aged-top", "uv": [0.0, 0.0, 16.0, 3.0]}, "up": {"texture": "#aged-top", "uv": [0.0, 0.0, 16.0, 2.0], "rotation": 90}, "down": {"texture": "#aged-top", "uv": [0.0, 0.0, 16.0, 2.0], "rotation": 90, "windMode": [-1, -1, -1, -1]}}}, {"name": "GrassN0", "from": [2.9564, 5.5, 1.5], "to": [3.773, 10.5, 1.5], "shade": false, "climateColorMap": "climatePlantTint", "seasonColorMap": "seasonalGrass", "faces": {"north": {"texture": "#short-south", "uv": [22.865000000000002, 16.0, 23.681600000000003, 21.0], "windMode": [-1, 7, 7, -1], "windData": [0, 0, 1, 1]}}}, {"name": "GrassN1", "from": [2.9564, 5.5, 4.5], "to": [3.773, 10.5, 4.5], "shade": false, "climateColorMap": "climatePlantTint", "seasonColorMap": "seasonalGrass", "faces": {"north": {"texture": "#short-south", "uv": [21.865000000000002, 16.0, 22.681600000000003, 21.0], "windMode": [-1, 7, 7, -1], "windData": [0, 0, 1, 1]}}}, {"name": "GrassN2", "from": [2.9564, 5.5, 8], "to": [3.773, 10.5, 8], "shade": false, "climateColorMap": "climatePlantTint", "seasonColorMap": "seasonalGrass", "faces": {"north": {"texture": "#short-south", "uv": [23.865000000000002, 16.0, 24.681600000000003, 21.0], "windMode": [-1, 7, 7, -1], "windData": [0, 0, 1, 1]}}}, {"name": "GrassN3", "from": [2.9564, 5.5, 11.5], "to": [3.773, 10.5, 11.5], "shade": false, "climateColorMap": "climatePlantTint", "seasonColorMap": "seasonalGrass", "faces": {"north": {"texture": "#short-south", "uv": [20.865000000000002, 16.0, 21.681600000000003, 21.0], "windMode": [-1, 7, 7, -1], "windData": [0, 0, 1, 1]}}}, {"name": "GrassN4", "from": [2.9564, 5.5, 14.5], "to": [3.773, 10.5, 14.5], "shade": false, "climateColorMap": "climatePlantTint", "seasonColorMap": "seasonalGrass", "faces": {"north": {"texture": "#short-south", "uv": [22.865000000000002, 16.0, 23.681600000000003, 21.0], "windMode": [-1, 7, 7, -1], "windData": [0, 0, 1, 1]}}}]}]}, {"name": "upper", "from": [0.0, 5.33, 0.0], "to": [0.0, 5.33, 0.0], "rotationOrigin": [0.0, -4.0, 0.0], "faces": {"north": {"texture": "#normal", "uv": [0.0, 0.0, 0.5, 0.5]}, "east": {"texture": "#normal", "uv": [0.0, 0.0, 0.5, 0.5]}, "south": {"texture": "#normal", "uv": [0.0, 0.0, 0.5, 0.5]}, "west": {"texture": "#normal", "uv": [0.0, 0.0, 0.5, 0.5]}, "up": {"texture": "#normal", "uv": [0.0, 0.0, 0.5, 0.5]}, "down": {"texture": "#normal", "uv": [0.0, 0.0, 0.5, 0.5]}}, "children": [{"name": "0", "from": [14.263, 7.0, -0.05], "to": [17.079, 10.5, 16.05], "rotationOrigin": [8.0, 7.0, 7.95], "rotationZ": 18.4, "faces": {"north": {"texture": "#aged-side", "uv": [0.0, 1.0, 2.5, 4.5]}, "east": {"texture": "#aged-side", "uv": [0.0, 1.0, 16.0, 4.5], "windMode": [-1, -1, -1, -1], "windData": [0, 1, 1, 0]}, "south": {"texture": "#aged-side", "uv": [13.5, 1.0, 16.0, 4.5]}, "west": {"texture": "#aged-side", "uv": [0.0, 1.0, 16.0, 4.5], "windMode": [-1, -1, -1, -1]}, "up": {"texture": "#material", "uv": [0.0, 0.0, 16.0, 3.0], "rotation": 90, "autoUv": false, "windMode": [-1, -1, -1, -1], "windData": [0, 0, 1, 1]}, "down": {"texture": "#material", "uv": [0.0, 0.0, 16.0, 3.0], "rotation": 270, "autoUv": false}}, "children": [{"name": "Grass7", "from": [0.0, 3.5, 0.0], "to": [2.8166, 5.5, 16.1], "climateColorMap": "climatePlantTint", "seasonColorMap": "seasonalGrass", "rotationOrigin": [0.0, 3.5, 0.0], "faces": {"north": {"texture": "#normal", "uv": [0.0, 0.0, 2.5, 2.0]}, "east": {"texture": "#normal", "uv": [0.0, 0.0, 16.0, 2.0], "windMode": [-1, -1, -1, -1], "windData": [0, 1, 1, 0]}, "south": {"texture": "#normal", "uv": [0.0, 0.0, 2.5, 2.0], "windMode": [-1, -1, -1, -1], "windData": [0, 0, 1, 0]}, "west": {"texture": "#normal", "uv": [0.0, 0.0, 16.0, 2.0], "windMode": [-1, -1, -1, -1]}, "up": {"texture": "#normal", "uv": [16.0, 0.0, 32.0, 2.5], "rotation": 90, "windMode": [-1, -1, -1, -1], "windData": [0, 0, 1, 1]}, "down": {"texture": "#normal", "uv": [16.0, 0.0, 32.0, 2.5], "rotation": 90, "windMode": [-1, -1, -1, -1]}}}, {"name": "GrassE6", "from": [2.0, 5.5, 0.0], "to": [2.0, 10.5, 16.1], "shade": false, "climateColorMap": "climatePlantTint", "seasonColorMap": "seasonalGrass", "rotationOrigin": [2.0, 5.5, 8.0], "rotationZ": -18.4, "faces": {"east": {"texture": "#short-south", "uv": [5.5, 15.5, 21.5, 20.5], "autoUv": false, "windMode": [-1, 7, 7, -1], "windData": [0, 0, 0, 0]}}}, {"name": "GrassN0", "from": [0.9563999999999999, 5.5, 1.5], "to": [3.773, 10.5, 1.5], "shade": false, "climateColorMap": "climatePlantTint", "seasonColorMap": "seasonalGrass", "faces": {"north": {"texture": "#short-south", "uv": [4.0, 16.0, 6.8166, 21.0], "windMode": [-1, 7, 7, -1], "windData": [0, 0, 1, 1]}}}, {"name": "GrassN1", "from": [0.9563999999999999, 5.5, 4.5], "to": [3.773, 10.5, 4.5], "shade": false, "climateColorMap": "climatePlantTint", "seasonColorMap": "seasonalGrass", "faces": {"north": {"texture": "#short-south", "uv": [3.0, 16.0, 5.8166, 21.0], "windMode": [-1, 7, 7, -1], "windData": [0, 0, 1, 1]}}}, {"name": "GrassN2", "from": [0.9563999999999999, 5.5, 8], "to": [3.773, 10.5, 8], "shade": false, "climateColorMap": "climatePlantTint", "seasonColorMap": "seasonalGrass", "faces": {"north": {"texture": "#short-south", "uv": [5.0, 16.0, 7.8166, 21.0], "windMode": [-1, 7, 7, -1], "windData": [0, 0, 1, 1]}}}, {"name": "GrassN3", "from": [0.9563999999999999, 5.5, 11.5], "to": [3.773, 10.5, 11.5], "shade": false, "climateColorMap": "climatePlantTint", "seasonColorMap": "seasonalGrass", "faces": {"north": {"texture": "#short-south", "uv": [2.0, 16.0, 4.8166, 21.0], "windMode": [-1, 7, 7, -1], "windData": [0, 0, 1, 1]}}}, {"name": "GrassN4", "from": [0.9563999999999999, 5.5, 14.5], "to": [3.773, 10.5, 14.5], "shade": false, "climateColorMap": "climatePlantTint", "seasonColorMap": "seasonalGrass", "faces": {"north": {"texture": "#short-south", "uv": [4.0, 16.0, 6.8166, 21.0], "windMode": [-1, 7, 7, -1], "windData": [0, 0, 1, 1]}}}]}, {"name": "1", "from": [11.4464, 7.0, -0.05], "to": [14.2624, 10.5, 16.05], "rotationOrigin": [8.0, 7.0, 7.95], "rotationZ": 18.4, "faces": {"north": {"texture": "#aged-side", "uv": [2.5, 1.0, 5.0, 4.5]}, "east": {"texture": "#aged-side", "uv": [0.0, 1.0, 16.0, 4.5], "windMode": [-1, -1, -1, -1], "windData": [0, 1, 1, 0]}, "south": {"texture": "#aged-side", "uv": [11.0, 1.0, 13.5, 4.5]}, "west": {"texture": "#aged-side", "uv": [0.0, 1.0, 16.0, 4.5], "windMode": [-1, -1, -1, -1]}, "up": {"texture": "#material", "uv": [0.0, 3.0, 16.0, 5.5], "rotation": 90, "windMode": [-1, -1, -1, -1], "windData": [0, 0, 1, 1]}, "down": {"texture": "#material", "uv": [0.0, 3.0, 16.0, 5.5], "rotation": 270}}, "children": [{"name": "Grass6", "from": [0.0, 3.5, 0.0], "to": [2.8166, 5.5, 16.1], "climateColorMap": "climatePlantTint", "seasonColorMap": "seasonalGrass", "rotationOrigin": [0.0, 3.5, 0.0], "faces": {"north": {"texture": "#normal", "uv": [0.0, 0.0, 2.5, 2.0]}, "east": {"texture": "#normal", "uv": [0.0, 0.0, 16.0, 2.0], "windMode": [-1, -1, -1, -1], "windData": [0, 1, 1, 0]}, "south": {"texture": "#normal", "uv": [0.0, 0.0, 2.5, 2.0], "windMode": [-1, -1, -1, -1], "windData": [0, 0, 1, 0]}, "west": {"texture": "#normal", "uv": [0.0, 0.0, 16.0, 2.0], "windMode": [-1, -1, -1, -1]}, "up": {"texture": "#normal", "uv": [16.0, 2.5, 32.0, 5.0], "rotation": 90, "windMode": [-1, -1, -1, -1], "windData": [0, 0, 1, 1]}, "down": {"texture": "#normal", "uv": [16.0, 2.5, 32.0, 5.0], "rotation": 90, "windMode": [-1, -1, -1, -1]}}}, {"name": "GrassE5", "from": [2.0, 5.5, 0.0], "to": [2.0, 10.5, 16.1], "shade": false, "climateColorMap": "climatePlantTint", "seasonColorMap": "seasonalGrass", "rotationOrigin": [2.0, 5.5, 8.0], "rotationZ": -18.4, "faces": {"east": {"texture": "#short-south", "uv": [0.5, 16.0, 16.5, 21.0], "autoUv": false, "windMode": [-1, 7, 7, -1], "windData": [0, 0, 0, 0]}}}, {"name": "GrassN0", "from": [0.9563999999999999, 5.5, 1.5], "to": [3.773, 10.5, 1.5], "shade": false, "climateColorMap": "climatePlantTint", "seasonColorMap": "seasonalGrass", "faces": {"north": {"texture": "#short-south", "uv": [7.773, 16.0, 10.5896, 21.0], "windMode": [-1, 7, 7, -1], "windData": [0, 0, 1, 1]}}}, {"name": "GrassN1", "from": [0.9563999999999999, 5.5, 4.5], "to": [3.773, 10.5, 4.5], "shade": false, "climateColorMap": "climatePlantTint", "seasonColorMap": "seasonalGrass", "faces": {"north": {"texture": "#short-south", "uv": [6.773, 16.0, 9.5896, 21.0], "windMode": [-1, 7, 7, -1], "windData": [0, 0, 1, 1]}}}, {"name": "GrassN2", "from": [0.9563999999999999, 5.5, 8], "to": [3.773, 10.5, 8], "shade": false, "climateColorMap": "climatePlantTint", "seasonColorMap": "seasonalGrass", "faces": {"north": {"texture": "#short-south", "uv": [8.773, 16.0, 11.5896, 21.0], "windMode": [-1, 7, 7, -1], "windData": [0, 0, 1, 1]}}}, {"name": "GrassN3", "from": [0.9563999999999999, 5.5, 11.5], "to": [3.773, 10.5, 11.5], "shade": false, "climateColorMap": "climatePlantTint", "seasonColorMap": "seasonalGrass", "faces": {"north": {"texture": "#short-south", "uv": [5.773, 16.0, 8.5896, 21.0], "windMode": [-1, 7, 7, -1], "windData": [0, 0, 1, 1]}}}, {"name": "GrassN4", "from": [0.9563999999999999, 5.5, 14.5], "to": [3.773, 10.5, 14.5], "shade": false, "climateColorMap": "climatePlantTint", "seasonColorMap": "seasonalGrass", "faces": {"north": {"texture": "#short-south", "uv": [7.773, 16.0, 10.5896, 21.0], "windMode": [-1, 7, 7, -1], "windData": [0, 0, 1, 1]}}}]}, {"name": "2", "from": [8.6298, 7.0, -0.05], "to": [11.4458, 10.5, 16.05], "rotationOrigin": [8.0, 7.0, 7.95], "rotationZ": 18.4, "faces": {"north": {"texture": "#aged-side", "uv": [5.0, 1.0, 7.5, 4.5]}, "east": {"texture": "#aged-side", "uv": [0.0, 1.0, 16.0, 4.5], "windMode": [-1, -1, -1, -1], "windData": [0, 1, 1, 0]}, "south": {"texture": "#aged-side", "uv": [8.5, 1.0, 11.0, 4.5]}, "west": {"texture": "#aged-side", "uv": [0.0, 1.0, 16.0, 4.5], "windMode": [-1, -1, -1, -1]}, "up": {"texture": "#material", "uv": [0.0, 6.0, 16.0, 9.0], "rotation": 90, "autoUv": false, "windMode": [-1, -1, -1, -1], "windData": [0, 0, 1, 1]}, "down": {"texture": "#material", "uv": [0.0, 6.0, 16.0, 9.0], "rotation": 270, "autoUv": false}}, "children": [{"name": "Grass5", "from": [0.0, 3.5, 0.0], "to": [2.8166, 5.5, 16.1], "climateColorMap": "climatePlantTint", "seasonColorMap": "seasonalGrass", "rotationOrigin": [0.0, 3.5, 0.0], "faces": {"north": {"texture": "#normal", "uv": [0.0, 0.0, 2.5, 2.0]}, "east": {"texture": "#normal", "uv": [0.0, 0.0, 16.0, 2.0], "windMode": [-1, -1, -1, -1], "windData": [0, 1, 1, 0]}, "south": {"texture": "#normal", "uv": [0.0, 0.0, 2.5, 2.0], "windMode": [-1, -1, -1, -1], "windData": [0, 0, 1, 0]}, "west": {"texture": "#normal", "uv": [0.0, 0.0, 16.0, 2.0], "windMode": [-1, -1, -1, -1]}, "up": {"texture": "#normal", "uv": [16.0, 5.0, 32.0, 7.5], "rotation": 90, "windMode": [-1, -1, -1, -1], "windData": [0, 0, 1, 1]}, "down": {"texture": "#normal", "uv": [16.0, 5.0, 32.0, 7.5], "rotation": 90, "windMode": [-1, -1, -1, -1]}}}, {"name": "GrassE4", "from": [1.0, 5.5, 0.0], "to": [1.0, 10.5, 16.1], "shade": false, "climateColorMap": "climatePlantTint", "seasonColorMap": "seasonalGrass", "rotationOrigin": [1.0, 5.5, 8.0], "rotationZ": -18.4, "faces": {"east": {"texture": "#short-south", "uv": [6.5, 16.0, 22.5, 21.0], "autoUv": false, "windMode": [-1, 7, 7, -1], "windData": [0, 0, 0, 0]}}}, {"name": "GrassN0", "from": [0.9563999999999999, 5.5, 1.5], "to": [3.773, 10.5, 1.5], "shade": false, "climateColorMap": "climatePlantTint", "seasonColorMap": "seasonalGrass", "faces": {"north": {"texture": "#short-south", "uv": [11.546, 16.0, 14.3626, 21.0], "windMode": [-1, 7, 7, -1], "windData": [0, 0, 1, 1]}}}, {"name": "GrassN1", "from": [0.9563999999999999, 5.5, 4.5], "to": [3.773, 10.5, 4.5], "shade": false, "climateColorMap": "climatePlantTint", "seasonColorMap": "seasonalGrass", "faces": {"north": {"texture": "#short-south", "uv": [10.546, 16.0, 13.3626, 21.0], "windMode": [-1, 7, 7, -1], "windData": [0, 0, 1, 1]}}}, {"name": "GrassN2", "from": [0.9563999999999999, 5.5, 8], "to": [3.773, 10.5, 8], "shade": false, "climateColorMap": "climatePlantTint", "seasonColorMap": "seasonalGrass", "faces": {"north": {"texture": "#short-south", "uv": [12.546, 16.0, 15.3626, 21.0], "windMode": [-1, 7, 7, -1], "windData": [0, 0, 1, 1]}}}, {"name": "GrassN3", "from": [0.9563999999999999, 5.5, 11.5], "to": [3.773, 10.5, 11.5], "shade": false, "climateColorMap": "climatePlantTint", "seasonColorMap": "seasonalGrass", "faces": {"north": {"texture": "#short-south", "uv": [9.546, 16.0, 12.3626, 21.0], "windMode": [-1, 7, 7, -1], "windData": [0, 0, 1, 1]}}}, {"name": "GrassN4", "from": [0.9563999999999999, 5.5, 14.5], "to": [3.773, 10.5, 14.5], "shade": false, "climateColorMap": "climatePlantTint", "seasonColorMap": "seasonalGrass", "faces": {"north": {"texture": "#short-south", "uv": [11.546, 16.0, 14.3626, 21.0], "windMode": [-1, 7, 7, -1], "windData": [0, 0, 1, 1]}}}]}, {"name": "3", "from": [5.8132, 7.0, -0.05], "to": [8.6292, 10.5, 16.05], "rotationOrigin": [8.0, 7.0, 7.95], "rotationZ": 18.4, "faces": {"north": {"texture": "#aged-side", "uv": [7.5, 1.0, 10.0, 4.5]}, "east": {"texture": "#aged-side", "uv": [0.0, 1.0, 16.0, 4.5], "windMode": [-1, -1, -1, -1], "windData": [0, 1, 1, 0]}, "south": {"texture": "#aged-side", "uv": [6.0, 1.0, 8.5, 4.5]}, "west": {"texture": "#aged-side", "uv": [0.0, 1.0, 16.0, 4.5], "windMode": [-1, -1, -1, -1]}, "up": {"texture": "#material", "uv": [0.0, 9.0, 16.0, 12.0], "rotation": 90, "autoUv": false, "windMode": [-1, -1, -1, -1], "windData": [0, 0, 1, 1]}, "down": {"texture": "#material", "uv": [0.0, 9.0, 16.0, 12.0], "rotation": 270, "autoUv": false}}, "children": [{"name": "Grass5", "from": [0.0, 3.5, 0.0], "to": [2.8166, 5.5, 16.1], "climateColorMap": "climatePlantTint", "seasonColorMap": "seasonalGrass", "rotationOrigin": [0.0, 3.5, 0.0], "faces": {"north": {"texture": "#normal", "uv": [0.0, 0.0, 2.5, 2.0]}, "east": {"texture": "#normal", "uv": [0.0, 0.0, 16.0, 2.0], "windMode": [-1, -1, -1, -1], "windData": [0, 1, 1, 0]}, "south": {"texture": "#normal", "uv": [0.0, 0.0, 2.5, 2.0], "windMode": [-1, -1, -1, -1], "windData": [0, 0, 1, 0]}, "west": {"texture": "#normal", "uv": [0.0, 0.0, 16.0, 2.0], "windMode": [-1, -1, -1, -1]}, "up": {"texture": "#normal", "uv": [16.0, 7.5, 32.0, 10.0], "rotation": 90, "windMode": [-1, -1, -1, -1], "windData": [0, 0, 1, 1]}, "down": {"texture": "#normal", "uv": [16.0, 7.5, 32.0, 10.0], "rotation": 90, "windMode": [-1, -1, -1, -1]}}}, {"name": "GrassN0", "from": [0.9563999999999999, 5.5, 1.5], "to": [3.773, 10.5, 1.5], "shade": false, "climateColorMap": "climatePlantTint", "seasonColorMap": "seasonalGrass", "faces": {"north": {"texture": "#short-south", "uv": [15.319, 16.0, 18.1356, 21.0], "windMode": [-1, 7, 7, -1], "windData": [0, 0, 1, 1]}}}, {"name": "GrassN1", "from": [0.9563999999999999, 5.5, 4.5], "to": [3.773, 10.5, 4.5], "shade": false, "climateColorMap": "climatePlantTint", "seasonColorMap": "seasonalGrass", "faces": {"north": {"texture": "#short-south", "uv": [14.319, 16.0, 17.1356, 21.0], "windMode": [-1, 7, 7, -1], "windData": [0, 0, 1, 1]}}}, {"name": "GrassN2", "from": [0.9563999999999999, 5.5, 8], "to": [3.773, 10.5, 8], "shade": false, "climateColorMap": "climatePlantTint", "seasonColorMap": "seasonalGrass", "faces": {"north": {"texture": "#short-south", "uv": [16.319000000000003, 16.0, 19.1356, 21.0], "windMode": [-1, 7, 7, -1], "windData": [0, 0, 1, 1]}}}, {"name": "GrassN3", "from": [0.9563999999999999, 5.5, 11.5], "to": [3.773, 10.5, 11.5], "shade": false, "climateColorMap": "climatePlantTint", "seasonColorMap": "seasonalGrass", "faces": {"north": {"texture": "#short-south", "uv": [13.319, 16.0, 16.1356, 21.0], "windMode": [-1, 7, 7, -1], "windData": [0, 0, 1, 1]}}}, {"name": "GrassN4", "from": [0.9563999999999999, 5.5, 14.5], "to": [3.773, 10.5, 14.5], "shade": false, "climateColorMap": "climatePlantTint", "seasonColorMap": "seasonalGrass", "faces": {"north": {"texture": "#short-south", "uv": [15.319, 16.0, 18.1356, 21.0], "windMode": [-1, 7, 7, -1], "windData": [0, 0, 1, 1]}}}]}, {"name": "4", "from": [2.996, 7.0, -0.05], "to": [5.812, 10.5, 16.05], "rotationOrigin": [8.0, 7.0, 7.95], "rotationZ": 18.4, "faces": {"north": {"texture": "#aged-side", "uv": [3.5, 1.0, 6.0, 4.5]}, "east": {"texture": "#aged-side", "uv": [0.0, 1.0, 16.0, 4.5], "windMode": [-1, -1, -1, -1], "windData": [0, 1, 1, 0]}, "south": {"texture": "#aged-side", "uv": [3.5, 1.0, 6.0, 4.5]}, "west": {"texture": "#aged-side", "uv": [0.0, 1.0, 16.0, 4.5], "windMode": [-1, -1, -1, -1]}, "up": {"texture": "#material", "uv": [0.0, 12.0, 16.0, 15.0], "rotation": 90, "autoUv": false, "windMode": [-1, -1, -1, -1], "windData": [0, 0, 1, 1]}, "down": {"texture": "#material", "uv": [0.0, 12.0, 16.0, 15.0], "rotation": 270, "autoUv": false}}, "children": [{"name": "Grass4", "from": [0.0, 3.5, 0.0], "to": [2.8166, 5.5, 16.1], "climateColorMap": "climatePlantTint", "seasonColorMap": "seasonalGrass", "rotationOrigin": [0.0, 3.5, 0.0], "faces": {"north": {"texture": "#normal", "uv": [0.0, 0.0, 2.5, 2.0]}, "east": {"texture": "#normal", "uv": [0.0, 0.0, 16.0, 2.0], "windMode": [-1, -1, -1, -1], "windData": [0, 1, 1, 0]}, "south": {"texture": "#normal", "uv": [0.0, 0.0, 2.5, 2.0], "windMode": [-1, -1, -1, -1], "windData": [0, 0, 1, 0]}, "west": {"texture": "#normal", "uv": [0.0, 0.0, 16.0, 2.0], "windMode": [-1, -1, -1, -1]}, "up": {"texture": "#normal", "uv": [16.0, 10.0, 32.0, 12.5], "rotation": 90, "windMode": [-1, -1, -1, -1], "windData": [0, 0, 1, 1]}, "down": {"texture": "#normal", "uv": [16.0, 10.0, 32.0, 12.5], "rotation": 90, "windMode": [-1, -1, -1, -1]}}}, {"name": "GrassE3", "from": [3.0, 5.5, 0.0], "to": [3.0, 10.5, 16.1], "shade": false, "climateColorMap": "climatePlantTint", "seasonColorMap": "seasonalGrass", "rotationOrigin": [3.0, 5.5, 8.0], "rotationZ": -18.4, "faces": {"east": {"texture": "#short-south", "uv": [4.0, 16.0, 20.0, 21.0], "autoUv": false, "windMode": [-1, 7, 7, -1], "windData": [0, 0, 0, 0]}}}, {"name": "GrassN0", "from": [0.9563999999999999, 5.5, 1.5], "to": [3.773, 10.5, 1.5], "shade": false, "climateColorMap": "climatePlantTint", "seasonColorMap": "seasonalGrass", "faces": {"north": {"texture": "#short-south", "uv": [19.092, 16.0, 21.9086, 21.0], "windMode": [-1, 7, 7, -1], "windData": [0, 0, 1, 1]}}}, {"name": "GrassN1", "from": [0.9563999999999999, 5.5, 4.5], "to": [3.773, 10.5, 4.5], "shade": false, "climateColorMap": "climatePlantTint", "seasonColorMap": "seasonalGrass", "faces": {"north": {"texture": "#short-south", "uv": [18.092, 16.0, 20.9086, 21.0], "windMode": [-1, 7, 7, -1], "windData": [0, 0, 1, 1]}}}, {"name": "GrassN2", "from": [0.9563999999999999, 5.5, 8], "to": [3.773, 10.5, 8], "shade": false, "climateColorMap": "climatePlantTint", "seasonColorMap": "seasonalGrass", "faces": {"north": {"texture": "#short-south", "uv": [20.092, 16.0, 22.9086, 21.0], "windMode": [-1, 7, 7, -1], "windData": [0, 0, 1, 1]}}}, {"name": "GrassN3", "from": [0.9563999999999999, 5.5, 11.5], "to": [3.773, 10.5, 11.5], "shade": false, "climateColorMap": "climatePlantTint", "seasonColorMap": "seasonalGrass", "faces": {"north": {"texture": "#short-south", "uv": [17.092, 16.0, 19.9086, 21.0], "windMode": [-1, 7, 7, -1], "windData": [0, 0, 1, 1]}}}, {"name": "GrassN4", "from": [0.9563999999999999, 5.5, 14.5], "to": [3.773, 10.5, 14.5], "shade": false, "climateColorMap": "climatePlantTint", "seasonColorMap": "seasonalGrass", "faces": {"north": {"texture": "#short-south", "uv": [19.092, 16.0, 21.9086, 21.0], "windMode": [-1, 7, 7, -1], "windData": [0, 0, 1, 1]}}}]}, {"name": "5", "from": [0.18, 7.0, -0.05], "to": [2.996, 10.5, 16.05], "rotationOrigin": [8.0, 7.0, 7.95], "rotationZ": 18.4, "faces": {"north": {"texture": "#aged-side", "uv": [1.0, 1.0, 3.5, 4.5]}, "east": {"texture": "#aged-side", "uv": [0.0, 1.0, 16.0, 4.5], "windMode": [-1, -1, -1, -1], "windData": [0, 1, 1, 0]}, "south": {"texture": "#aged-side", "uv": [1.0, 1.0, 3.5, 4.5]}, "west": {"texture": "#aged-side", "uv": [0.0, 1.0, 16.0, 4.5], "windMode": [-1, -1, -1, -1]}, "up": {"texture": "#material", "uv": [0.0, 0.0, 16.0, 3.0], "rotation": 90, "autoUv": false, "windMode": [-1, -1, -1, -1], "windData": [0, 0, 1, 1]}, "down": {"texture": "#material", "uv": [0.0, 0.0, 16.0, 3.0], "rotation": 270, "autoUv": false}}, "children": [{"name": "Grass3", "from": [2.0, 3.5, 0.0], "to": [2.8166, 5.5, 16.1], "climateColorMap": "climatePlantTint", "seasonColorMap": "seasonalGrass", "rotationOrigin": [2.0, 3.5, 0.0], "faces": {"north": {"texture": "#normal", "uv": [0.0, 0.0, 1.5, 2.0], "autoUv": false}, "east": {"texture": "#normal", "uv": [0.0, 0.0, 16.0, 2.0], "windMode": [-1, -1, -1, -1], "windData": [0, 1, 1, 0]}, "south": {"texture": "#normal", "uv": [0.0, 0.0, 0.5, 2.0], "windMode": [-1, -1, -1, -1], "windData": [0, 0, 1, 0]}, "west": {"texture": "#normal", "uv": [0.0, 0.0, 16.0, 2.0], "windMode": [-1, -1, -1, -1]}, "up": {"texture": "#normal", "uv": [16.0, 12.5, 32.0, 13.5], "rotation": 90, "autoUv": false, "windMode": [-1, -1, -1, -1], "windData": [0, 0, 0, 0]}, "down": {"texture": "#normal", "uv": [16.0, 12.5, 32.0, 13.5], "rotation": 90, "autoUv": false, "windMode": [-1, -1, -1, -1]}}}, {"name": "GrassE2", "from": [3.0, 5.5, 0.0], "to": [3.0, 10.5, 16.1], "shade": false, "climateColorMap": "climatePlantTint", "seasonColorMap": "seasonalGrass", "rotationOrigin": [3.0, 5.5, 8.0], "rotationZ": -18.4, "faces": {"east": {"texture": "#short-south", "uv": [2.0, 16.0, 18.0, 21.0], "autoUv": false, "windMode": [-1, 7, 7, -1], "windData": [0, 0, 0, 0]}}}, {"name": "Edge", "from": [0.0, 3.5, 0.0], "to": [2.0, 6.5, 16.1], "rotationOrigin": [0.0, 3.5, 0.0], "faces": {"north": {"texture": "#aged-top", "uv": [0.0, 0.0, 2.0, 3.0]}, "east": {"texture": "#aged-top", "uv": [0.0, 0.0, 16.0, 3.0], "rotation": 180}, "south": {"texture": "#aged-top", "uv": [14.0, 0.0, 16.0, 3.0]}, "west": {"texture": "#aged-top", "uv": [0.0, 0.0, 16.0, 3.0]}, "up": {"texture": "#aged-top", "uv": [0.0, 0.0, 16.0, 2.0], "rotation": 90}, "down": {"texture": "#aged-top", "uv": [0.0, 0.0, 16.0, 2.0], "rotation": 90, "windMode": [-1, -1, -1, -1]}}}, {"name": "GrassN0", "from": [2.9564, 5.5, 1.5], "to": [3.773, 10.5, 1.5], "shade": false, "climateColorMap": "climatePlantTint", "seasonColorMap": "seasonalGrass", "faces": {"north": {"texture": "#short-south", "uv": [22.865000000000002, 16.0, 23.681600000000003, 21.0], "windMode": [-1, 7, 7, -1], "windData": [0, 0, 1, 1]}}}, {"name": "GrassN1", "from": [2.9564, 5.5, 4.5], "to": [3.773, 10.5, 4.5], "shade": false, "climateColorMap": "climatePlantTint", "seasonColorMap": "seasonalGrass", "faces": {"north": {"texture": "#short-south", "uv": [21.865000000000002, 16.0, 22.681600000000003, 21.0], "windMode": [-1, 7, 7, -1], "windData": [0, 0, 1, 1]}}}, {"name": "GrassN2", "from": [2.9564, 5.5, 8], "to": [3.773, 10.5, 8], "shade": false, "climateColorMap": "climatePlantTint", "seasonColorMap": "seasonalGrass", "faces": {"north": {"texture": "#short-south", "uv": [23.865000000000002, 16.0, 24.681600000000003, 21.0], "windMode": [-1, 7, 7, -1], "windData": [0, 0, 1, 1]}}}, {"name": "GrassN3", "from": [2.9564, 5.5, 11.5], "to": [3.773, 10.5, 11.5], "shade": false, "climateColorMap": "climatePlantTint", "seasonColorMap": "seasonalGrass", "faces": {"north": {"texture": "#short-south", "uv": [20.865000000000002, 16.0, 21.681600000000003, 21.0], "windMode": [-1, 7, 7, -1], "windData": [0, 0, 1, 1]}}}, {"name": "GrassN4", "from": [2.9564, 5.5, 14.5], "to": [3.773, 10.5, 14.5], "shade": false, "climateColorMap": "climatePlantTint", "seasonColorMap": "seasonalGrass", "faces": {"north": {"texture": "#short-south", "uv": [22.865000000000002, 16.0, 23.681600000000003, 21.0], "windMode": [-1, 7, 7, -1], "windData": [0, 0, 1, 1]}}}]}]}]}]}