{
  "code": "hare",
  "class": "EntityAgent",
  "tags": [ "animal", "huntable", "habitat-land", "tamed" ],
  "weight": 0.5,
  "variantgroups": [
    {
      "code": "type",
      "states": [ "arctic", "cape", "european", "indian", "jackblack", "scrub" ]
    },
    { "code": "age", "states": [ "baby" ] },
    { "code": "gender", "states": [ "male", "female" ] }
  ],
  "hitboxSize": { "x": 0.4, "y": 0.3 },
  "eyeHeight": 0.4,
  "attributes": {
    "creatureDiet": {
      "foodCategories": [ "Vegetable" ],
      "weightedFoodTags": [
        { "weight": 0.5, "code": "nibbleCrop" },
        { "weight": 1, "code": "tastyvegetable" },
        { "weight": 0.2, "code": "cassava" }
      ]
    },
    "trappable": { "small": { "trapChance": 0.5, "trapDestroyChance": 0 } },
    "handbook": { "groupcode": "creaturegroup-hare" }
  },
  "drops": [],
  "client": {
    "renderer": "Shape",
    "shape": { "base": "game:entity/animal/mammal/hare/baby" },
    "texture": { "base": "game:entity/animal/mammal/hare/european-baby" },
    "sizeGrowthFactor": 0.2,
    "behaviors": [
      { "code": "repulseagents" },
      { "code": "controlledphysics", "stepHeight": 1.1251 },
      { "code": "floatupwhenstuck", "onlyWhenDead": true },
      { "code": "interpolateposition" },
      { "code": "harvestable" },
      { "code": "nametag" },
      {
        "code": "receivecommand",
        "availableCommands": [
          { "commandName": "sit", "commandType": "SIMPLE", "minObedience": 0.2 },
          { "commandName": "lay", "commandType": "SIMPLE", "minObedience": 0.2 },
          {
            "commandName": "stay",
            "commandType": "COMPLEX",
            "minObedience": 0.1
          },
          {
            "commandName": "followmaster",
            "commandType": "COMPLEX",
            "minObedience": 0.6
          }
        ]
      },
      {
        "code": "tameable",
        "size": "small",
        "disobediencePerDay": 0,
        "treat": [
          { "code": "drygrass", "progress": 0.05, "cooldown": 0.2 },
          { "code": "grain-spelt", "progress": 0.1, "cooldown": 0.5 },
          { "code": "grain-rye", "progress": 0.1, "cooldown": 0.5 },
          { "code": "grain-flax", "progress": 0.1, "cooldown": 0.5 },
          { "code": "grain-rice", "progress": 0.1, "cooldown": 0.5 },
          { "code": "grain-amaranth", "progress": 0.1, "cooldown": 0.5 },
          { "code": "grain-sunflower", "progress": 0.1, "cooldown": 0.5 },
          { "code": "vegetable-carrot", "progress": 0.2, "cooldown": 1 },
          { "code": "vegetable-cabbage", "progress": 0.2, "cooldown": 1 },
          { "code": "vegetable-onion", "progress": 0.2, "cooldown": 1 },
          { "code": "vegetable-turnip", "progress": 0.2, "cooldown": 1 },
          { "code": "vegetable-parsnip", "progress": 0.2, "cooldown": 1 },
          {
            "code": "vegetable-cookedcattailroot",
            "progress": 0.2,
            "cooldown": 1
          },
          { "code": "vegetable-pumpkin", "progress": 0.2, "cooldown": 1 },
          { "code": "vegetable-cassava", "progress": 0.2, "cooldown": 1 },
          {
            "code": "vegetable-cookedpapyrusroot",
            "progress": 0.2,
            "cooldown": 1
          },
          { "code": "vegetable-bellpepper", "progress": 0.2, "cooldown": 1 },
          { "code": "vegetable-olive", "progress": 0.2, "cooldown": 1 },
          {
            "code": "petcookie-veggie-perfect",
            "domain": "petai",
            "progress": 0.8,
            "cooldown": 3
          },
          {
            "code": "petcookie-veggie-partbaked",
            "domain": "petai",
            "progress": 0.4,
            "cooldown": 3
          }
        ]
      },
      {
        "code": "mouthinventory",
        "acceptStacks": [
          { "type": "item", "code": "drygrass" },
          { "type": "item", "code": "grain-spelt" },
          { "type": "item", "code": "grain-rye" },
          { "type": "item", "code": "grain-flax" },
          { "type": "item", "code": "grain-rice" },
          { "type": "item", "code": "grain-amaranth" },
          { "type": "item", "code": "grain-sunflower" },
          { "type": "item", "code": "vegetable-carrot" },
          { "type": "item", "code": "vegetable-cabbage" },
          { "type": "item", "code": "vegetable-onion" },
          { "type": "item", "code": "vegetable-turnip" },
          { "type": "item", "code": "vegetable-parsnip" },
          { "type": "item", "code": "vegetable-cookedcattailroot" },
          { "type": "item", "code": "vegetable-pumpkin" },
          { "type": "item", "code": "vegetable-cassava" },
          { "type": "item", "code": "vegetable-cookedpapyrusroot" },
          { "type": "item", "code": "vegetable-bellpepper" },
          { "type": "item", "code": "vegetable-olive" },
          { "type": "item", "code": "petai:petcookie-veggie-perfect" },
          { "type": "item", "code": "petai:petcookie-veggie-partbaked" }
        ]
      }
    ],
    "animations": [
      {
        "code": "hurt",
        "animation": "hurt",
        "animationSpeed": 2.2,
        "weight": 10,
        "blendMode": "AddAverage"
      },
      {
        "code": "die",
        "animation": "death",
        "animationSpeed": 1.25,
        "weight": 10,
        "blendMode": "Average",
        "triggeredBy": { "onControls": [ "dead" ] }
      },
      {
        "code": "idle",
        "animation": "idle",
        "blendMode": "AddAverage",
        "easeOutSpeed": 4,
        "triggeredBy": { "defaultAnim": true }
      },
      {
        "code": "sleep",
        "animation": "sleep",
        "easeInSpeed": 4,
        "easeOutSpeed": 4,
        "blendMode": "Average"
      },
      {
        "code": "sit",
        "animation": "sit",
        "easeInSpeed": 4,
        "easeOutSpeed": 4,
        "blendMode": "Average"
      }
    ]
  },
  "server": {
    "behaviors": [
      { "code": "repulseagents" },
      { "code": "controlledphysics", "stepHeight": 1.1251 },
      { "code": "health", "currenthealth": 3, "maxhealth": 3 },
      {
        "code": "deaddecay",
        "hoursToDecay": 96,
        "decayedBlock": "carcass-tiny"
      },
      { "code": "floatupwhenstuck", "onlyWhenDead": true },
      { "code": "harvestable", "drops": [] },
      { "code": "breathe" },
      {
        "code": "grow",
        "hoursToGrow": 168,
        "adultEntityCodes": [ "harepet:hare-{type}-adult-{gender}" ]
      },
      {
        "code": "taskai",
        "aiCreatureType": "LandCreature",
        "aitasks": [
          {
            "code": "fleeentity",
            "entityCodes": [ "wolf-*", "fox-*", "hyena-*", "bear-*" ],
            "priority": 1.5,
            "movespeed": 0.04,
            "animationSpeed": 1.8,
            "seekingRange": 8,
            "instafleeOnDamageChance": 1,
            "animation": "Run"
          },
          {
            "code": "getoutofwater",
            "priority": 1.45,
            "movespeed": 0.015,
            "animation": "Walk",
            "animationSpeed": 2.2
          },
          {
            "code": "stayclosetoentity",
            "priority": 1.4,
            "entityCode": "harepet:hare-{type}-adult-female",
            "movespeed": 0.02,
            "animationSpeed": 3,
            "maxDistance": 5,
            "searchRange": 25,
            "animation": "Run"
          },
          {
            "code": "idle",
            "priority": 1.38,
            "minduration": 200000,
            "maxduration": 800000,
            "mincooldown": 10000,
            "maxcooldown": 30000,
            "priorityForCancel": 1.38,
            "animation": "Sleep",
            "whenNotInEmotionState": "aggressiveondamage",
            "duringDayTimeFrames": [
              { "fromHour": 10, "toHour": 18 },
              { "fromHour": 1, "toHour": 4 }
            ],
            "stopOnNearbyEntityCodes": [ "wolf-*", "fox-*", "hyena-*", "bear-*" ],
            "stopRange": 8,
            "stopOnHurt": true
          },
          {
            "code": "seekfoodandeat",
            "priority": 1.35,
            "eatSound": "creature/animal-eat-small",
            "eatTime": 1.5,
            "movespeed": 0.01,
            "animation": "Walk",
            "mincooldownHours": 20,
            "maxcooldownHours": 24
          },
          {
            "code": "idle",
            "priority": 1.3,
            "priorityForCancel": 1.35,
            "minduration": 2500,
            "maxduration": 2500,
            "mincooldown": 10000,
            "maxcooldown": 50000,
            "animation": "Sniff",
            "animationSpeed": 0.8
          },
          {
            "code": "idle",
            "priority": 1.1,
            "priorityForCancel": 1.35,
            "minduration": 2500,
            "maxduration": 2500,
            "mincooldown": 6000,
            "maxcooldown": 20000,
            "animation": "Dig",
            "animationSpeed": 1
          },
          {
            "code": "idle",
            "priority": 1.1,
            "minduration": 1000,
            "maxduration": 3000,
            "mincooldown": 2000,
            "maxcooldown": 30000,
            "animation": "Idle"
          },
          {
            "code": "wander",
            "priority": 1,
            "priorityForCancel": 1.35,
            "movespeed": 0.01,
            "animationSpeed": 1.7,
            "animation": "Walk",
            "preferredLightLevel": 24
          },
          {
            "code": "idle",
            "priority": 0.9,
            "minduration": 5000,
            "maxduration": 30000,
            "mincooldown": 2000,
            "maxcooldown": 120000,
            "priorityForCancel": 1.35,
            "animation": "Sit"
          },
          { "code": "lookaround", "priority": 0.5 },
          {
            "code": "useinventory",
            "animation": "eat",
            "animationSpeed": 0.75,
            "priority": 1.6,
            "priorityForCancel": 1.7,
            "eatItemCategories": [ "Vegetable", "Fruit" ],
            "eatItemCodes": [
              "drygrass",
              "grain-spelt",
              "grain-rye",
              "grain-flax",
              "grain-rice",
              "grain-amaranth",
              "grain-sunflower",
              "vegetable-carrot",
              "vegetable-cabbage",
              "vegetable-onion",
              "vegetable-turnip",
              "vegetable-parsnip",
              "vegetable-cookedcattailroot",
              "vegetable-pumpkin",
              "vegetable-cassava",
              "vegetable-cookedpapyrusroot",
              "vegetable-bellpepper",
              "vegetable-olive",
              "petai:petcookie-veggie-perfect",
              "petai:petcookie-veggie-partbaked"
            ],
            "useTime": 1.5,
            "mincooldownHours": 1,
            "maxcooldownHours": 1.5
          },
          {
            "code": "simplecommand",
            "priority": 3,
            "minduration": 2000,
            "maxduration": 10000,
            "priorityForCancel": 2.8,
            "animation": "Sit",
            "command": "sit"
          },
          {
            "code": "simplecommand",
            "priority": 3,
            "minduration": 5000,
            "maxduration": 15000,
            "priorityForCancel": 2.8,
            "animation": "Sleep",
            "animationSpeed": 0.8,
            "command": "lay"
          },
          {
            "code": "stay",
            "priority": 2,
            "priorityForCancel": 1.9,
            "command": "stay",
            "movespeed": 0.006,
            "maxDistance": 10,
            "searchRange": 40,
            "animation": "Walk"
          },
          {
            "code": "followmaster",
            "priority": 2,
            "priorityForCancel": 1.9,
            "command": "followmaster",
            "movespeed": 0.045,
            "animationSpeed": 2.2,
            "maxDistance": 8,
            "searchRange": 40,
            "animation": "Run",
            "allowTeleport": true
          }
        ]
      },
      { "code": "entitystatetags" },
      { "code": "nametag" },
      {
        "code": "receivecommand",
        "availableCommands": [
          { "commandName": "sit", "commandType": "SIMPLE", "minObedience": 0.2 },
          { "commandName": "lay", "commandType": "SIMPLE", "minObedience": 0.2 },
          {
            "commandName": "stay",
            "commandType": "COMPLEX",
            "minObedience": 0.1
          },
          {
            "commandName": "followmaster",
            "commandType": "COMPLEX",
            "minObedience": 0.6
          }
        ]
      },
      {
        "code": "tameable",
        "size": "small",
        "disobediencePerDay": 0,
        "treat": [
          { "code": "drygrass", "progress": 0.05, "cooldown": 0.2 },
          { "code": "grain-spelt", "progress": 0.1, "cooldown": 0.5 },
          { "code": "grain-rye", "progress": 0.1, "cooldown": 0.5 },
          { "code": "grain-flax", "progress": 0.1, "cooldown": 0.5 },
          { "code": "grain-rice", "progress": 0.1, "cooldown": 0.5 },
          { "code": "grain-amaranth", "progress": 0.1, "cooldown": 0.5 },
          { "code": "grain-sunflower", "progress": 0.1, "cooldown": 0.5 },
          { "code": "vegetable-carrot", "progress": 0.2, "cooldown": 1 },
          { "code": "vegetable-cabbage", "progress": 0.2, "cooldown": 1 },
          { "code": "vegetable-onion", "progress": 0.2, "cooldown": 1 },
          { "code": "vegetable-turnip", "progress": 0.2, "cooldown": 1 },
          { "code": "vegetable-parsnip", "progress": 0.2, "cooldown": 1 },
          {
            "code": "vegetable-cookedcattailroot",
            "progress": 0.2,
            "cooldown": 1
          },
          { "code": "vegetable-pumpkin", "progress": 0.2, "cooldown": 1 },
          { "code": "vegetable-cassava", "progress": 0.2, "cooldown": 1 },
          {
            "code": "vegetable-cookedpapyrusroot",
            "progress": 0.2,
            "cooldown": 1
          },
          { "code": "vegetable-bellpepper", "progress": 0.2, "cooldown": 1 },
          { "code": "vegetable-olive", "progress": 0.2, "cooldown": 1 },
          {
            "code": "petcookie-veggie-perfect",
            "domain": "petai",
            "progress": 0.8,
            "cooldown": 3
          },
          {
            "code": "petcookie-veggie-partbaked",
            "domain": "petai",
            "progress": 0.4,
            "cooldown": 3
          }
        ]
      },
      {
        "code": "mouthinventory",
        "acceptStacks": [
          { "type": "item", "code": "drygrass" },
          { "type": "item", "code": "grain-spelt" },
          { "type": "item", "code": "grain-rye" },
          { "type": "item", "code": "grain-flax" },
          { "type": "item", "code": "grain-rice" },
          { "type": "item", "code": "grain-amaranth" },
          { "type": "item", "code": "grain-sunflower" },
          { "type": "item", "code": "vegetable-carrot" },
          { "type": "item", "code": "vegetable-cabbage" },
          { "type": "item", "code": "vegetable-onion" },
          { "type": "item", "code": "vegetable-turnip" },
          { "type": "item", "code": "vegetable-parsnip" },
          { "type": "item", "code": "vegetable-cookedcattailroot" },
          { "type": "item", "code": "vegetable-pumpkin" },
          { "type": "item", "code": "vegetable-cassava" },
          { "type": "item", "code": "vegetable-cookedpapyrusroot" },
          { "type": "item", "code": "vegetable-bellpepper" },
          { "type": "item", "code": "vegetable-olive" },
          { "type": "item", "code": "petai:petcookie-veggie-perfect" },
          { "type": "item", "code": "petai:petcookie-veggie-partbaked" }
        ]
      },
      { "code": "pettableextended", "minGeneration": 0 }
    ]
  },
  "sounds": {
    "hurt": "game:creature/hare-hurt",
    "death": "game:creature/hare-hurt",
    "idle": "game:creature/hare-idle"
  }
}
