{
	"editor": {
		"allAngles": false,
		"entityTextureMode": false
	},
	"textureWidth": 16,
	"textureHeight": 16,
	"textureSizes": {
	},
	"textures": {
		"iron": "game:item/resource/plate/iron",
		"tinbronze": "game:item/resource/plate/tinbronze"
	},
	"elements": [
		{
			"name": "Helmet",
			"stepParentName": "Head",
			"from": [ 1.0, 3.5, 1.0 ],
			"to": [ 1.0, 3.5, 1.0 ],
			"rotationOrigin": [ 0.0, -1.0, 0.0 ],
			"faces": {
			},
			"children": [
				{
					"name": "Top_0",
					"from": [ -1.0, 0.0, -0.5 ],
					"to": [ 0.8, 0.5, 2.9 ],
					"faces": {
						"north": { "texture": "#iron", "uv": [ 0.0, 0.0, 1.8, 0.5 ] },
						"east": { "texture": "#iron", "uv": [ 0.0, 0.0, 3.4, 0.5 ] },
						"south": { "texture": "#iron", "uv": [ 0.0, 0.0, 1.8, 0.5 ] },
						"west": { "texture": "#iron", "uv": [ 0.0, 0.0, 3.4, 0.5 ] },
						"up": { "texture": "#iron", "uv": [ 0.0, 0.0, 1.8, 3.4 ] },
						"down": { "texture": "#iron", "uv": [ 0.0, 0.0, 1.8, 3.4 ] }
					}
				},
				{
					"name": "Top_1",
					"from": [ -1.0, 0.0, -0.9 ],
					"to": [ 0.8, 0.4, 3.3 ],
					"faces": {
						"north": { "texture": "#iron", "uv": [ 0.0, 0.0, 1.8, 0.4 ] },
						"east": { "texture": "#iron", "uv": [ 0.0, 0.0, 4.2, 0.4 ] },
						"south": { "texture": "#iron", "uv": [ 0.0, 0.0, 1.8, 0.4 ] },
						"west": { "texture": "#iron", "uv": [ 0.0, 0.0, 4.2, 0.4 ] },
						"up": { "texture": "#iron", "uv": [ 0.0, 0.0, 1.8, 4.2 ] },
						"down": { "texture": "#iron", "uv": [ 0.0, 0.0, 1.8, 4.2 ] }
					}
				},
				{
					"name": "Top_2",
					"from": [ 2.0, 0.0, -1.2 ],
					"to": [ 3.8, 0.5, 3.6 ],
					"rotationOrigin": [ 0.0, 0.0, -0.2 ],
					"faces": {
						"north": { "texture": "#iron", "uv": [ 0.0, 0.0, 1.8, 0.5 ] },
						"east": { "texture": "#iron", "uv": [ 0.0, 0.0, 4.8, 0.5 ] },
						"south": { "texture": "#iron", "uv": [ 0.0, 0.0, 1.8, 0.5 ] },
						"west": { "texture": "#iron", "uv": [ 0.0, 0.0, 4.8, 0.5 ] },
						"up": { "texture": "#iron", "uv": [ 0.0, 0.0, 1.8, 4.8 ], "windMode": [-1,-1,-1,-1], "windData": [1,1,1,1] },
						"down": { "texture": "#iron", "uv": [ 0.0, 0.0, 1.8, 4.8 ] }
					}
				},
				{
					"name": "Top_3",
					"from": [ 2.1, 0.5, -0.8 ],
					"to": [ 3.5, 0.6, 3.2 ],
					"faces": {
						"north": { "texture": "#iron", "uv": [ 0.0, 0.0, 1.4, 0.1 ] },
						"east": { "texture": "#iron", "uv": [ 0.0, 0.0, 4.0, 0.1 ] },
						"south": { "texture": "#iron", "uv": [ 0.0, 0.0, 1.4, 0.1 ] },
						"west": { "texture": "#iron", "uv": [ 0.0, 0.0, 4.0, 0.1 ] },
						"up": { "texture": "#iron", "uv": [ 0.0, 0.0, 1.4, 4.0 ], "windMode": [-1,-1,-1,-1], "windData": [1,1,1,1] },
						"down": { "texture": "#iron", "uv": [ 0.0, 0.0, 1.4, 4.0 ] }
					}
				},
				{
					"name": "Top_4",
					"from": [ 3.8, -0.3, -0.8 ],
					"to": [ 4.2, 0.5, 3.2 ],
					"faces": {
						"north": { "texture": "#iron", "uv": [ 0.0, 0.0, 0.4, 0.8 ] },
						"east": { "texture": "#iron", "uv": [ 0.0, 0.0, 4.0, 0.8 ], "windMode": [-1,-1,-1,-1], "windData": [1,1,1,1] },
						"south": { "texture": "#iron", "uv": [ 0.0, 0.0, 0.4, 0.8 ] },
						"west": { "texture": "#iron", "uv": [ 0.0, 0.0, 4.0, 0.8 ] },
						"up": { "texture": "#iron", "uv": [ 0.0, 0.0, 0.4, 4.0 ], "windMode": [-1,-1,-1,-1], "windData": [1,1,1,1] },
						"down": { "texture": "#iron", "uv": [ 0.0, 0.0, 0.4, 4.0 ] }
					}
				},
				{
					"name": "Top_5",
					"from": [ 4.2, -0.3, -0.3 ],
					"to": [ 4.6, 0.5, 2.7 ],
					"faces": {
						"north": { "texture": "#iron", "uv": [ 0.0, 0.0, 0.4, 0.8 ] },
						"east": { "texture": "#iron", "uv": [ 0.0, 0.0, 3.0, 0.8 ], "windMode": [-1,-1,-1,-1], "windData": [1,1,1,1] },
						"south": { "texture": "#iron", "uv": [ 0.0, 0.0, 0.4, 0.8 ] },
						"west": { "texture": "#iron", "uv": [ 0.0, 0.0, 3.0, 0.8 ] },
						"up": { "texture": "#iron", "uv": [ 0.0, 0.0, 0.4, 3.0 ] },
						"down": { "texture": "#iron", "uv": [ 0.0, 0.0, 0.4, 3.0 ] }
					}
				},
				{
					"name": "Front_0",
					"from": [ -2.1, -0.4, 0.1 ],
					"to": [ -0.1, 0.1, 2.3 ],
					"rotationOrigin": [ -1.0, -0.4, 1.0 ],
					"rotationZ": 70.0,
					"faces": {
						"north": { "texture": "#iron", "uv": [ 0.0, 0.0, 2.0, 0.5 ] },
						"east": { "texture": "#iron", "uv": [ 0.0, 0.0, 2.2, 0.5 ] },
						"south": { "texture": "#iron", "uv": [ 0.0, 0.0, 2.0, 0.5 ] },
						"west": { "texture": "#iron", "uv": [ 0.0, 0.0, 2.2, 0.5 ], "windMode": [-1,-1,-1,-1] },
						"up": { "texture": "#iron", "uv": [ 0.0, 0.0, 2.0, 2.2 ], "windMode": [-1,-1,-1,-1] },
						"down": { "texture": "#iron", "uv": [ 0.0, 0.0, 2.0, 2.2 ] }
					}
				},
				{
					"name": "Front_1",
					"from": [ -2.2, 0.0, 0.6 ],
					"to": [ -0.4, 0.5, 1.8 ],
					"rotationOrigin": [ -1.0, -0.4, 1.0 ],
					"rotationZ": 70.0,
					"faces": {
						"north": { "texture": "#iron", "uv": [ 0.0, 0.0, 1.8, 0.5 ] },
						"east": { "texture": "#iron", "uv": [ 0.0, 0.0, 1.2, 0.5 ] },
						"south": { "texture": "#iron", "uv": [ 0.0, 0.0, 1.8, 0.5 ] },
						"west": { "texture": "#iron", "uv": [ 0.0, 0.0, 1.2, 0.5 ] },
						"up": { "texture": "#iron", "uv": [ 0.0, 0.0, 1.8, 1.2 ], "windMode": [-1,-1,-1,-1] },
						"down": { "texture": "#iron", "uv": [ 0.0, 0.0, 1.8, 1.2 ] }
					}
				},
				{
					"name": "Top_6",
					"from": [ -0.8, 0.4, 0.2 ],
					"to": [ 4.2, 0.7, 2.2 ],
					"rotationOrigin": [ -1.0, -0.4, 1.0 ],
					"faces": {
						"north": { "texture": "#iron", "uv": [ 0.0, 0.0, 5.0, 0.3 ] },
						"east": { "texture": "#iron", "uv": [ 0.0, 0.0, 2.0, 0.3 ] },
						"south": { "texture": "#iron", "uv": [ 0.0, 0.0, 5.0, 0.3 ] },
						"west": { "texture": "#iron", "uv": [ 0.0, 0.0, 2.0, 0.3 ] },
						"up": { "texture": "#iron", "uv": [ 0.0, 0.0, 5.0, 2.0 ], "windMode": [-1,-1,-1,-1], "windData": [1,1,1,1] },
						"down": { "texture": "#iron", "uv": [ 0.0, 0.0, 5.0, 2.0 ] }
					}
				},
				{
					"name": "Top_7",
					"from": [ -0.6, 0.7, 0.4 ],
					"to": [ 3.7, 0.9, 2.0 ],
					"rotationOrigin": [ -1.0, -0.4, 1.0 ],
					"faces": {
						"north": { "texture": "#iron", "uv": [ 0.0, 0.0, 4.3, 0.2 ] },
						"east": { "texture": "#iron", "uv": [ 0.0, 0.0, 1.6, 0.2 ] },
						"south": { "texture": "#iron", "uv": [ 0.0, 0.0, 4.3, 0.2 ] },
						"west": { "texture": "#iron", "uv": [ 0.0, 0.0, 1.6, 0.2 ] },
						"up": { "texture": "#iron", "uv": [ 0.0, 0.0, 4.3, 1.6 ], "windMode": [-1,-1,-1,-1], "windData": [1,1,1,1] },
						"down": { "texture": "#iron", "uv": [ 0.0, 0.0, 4.3, 1.6 ] }
					}
				},
				{
					"name": "Front_R",
					"from": [ -0.8, -1.2, 0.0 ],
					"to": [ 0.6, 0.3, 1.0 ],
					"rotationOrigin": [ -1.1, -1.5, 1.0 ],
					"rotationX": 6.821,
					"rotationY": 42.052,
					"rotationZ": -10.124,
					"faces": {
						"north": { "texture": "#iron", "uv": [ 0.0, 0.0, 1.4, 1.5 ], "windMode": [-1,-1,-1,-1] },
						"east": { "texture": "#iron", "uv": [ 0.0, 0.0, 1.0, 1.5 ] },
						"south": { "texture": "#iron", "uv": [ 0.0, 0.0, 1.4, 1.5 ] },
						"west": { "texture": "#iron", "uv": [ 0.0, 0.0, 1.0, 1.5 ], "windMode": [-1,-1,-1,-1] },
						"up": { "texture": "#iron", "uv": [ 0.0, 0.0, 1.4, 1.0 ], "windMode": [-1,-1,-1,-1] },
						"down": { "texture": "#iron", "uv": [ 0.0, 0.0, 1.4, 1.0 ] }
					}
				},
				{
					"name": "Front_L",
					"from": [ -3.1, -1.2, -0.2 ],
					"to": [ -1.7, 0.3, 0.8 ],
					"rotationOrigin": [ -1.1, -1.5, 1.0 ],
					"rotationX": 171.893,
					"rotationY": 46.968,
					"rotationZ": -168.973,
					"faces": {
						"north": { "texture": "#iron", "uv": [ 0.0, 0.0, 1.4, 1.5 ], "windMode": [-1,-1,-1,-1] },
						"east": { "texture": "#iron", "uv": [ 0.0, 0.0, 1.0, 1.5 ], "windMode": [-1,-1,-1,-1] },
						"south": { "texture": "#iron", "uv": [ 0.0, 0.0, 1.4, 1.5 ], "windMode": [-1,-1,-1,-1] },
						"west": { "texture": "#iron", "uv": [ 0.0, 0.0, 1.0, 1.5 ] },
						"up": { "texture": "#iron", "uv": [ 0.0, 0.0, 1.4, 1.0 ] },
						"down": { "texture": "#iron", "uv": [ 0.0, 0.0, 1.4, 1.0 ], "windMode": [-1,-1,-1,-1] }
					}
				},
				{
					"name": "Front_2",
					"from": [ -3.8, -1.9, 0.1 ],
					"to": [ -0.9, -1.4, 2.3 ],
					"rotationOrigin": [ -2.0, -1.9, 1.0 ],
					"rotationZ": 28.5,
					"faces": {
						"north": { "texture": "#iron", "uv": [ 0.0, 0.0, 2.9, 0.5 ] },
						"east": { "texture": "#iron", "uv": [ 0.0, 0.0, 2.2, 0.5 ] },
						"south": { "texture": "#iron", "uv": [ 0.0, 0.0, 2.9, 0.5 ] },
						"west": { "texture": "#iron", "uv": [ 0.0, 0.0, 2.2, 0.5 ] },
						"up": { "texture": "#iron", "uv": [ 0.0, 0.0, 2.9, 2.2 ], "windMode": [-1,-1,-1,-1] },
						"down": { "texture": "#iron", "uv": [ 0.0, 0.0, 2.9, 2.2 ] }
					}
				},
				{
					"name": "Front_3",
					"from": [ -3.6, -1.4, 0.6 ],
					"to": [ -1.0, -1.1, 1.8 ],
					"rotationOrigin": [ -2.0, -1.9, 1.0 ],
					"rotationZ": 28.5,
					"faces": {
						"north": { "texture": "#iron", "uv": [ 0.0, 0.0, 2.6, 0.3 ] },
						"east": { "texture": "#iron", "uv": [ 0.0, 0.0, 1.2, 0.3 ] },
						"south": { "texture": "#iron", "uv": [ 0.0, 0.0, 2.6, 0.3 ] },
						"west": { "texture": "#iron", "uv": [ 0.0, 0.0, 1.2, 0.3 ] },
						"up": { "texture": "#iron", "uv": [ 0.0, 0.0, 2.6, 1.2 ], "windMode": [-1,-1,-1,-1] },
						"down": { "texture": "#iron", "uv": [ 0.0, 0.0, 2.6, 1.2 ] }
					}
				},
				{
					"name": "Front_4",
					"from": [ -4.3, -1.9, 0.5 ],
					"to": [ -3.8, -1.4, 1.9 ],
					"rotationOrigin": [ -2.0, -1.9, 1.0 ],
					"rotationZ": 28.5,
					"faces": {
						"north": { "texture": "#iron", "uv": [ 0.0, 0.0, 0.5, 0.5 ] },
						"east": { "texture": "#iron", "uv": [ 0.0, 0.0, 1.4, 0.5 ] },
						"south": { "texture": "#iron", "uv": [ 0.0, 0.0, 0.5, 0.5 ] },
						"west": { "texture": "#iron", "uv": [ 0.0, 0.0, 1.4, 0.5 ] },
						"up": { "texture": "#iron", "uv": [ 0.0, 0.0, 0.5, 1.4 ], "windMode": [-1,-1,-1,-1] },
						"down": { "texture": "#iron", "uv": [ 0.0, 0.0, 0.5, 1.4 ] }
					}
				},
				{
					"name": "Top_8",
					"from": [ 0.8, 0.0, 0.0 ],
					"to": [ 2.0, 0.5, 2.4 ],
					"rotationOrigin": [ 1.8, 0.0, 1.0 ],
					"faces": {
						"north": { "texture": "#iron", "uv": [ 0.0, 0.0, 1.2, 0.5 ] },
						"east": { "texture": "#iron", "uv": [ 0.0, 0.0, 2.4, 0.5 ] },
						"south": { "texture": "#iron", "uv": [ 0.0, 0.0, 1.2, 0.5 ] },
						"west": { "texture": "#iron", "uv": [ 0.0, 0.0, 2.4, 0.5 ] },
						"up": { "texture": "#iron", "uv": [ 0.0, 0.0, 1.2, 2.4 ], "windMode": [-1,-1,-1,-1], "windData": [1,1,1,1] },
						"down": { "texture": "#iron", "uv": [ 0.0, 0.0, 1.2, 2.4 ] }
					}
				},
				{
					"name": "Right_0",
					"from": [ 1.9, -3.4, -1.6 ],
					"to": [ 3.9, -0.4, -1.0 ],
					"rotationOrigin": [ 2.9, -3.4, -0.6 ],
					"faces": {
						"north": { "texture": "#iron", "uv": [ 0.0, 0.0, 2.0, 3.0 ], "windMode": [-1,-1,-1,-1], "windData": [0,1,1,0] },
						"east": { "texture": "#iron", "uv": [ 0.0, 0.0, 0.6, 3.0 ] },
						"south": { "texture": "#iron", "uv": [ 0.0, 0.0, 2.0, 3.0 ] },
						"west": { "texture": "#iron", "uv": [ 0.0, 0.0, 0.6, 3.0 ] },
						"up": { "texture": "#iron", "uv": [ 0.0, 0.0, 2.0, 0.6 ] },
						"down": { "texture": "#iron", "uv": [ 0.0, 0.0, 2.0, 0.6 ] }
					}
				},
				{
					"name": "Right_1",
					"from": [ 1.9, -0.8, -1.7 ],
					"to": [ 3.9, 0.2, -1.1 ],
					"rotationOrigin": [ 2.9, -0.8, -0.7 ],
					"rotationX": 25.0,
					"faces": {
						"north": { "texture": "#iron", "uv": [ 0.0, 0.0, 2.0, 1.0 ], "windMode": [-1,-1,-1,-1], "windData": [1,1,1,1] },
						"east": { "texture": "#iron", "uv": [ 0.0, 0.0, 0.6, 1.0 ] },
						"south": { "texture": "#iron", "uv": [ 0.0, 0.0, 2.0, 1.0 ] },
						"west": { "texture": "#iron", "uv": [ 0.0, 0.0, 0.6, 1.0 ] },
						"up": { "texture": "#iron", "uv": [ 0.0, 0.0, 2.0, 0.6 ] },
						"down": { "texture": "#iron", "uv": [ 0.0, 0.0, 2.0, 0.6 ] }
					}
				},
				{
					"name": "Left_0",
					"from": [ 1.9, -0.3, 3.5 ],
					"to": [ 3.9, 0.7, 4.1 ],
					"rotationOrigin": [ 2.9, -0.3, 4.5 ],
					"rotationX": -25.0,
					"faces": {
						"north": { "texture": "#iron", "uv": [ 0.0, 0.0, 2.0, 1.0 ] },
						"east": { "texture": "#iron", "uv": [ 0.0, 0.0, 0.6, 1.0 ] },
						"south": { "texture": "#iron", "uv": [ 0.0, 0.0, 2.0, 1.0 ], "windMode": [-1,-1,-1,-1], "windData": [0,1,1,1] },
						"west": { "texture": "#iron", "uv": [ 0.0, 0.0, 0.6, 1.0 ] },
						"up": { "texture": "#iron", "uv": [ 0.0, 0.0, 2.0, 0.6 ] },
						"down": { "texture": "#iron", "uv": [ 0.0, 0.0, 2.0, 0.6 ] }
					}
				},
				{
					"name": "Right_2",
					"from": [ 1.9, -3.8, -1.6 ],
					"to": [ 3.9, -3.0, -1.0 ],
					"rotationOrigin": [ 2.9, -3.8, -0.6 ],
					"rotationZ": 22.5,
					"faces": {
						"north": { "texture": "#iron", "uv": [ 0.0, 0.0, 2.0, 0.8 ], "windMode": [-1,-1,-1,-1] },
						"east": { "texture": "#iron", "uv": [ 0.0, 0.0, 0.6, 0.8 ] },
						"south": { "texture": "#iron", "uv": [ 0.0, 0.0, 2.0, 0.8 ] },
						"west": { "texture": "#iron", "uv": [ 0.0, 0.0, 0.6, 0.8 ] },
						"up": { "texture": "#iron", "uv": [ 0.0, 0.0, 2.0, 0.6 ] },
						"down": { "texture": "#iron", "uv": [ 0.0, 0.0, 2.0, 0.6 ] }
					}
				},
				{
					"name": "Left_1",
					"from": [ 1.9, -3.4, 3.5 ],
					"to": [ 3.9, -0.4, 4.1 ],
					"rotationOrigin": [ 2.9, -3.4, 4.5 ],
					"faces": {
						"north": { "texture": "#iron", "uv": [ 0.0, 0.0, 2.0, 3.0 ] },
						"east": { "texture": "#iron", "uv": [ 0.0, 0.0, 0.6, 3.0 ] },
						"south": { "texture": "#iron", "uv": [ 0.0, 0.0, 2.0, 3.0 ] },
						"west": { "texture": "#iron", "uv": [ 0.0, 0.0, 0.6, 3.0 ] },
						"up": { "texture": "#iron", "uv": [ 0.0, 0.0, 2.0, 0.6 ] },
						"down": { "texture": "#iron", "uv": [ 0.0, 0.0, 2.0, 0.6 ] }
					}
				},
				{
					"name": "Left_2",
					"from": [ 1.9, -3.8, 3.5 ],
					"to": [ 3.9, -3.0, 4.1 ],
					"rotationOrigin": [ 2.9, -3.8, 4.5 ],
					"rotationZ": 22.5,
					"faces": {
						"north": { "texture": "#iron", "uv": [ 0.0, 0.0, 2.0, 0.8 ] },
						"east": { "texture": "#iron", "uv": [ 0.0, 0.0, 0.6, 0.8 ] },
						"south": { "texture": "#iron", "uv": [ 0.0, 0.0, 2.0, 0.8 ], "windMode": [-1,-1,-1,-1] },
						"west": { "texture": "#iron", "uv": [ 0.0, 0.0, 0.6, 0.8 ] },
						"up": { "texture": "#iron", "uv": [ 0.0, 0.0, 2.0, 0.6 ] },
						"down": { "texture": "#iron", "uv": [ 0.0, 0.0, 2.0, 0.6 ] }
					}
				},
				{
					"name": "Right_3",
					"from": [ -0.9, -4.4, -1.9 ],
					"to": [ 1.9, -1.9, -1.3 ],
					"rotationOrigin": [ 0.4, -4.4, -0.9 ],
					"rotationY": -5.0,
					"faces": {
						"north": { "texture": "#iron", "uv": [ 0.0, 0.0, 2.8, 2.5 ], "windMode": [-1,-1,-1,-1] },
						"east": { "texture": "#iron", "uv": [ 0.0, 0.0, 0.6, 2.5 ] },
						"south": { "texture": "#iron", "uv": [ 0.0, 0.0, 2.8, 2.5 ] },
						"west": { "texture": "#iron", "uv": [ 0.0, 0.0, 0.6, 2.5 ] },
						"up": { "texture": "#iron", "uv": [ 0.0, 0.0, 2.8, 0.6 ] },
						"down": { "texture": "#iron", "uv": [ 0.0, 0.0, 2.8, 0.6 ] }
					}
				},
				{
					"name": "Right_4",
					"from": [ -1.3, -4.4, -2.2 ],
					"to": [ 0.2, -2.2, -1.9 ],
					"rotationOrigin": [ 0.1, -4.4, -1.0 ],
					"rotationY": 50.0,
					"faces": {
						"north": { "texture": "#iron", "uv": [ 0.0, 0.0, 1.5, 2.2 ] },
						"east": { "texture": "#iron", "uv": [ 0.0, 0.0, 0.3, 2.2 ] },
						"south": { "texture": "#iron", "uv": [ 0.0, 0.0, 1.5, 2.2 ] },
						"west": { "texture": "#iron", "uv": [ 0.0, 0.0, 0.3, 2.2 ] },
						"up": { "texture": "#iron", "uv": [ 0.0, 0.0, 1.5, 0.3 ] },
						"down": { "texture": "#iron", "uv": [ 0.0, 0.0, 1.5, 0.3 ] }
					}
				},
				{
					"name": "Right_5",
					"from": [ -1.0, -4.1, -2.3 ],
					"to": [ 0.3, -2.6, -2.0 ],
					"rotationOrigin": [ 0.1, -4.4, -1.0 ],
					"rotationY": 50.0,
					"faces": {
						"north": { "texture": "#iron", "uv": [ 0.0, 0.0, 1.3, 1.5 ] },
						"east": { "texture": "#iron", "uv": [ 0.0, 0.0, 0.3, 1.5 ] },
						"south": { "texture": "#iron", "uv": [ 0.0, 0.0, 1.3, 1.5 ] },
						"west": { "texture": "#iron", "uv": [ 0.0, 0.0, 0.3, 1.5 ] },
						"up": { "texture": "#iron", "uv": [ 0.0, 0.0, 1.3, 0.3 ] },
						"down": { "texture": "#iron", "uv": [ 0.0, 0.0, 1.3, 0.3 ] }
					}
				},
				{
					"name": "Left_3",
					"from": [ -0.8, -4.4, 3.7 ],
					"to": [ 2.0, -1.9, 4.3 ],
					"rotationOrigin": [ 0.5, -4.4, 4.7 ],
					"rotationY": 5.0,
					"faces": {
						"north": { "texture": "#iron", "uv": [ 0.0, 0.0, 2.8, 2.5 ] },
						"east": { "texture": "#iron", "uv": [ 0.0, 0.0, 0.6, 2.5 ] },
						"south": { "texture": "#iron", "uv": [ 0.0, 0.0, 2.8, 2.5 ], "windMode": [-1,-1,-1,-1] },
						"west": { "texture": "#iron", "uv": [ 0.0, 0.0, 0.6, 2.5 ] },
						"up": { "texture": "#iron", "uv": [ 0.0, 0.0, 2.8, 0.6 ] },
						"down": { "texture": "#iron", "uv": [ 0.0, 0.0, 2.8, 0.6 ] }
					}
				},
				{
					"name": "Left_4",
					"from": [ -3.1, -4.4, 3.5 ],
					"to": [ -1.6, -2.2, 3.8 ],
					"rotationOrigin": [ -1.7, -4.4, 4.9 ],
					"rotationY": -50.0,
					"faces": {
						"north": { "texture": "#iron", "uv": [ 0.0, 0.0, 1.5, 2.2 ] },
						"east": { "texture": "#iron", "uv": [ 0.0, 0.0, 0.3, 2.2 ] },
						"south": { "texture": "#iron", "uv": [ 0.0, 0.0, 1.5, 2.2 ], "windMode": [-1,-1,-1,-1] },
						"west": { "texture": "#iron", "uv": [ 0.0, 0.0, 0.3, 2.2 ] },
						"up": { "texture": "#iron", "uv": [ 0.0, 0.0, 1.5, 0.3 ] },
						"down": { "texture": "#iron", "uv": [ 0.0, 0.0, 1.5, 0.3 ] }
					}
				},
				{
					"name": "Left_5",
					"from": [ -2.9, -4.1, 3.6 ],
					"to": [ -1.6, -2.6, 3.9 ],
					"rotationOrigin": [ -1.7, -4.4, 4.9 ],
					"rotationY": -50.0,
					"faces": {
						"north": { "texture": "#iron", "uv": [ 0.0, 0.0, 1.3, 1.5 ] },
						"east": { "texture": "#iron", "uv": [ 0.0, 0.0, 0.3, 1.5 ] },
						"south": { "texture": "#iron", "uv": [ 0.0, 0.0, 1.3, 1.5 ], "windMode": [-1,-1,-1,-1] },
						"west": { "texture": "#iron", "uv": [ 0.0, 0.0, 0.3, 1.5 ] },
						"up": { "texture": "#iron", "uv": [ 0.0, 0.0, 1.3, 0.3 ] },
						"down": { "texture": "#iron", "uv": [ 0.0, 0.0, 1.3, 0.3 ] }
					}
				},
				{
					"name": "GoldPiece_0",
					"from": [ -0.3, 0.7, 0.6 ],
					"to": [ -0.05, 0.95, 0.85 ],
					"rotationOrigin": [ -0.3, 0.7, 0.6 ],
					"faces": {
						"north": { "texture": "#tinbronze", "uv": [ 0.0, 0.0, 0.25, 0.25 ] },
						"east": { "texture": "#tinbronze", "uv": [ 0.0, 0.0, 0.25, 0.25 ] },
						"south": { "texture": "#tinbronze", "uv": [ 0.0, 0.0, 0.25, 0.25 ] },
						"west": { "texture": "#tinbronze", "uv": [ 0.0, 0.0, 0.25, 0.25 ] },
						"up": { "texture": "#tinbronze", "uv": [ 0.0, 0.0, 0.25, 0.25 ] },
						"down": { "texture": "#tinbronze", "uv": [ 0.0, 0.0, 0.25, 0.25 ] }
					}
				},
				{
					"name": "GoldPiece_1",
					"from": [ 1.4, 0.7, 0.6 ],
					"to": [ 1.65, 0.95, 0.85 ],
					"rotationOrigin": [ 1.4, 0.7, 0.6 ],
					"faces": {
						"north": { "texture": "#tinbronze", "uv": [ 0.0, 0.0, 0.25, 0.25 ] },
						"east": { "texture": "#tinbronze", "uv": [ 0.0, 0.0, 0.25, 0.25 ] },
						"south": { "texture": "#tinbronze", "uv": [ 0.0, 0.0, 0.25, 0.25 ] },
						"west": { "texture": "#tinbronze", "uv": [ 0.0, 0.0, 0.25, 0.25 ] },
						"up": { "texture": "#tinbronze", "uv": [ 0.0, 0.0, 0.25, 0.25 ] },
						"down": { "texture": "#tinbronze", "uv": [ 0.0, 0.0, 0.25, 0.25 ] }
					}
				},
				{
					"name": "GoldPiece_2",
					"from": [ 3.1, 0.7, 0.6 ],
					"to": [ 3.35, 0.95, 0.85 ],
					"rotationOrigin": [ 3.1, 0.7, 0.6 ],
					"faces": {
						"north": { "texture": "#tinbronze", "uv": [ 0.0, 0.0, 0.25, 0.25 ] },
						"east": { "texture": "#tinbronze", "uv": [ 0.0, 0.0, 0.25, 0.25 ] },
						"south": { "texture": "#tinbronze", "uv": [ 0.0, 0.0, 0.25, 0.25 ] },
						"west": { "texture": "#tinbronze", "uv": [ 0.0, 0.0, 0.25, 0.25 ] },
						"up": { "texture": "#tinbronze", "uv": [ 0.0, 0.0, 0.25, 0.25 ] },
						"down": { "texture": "#tinbronze", "uv": [ 0.0, 0.0, 0.25, 0.25 ] }
					}
				},
				{
					"name": "GoldPiece_3",
					"from": [ -0.3, 0.7, 1.5 ],
					"to": [ -0.05, 0.95, 1.75 ],
					"rotationOrigin": [ -0.3, 0.7, 1.5 ],
					"faces": {
						"north": { "texture": "#tinbronze", "uv": [ 0.0, 0.0, 0.25, 0.25 ] },
						"east": { "texture": "#tinbronze", "uv": [ 0.0, 0.0, 0.25, 0.25 ] },
						"south": { "texture": "#tinbronze", "uv": [ 0.0, 0.0, 0.25, 0.25 ] },
						"west": { "texture": "#tinbronze", "uv": [ 0.0, 0.0, 0.25, 0.25 ] },
						"up": { "texture": "#tinbronze", "uv": [ 0.0, 0.0, 0.25, 0.25 ] },
						"down": { "texture": "#tinbronze", "uv": [ 0.0, 0.0, 0.25, 0.25 ] }
					}
				},
				{
					"name": "GoldPiece_4",
					"from": [ 1.4, 0.7, 1.5 ],
					"to": [ 1.65, 0.95, 1.75 ],
					"rotationOrigin": [ 1.4, 0.7, 1.5 ],
					"faces": {
						"north": { "texture": "#tinbronze", "uv": [ 0.0, 0.0, 0.25, 0.25 ] },
						"east": { "texture": "#tinbronze", "uv": [ 0.0, 0.0, 0.25, 0.25 ] },
						"south": { "texture": "#tinbronze", "uv": [ 0.0, 0.0, 0.25, 0.25 ] },
						"west": { "texture": "#tinbronze", "uv": [ 0.0, 0.0, 0.25, 0.25 ] },
						"up": { "texture": "#tinbronze", "uv": [ 0.0, 0.0, 0.25, 0.25 ] },
						"down": { "texture": "#tinbronze", "uv": [ 0.0, 0.0, 0.25, 0.25 ] }
					}
				},
				{
					"name": "GoldPiece_5",
					"from": [ 3.1, 0.7, 1.5 ],
					"to": [ 3.35, 0.95, 1.75 ],
					"rotationOrigin": [ 3.1, 0.7, 1.5 ],
					"faces": {
						"north": { "texture": "#tinbronze", "uv": [ 0.0, 0.0, 0.25, 0.25 ] },
						"east": { "texture": "#tinbronze", "uv": [ 0.0, 0.0, 0.25, 0.25 ] },
						"south": { "texture": "#tinbronze", "uv": [ 0.0, 0.0, 0.25, 0.25 ] },
						"west": { "texture": "#tinbronze", "uv": [ 0.0, 0.0, 0.25, 0.25 ] },
						"up": { "texture": "#tinbronze", "uv": [ 0.0, 0.0, 0.25, 0.25 ] },
						"down": { "texture": "#tinbronze", "uv": [ 0.0, 0.0, 0.25, 0.25 ] }
					}
				},
				{
					"name": "GoldPiece_Sides",
					"from": [ 1.1, -4.1, -1.9 ],
					"to": [ 1.35, -3.85, -1.65 ],
					"rotationOrigin": [ 1.1, -4.1, -1.9 ],
					"faces": {
						"north": { "texture": "#tinbronze", "uv": [ 0.0, 0.0, 0.25, 0.25 ] },
						"east": { "texture": "#tinbronze", "uv": [ 0.0, 0.0, 0.25, 0.25 ] },
						"south": { "texture": "#tinbronze", "uv": [ 0.0, 0.0, 0.25, 0.25 ] },
						"west": { "texture": "#tinbronze", "uv": [ 0.0, 0.0, 0.25, 0.25 ] },
						"up": { "texture": "#tinbronze", "uv": [ 0.0, 0.0, 0.25, 0.25 ] },
						"down": { "texture": "#tinbronze", "uv": [ 0.0, 0.0, 0.25, 0.25 ] }
					},
					"children": [
						{
							"name": "GoldPiece_7",
							"from": [ 0.0, 1.6, 0.0 ],
							"to": [ 0.25, 1.85, 0.25 ],
							"rotationOrigin": [ 0.0, 1.6, 0.0 ],
							"faces": {
								"north": { "texture": "#tinbronze", "uv": [ 0.0, 0.0, 0.25, 0.25 ] },
								"east": { "texture": "#tinbronze", "uv": [ 0.0, 0.0, 0.25, 0.25 ] },
								"south": { "texture": "#tinbronze", "uv": [ 0.0, 0.0, 0.25, 0.25 ] },
								"west": { "texture": "#tinbronze", "uv": [ 0.0, 0.0, 0.25, 0.25 ] },
								"up": { "texture": "#tinbronze", "uv": [ 0.0, 0.0, 0.25, 0.25 ] },
								"down": { "texture": "#tinbronze", "uv": [ 0.0, 0.0, 0.25, 0.25 ] }
							}
						},
						{
							"name": "GoldPiece_8",
							"from": [ -1.5, 1.6, -0.1 ],
							"to": [ -1.25, 1.85, 0.15 ],
							"rotationOrigin": [ -1.5, 1.6, -0.1 ],
							"faces": {
								"north": { "texture": "#tinbronze", "uv": [ 0.0, 0.0, 0.25, 0.25 ] },
								"east": { "texture": "#tinbronze", "uv": [ 0.0, 0.0, 0.25, 0.25 ] },
								"south": { "texture": "#tinbronze", "uv": [ 0.0, 0.0, 0.25, 0.25 ] },
								"west": { "texture": "#tinbronze", "uv": [ 0.0, 0.0, 0.25, 0.25 ] },
								"up": { "texture": "#tinbronze", "uv": [ 0.0, 0.0, 0.25, 0.25 ] },
								"down": { "texture": "#tinbronze", "uv": [ 0.0, 0.0, 0.25, 0.25 ] }
							}
						},
						{
							"name": "GoldPiece_9",
							"from": [ -1.5, 0.1, -0.1 ],
							"to": [ -1.25, 0.35, 0.15 ],
							"rotationOrigin": [ -1.5, 0.1, -0.1 ],
							"faces": {
								"north": { "texture": "#tinbronze", "uv": [ 0.0, 0.0, 0.25, 0.25 ] },
								"east": { "texture": "#tinbronze", "uv": [ 0.0, 0.0, 0.25, 0.25 ] },
								"south": { "texture": "#tinbronze", "uv": [ 0.0, 0.0, 0.25, 0.25 ] },
								"west": { "texture": "#tinbronze", "uv": [ 0.0, 0.0, 0.25, 0.25 ] },
								"up": { "texture": "#tinbronze", "uv": [ 0.0, 0.0, 0.25, 0.25 ] },
								"down": { "texture": "#tinbronze", "uv": [ 0.0, 0.0, 0.25, 0.25 ] }
							}
						}
					]
				},
				{
					"name": "GoldPiece_Sides2",
					"from": [ 1.1, -4.1, 4.05 ],
					"to": [ 1.35, -3.85, 4.3 ],
					"rotationOrigin": [ 1.1, -4.1, 4.1 ],
					"faces": {
						"north": { "texture": "#tinbronze", "uv": [ 0.0, 0.0, 0.25, 0.25 ] },
						"east": { "texture": "#tinbronze", "uv": [ 0.0, 0.0, 0.25, 0.25 ] },
						"south": { "texture": "#tinbronze", "uv": [ 0.0, 0.0, 0.25, 0.25 ] },
						"west": { "texture": "#tinbronze", "uv": [ 0.0, 0.0, 0.25, 0.25 ] },
						"up": { "texture": "#tinbronze", "uv": [ 0.0, 0.0, 0.25, 0.25 ] },
						"down": { "texture": "#tinbronze", "uv": [ 0.0, 0.0, 0.25, 0.25 ] }
					},
					"children": [
						{
							"name": "GoldPiece_10",
							"from": [ 0.0, 1.6, 0.0 ],
							"to": [ 0.25, 1.85, 0.25 ],
							"rotationOrigin": [ 0.0, 1.6, 0.0 ],
							"faces": {
								"north": { "texture": "#tinbronze", "uv": [ 0.0, 0.0, 0.25, 0.25 ] },
								"east": { "texture": "#tinbronze", "uv": [ 0.0, 0.0, 0.25, 0.25 ] },
								"south": { "texture": "#tinbronze", "uv": [ 0.0, 0.0, 0.25, 0.25 ] },
								"west": { "texture": "#tinbronze", "uv": [ 0.0, 0.0, 0.25, 0.25 ] },
								"up": { "texture": "#tinbronze", "uv": [ 0.0, 0.0, 0.25, 0.25 ] },
								"down": { "texture": "#tinbronze", "uv": [ 0.0, 0.0, 0.25, 0.25 ] }
							}
						},
						{
							"name": "GoldPiece_11",
							"from": [ -1.5, 1.6, 0.15 ],
							"to": [ -1.25, 1.85, 0.4 ],
							"rotationOrigin": [ -1.5, 1.6, 0.1 ],
							"faces": {
								"north": { "texture": "#tinbronze", "uv": [ 0.0, 0.0, 0.25, 0.25 ] },
								"east": { "texture": "#tinbronze", "uv": [ 0.0, 0.0, 0.25, 0.25 ] },
								"south": { "texture": "#tinbronze", "uv": [ 0.0, 0.0, 0.25, 0.25 ] },
								"west": { "texture": "#tinbronze", "uv": [ 0.0, 0.0, 0.25, 0.25 ] },
								"up": { "texture": "#tinbronze", "uv": [ 0.0, 0.0, 0.25, 0.25 ] },
								"down": { "texture": "#tinbronze", "uv": [ 0.0, 0.0, 0.25, 0.25 ] }
							}
						},
						{
							"name": "GoldPiece_12",
							"from": [ -1.5, 0.1, 0.15 ],
							"to": [ -1.25, 0.35, 0.4 ],
							"rotationOrigin": [ -1.5, 0.1, 0.1 ],
							"faces": {
								"north": { "texture": "#tinbronze", "uv": [ 0.0, 0.0, 0.25, 0.25 ] },
								"east": { "texture": "#tinbronze", "uv": [ 0.0, 0.0, 0.25, 0.25 ] },
								"south": { "texture": "#tinbronze", "uv": [ 0.0, 0.0, 0.25, 0.25 ] },
								"west": { "texture": "#tinbronze", "uv": [ 0.0, 0.0, 0.25, 0.25 ] },
								"up": { "texture": "#tinbronze", "uv": [ 0.0, 0.0, 0.25, 0.25 ] },
								"down": { "texture": "#tinbronze", "uv": [ 0.0, 0.0, 0.25, 0.25 ] }
							}
						}
					]
				}
			]
		}
	]}