{
	"editor": {
		"allAngles": false,
		"entityTextureMode": false
	},
	"textureWidth": 16,
	"textureHeight": 16,
	"textureSizes": {
	},
	"textures": {
		"leather": "game:block/leather/plain"
	},
	"elements": [
		{
			"name": "Helmet",
			"stepParentName": "Head",
			"from": [ -0.6, 1.7, 1.25 ],
			"to": [ -0.6, 1.7, 1.25 ],
			"rotationOrigin": [ -0.6, 1.7, 1.2 ],
			"faces": {
			},
			"children": [
				{
					"name": "Head_0",
					"from": [ 1.3, -2.7, 2.8 ],
					"to": [ 5.3, 0.3, 3.8 ],
					"rotationOrigin": [ 0.0, 0.0, 0.0 ],
					"rotationX": -9.408,
					"rotationY": -3.405,
					"faces": {
						"north": { "texture": "#leather", "uv": [ 0.0, 0.0, 4.0, 3.0 ] },
						"east": { "texture": "#leather", "uv": [ 0.0, 0.0, 1.0, 3.0 ] },
						"south": { "texture": "#leather", "uv": [ 0.0, 0.0, 4.0, 3.0 ] },
						"west": { "texture": "#leather", "uv": [ 0.0, 0.0, 1.0, 3.0 ] },
						"up": { "texture": "#leather", "uv": [ 0.0, 0.0, 4.0, 1.0 ] },
						"down": { "texture": "#leather", "uv": [ 0.0, 0.0, 4.0, 1.0 ] }
					}
				},
				{
					"name": "Head_1",
					"from": [ 1.3, -2.4, -1.8 ],
					"to": [ 5.3, 0.6, -0.8 ],
					"rotationOrigin": [ 0.0, 0.0, 0.0 ],
					"rotationX": 9.408,
					"rotationY": 3.405,
					"faces": {
						"north": { "texture": "#leather", "uv": [ 0.0, 0.0, 4.0, 3.0 ] },
						"east": { "texture": "#leather", "uv": [ 0.0, 0.0, 1.0, 3.0 ] },
						"south": { "texture": "#leather", "uv": [ 0.0, 0.0, 4.0, 3.0 ] },
						"west": { "texture": "#leather", "uv": [ 0.0, 0.0, 1.0, 3.0 ] },
						"up": { "texture": "#leather", "uv": [ 0.0, 0.0, 4.0, 1.0 ] },
						"down": { "texture": "#leather", "uv": [ 0.0, 0.0, 4.0, 1.0 ] }
					}
				},
				{
					"name": "Head_2",
					"from": [ 0.4, -0.7, -0.3 ],
					"to": [ 1.5, 0.2, 2.3 ],
					"faces": {
						"north": { "texture": "#leather", "uv": [ 0.0, 0.0, 1.1, 0.9 ] },
						"east": { "texture": "#leather", "uv": [ 0.0, 0.0, 2.6, 0.9 ] },
						"south": { "texture": "#leather", "uv": [ 0.0, 0.0, 1.1, 0.9 ] },
						"west": { "texture": "#leather", "uv": [ 0.0, 0.0, 2.6, 0.9 ] },
						"up": { "texture": "#leather", "uv": [ 0.0, 0.0, 1.1, 2.6 ] },
						"down": { "texture": "#leather", "uv": [ 0.0, 0.0, 1.1, 2.6 ] }
					}
				},
				{
					"name": "Head_3",
					"from": [ 0.4, 0.2, -1.5 ],
					"to": [ 5.7, 1.2, 3.5 ],
					"faces": {
						"north": { "texture": "#leather", "uv": [ 0.0, 0.0, 5.3, 1.0 ] },
						"east": { "texture": "#leather", "uv": [ 0.0, 0.0, 5.0, 1.0 ] },
						"south": { "texture": "#leather", "uv": [ 0.0, 0.0, 5.3, 1.0 ] },
						"west": { "texture": "#leather", "uv": [ 0.0, 0.0, 5.0, 1.0 ] },
						"up": { "texture": "#leather", "uv": [ 0.0, 0.0, 5.3, 5.0 ] },
						"down": { "texture": "#leather", "uv": [ 0.0, 0.0, 5.3, 5.0 ] }
					}
				}
			]
		}
	]}